rank,sales_usd_numeric,company_name,coman_status,segment,city,state,website,sales_usd,employees_total,ownership_type,parent_company,naics,business_description,best_contact_from_hoovers,n_contacts,n_with_email,key_person_public,key_person_2_public,source_urls,outreach_status,mergent_email,mergent_phone,notes
1,8158100100,"Post Holdings, Inc.",likely co-man (D&B description),,Saint Louis,Missouri,http://www.postholdings.com,8.1581001E9,43130,Public,"Post Holdings, Inc.",311412,"Post Holdings Inc (Post) manufactures, markets, and distributes branded and private label ready-to-eat cereals, snacks, and active nutrition products. The company’s product portfolio includes egg prod","Robert Vitale — Chairman of the Board, President, Chief Executive Officer",3,0,,,,not contacted,,,
2,3354000000,"TreeHouse Foods, Inc.",confirmed co-man (public sweep),snack-bakery,Oak Brook,Illinois,http://www.treehousefoods.com,3.354E9,7685,Private,"Industrial F&B Investments II, Inc.",311999,"TreeHouse Foods Inc (TreeHouse) is a consumer packaged food manufacturing company. The company’s product portfolio comprises pretzels, candy, pita chips, refrigerated dough, coffee, tea, drink mixes, ",Robin Keller — Vice President Chief Information Officer,3,1,,,,not contacted,,,
3,2051291700,"Ventura Foods, LLC",likely co-man (D&B description),,Irvine,California,http://www.venturafoods.com,2.0512917000000002E9,2600,Private,"Ventura Foods, LLC",311225,"Ventura Foods is one of the largest food solution distributors in the US. It makes and distributes branded and private-label vegetable oil-based products, including bulk salad oils, shortenings, marga",Christopher Furman — President,3,3,,,,not contacted,,,
4,1815294800,"Hearthside Food Solutions, LLC",confirmed co-man (public sweep),snack-bakery,Downers Grove,Illinois,http://www.hearthsidefoods.com,1.8152948E9,11500,Private,"Hearthside Food Solutions, LLC",311412,"Hearthside Food Solutions, Llc is primarily engaged in manufacturing frozen food specialties, not elsewhere classified, such as frozen dinners and frozen pizza.",Nick Hewitt — Chief Financial Officer,3,3,,,,not contacted,,,
5,1659675000,Seneca Foods Corporation,likely co-man (D&B description),,Fairport,New York,http://www.senecafoods.com,1.659675E9,2995,Public,Seneca Foods Corporation,311421,"Seneca Foods Corp (Seneca) produces, distributes, and markets vegetables, packaged fruits, canned, frozen and bottled products, and snack chips. The company markets products under private labels and n",Timothy Benjamin — Senior Vice President And Chief Financial Officer,3,1,,,,not contacted,,,
6,1107246000,"John B. Sanfilippo & Son, Inc.",likely co-man (D&B description),,Elgin,Illinois,http://www.jbssinc.com,1.107246E9,1900,Public,"John B. Sanfilippo & Son, Inc.",311911,"SANFILIPPO JOHN B & SON INC is a leading US processor and distributor of nuts, including peanuts, pecans, and cashews, and also manufactures a full portfolio of private brand bars. The company sells p",Jeffrey Sanfilippo — Chairman Of The Board Chief Executive Officer,3,0,,,,not contacted,,,
7,1000000000,Milk Specialties Company,unclassified food/bev mfr,,Eden Prairie,Minnesota,http://www.milkspecialties.com,1.0E9,740,Private,Milk Specialties Company,311511,"Actus Nutrition (formerly Milk Specialties Global) is a leading manufacturer of nutritional ingredients, specializing in upcycling dairy byproducts like whey into high-quality proteins. The company se",Dan Nisser — Chief Financial Officer,3,2,,,,not contacted,,,
8,989412050,"Mccain Foods USA, Inc.",unclassified food/bev mfr,,Oakbrook Terrace,Illinois,http://www.mccainusafoodservice.com,9.8941205E8,4000,Private,"McCain USA, Inc.",311411,"Mccain Foods Usa, Inc. is primarily engaged in freezing fruits, fruit juices, and vegetables. These establishments also produce important byproducts such as fresh or dried citrus pulp.",Michael Campbell — Vice President General Counsel Secretary,3,2,,,,not contacted,,,
9,982635500,Kerry Inc.,unclassified food/bev mfr,,Beloit,Wisconsin,http://www.kerry.com,9.826355E8,1800,Private,Kerry Holding Co.,311999,"Kerry Inc. is primarily engaged in manufacturing prepared foods and miscellaneous food specialties, not elsewhere classified, such as baking powder, yeast, and other leavening compounds; peanut butter",,3,2,,,,not contacted,,,
10,975579040,"DFA Dairy Brands, LLC",unclassified food/bev mfr,,Kansas City,Kansas,http://www.dfaingredients.com,9.7557904E8,6821,Private,"Dairy Farmers of America, Inc.",311513,"Dfa Dairy Brands, Llc is primarily engaged in manufacturing natural cheese (except cottage cheese), processed cheese, cheese foods, cheese spreads, and cheese analogs (imitations and substitutes). The",Meg Callahan — Vice President Of Sales,3,1,,,,not contacted,,,
11,951157040,"Danone US, LLC",unclassified food/bev mfr,,White Plains,New York,http://www.danonenorthamerica.com,9.5115704E8,2400,Private,DANONE,311511,"The Dannon is a yogurt company that supplies a wide array of flavors, styles, and sizes of yogurts, in regular, low-fat, and nonfat varieties, as well as in liquid, ""drinkable"" and smoothie forms. Dan",,3,3,,,,not contacted,,,
12,933676700,"ADVANCEPIERRE FOODS HOLDINGS, INC.",unclassified food/bev mfr,,West Chester,Ohio,http://www.advancefoodcompany.com,9.336767E8,4500,Private,"Tyson Foods, Inc.",311991,"Advancepierre Foods Holdings, Inc. is primarily engaged in manufacturing prepared foods and miscellaneous food specialties, not elsewhere classified, such as baking powder, yeast, and other leavening ",Tom Corrick — Group Vice President Process Division Food Service,3,3,,,,not contacted,,,
13,932695680,Northwest Dairy Association,unclassified food/bev mfr,,Seattle,Washington,http://www.darigold.com,9.3269568E8,1300,Nonprofit,Northwest Dairy Association,311514,"Northwest Dairy Association (NDA) members milk a lot of cows. The dairy cooperative's 550-plus member/farmers ship 7.2 billion pounds of milk annually, which is processed by the co-op's subsidiary Dar",,3,3,,,,not contacted,,,
14,932695680,"Darigold, Inc.",unclassified food/bev mfr,,Seattle,Washington,http://www.darigold.com,9.3269568E8,1240,Private,Northwest Dairy Association,311511,"Darigold, Inc. is the marketing and processing subsidiary of the Northwest Dairy Association (NDA), which is owned by nearly 300 family-owned farms in Washington, Oregon, Idaho, and Montana. As part o",,1,0,,,,not contacted,,,
15,927248470,"Lyons Magnus, LLC",confirmed co-man (public sweep),beverage,Fresno,California,http://www.lyonsmagnus.com,9.2724847E8,873,Private,"Lyons Magnus, LLC",311421,"Lyons Magnus, Llc is primarily engaged in canning fruits, vegetables, and fruit and vegetable juices; and in manufacturing catsup and similar tomato sauces, or natural and imitation preserves, jams, a",Stacey Huels — President North Division,3,2,,,,not contacted,,,
16,927014280,T.Marzetti Company,unclassified food/bev mfr,,Westerville,Ohio,http://www.tmarzetticompany.com,9.2701428E8,1706,Private,The Marzetti Company,311941,"T. Marzetti is one of the leading manufacturers and marketers of specialty food products for the retail and foodservice markets. It makes salad dressings, slaw dressings, crunchy croutons, dips, and o",Luis Viso Csco — Principal,3,1,,,,not contacted,,,
17,874652340,"Grain Craft, LLC",unclassified food/bev mfr,,Chattanooga,Tennessee,http://www.graincraft.com,8.7465234E8,596,Private,"Grain Craft, LLC",311211,"Grain Craft, Llc is primarily engaged in milling flour or meal from grain, except rice. The products of flour mills may be sold plain or in the form of prepared mixes or doughs for specific purposes.",Pete Frederick — President Chief Executive Officer,3,3,,,,not contacted,,,
18,854017090,C.H. Guenther & Son LLC,unclassified food/bev mfr,,San Antonio,Texas,http://www.chg.com,8.5401709E8,3650,Private,C.H. Guenther & Son LLC,311211,"Business is a grind for C.H. Guenther & Son; the flour mill produces the Pioneer brand of pancake, biscuit and gravy mixes, as well as the White Wings, Peter Pan, and Morrison brand name flours, torti",Rod Hepponstall — President Chief Executive Officer Board Member,3,2,,,,not contacted,,,
19,833487240,"Pepperidge Farm, Incorporated",unclassified food/bev mfr,,Camden,New Jersey,http://www.pepperidgefarm.com,8.3348724E8,2399,Private,The Campbell's Company,311999,"Pepperidge Farm is a leading brand of premium quality snacks, fresh bakery products, and frozen foods. The Pepperidge Farm brand includes crackers, cookies, fresh baked breads and frozen puff pastry, ",Jennifer Madalena smith — Regional Vice President Southeast,3,2,,,,not contacted,,,
20,827985170,The Quaker Oats Company,unclassified food/bev mfr,,Chicago,Illinois,http://www.chewygiveplay.com,8.2798517E8,10000,Private,"PepsiCo, Inc.",312111,The Quaker Oats Company is primarily engaged in manufacturing soft drinks and carbonated waters.,Ken Minnich — Principal,3,0,,,,not contacted,,,
21,826800660,Lindt & Sprungli (USA) Inc.,unclassified food/bev mfr,,Stratham,New Hampshire,http://www.lindtusa.com,8.2680066E8,650,Private,Chocoladefabriken Lindt & Sprüngli AG,311351,"Lindt & Sprungli (Usa) Inc. is primarily engaged in shelling, roasting, and grinding cacao beans for the purpose of making chocolate liquor, from which cocoa powder and cocoa butter are derived, and i",,3,3,,,,not contacted,,,
22,810584590,Reckitt Benckiser LLC,unclassified food/bev mfr,,Nutley,New Jersey,http://www.reckittprofessional.com,8.1058459E8,1600,Private,RECKITT BENCKISER GROUP PLC,311941,"Reckitt Benckiser, a subsidiary of UK-based Reckitt Benckiser Group PLC, makes and markets household, cleaning, and food products for sale in North America. Some of Reckitt Benckiser's household and c",,3,3,,,,not contacted,,,
23,797599370,American Crystal Sugar Company,likely co-man (D&B description),,Moorhead,Minnesota,http://www.crystalsugar.com,7.9759937E8,1365,Private,American Crystal Sugar Company,311313,"American Crystal Sugar is the largest beet sugar producer in the US. The cooperative is owned by some 2,800 growers in the Red River Valley of North Dakota and Minnesota who farms approximately 425,00","Thomas Astrup — Chief Executive Officer, Member of the Senior Management Team, President",3,2,,,,not contacted,,,
24,766831480,"Welch Foods Inc., A Cooperative",unclassified food/bev mfr,,Waltham,Massachusetts,http://www.welchs.com,7.6683148E8,1000,Private,"National Grape Co-Operative Association, Inc.",311421,Welch Foods is a co-op owned by more than 700 American farming families across the country who bring their best to every harvest. The company produces Welch's brand grape and white grape juices. Its b,Trevor Bynum — Chief Executive Officer,3,3,,,,not contacted,,,
25,748234740,"Chobani Global Holdings, LLC",unclassified food/bev mfr,,New Berlin,New York,http://www.chobani.com,7.4823474E8,2450,Private,"Chobani Global Holdings, LLC",311511,"Chobani Global Holdings, Llc is primarily engaged in processing (e.g., pasteurizing, homogenizing, vitaminizing, bottling) fluid milk and cream, and related products, including cottage cheese, yogurt ",Kyle Obrien — Executive Vice President Of Sales,3,2,,,,not contacted,,,
26,732297550,"UTZ Quality Foods, LLC",unclassified food/bev mfr,,Hanover,Pennsylvania,http://www.dirtys.com,7.3229755E8,1800,Private,"UTZ Brands, Inc.",311919,"Utz manufactures a diverse portfolio of savory snacks through popular brands including Utz, On The Border Chips & Dips, Zapp's, and Boulder Canyon, among others. After about a century with strong fami",Theresa Acappellano — Principal,3,2,,,,not contacted,,,
27,730669490,"Chobani, LLC",unclassified food/bev mfr,,New Berlin,New York,http://www.chobani.com,7.3066949E8,2450,Private,"Chobani Global Holdings, LLC",311511,"Chobani, Llc is primarily engaged in processing (e.g., pasteurizing, homogenizing, vitaminizing, bottling) fluid milk and cream, and related products, including cottage cheese, yogurt (except frozen),",Tarkan Gurkan — Chief Financial Officer,3,3,,,,not contacted,,,
28,712704040,"Shearer's Foods, LLC",confirmed co-man (public sweep),snack-bakery,Massillon,Ohio,http://www.shearers.com,7.1270404E8,1600,Private,"Clayton, Dubilier & Rice, Inc.",311919,Shearer's Foods is one of the largest supplier of private brand salty snacks and the second-largest supplier of private brand cookies and crackers in North America. Shearer's Food makes and markets hi,Sarah Toast — Principal,3,0,,,,not contacted,,,
29,700308530,Ferrara Candy Company,unclassified food/bev mfr,,Chicago,Illinois,http://www.ferrara.com,7.0030853E8,1100,Private,FERRERO INTERNATIONAL S.A.,311340,"Ferrara Candy Company is primarily engaged in manufacturing candy, including chocolate candy, other confections, and related products.",,3,3,,,,not contacted,,,
30,700000000,Sugar Creek Packing Co.,unclassified food/bev mfr,,Washington Court House,Ohio,http://www.sugarcreek.com,7.0E8,2055,Private,Sugar Creek Packing Co.,311612,"Sugar Creek Packing Co. is primarily engaged in manufacturing sausages, cured meats, smoked meats, canned meats, frozen meats, and other prepared meats and meat specialties, from purchased carcasses a",Michael Richardson — Chief Executive Officer,3,3,,,,not contacted,,,
31,689142760,Krispy Kreme Doughnut Corporation,unclassified food/bev mfr,,Charlotte,North Carolina,http://www.krispykreme.com,6.8914276E8,4518,Private,"Krispy Kreme Doughnuts, Inc.",445291,Krispy Kreme Doughnut Corporation is primarily engaged in the retail sale of bakery products. The products may be purchased from others or made on the premises.,J Breitbach — Executive Vice President,3,2,,,,not contacted,,,
32,686086490,"Winland Foods, Inc.",unclassified food/bev mfr,,Oak Brook,Illinois,http://www.winlandfoods.com,6.8608649E8,2621,Private,Rushmore Investment III LLC,311999,"Winland Foods, Inc. is primarily engaged in manufacturing prepared foods and miscellaneous food specialties, not elsewhere classified, such as baking powder, yeast, and other leavening compounds; pean",David Barta — Chief Financial Officer,3,1,,,,not contacted,,,
33,641185060,"Producers Rice Mill, Inc.",likely co-man (D&B description),,Stuttgart,Arkansas,http://www.producersrice.com,6.4118506E8,950,Private,"Producers Rice Mill, Inc.",311212,"These producers aren't just milling about, they're about milling. Producers Rice Mill dries, mills, and markets more than 50 million bushels of rice each year, which it sells both domestically and ove",Brooks Davis — Principal,3,2,,,,not contacted,,,
34,635166630,Kraft Heinz Foods Company,unclassified food/bev mfr,,Pittsburgh,Pennsylvania,http://www.kraftheinz.com,6.3516663E8,24500,Private,The Kraft Heinz Company,311513,"Kraft Heinz Foods Company (formerly known as H. J. Heinz Company) is one of the world's largest food companies that makes ketchup and other condiments, soups, sauces, frozen foods, beans, pasta meals,",,3,3,,,,not contacted,,,
35,612445740,"AdvancePierre Foods, Inc.",unclassified food/bev mfr,,West Chester,Ohio,http://www.advancepierrefood.com,6.1244574E8,4085,Private,"ADVANCEPIERRE FOODS HOLDINGS, INC.",311612,"Advancepierre Foods Holdings, Inc. is a nationally recognized supplier of value-added proteins and sandwich products to foodservice, retail, schools and convenience channels across the United States. ",Robert Vidican — Principal,3,3,,,,not contacted,,,
36,602864560,Wayne-Sanderson Farms LLC,unclassified food/bev mfr,,Oakwood,Georgia,,6.0286456E8,28000,Private,WSF Newco LLC,311615,"Wayne-Sanderson Farms Llc is primarily engaged in slaughtering, dressing, packing, freezing, and canning poultry, rabbits, and other small game, or in manufacturing products from such meats, for their",,1,0,,,,not contacted,,,
37,595991090,"Sauer Brands, Inc.",unclassified food/bev mfr,,Richmond,Virginia,http://www.sauers.com,5.9599109E8,860,Private,"Sauer Brands, Inc.",311942,"Sauer Brands, Inc. is primarily engaged in manufacturing prepared foods and miscellaneous food specialties, not elsewhere classified, such as baking powder, yeast, and other leavening compounds; peanu",Tom Lee Csto — Principal,3,0,,,,not contacted,,,
38,595655030,"Johnsonville, LLC",likely co-man (D&B description),,Sheboygan Falls,Wisconsin,http://www.johnsonville.com,5.9565503E8,3000,Private,"Johnsonville Holdings, Inc.",311612,"Johnsonville, LLC is a privately held, family-owned sausage company and the largest sausage brand by revenue in the United States. Headquartered near Sheboygan Falls, Wisconsin, the company's products",Lori Plate — Vice President And Chief Information Officer,3,3,,,,not contacted,,,
39,595655030,"Johnsonville Holdings, Inc.",unclassified food/bev mfr,,Sheboygan Falls,Wisconsin,http://www.johnsonville.com,5.9565503E8,3000,Private,"Johnsonville Holdings, Inc.",311612,"Johnsonville Holdings, Inc. is primarily engaged in manufacturing sausages, cured meats, smoked meats, canned meats, frozen meats, and other prepared meats and meat specialties, from purchased carcass",Nick Meriggioli — Chief Executive Officer,3,2,,,,not contacted,,,
40,577372990,"Bellissimo Distribution, LLC",unclassified food/bev mfr,,Bartlett,Illinois,http://www.grecoandsons.com,5.7737299E8,700,Private,Sysco Corporation,311422,"Bellissimo Distribution, Llc is primarily engaged in canning specialty products, such as baby foods, nationality specialty foods, and soups, except seafood.",Ron Derosa — Principal,3,3,,,,not contacted,,,
41,576778080,"American Beverage Crafts, LLC",unclassified food/bev mfr,,Atlanta,Georgia,,5.7677808E8,974,Private,"Tilray Brands, Inc.",312111,"American Beverage Crafts, Llc is primarily engaged in manufacturing soft drinks and carbonated waters.",Paul Mulligan — Founder Chief Executive Officer,3,0,,,,not contacted,,,
42,572593870,"SFC Global Supply Chain, Inc.",unclassified food/bev mfr,,Marshall,Minnesota,http://www.schwanscompany.com,5.7259387E8,4670,Private,Schwan's Company,311412,"Sfc Global Supply Chain, Inc. is primarily engaged in manufacturing frozen food specialties, not elsewhere classified, such as frozen dinners and frozen pizza.",John Connell — Vice President Finance,3,1,,,,not contacted,,,
43,565491760,Dean Foods Company,likely co-man (D&B description),,Dallas,Texas,http://www.dfamilk.com,5.6549176E8,14500,Private,"Dairy Farmers of America, Inc.",311514,"Dean Foods is one of the nation's largest milk processors. The company markets fluid milk, ice cream, and cultured dairy products as well as beverages (juices, teas, and bottled water). It operates un",,3,3,,,,not contacted,,,
44,553036250,Gilster-Mary Lee Corporation,confirmed co-man (public sweep),snack-bakery,Chester,Illinois,http://www.gilstermarylee.com,5.5303625E8,4200,Private,Mary Lee Packaging Corporation,311230,"Gilster-Mary Lee is a leading private-label food manufacturer in the US. It makes approximately 8,000 products in about 500 private labels, including breakfast cereal, cake, baking mixes, cocoa and ot",Ronald Tretter — Vice President,3,3,,,,not contacted,,,
45,549504760,"Coca-Cola Beverages Florida, LLC",unclassified food/bev mfr,,Tampa,Florida,http://www.cokeflorida.com,5.4950476E8,1000,Private,"Cardinal System Holdings, LLC",312111,"Coca-Cola Beverages Florida, Llc is primarily engaged in manufacturing soft drinks and carbonated waters.",Duane Still — Chief Financial Officer,3,1,,,,not contacted,,,
46,544775020,Stratas Foods LLC,unclassified food/bev mfr,,Cordova,Tennessee,http://www.stratasfoods.com,5.4477502E8,1000,Private,Stratas Foods LLC,311225,"Stratas Foods Llc is primarily engaged in manufacturing shortening, table oils, margarine, and other edible fats and oils, not elsewhere classified.",Gary Harmon — President,3,0,,,,not contacted,,,
47,536375000,"MGP Ingredients, Inc.",confirmed co-man (public sweep),beverage,Atchison,Kansas,http://www.mgpingredients.com,5.36375E8,617,Public,"MGP Ingredients, Inc.",312140,"MGP Ingredients Inc (MGP) is the producer, distributer and marketer of branded spirits, distilled spirits and specialty wheat proteins and starch food ingredients. The company’s distillery products ar","Julie Francis — President, Chief Executive Officer",3,0,,,,not contacted,,,
48,532157780,Florida Crystals Corporation,unclassified food/bev mfr,,West Palm Beach,Florida,http://www.floridacrystals.com,5.3215778E8,2000,Private,Fanjul Corp.,311314,"Florida Crystals is Florida's largest organic farmer and the only producer of Regenerative Organic Certified sugar that is grown and milled in the US, which is offered to consumers through the Florida",Christine Vanderpool — Vice President Chief Technology Officer,3,3,,,,not contacted,,,
49,531029660,"Stremicks Heritage Foods, LLC",confirmed co-man (public sweep),beverage,Santa Ana,California,http://www.heritage-foods.com,5.3102966000000006E8,430,Private,"Dairy Farmers of America, Inc.",311511,"Stremicks Heritage Foods is the dairy company behind the big brands. Focused on the production of specialized dairy products, the company offers organic milk and associated dairy foods under the Herit",Jack Noenickx — Chief Financial Officer,3,2,,,,not contacted,,,
50,529936770,"Lakeside Foods, Inc.",confirmed co-man (public sweep),wet-frozen-supplements,Manitowoc,Wisconsin,http://www.lakesidefoods.com,5.2993677E8,1589,Private,"Lakeside Foods, Inc.",311421,"Lakeside Foods, Inc. is a privately held, leading international private label food processor specializing in frozen and canned vegetables. Headquartered in Manitowoc, Wisconsin, the company operates p",,1,0,,,,not contacted,,,
51,522990720,Fieldale Farms Corporation,unclassified food/bev mfr,,Baldwin,Georgia,http://www.fieldale.com,5.2299072E8,4800,Private,Fieldale Farms Corporation,311615,"Fieldale Farms Corporation is one of the largest independent poultry producers in the world. With several production plants, the poultry-processing company produces fresh and frozen chicken and chicke",Will Baker — Vice President Chief Information Officer,3,2,,,,not contacted,,,
52,521697140,"Mizkan America, Inc.",unclassified food/bev mfr,,Schaumburg,Illinois,http://www.mizkan.com,5.2169714E8,1798,Private,"Mizkan America Holdings, Inc.",311942,"Mizkan America, Inc. is primarily engaged in manufacturing prepared foods and miscellaneous food specialties, not elsewhere classified, such as baking powder, yeast, and other leavening compounds; pea",,3,2,,,,not contacted,,,
53,521687320,Pepsi Bottling Ventures LLC,unclassified food/bev mfr,,Raleigh,North Carolina,http://www.pepsibottlingventures.com,5.2168732E8,2185,Private,Suntory International,312111,"Pepsi Bottling Ventures (PBV) is the largest privately-held manufacturer, seller, and distributor of Pepsi-Cola products in North America. A joint venture between Suntory Group and PepsiCo, the compan",Danielle Vyhnanek — Principal,3,2,,,,not contacted,,,
54,518843750,"Del Monte Fresh Produce N.A., Inc.",unclassified food/bev mfr,,Coral Gables,Florida,http://www.freshdelmonte.com,5.1884375E8,1550,Private,Del Monte Fresh Produce Company,311421,"Del Monte Fresh Produce N.A., Inc. is primarily engaged in canning fruits, vegetables, and fruit and vegetable juices; and in manufacturing catsup and similar tomato sauces, or natural and imitation p",Rene Contreras — Principal,3,2,,,,not contacted,,,
55,516333130,Puratos Corporation,unclassified food/bev mfr,,Pennsauken,New Jersey,http://www.puratos.us,5.1633313E8,1300,Private,Puratos,311999,"Puratos Corporation is primarily engaged in manufacturing prepared foods and miscellaneous food specialties, not elsewhere classified, such as baking powder, yeast, and other leavening compounds; pean",Annmarie Earle — Finance Vice President,3,3,,,,not contacted,,,
56,514085690,"Flowers Bakeries, LLC",unclassified food/bev mfr,,Thomasville,Georgia,http://www.canyonglutenfree.com,5.1408569E8,500,Private,"Flowers Foods, Inc.",311812,"Flowers Bakeries, Llc is primarily engaged in manufacturing fresh or frozen bread and bread-type rolls and fresh cakes, pies, pastries and other similar ""perishable"" bakery products.",Steve Avera — Principal,3,2,,,,not contacted,,,
57,512673520,"The Lauridsen Group, Inc.",unclassified food/bev mfr,,Ankeny,Iowa,http://www.apcproteins.com,5.1267352000000006E8,750,Private,"The Lauridsen Group, Inc.",311119,"The Lauridsen Group, Inc. is primarily engaged in manufacturing prepared feeds and feed ingredients and adjuncts for animals and fowls, except dogs and cats. Included in this industry are poultry and ",Dawn Kucera — Executive Vice President Cfo,3,1,,,,not contacted,,,
58,510061130,ADM Milling Co.,unclassified food/bev mfr,,Decatur,Illinois,http://www.adm.com,5.1006113E8,1500,Private,Archer-Daniels-Midland Company,311211,"Adm Milling Co. is primarily engaged in milling flour or meal from grain, except rice. The products of flour mills may be sold plain or in the form of prepared mixes or doughs for specific purposes.",Loren Urquhart — Vice President,3,0,,,,not contacted,,,
59,506490600,Meherrin Agricultural & Chemical Company,unclassified food/bev mfr,,Severn,North Carolina,http://www.meherrinag.com,5.064906E8,1000,Private,Meherrin Agricultural & Chemical Company,311911,"Meherrin AG is a family-run business across eight states that supports farmers to produce millions of acres of high-quality, high-yield corn, peanuts, soybeans, wheat, and sorghum. Farm supplies offer",Wells Caviness — Vice President Human Resources,3,3,,,,not contacted,,,
60,505513240,Alphia Inc.,unclassified food/bev mfr,,Bern,Kansas,http://www.alphia.com,5.0551324E8,646,Private,Alphia Inc.,311111,"Alphia Inc. is primarily engaged in manufacturing dog and cat food from cereal, meat, and other ingredients. These preparations may be canned, frozen, or dry.",John Bear — Chief Operating Officer,3,2,,,,not contacted,,,
61,505273680,Amalgamated Sugar Company,unclassified food/bev mfr,,Boise,Idaho,http://www.amalgamatedsugar.com,5.0527368E8,1500,Private,Amalgamated Sugar Company,311313,"The Amalgamated Sugar Company LLC is the second-largest sugar beet refiner in the US, operating as a grower-owned cooperative. Headquartered in Boise, Idaho, the company processes sugar beets grown by",Craig Hanks — Chief Financial Officer Treasurer,3,1,,,,not contacted,,,
62,503815120,"South Dakota Soybean Processors, LLC",unclassified food/bev mfr,,Volga,South Dakota,http://www.sdsbp.com,5.0381512E8,139,Public,"South Dakota Soybean Processors, LLC",311224,"Things are ""soy-good"" at South Dakota Soybean Processors. The agricultural cooperative turns the more than 145 million bushels per year of soybeans from its 2,200 farmer/members into soybean oil, soyb",Carl Odde — Chief Operating Officer,3,1,,,,not contacted,,,
63,502286990,"Bluetriton Brands, Inc.",unclassified food/bev mfr,,Stamford,Connecticut,http://www.bluetriton.com,5.0228699E8,4817,Private,Primo Brands Corporation,312112,BlueTriton Brands (formerly known as Nestl Waters North America) offers an extensive portfolio of highly recognizable sustainably-sourced and -packaged regional spring water and other water brands inc,Jeffrey Feinberg — Principal,3,0,,,,not contacted,,,
64,501963710,Primary Products Ingredients Americas LLC,unclassified food/bev mfr,,Schaumburg,Illinois,http://www.tateandlyle.com,5.0196371E8,2098,Private,Primary Products Investments LLC,311221,"Tate & Lyle Ingredients Americas, the US subsidiary of UK ingredient giant Tate & Lyle, is one of a handful of producers that make high-fructose corn syrup -- the liquid sweetener used by virtually al",,3,3,,,,not contacted,,,
65,501100830,Pinnacle Foods Inc.,unclassified food/bev mfr,,Omaha,Nebraska,http://www.pinnaclefoods.co,5.0110083E8,4900,Private,"Conagra Brands, Inc.",311412,"Pinnacle Foods' grocery products enjoy a bird's-eye view from store shelves across the US and Canada. The company manufactures, markets, and distributes the Birds Eye frozen food line, Duncan Hines li",Mary Denooyer — Executive Vice President,3,2,,,,not contacted,,,
66,500000000,"Wholestone Farms Cooperative, Inc.",unclassified food/bev mfr,,Fremont,Nebraska,http://www.wholestonefarms.com,5.0E8,1500,Private,,311611,"Wholestone Farms Cooperative, Inc. is primarily engaged in the slaughtering, for their own account or on a contract basis for the trade, of cattle, hogs, sheep, lambs, and calves for meat to be sold o",Kevin Still — Chief Executive Officer,3,0,,,,not contacted,,,
67,499116670,Polar Corp.,unclassified food/bev mfr,,Worcester,Massachusetts,http://www.polarseltzer.com,4.9911667E8,1000,Private,Polar Corp.,312111,"Ice cold beverages are the stock and trade of this company. Doing business as Polar Beverages, Polar Corp. is a leading manufacturer and distributor of fruit-flavored sodas, ginger ale, tonic water, c",,3,0,,,,not contacted,,,
68,499019960,"House of Raeford Farms, Inc.",unclassified food/bev mfr,,Rose Hill,North Carolina,http://www.houseofraeford.com,4.9901996E8,6000,Private,"Nash Johnson & Sons` Farms, Inc.",311615,House of Raeford Farms is one of the largest poultry producers in the US. The company together with about 450 family farms in four southeastern states in the US raises day-old chicks to produce a full,Kristina Schrecengost — Principal,3,0,,,,not contacted,,,
69,498432100,Treasury Wine Estates Americas Company,unclassified food/bev mfr,,Napa,California,http://www.treasurywineestates.com,4.984321E8,1300,Private,TREASURY WINE ESTATES LIMITED,312130,"Treasury Wine Estates (TWE) is a global wine company with a portfolio of luxury and premium brands sold in over 70 countries. Its operations are structured into three divisions: Penfolds, Treasury Ame",Tim Ford — Chief Executive Officer,3,0,,,,not contacted,,,
70,496860380,"Manna Pro Products, LLC",unclassified food/bev mfr,,Chesterfield,Missouri,http://www.companapetbrands.com,4.9686038E8,399,Private,"The Carlyle Group, Inc.",311119,"Manna Pro Products, Llc is primarily engaged in manufacturing prepared feeds and feed ingredients and adjuncts for animals and fowls, except dogs and cats. Included in this industry are poultry and li",Brian Purcell — Chief Financial Officer,3,0,,,,not contacted,,,
71,496309300,M.G. Waldbaum Company,unclassified food/bev mfr,,Hopkins,Minnesota,http://www.michaelfoods.com,4.963093E8,2694,Private,"Michael Foods of Delaware, Inc.",311999,"M.G. Waldbaum Company is primarily engaged in slaughtering, dressing, packing, freezing, and canning poultry, rabbits, and other small game, or in manufacturing products from such meats, for their own",,3,1,,,,not contacted,,,
72,495456480,"Ajinomoto Foods North America, Inc.",unclassified food/bev mfr,,Ontario,California,http://www.ajinomotofoods.com,4.9545648E8,2800,Private,"Ajinomoto North America Holdings, Inc.",311412,"Ajinomoto Foods North America, Inc. is primarily engaged in manufacturing frozen food specialties, not elsewhere classified, such as frozen dinners and frozen pizza.",Monique Auyeung — Principal Food Scientist,3,3,,,,not contacted,,,
73,493450010,The ICEE Company,unclassified food/bev mfr,,La Vergne,Tennessee,http://www.icee.com,4.9345001E8,700,Private,J&J Snack Foods Corp.,311412,"The Icee Company is primarily engaged in manufacturing frozen food specialties, not elsewhere classified, such as frozen dinners and frozen pizza.",Miguel O — Founder,3,0,,,,not contacted,,,
74,492769840,"Tropicana Products, Inc.",unclassified food/bev mfr,,Chicago,Illinois,http://www.tropicana.com,4.9276984E8,3500,Private,"Tropicana Products, Inc.",311421,"Tropicana Products, Inc. is a leading American producer of fruit-based beverages with a global reach, primarily in North America and Europe. The company is part of Tropicana Brands Group, a joint vent",,3,0,,,,not contacted,,,
75,492380710,"O. K. Foods, Inc.",unclassified food/bev mfr,,Fort Smith,Arkansas,http://www.okfoods.com,4.9238071E8,3600,Private,"Industrias Bachoco, S.A.B. de C.V.",311615,"O. K. Foods, Inc. is primarily engaged in slaughtering, dressing, packing, freezing, and canning poultry, rabbits, and other small game, or in manufacturing products from such meats, for their own acc",,3,0,,,,not contacted,,,
76,491855410,Bar-S Foods Co.,unclassified food/bev mfr,,Scottsdale,Arizona,http://www.bar-s.com,4.9185541E8,1600,Private,SIGMA ALIMENTOS EXTERIOR SLU,311612,"When it comes to selling hot dogs, Bar-S Foods is serious about being top dog. The company manufactures hot dogs, corn dogs, bacon, lunch meat, smoked sausage, and hot links primarily under the Bar-S ",Robert Kopriva — Principal,3,0,,,,not contacted,,,
77,491778810,Keebler Company,unclassified food/bev mfr,,Battle Creek,Michigan,http://www.keebler.com,4.9177881E8,12000,Private,Kellanova,311821,"Keebler Company is primarily engaged in manufacturing fresh cookies, crackers, pretzels, and similar ""dry"" bakery products.",William Kellogg — Principal,3,0,,,,not contacted,,,
78,491071900,"DELICATO VINEYARDS, LLC",unclassified food/bev mfr,,Manteca,California,http://www.delicato.com,4.910719E8,1200,Private,"DELICATO VINEYARDS, LLC",312130,"Delicato Family Vineyards owns and operates 10,000 acres of vineyards in Monterey, Lodi, and Manteca, California. The company, also known as DFV Wines, produces a variety of red and white wines, inclu",Stacy Harban — Principal,3,0,,,,not contacted,,,
79,490843750,"Country Pure Foods Topco, LLC",unclassified food/bev mfr,,Akron,Ohio,http://www.countrypure.com,4.9084375E8,705,Private,"Peterson Brands, LLC",311421,"Country Pure Foods, Inc., a subsidiary of Petersonbrands, is a leading US manufacturer and supplier of beverages. The company offers a wide range of products, including portioned and multi-serve juice",Aaron Peterson — Chief Executive Officer,3,0,,,,not contacted,,,
80,490715910,Molson Coors Beverage Company USA LLC,unclassified food/bev mfr,,Chicago,Illinois,http://www.molsoncoors.com,4.9071591E8,4500,Private,Molson Coors Beverage Company,312120,"MillerCoors is the US operating arm of beer giant Molson Coors Brewing Company (MCBC). It is home to some of the country's most popular brands, including flagship brews Coors Light and Miller Lite. Ot",Kurt Lane — Principal,3,0,,,,not contacted,,,
81,490605990,C C 1 Limited Partnership,unclassified food/bev mfr,,Bayamon,Puerto Rico,http://www.ccprb.com,4.9060599E8,816,Partnership,C C 1 Limited Partnership,312111,C C 1 Limited Partnership is primarily engaged in manufacturing soft drinks and carbonated waters.,Julio Bravo — Vice President Operations,3,1,,,,not contacted,,,
82,488214570,Kemps LLC,unclassified food/bev mfr,,St Louis Park,Minnesota,http://www.kemps.com,4.8821457E8,1060,Private,"Dairy Farmers of America, Inc.",311511,"Kemps and cows cooperate. The company, founded in 1914,produces all kinds of cow-derived productssuch asfluid, cultured, and frozen dairy items for retail sale in the Upper Midwestern, New England, Mi",,1,0,,,,not contacted,,,
83,488068450,"Jennie-O Turkey Store, Inc.",unclassified food/bev mfr,,Willmar,Minnesota,http://www.willmarareachamber.com,4.8806845E8,7000,Private,Hormel Foods Corporation,311615,"Jennie-O Turkey is one of the largest and most beloved turkey brands in the world. A Hormel subsidiary since 1986, the company provides a full portfolio of delicious, nutritious turkey proteins and in",,3,0,,,,not contacted,,,
84,482410740,"Simmons Prepared Foods, Inc.",unclassified food/bev mfr,,Siloam Springs,Arkansas,http://www.simmonspreparedfoods.com,4.8241074E8,3863,Private,"Simmons Foods, Inc.",311615,"Simmons Prepared Foods, Inc. is primarily engaged in slaughtering, dressing, packing, freezing, and canning poultry, rabbits, and other small game, or in manufacturing products from such meats, for th",Johnny Bullington — President,3,0,,,,not contacted,,,
85,482237700,"Diageo North America, Inc.",unclassified food/bev mfr,,New York,New York,http://diageo.com,4.822377E8,8040,Private,DIAGEO PLC,312130,Diageo North America is a global leader in beverage alcohol with an outstanding collection of brands across spirits and beer. The North American subsidiary of distiller giant Diageo plc markets and se,Alden Schacher — Vice President Government Relations,3,0,,,,not contacted,,,
86,480575680,"Blue Buffalo Company, Ltd.",unclassified food/bev mfr,,Wilton,Connecticut,http://www.bluebuffalo.com,4.8057568E8,1300,Private,"Blue Buffalo Pet Products, Inc.",311111,"Blue Buffalo Company, Ltd. is primarily engaged in manufacturing dog and cat food from cereal, meat, and other ingredients. These preparations may be canned, frozen, or dry.",Sally Radka — Principal,3,0,,,,not contacted,,,
87,480386990,"ACH Food Companies, Inc.",unclassified food/bev mfr,,Oakbrook Terrace,Illinois,http://www.achfood.com,4.8038699E8,842,Private,ASSOCIATED BRITISH FOODS PLC,311225,"ACH Food Companies is a leading marketer of core ingredients long-valued by those who cook with care. The company manufactures and sells a variety of cooking oils and other food ingredients, such as c",Allan Langley — Principal,3,0,,,,not contacted,,,
88,479511350,Nestle Prepared Foods Company,unclassified food/bev mfr,,Solon,Ohio,http://www.nestle.com,4.7951135E8,7000,Private,The Stouffer Corporation,311412,"Nestle Prepared Foods Company is primarily engaged in manufacturing frozen food specialties, not elsewhere classified, such as frozen dinners and frozen pizza.",,3,0,,,,not contacted,,,
89,478506930,"Valley Proteins (DE), LLC",unclassified food/bev mfr,,Winchester,Virginia,http://www.darlingii.com,4.7850693E8,1933,Private,Darling Ingredients Inc.,311613,"The winds of change might be blowing from Valley Proteins, but you'll probably want to hold your nose. A major US rendering company with about 15 plants in eight states, Valley Proteins and its Caroli",Tina Brown — Principal,3,0,,,,not contacted,,,
90,477155400,"West Liberty Foods, L.L.C.",likely co-man (D&B description),,West Liberty,Iowa,http://www.wlfoods.com,4.771554E8,1650,Private,"West Liberty Foods, L.L.C.",311615,"West Liberty Foods is an American meat processing company owned by the Iowa Turkey Growers Cooperative. In addition to slaughtering and processing turkeys, the company also prepares and slices pork, c",Andrew Beasmore — Chief Financial Officer,3,0,,,,not contacted,,,
91,476690220,"Ruiz Food Products, Inc.",unclassified food/bev mfr,,Frisco,Texas,http://www.ruizfoods.com,4.7669022E8,2500,Private,"Ruiz Food Products, Inc.",311412,"Ruiz Foods, one of the nation's largest producers of frozen Mexican dishes, is a privately-owned corporation co-founded by Fred Ruiz and his father, Louis, in 1964. It offers a wide array of frozen fo",,3,0,,,,not contacted,,,
92,476406220,"Ken's Foods, LLC",unclassified food/bev mfr,,Marlborough,Massachusetts,http://www.kensfoods.com,4.7640622E8,920,Private,"Ken's Foods, LLC",311421,"Ken's Foods is a leading manufacturer of salad dressings and sauces, as well as mayonnaise and barbeque sauces. The condiments company produces and packages about 1,000 varieties of dressings and sauc",,3,0,,,,not contacted,,,
93,476139010,Refresco Beverages US Inc.,confirmed co-man (public sweep),beverage,Tampa,Florida,http://www.refresco-na.com,4.7613901E8,2600,Private,Refresco US Holding Inc.,312111,Refresco Beverages Us Inc. is primarily engaged in manufacturing soft drinks and carbonated waters.,,3,0,,,,not contacted,,,
94,472115420,"Einstein Noah Restaurant Group, Inc.",unclassified food/bev mfr,,Denver,Colorado,http://www.bagelbrands.com,4.7211542E8,6000,Private,"Einstein Noah Restaurant Group, Inc.",445291,"Einstein Noah Restaurant Group, Inc. is a leader in the quick-casual restaurant industry and the largest operator of bagel specialty restaurants in the US, with over 1,000 locations across 40 states a",Frank Paci — President,3,0,,,,not contacted,,,
95,470373020,"Red Gold, Inc.",likely co-man (D&B description),,Elwood,Indiana,http://www.redgoldfoods.com,4.7037302E8,1500,Private,"Red Gold, Inc.",311421,"Red Gold, Inc. is the largest privately-owned tomato processor in the United States. This fourth-generation, family-owned business is based in Orestes, Indiana, and operates three processing plants wi",,1,0,,,,not contacted,,,
96,469323330,"WM. Bolthouse Farms, Inc.",unclassified food/bev mfr,,Bakersfield,California,http://www.bolthouse.com,4.6932333E8,2775,Private,"Generis Holdings, LP",311411,"Wm. Bolthouse Farms, Inc. is a leading producer of fresh carrots and refrigerated beverages and dressings, sold across North America. Owned by private equity firm Butterfly Equity, its products, under",Ryan Cassil — Chief Financial Officer,3,0,,,,not contacted,,,
97,468550140,"Sunkist Growers, Inc.",unclassified food/bev mfr,,Valencia,California,,4.6855014E8,553,Private,"Sunkist Growers, Inc.",311421,"Sunkist Growers, Inc. is primarily engaged in canning fruits, vegetables, and fruit and vegetable juices; and in manufacturing catsup and similar tomato sauces, or natural and imitation preserves, jam",,1,0,,,,not contacted,,,
98,466406800,"Amy's Kitchen, Inc.",unclassified food/bev mfr,,Petaluma,California,http://www.amys.com,4.664068E8,860,Private,"Amy's Kitchen, Inc.",311412,"Amy's Kitchen, Inc. is a family-owned and privately held company specializing in organic and vegetarian prepared foods. Based in Petaluma, California, it is a leading manufacturer in its sector, produ",Leanne Molter — Chief Financial Officer,3,0,,,,not contacted,,,
99,464745910,"Foremost Farms USA, Cooperative",unclassified food/bev mfr,,Middleton,Wisconsin,http://www.foremostfarms.com,4.6474591E8,1150,Private,"Foremost Farms USA, Cooperative",311513,"Foremost Farms USA is one of the largest, leading dairy cooperatives in the US and a major food manufacturing business. It represents hundreds of Midwest dairy farmer members located across seven Midw",Brenda Dehart — President Chief Executive Officer,3,0,,,,not contacted,,,
100,463599180,"OSI Industries, LLC",unclassified food/bev mfr,,Aurora,Illinois,http://www.osigroup.com,4.6359918E8,9200,Private,"OSI Group, LLC",311991,"Osi Industries, Llc is primarily engaged in manufacturing prepared foods and miscellaneous food specialties, not elsewhere classified, such as baking powder, yeast, and other leavening compounds; pean",Gerald Kolschowsky — Vice President,2,0,,,,not contacted,,,
101,462702060,"Perfection Bakeries, Inc.",unclassified food/bev mfr,,Fort Wayne,Indiana,http://www.auntmillies.com,4.6270206E8,1600,Private,"Perfection Bakeries, Inc.",311812,"You might say Perfection Bakeries strives for excellence in baking. A leading producer of baked goods, the company makes such products as bread, hamburger and hotdog buns, and English muffins for the ",Jay Miller — Chief Financial Officer,3,0,,,,not contacted,,,
102,462122280,Koch Foods of Mississippi LLC,unclassified food/bev mfr,,Pearl,Mississippi,,4.6212228E8,3534,Private,Koch Foods Incorporated,311615,"Koch Foods Of Mississippi Llc is primarily engaged in slaughtering, dressing, packing, freezing, and canning poultry, rabbits, and other small game, or in manufacturing products from such meats, for t",,3,0,,,,not contacted,,,
103,461806150,"Great Lakes Coca-Cola Distribution, LLC",unclassified food/bev mfr,,Rosemont,Illinois,http://www.coca-cola.com,4.6180615E8,1000,Private,"Reyes Holdings, L.L.C.",312111,"Great Lakes Coca-Cola Distribution, Llc is primarily engaged in manufacturing soft drinks and carbonated waters.",Ben Karacia — Vice President Manufacturing,3,0,,,,not contacted,,,
104,461121250,"Amick Farms, LLC",unclassified food/bev mfr,,Batesburg,South Carolina,http://www.amickfarms.com,4.6112125E8,1500,Private,"OSI Industries, LLC",311615,"Amick Farms, Llc is primarily engaged in slaughtering, dressing, packing, freezing, and canning poultry, rabbits, and other small game, or in manufacturing products from such meats, for their own acco",,3,0,,,,not contacted,,,
105,460906070,"Danone US, Inc.",unclassified food/bev mfr,,Broomfield,Colorado,http://www.danonenorthamerica.com,4.6090607E8,500,Private,"Danone US, LLC",311514,"Danone North America is one of the largest food and beverage companies in North America. Its portfolio of brands includes Activia, DanActive, Danimals, Dannon, Horizon Organic, International Delight, ",Susan Anderson — Principal,3,0,,,,not contacted,,,
106,460726290,"Mead Johnson & Company, LLC",unclassified food/bev mfr,,Evansville,Indiana,http://www.meadjohnson.com,4.6072629E8,650,Private,Mead Johnson Nutrition Company,311999,"Mead Johnson & Company, Llc is primarily engaged in manufacturing prepared foods and miscellaneous food specialties, not elsewhere classified, such as baking powder, yeast, and other leavening compoun",,3,0,,,,not contacted,,,
107,458832550,"Solae, LLC",unclassified food/bev mfr,,Saint Louis,Missouri,,4.5883255E8,1600,Private,International Flavors & Fragrances Inc.,311224,"Solae sees the joy in soy. The firm develops, makes, and markets 1,000-plus soy-based products used by thousands of customers in nearly 100 countries worldwide. Solae manufactures soy proteins used in",Mindi McKibbin — Principal Scientist Beverage Innovation,3,0,,,,not contacted,,,
108,458736910,"Ready Pac Foods, Inc.",unclassified food/bev mfr,,Irwindale,California,http://www.readypac.com,4.5873691E8,3645,Private,BONDUELLE,311991,"Ready Pac Foods, Inc. is primarily engaged in manufacturing prepared foods and miscellaneous food specialties, not elsewhere classified, such as baking powder, yeast, and other leavening compounds; pe",Esthefany Martinez — Founder,3,0,,,,not contacted,,,
109,458510440,HDS Retail North America L.P.,unclassified food/bev mfr,,New York,New York,http://www.paradieslagardere.com,4.5851044E8,4506,Private,HDS Retail North America L.P.,445291,Hds Retail North America L.P. is primarily engaged in the retail sale of bakery products. The products may be purchased from others or made on the premises.,Gregg Paradies — President And Ceo,3,0,,,,not contacted,,,
110,456757170,"Butterball, LLC",unclassified food/bev mfr,,Garner,North Carolina,http://www.butterballfoodservice.com,4.5675717E8,2500,Private,Seaboard Corporation,311615,"Butterball is one of America's most iconic brands and the largest producer of turkey products in the US. Committed to being an industry leader in quality, food safety, and animal care and well-being, ",,1,0,,,,not contacted,,,
111,456070500,Indiana Packers Corporation,unclassified food/bev mfr,,Delphi,Indiana,http://www.indianapackerscorp.com,4.560705E8,1540,Private,MITSUBISHI CORPORATION,311611,"Indiana Packers is a pork meat and processed meat producer located in Indiana, which is in the Midwest region of the US. Its fresh pork cuts, hams, hardwood-smoked hocks, sausage, and bacon are sold u",Eric Sheiss — President Coo,3,0,,,,not contacted,,,
112,454868320,"Freshrealm, Inc.",unclassified food/bev mfr,,Lancaster,Texas,http://www.freshrealm.com,4.5486832E8,3500,Private,"Freshrealm, Inc.",311999,"Freshrealm, Inc. is primarily engaged in manufacturing prepared foods and miscellaneous food specialties, not elsewhere classified, such as baking powder, yeast, and other leavening compounds; peanut ",Neill King — Chief Operating Officer,3,0,,,,not contacted,,,
113,452939760,Cooperative Regions Of Organic Producer Pools,unclassified food/bev mfr,,La Farge,Wisconsin,http://www.organicvalley.coop,4.5293976E8,764,Private,Cooperative Regions Of Organic Producer Pools,311411,"Cooperative Regions of Organic Producer Pools, known as Organic Valley, is the largest farmer-owned organic cooperative in the United States and the #1 brand of premium organic dairy. As a private coo",Shawna Nelson — Chief Executive Officer,3,0,,,,not contacted,,,
114,450000000,"Brown Packing Co., Inc.",unclassified food/bev mfr,,Gaffney,South Carolina,http://www.brownpacking.com,4.5E8,575,Private,,311611,"Brown Packing Co., Inc. is primarily engaged in the slaughtering, for their own account or on a contract basis for the trade, of cattle, hogs, sheep, lambs, and calves for meat to be sold or to be use",James Brown — President,3,0,,,,not contacted,,,
115,441299100,"CONTINENTAL MILLS, INC.",unclassified food/bev mfr,,Tukwila,Washington,http://www.thekrusteazcompany.com,4.412991E8,985,Private,"CONTINENTAL MILLS, INC.",311824,"Continental Mills, Inc. is primarily engaged in preparing flour mixes or doughs from purchased flour.",Keith Neumann — Principal,3,0,,,,not contacted,,,
116,440177030,The Odom Corporation,unclassified food/bev mfr,,Bellevue,Washington,http://www.odomcorp.com,4.4017703E8,1500,Private,The Odom Corporation,312111,"The Odom Corporation wants you to drink up if you happen to be in the Pacific Northwest. The company distributes beer, wine, and spirits as well as sodas, energy drinks, and bottled waters from more t",John Steinman — Chief Financial Officer,3,0,,,,not contacted,,,
117,440065310,"Diamond Foods, LLC",unclassified food/bev mfr,,Stockton,California,http://www.diamondnuts.com,4.4006531E8,1696,Private,"Diamond Foods, LLC",311911,"Diamond Foods is a major culinary nut company with the leading share in the US branded nut market. Through Diamond of California, the company offers fresh, high-quality, and great-tasting nuts for eve",Desiree Champaco — Vice President Of Information Technology Supply Chain,3,0,,,,not contacted,,,
118,439222230,Smithfield Packaged Meats Corp.,unclassified food/bev mfr,,Smithfield,Virginia,,4.3922223E8,6565,Private,"Smithfield Foods, Inc.",311611,"John Morrell is one of the top names in meat. A leading producer of processed-meat and fresh-pork products, John Morrell & Co. makes bacon, fresh pork, hams, and sausage, as well as cold cuts and lunc",Aminta Enrique — Founder,3,1,,,,not contacted,,,
119,439103420,Griffin Industries LLC,unclassified food/bev mfr,,Cold Spring,Kentucky,http://www.griffinind.com,4.3910342E8,1800,Private,Darling Ingredients Inc.,311613,"Griffin Industries takes what no one else wants to deal with and renders it useful. The Kentucky company collects and recycles a variety of items, such as inedible scraps and waste from meat-processin",Michael Rath — Senior Vice President,3,0,,,,not contacted,,,
120,437773530,"Simmons Pet Food, Inc.",unclassified food/bev mfr,,Siloam Springs,Arkansas,http://www.simmonspetfood.com,4.3777353E8,1050,Private,"Simmons Pet Food, Inc.",311111,"Simmons Pet Food, Inc. is primarily engaged in manufacturing dog and cat food from cereal, meat, and other ingredients. These preparations may be canned, frozen, or dry.",,3,0,,,,not contacted,,,
121,436434600,"Bay Valley Foods, LLC",unclassified food/bev mfr,,De Pere,Wisconsin,http://www.bayvalleyfoods.com,4.364346E8,1000,Private,"TreeHouse Foods, Inc.",311999,"Bay Valley Foods, Llc is primarily engaged in manufacturing prepared foods and miscellaneous food specialties, not elsewhere classified, such as baking powder, yeast, and other leavening compounds; pe",,3,0,,,,not contacted,,,
122,434513030,Fairfield Gourmet Food Corp.,unclassified food/bev mfr,,Cedar Grove,New Jersey,http://www.davidscookies.com,4.3451303E8,2970,Private,Fairfield Gourmet Food Corp.,311821,"Fairfield Gourmet Food Corp. is primarily engaged in manufacturing fresh cookies, crackers, pretzels, and similar ""dry"" bakery products.",Ari Margulies — president,3,0,,,,not contacted,,,
123,432887510,"Reyes Coca-Cola Bottling, L.L.C.",unclassified food/bev mfr,,Irvine,California,http://www.reyescocacola.com,4.3288751E8,4200,Private,"Reyes Coca-Cola Bottling, L.L.C.",312111,"This company can't help but show a little sparkle. Coca-Cola Bottling Company of Southern California (CCBCSC), part of Coca-Cola Refreshments USA, sells sparkling soft drinks and ""still"" beverages, su",Greg Geane — Chief Operating Officer,6,3,,,,not contacted,,,
124,432754240,Keystone Foods LLC,unclassified food/bev mfr,,West Chester,Pennsylvania,http://www.emerilairfryer360.com,4.3275424E8,11000,Private,"Tyson Foods, Inc.",311612,"Keystone Foods LLC, a wholly-owned subsidiary of Tyson Foods, is a global food services company specializing in fresh and frozen animal protein products, including poultry, beef, fish, and pork. With ",,1,0,,,,not contacted,,,
125,432481960,"Coca-Cola Bottling Company of New York, Inc., The",unclassified food/bev mfr,,Atlanta,Georgia,http://www.cocacolaunited.com,4.3248196E8,164,Private,"Coca-Cola Refreshments USA, LLC",312111,"Coca-Cola Bottling Company Of New York, Inc., The is primarily engaged in manufacturing soft drinks and carbonated waters.",Rima Shehadeh — Principal Auditor,3,3,,,,not contacted,,,
126,432159000,"Purina Mills, LLC",unclassified food/bev mfr,,Saint Louis,Missouri,http://www.purinamills.com,4.32159E8,2300,Private,Purina Animal Nutrition LLC,311119,"Purina Mills, Llc is primarily engaged in manufacturing prepared feeds and feed ingredients and adjuncts for animals and fowls, except dogs and cats. Included in this industry are poultry and livestoc",Heather Lewis — Principal,3,0,,,,not contacted,,,
127,426392850,"Big Heart Pet Brands, Inc.",unclassified food/bev mfr,,San Francisco,California,,4.2639285E8,2500,Private,The J. M. Smucker Company,311111,"If you are feeding your pet anything other than table scraps, you've likely come across Big Heart Pet Brands. Formerly Del Monte Corporation, the company is the leading provider of branded pet food an",Robert Ferguson — senior vice president supply chain,3,0,,,,not contacted,,,
128,419535030,Wawona Frozen Foods,unclassified food/bev mfr,,Clovis,California,http://www.wawona.com,4.1953503E8,2200,Private,Wawona Frozen Foods,311999,"Wawona Frozen Foods is primarily engaged in manufacturing prepared foods and miscellaneous food specialties, not elsewhere classified, such as baking powder, yeast, and other leavening compounds; pean",Pierette Reid — Principal,3,0,,,,not contacted,,,
129,410323090,North Dakota Mill & Elevator Association,unclassified food/bev mfr,,Grand Forks,North Dakota,http://www.ndmill.com,4.1032309E8,132,Private,,311821,"The North Dakota Mill and Elevator Association is a state-owned enterprise of North Dakota and the largest flour mill in the US. It operates as a value-added agricultural processing facility, purchasi",Brent Massmann — Vice President,3,2,,,,not contacted,,,
130,409569400,"S. & D. Coffee, Inc.",unclassified food/bev mfr,,Concord,North Carolina,http://westrockcoffee.com,4.095694E8,1100,Private,Westrock Coffee Company,311920,"S&D Coffee is the nation's largest custom coffee roaster and the largest blender of iced tea to the foodservice industry. It serves approximately 600,000 pounds of coffee to customers that spans acros",Joseph Campbell — Senior Vice President Operations,3,0,,,,not contacted,,,
131,405129760,"Russell Stover Chocolates, LLC",unclassified food/bev mfr,,Kansas City,Missouri,http://www.russellstover.com,4.0512976E8,3000,Private,Lindt & Sprüngli (International) AG,311352,"Russell Stover is one of the largest producers of fine boxed chocolates in the US. It sells hard candies and jellies that are bagged or individually wrapped, as well as sugar-free candy, like its suga",,1,0,,,,not contacted,,,
132,403511960,Nortera Foods USA Inc.,unclassified food/bev mfr,,Brockport,New York,http://www.norterafoods.com,4.0351196E8,3000,Private,Nortera Foods USA Inc.,311421,"Nortera Foods Usa Inc. is primarily engaged in canning fruits, vegetables, and fruit and vegetable juices; and in manufacturing catsup and similar tomato sauces, or natural and imitation preserves, ja",Daniel Vielfaure — President,3,0,,,,not contacted,,,
133,403317350,The Pictsweet Company,likely co-man (D&B description),,Bells,Tennessee,http://www.pictsweetfarms.com,4.0331735E8,1200,Private,The Pictsweet Company,311411,"The Pictsweet Company is one of the best growers and distributors of frozen vegetable in the US. It grows broccoli, carrots, corn, kale, okra, peas, and loads of other vegetables and then quick-freeze",Wesley Eubanks — President,3,0,,,,not contacted,,,
134,403136170,"New Dairy OPCO, LLC",unclassified food/bev mfr,,Dallas,Texas,http://www.bordendairy.com,4.0313617E8,3200,Private,"New Dairy OPCO, LLC",311511,"New Dairy Opco, Llc is primarily engaged in processing (e.g., pasteurizing, homogenizing, vitaminizing, bottling) fluid milk and cream, and related products, including cottage cheese, yogurt (except f",Rodney Hillis — Chief Operating Officer,3,0,,,,not contacted,,,
135,402864350,"Dunkin' Brands, Inc.",unclassified food/bev mfr,,Canton,Massachusetts,http://www.dunkindonuts.com,4.0286435E8,1075,Private,"Dunkin' Brands Group, Inc.",445291,"Dunkin' Brands, Inc. is primarily engaged in the retail sale of bakery products. The products may be purchased from others or made on the premises.",Lawrence Harris — Principal,3,0,,,,not contacted,,,
136,401193790,Sunsweet Growers Inc.,unclassified food/bev mfr,,Yuba City,California,http://www.sunsweet.com,4.0119379E8,700,Private,Sunsweet Growers Inc.,311423,Being all dried up is a good thing at Sunsweet Growers. The more than 400 member/grower-owned cooperative processes and markets dried fruit. Sunsweet produces one-third of the world's prunes (it proce,Brad Schuler — President,3,0,,,,not contacted,,,
137,400949860,Blue Diamond Growers,unclassified food/bev mfr,,Sacramento,California,http://www.bluediamond.com,4.0094986E8,1500,Private,Blue Diamond Growers,311999,"Almond cooperative Blue Diamond Growers is a top global player in the tree nut market. About 3,000 California almond growers belong to the cooperative, which sells almonds and almond products to food ",,1,0,,,,not contacted,,,
138,395132200,"Hiland Dairy Foods Company, LLC",unclassified food/bev mfr,,Springfield,Missouri,http://www.hilanddairy.com,3.951322E8,1350,Private,"Prairie Farms Dairy, Inc.",311511,"A leading farmer-owned dairy foods company, Hiland Dairy offers an extensive selection of dairy products, including milk, dips, cottage cheese, flavored milk, sour cream, yogurt, ice cream, butter, ch",Delores Smith — Principal,3,0,,,,not contacted,,,
139,392213440,Herr Foods Incorporated,unclassified food/bev mfr,,Nottingham,Pennsylvania,http://www.herrs.com,3.9221344E8,1500,Private,Herr Foods Incorporated,311919,"Herr Foods is a family-owned snack food manufacturer, made famous by its signature Herr's potato chip. The company, which celebrates about 70 years in business, makes approximately 350 different kinds",Troy Gunden — PRESIDENT,3,0,,,,not contacted,,,
140,390803470,Buffalo Rock Company,unclassified food/bev mfr,,Birmingham,Alabama,http://www.buffalorock.com,3.9080347E8,2100,Private,Buffalo Rock Company,312111,"Buffalo Rock Company is one of the nation's largest single-family-owned bottlers and distributors of PepsiCo soft drinks and Dr. Pepper. The company also distributes beverages from Mountain Dew, Gator",,1,0,,,,not contacted,,,
141,389977330,Sargento Foods Inc.,unclassified food/bev mfr,,Plymouth,Wisconsin,http://www.sargento.com,3.8997733E8,2100,Private,Sargento Foods Inc.,311513,"Sargento Foods is a family-owned company that has been a leader in cheese industry. The company produces pre-packaged sliced and shredded natural cheeses and cheese blends. In addition, the company is",Sheila Thiel — Business Process Owner Offer To Cash,3,0,,,,not contacted,,,
142,387125000,"Southwest Iowa Renewable Energy, LLC",unclassified food/bev mfr,,Council Bluffs,Iowa,http://www.sireethanol.com,3.87125E8,60,Public,,312140,"Southwest Iowa Renewable Energy, Llc is primarily engaged in manufacturing alcoholic liquors by distillation, and in manufacturing cordials and alcoholic cocktails by blending processes or by mixing l","Michael Jerke — President, Chief Executive Officer, General Manager",3,0,,,,not contacted,,,
143,380320710,"National DCP, LLC",unclassified food/bev mfr,,Duluth,Georgia,http://www.nationaldcp.com,3.8032071E8,1700,Private,"National DCP, LLC",445291,"National Dcp, Llc is primarily engaged in the retail sale of bakery products. The products may be purchased from others or made on the premises.",Stephen Down — Chief Executive Officer,3,0,,,,not contacted,,,
144,380000000,"Farmers Co-operative Society, Sioux Center, Iowa",unclassified food/bev mfr,,Sioux Center,Iowa,http://www.farmerscoopsociety.com,3.8E8,160,Private,"Farmers Co-operative Society, Sioux Center, Iowa",311119,"When farmers cooperate, society benefits. Through its seven centers in northwest Iowa, Farmers Cooperative Society offers its member/farmers a full range of agricultural growing and marketing products",John Mc Daniel — President,3,3,,,,not contacted,,,
145,372101780,Beam Global Spirits & Wine LLC,unclassified food/bev mfr,,Chicago,Illinois,http://www.beamsuntory.com,3.7210178E8,1789,Private,Suntory Global Spirits Inc.,312140,"Beam Global Spirits & Wine Llc is primarily engaged in manufacturing alcoholic liquors by distillation, and in manufacturing cordials and alcoholic cocktails by blending processes or by mixing liquors",Drew Hester — North America Chief Financial Officer,3,0,,,,not contacted,,,
146,368375580,"Southern Glazer's Wine and Spirits of Texas, LLC",unclassified food/bev mfr,,Farmers Branch,Texas,http://www.glazers.com,3.6837558E8,6000,Private,"Southern Glazer's Wine and Spirits, LLC",312120,"Thirsty in Texas? Glazer's, a wholesale distributor of alcoholic beverages, can quench your thirst and help you celebrate. In Texas the company is the largest of its kind and one of the largest wine a",Matt Metz — President Central Region,3,0,,,,not contacted,,,
147,362758580,Agropur Inc.,unclassified food/bev mfr,,Appleton,Wisconsin,http://www.agropur.com,3.6275858E8,319,Private,Agropur Cooperative,311513,"Agropur Inc. is primarily engaged in manufacturing natural cheese (except cottage cheese), processed cheese, cheese foods, cheese spreads, and cheese analogs (imitations and substitutes). These establ",Bill Diedrich — Chief Financial Officer,3,0,,,,not contacted,,,
148,359726750,The American Bottling Company,unclassified food/bev mfr,,Frisco,Texas,http://www.keurigdrpepper.com,3.5972675E8,12500,Private,Keurig Dr Pepper Inc.,312111,The American Bottling Company is primarily engaged in manufacturing soft drinks and carbonated waters.,Jin Faller — Principal Sensory Scientist,3,0,,,,not contacted,,,
149,358534000,"WM. B. Reily & Company, Inc.",unclassified food/bev mfr,,New Orleans,Louisiana,http://www.reilyproducts.com,3.58534E8,1454,Private,"WM. B. Reily & Company, Inc.",311920,"Reily Foods, which hails from New Orleans, hopes that you'll slap gobs of its mayo on your po'boy and wash it down with a gigantic tumbler of the company's tea. Besides making and marketing regionally",W Reily — Chief Executive Officer,3,0,,,,not contacted,,,
150,354031830,"Basic American, Inc.",unclassified food/bev mfr,,Walnut Creek,California,http://www.baf.com,3.5403183E8,1200,Private,"Basic American, Inc.",311423,"Basic American Foods caters to your basic meat-and-potatoes kind of person. The company makes dehydrated potato products under such brands as Hungry Jack, Nana's Own, Potato Pearls, Nature's Own, Redi",George Hume — Chief Executive Officer,3,1,,,,not contacted,,,
151,353907140,"California Dairies, Inc.",unclassified food/bev mfr,,Visalia,California,http://www.californiadairies.com,3.5390714E8,716,Private,"California Dairies, Inc.",311511,Herding dairies together makes California Dairies the largest dairy processing cooperative in the US. Its 410 member/farmers provide the co-op with more than 18 billion pounds of milk a year. Its plan,Brad Anderson — Chief Executive Officer,3,0,,,,not contacted,,,
152,353806090,Zausner Foods Corp.,unclassified food/bev mfr,,New Holland,Pennsylvania,http://www.afpllc.com,3.5380609E8,800,Private,SAVENCIA SA,311513,"Zausner Foods Corp. is primarily engaged in manufacturing natural cheese (except cottage cheese), processed cheese, cheese foods, cheese spreads, and cheese analogs (imitations and substitutes). These",Desigalony Olivea — Chief Financial Officer,3,0,,,,not contacted,,,
153,353407930,Sensient Flavors LLC,unclassified food/bev mfr,,Hoffman Estates,Illinois,http://www.sensient.com,3.5340793E8,1500,Private,Sensient Technologies Corporation,311942,"Sensient Flavors Llc is primarily engaged in manufacturing flavoring extracts, syrups, powders, and related products, not elsewhere classified, for soda fountain use or for the manufacture of soft dri",,3,0,,,,not contacted,,,
154,351641200,"H & S Bakery, Inc.",unclassified food/bev mfr,,Baltimore,Maryland,http://www.hsbakery.com,3.516412E8,1606,Private,"H & S Bakery, Inc.",445291,"H & S Bakery, Inc. is primarily engaged in the retail sale of bakery products. The products may be purchased from others or made on the premises.",Bill Paterakis — President,3,0,,,,not contacted,,,
155,345604610,Riviana Foods Inc.,unclassified food/bev mfr,,Houston,Texas,http://www.riviana.com,3.4560461E8,2752,Private,"EBRO FOODS, SA",311821,"Riviana Foods puts woks to work in the US and abroad. With its Carolina, Minute Rice, Gourmet House, River, Water Maid, Mahatma, and Success brands, the company has become one of the largest sellers o",Enrique Zaragoza — President Ceo,3,0,,,,not contacted,,,
156,345262210,Furst-Mcness Company,unclassified food/bev mfr,,Rockford,Illinois,http://www.mcness.com,3.4526221E8,219,Private,Easy USA Holdings Inc.,311119,"Furst-Mcness Company is primarily engaged in manufacturing prepared feeds and feed ingredients and adjuncts for animals and fowls, except dogs and cats. Included in this industry are poultry and lives",Matt Hartman — Chief Financial Officer,3,2,,,,not contacted,,,
157,342312070,"Wells Enterprises, Inc.",unclassified food/bev mfr,,Le Mars,Iowa,http://www.wellsenterprisesinc.com,3.4231207E8,2800,Private,FERRERO SPA,311520,"Wells Enterprises is one of the largest privately-held, family-owned ice cream and frozen treat manufacturers in the US. The company is best known for its Blue Bunny brand of ice cream and frozen nove",Andrew Black — Co Owner,3,0,,,,not contacted,,,
158,342281010,Farmer Bros. Co.,unclassified food/bev mfr,,Fort Worth,Texas,http://www.farmerbros.com,3.4228101E8,848,Public,Royal Cup Inc.,311920,"Farmer Bros Co (Farmer Bros) is a coffee roaster, distributor and wholesaler of coffee, tea and culinary products. The company’s product portfolio includes roasted and ground coffee, iced coffee, orga",Srikanth Katuru — Vice President Head Of Information Technology,3,0,,,,not contacted,,,
159,341663970,"Ardent Mills, LLC",unclassified food/bev mfr,,Denver,Colorado,http://www.ardentmills.com,3.4166397E8,1030,Private,"Ardent Mills, LLC",311211,Horizon Milling is a leading producer of durum and semolina wheat flours with about 20 production facilities throughout the US and in Canada.The companymakes bakery flours and other specialty products,John Barton — Chief Financial Officer,3,0,,,,not contacted,,,
160,329251460,"Gold Star Foods, Inc.",unclassified food/bev mfr,,Ontario,California,http://www.goldstarfoods.com,3.2925146E8,270,Private,"GS Foods Group, Inc.",311991,"Gold Star Foods, Inc. is primarily engaged in manufacturing prepared foods and miscellaneous food specialties, not elsewhere classified, such as baking powder, yeast, and other leavening compounds; pe",Lisa Dodge — Executive Vice President Of Finance,3,2,,,,not contacted,,,
161,326775150,"Tree Top, Inc.",unclassified food/bev mfr,,Selah,Washington,http://www.treetop.com,3.2677515E8,1100,Private,"Tree Top, Inc.",311421,"Tree Top, a farmer-owned, farmer-grown cooperative, is a leading processor of dried, frozen, pureed, and concentrated fruits, providing the widest array of fruit-based products and solutions for consu",Jacki Fischer — Chief Financial Officer,3,0,,,,not contacted,,,
162,325422820,Gorton's Inc.,unclassified food/bev mfr,,Gloucester,Massachusetts,http://www.gortons.com,3.2542282E8,975,Private,"Nissui USA, Inc.",311710,"Gorton's of Gloucester, a subsidiary of Japanese seafood conglomerate Nissui, is a leading producer of frozen seafood for the US retail market. It holds the #1 market share in the US household prepare",Susan Weeks — Principal,3,0,,,,not contacted,,,
163,323590670,"Alpha Baking Co., Inc.",unclassified food/bev mfr,,Chicago,Illinois,http://www.alphabaking.com,3.2359067E8,1000,Private,"Alpha Baking Co., Inc.",311812,"Alpha Baking provides premium baked goods to restaurants, food service outlets, retailers, and consumers under the S. Rosen's, Mary Ann Baking, and Natural Ovens brands. It offers fresh direct store d",,1,0,,,,not contacted,,,
164,321271150,"Knouse Foods Cooperative, Inc.",likely co-man (D&B description),,Peach Glen,Pennsylvania,http://www.knouse.com,3.2127115E8,1099,Private,"Knouse Foods Cooperative, Inc.",311421,"Is there a Knouse in the house? Might be. With retail brand names such as Apple Time, Lucky Leaf, Musselman's, Lincoln, and Speas Farm, Knouse Foods Cooperative's apple products are in many a pantry. ",Richard Difrischia — Chief Executive Officer,3,0,,,,not contacted,,,
165,317882390,BLOMMER CHOCOLATE COMPANY,unclassified food/bev mfr,,Chicago,Illinois,http://www.blommer.com,3.1788239E8,358,Private,"FUJI OIL CO., LTD.",311351,"Blommer Chocolate Company is primarily engaged in shelling, roasting, and grinding cacao beans for the purpose of making chocolate liquor, from which cocoa powder and cocoa butter are derived, and in ",Neal Murphy — Vice President And Chief Financial Officer,3,0,,,,not contacted,,,
166,313827910,"Bakkavor Foods USA, Inc.",unclassified food/bev mfr,,Charlotte,North Carolina,http://www.bakkavor.com,3.1382791E8,900,Private,BAKKAVOR USA LIMITED,311812,"Bakkavor Foods Usa, Inc. is primarily engaged in manufacturing fresh or frozen bread and bread-type rolls and fresh cakes, pies, pastries and other similar ""perishable"" bakery products.",,3,0,,,,not contacted,,,
167,305861210,"Agri-mark, Inc.",unclassified food/bev mfr,,Andover,Massachusetts,http://www.agrimark.net,3.0586121E8,900,Private,"Agri-mark, Inc.",311511,"Cheese lovers who make a habit of Cabot ought to know about Agri-Mark.The northeastern US dairy cooperativemakes Cabot-brand Vermont cheddar cheese, butter, and cultured dairy products, as well as McC",Dan Serna — Chief Financial Officer,3,0,,,,not contacted,,,
168,305434910,Pepsi Beverages Company,unclassified food/bev mfr,,Collierville,Tennessee,http://www.pepsico.com,3.0543491E8,1770,Private,"PepsiCo, Inc.",312111,Pepsi Beverages Company is primarily engaged in manufacturing soft drinks and carbonated waters.,Gregg Roden — Executive Vice President Chief Operations Officer,3,0,,,,not contacted,,,
169,304859500,Admiral Beverage Corporation,unclassified food/bev mfr,,Worland,Wyoming,http://www.admiralbeverage.com,3.048595E8,815,Private,Admiral Beverage Corporation,312111,Admiral Beverage Corporation is primarily engaged in manufacturing soft drinks and carbonated waters.,Keith Hartnett — Chief Financial Officer,3,0,,,,not contacted,,,
170,300000000,Sierra Nevada Brewing Co.,unclassified food/bev mfr,,Chico,California,http://www.sierranevada.com,3.0E8,1100,Private,Sierra Nevada Brewing Co.,312120,Sierra Nevada Brewing Co. is primarily engaged in manufacturing malt beverages.,Pryce Greenow — President Chief Executive Officer,3,0,,,,not contacted,,,
171,299855770,"DairiConcepts, L.P.",unclassified food/bev mfr,,Springfield,Missouri,http://www.dfaingredients.com,2.9985577E8,658,Partnership,"Dairy Farmers of America, Inc.",311513,"Dairiconcepts, L.P. is primarily engaged in manufacturing natural cheese (except cottage cheese), processed cheese, cheese foods, cheese spreads, and cheese analogs (imitations and substitutes). These",Kris Clements — Vice President Strategic Development,3,0,,,,not contacted,,,
172,299754610,Reddy Ice LLC,unclassified food/bev mfr,,Dallas,Texas,http://www.reddyice.com,2.9975461E8,1300,Private,Stone Canyon Industries Holdings LLC,312113,Reddy Ice Llc is primarily engaged in manufacturing ice for sale.,Mark Steffek — Principal,3,0,,,,not contacted,,,
173,297927220,"Wise Foods, Inc.",unclassified food/bev mfr,,Berwick,Pennsylvania,http://www.wisesnacks.com,2.9792722E8,906,Private,"Arca Continental, S.A.B. de C.V.",311919,"People who suffer from the munchies would be wise to check out the portfolio of products at Wise Foods. Located in Berwick, Pennsylvania, the company manufactures salty snacks, such as its version of ",Gerald Montanino — Independent Business Owner,3,0,,,,not contacted,,,
174,297201140,Caravan Ingredients Inc.,unclassified food/bev mfr,,Lenexa,Kansas,http://www.corbion.com,2.9720114E8,700,Private,Corbion N.V.,311999,"Caravan Ingredients Inc. is primarily engaged in manufacturing prepared foods and miscellaneous food specialties, not elsewhere classified, such as baking powder, yeast, and other leavening compounds;",,1,0,,,,not contacted,,,
175,295960510,"Dawn Food Products, Inc.",unclassified food/bev mfr,,Jackson,Michigan,http://www.dawnfoods.com,2.9596051E8,2570,Private,"Dawn Foods, Inc.",311824,Dawn Food Products is a global leader in bakery manufacturing and ingredient distribution. The company provides high-quality bakery solutions to customers around the globe. It offers a comprehensive p,Nikki Lewis — Principal,3,0,,,,not contacted,,,
176,293689510,"Kenosha Beef International, Ltd.",unclassified food/bev mfr,,Kenosha,Wisconsin,http://www.bwfoods.com,2.9368951E8,755,Private,"Kenosha Beef International, Ltd.",311611,"Birchwood Meat & Provision, which does business as Birchwood Foods, is one of the largest US processors of raw, frozen, and pre-cooked beef and pork products for the quick-service restaurant and retai",Sean Hurley — Interim President,3,0,,,,not contacted,,,
177,288904750,TC Heartland LLC,unclassified food/bev mfr,,Carmel,Indiana,http://www.heartlandfpg.com,2.8890475E8,1046,Private,TC Heartland LLC,311999,"Tc Heartland Llc is primarily engaged in manufacturing flavoring extracts, syrups, powders, and related products, not elsewhere classified, for soda fountain use or for the manufacture of soft drinks,",Teodor Gelov — Chief Executive Officer,3,0,,,,not contacted,,,
178,284977330,"KLN Enterprises, Inc.",unclassified food/bev mfr,,Perham,Minnesota,http://www.klnfamilybrands.com,2.8497733E8,1235,Private,"KLN Enterprises, Inc.",311340,"Kln Enterprises, Inc. is primarily engaged in manufacturing candy, including chocolate candy, other confections, and related products.",Kevin Keil — Vice President Chief Operating Officer,3,0,,,,not contacted,,,
179,280965450,"Roskam Baking Company, LLC",unclassified food/bev mfr,,Grand Rapids,Michigan,http://www.roskamfoods.com,2.8096545E8,1627,Private,"Roskam Baking Company, LLC",311812,"Roskam Baking Company, Llc is primarily engaged in manufacturing fresh or frozen bread and bread-type rolls and fresh cakes, pies, pastries and other similar ""perishable"" bakery products.",Andre Lebaron — Chief Executive Officer,3,0,,,,not contacted,,,
180,280956300,"Jackson Family Wines, Inc.",unclassified food/bev mfr,,Santa Rosa,California,http://jacksonfamilywines.com,2.809563E8,1000,Private,"Jackson Family Wines, Inc.",312130,"Jackson Family Wines (JFW) stakes its success on the fruit of the vine. Among the largest winemakers in the US, JFW produces the best-selling chardonnay: Vintner's Reserve. The company's other flagshi",Mitch Davis — Chief Operating Officer,3,0,,,,not contacted,,,
181,280030000,"Sunshine Mills, Inc.",unclassified food/bev mfr,,Red Bay,Alabama,http://www.sunshinemills.com,2.8003E8,1000,Private,"Sunshine Mills, Inc.",311111,"Sunshine Mills, Inc. is primarily engaged in manufacturing dog and cat food from cereal, meat, and other ingredients. These preparations may be canned, frozen, or dry.",,1,0,,,,not contacted,,,
182,278348080,"Wild Flavors, Inc.",unclassified food/bev mfr,,Erlanger,Kentucky,http://www.adm.com,2.7834808E8,450,Private,Archer-Daniels-Midland Company,311930,"Wild Flavors, Inc. is primarily engaged in manufacturing flavoring extracts, syrups, powders, and related products, not elsewhere classified, for soda fountain use or for the manufacture of soft drink",Darus Detherage — Principal,3,0,,,,not contacted,,,
183,276179110,Grande Cheese Company,unclassified food/bev mfr,,Fond Du Lac,Wisconsin,http://www.grande.com,2.7617911E8,1000,Private,Grande Cheese Company,311513,"Grande Cheese Company is primarily engaged in manufacturing natural cheese (except cottage cheese), processed cheese, cheese foods, cheese spreads, and cheese analogs (imitations and substitutes). The",David Kapic — Chief Operating Officer,3,0,,,,not contacted,,,
184,273494660,Chesterman Co.,unclassified food/bev mfr,,Sioux City,Iowa,http://www.chesterman.com,2.7349466E8,900,Private,Chesterman Co.,312111,Chesterman Co. is primarily engaged in manufacturing soft drinks and carbonated waters.,Darin Cook — chief operating officer,3,0,,,,not contacted,,,
185,273382480,Coffee & Bagel Brands,unclassified food/bev mfr,,Minneapolis,Minnesota,http://www.brueggers.com,2.7338248E8,4649,Private,Coffee & Bagel Brands,445291,Coffee & Bagel Brands is primarily engaged in the retail sale of bakery products. The products may be purchased from others or made on the premises.,Sarah Spiegel — Chief Executive Officer,3,0,,,,not contacted,,,
186,269011990,"Inventure Foods, Inc.",likely co-man (D&B description),,Hanover,Pennsylvania,,2.6901199E8,687,Private,"UTZ Brands, Inc.",311919,"Inventure Foods caters to avid snackers and the more health conscious alike. The company's Rader Farms business grows and processes berries and produces frozen fruits, vegetables, and beverages for sa",John Thompson — Executive Vice President,3,0,,,,not contacted,,,
187,267642880,Perdue Foods LLC,unclassified food/bev mfr,,Salisbury,Maryland,http://www.perduefoodservice.com,2.6764288E8,483,Private,Perdue Farms Incorporated,311615,"Perdue Foods Llc is primarily engaged in slaughtering, dressing, packing, freezing, and canning poultry, rabbits, and other small game, or in manufacturing products from such meats, for their own acco",Michael Sokolow — Senior Vice President,3,0,,,,not contacted,,,
188,266562959,"Hostess Brands, LLC",unclassified food/bev mfr,,Orrville,Ohio,http://www.hostessbrands.com,2.6656295999999997E8,1130,Private,"Hostess Brands, Inc.",311812,"Hostess Brands, Llc is primarily engaged in manufacturing fresh or frozen bread and bread-type rolls and fresh cakes, pies, pastries and other similar ""perishable"" bakery products.",Stuart Wilcox — Senior Vice President,3,0,,,,not contacted,,,
189,265745760,Turkey Hill LLC,unclassified food/bev mfr,,Conestoga,Pennsylvania,http://www.turkeyhill.com,2.6574576000000003E8,900,Partnership,Turkey Hill LLC,311520,Turkey Hill Llc is primarily engaged in manufacturing ice cream and other frozen desserts.,Tim Hopkins — Chief Executive Officer,3,0,,,,not contacted,,,
190,265378420,"CTI Foods, LLC",unclassified food/bev mfr,,Southlake,Texas,http://www.ctifoods.com,2.6537842E8,520,Private,"CTI Foods Holding Co., LLC",311612,"Cti Foods, Llc is primarily engaged in manufacturing sausages, cured meats, smoked meats, canned meats, frozen meats, and other prepared meats and meat specialties, from purchased carcasses and other ",Jeffrey Hyde — Vice President,3,0,,,,not contacted,,,
191,265326540,"John Soules Foods, Inc.",unclassified food/bev mfr,,Tyler,Texas,http://www.johnsoulesfoods.com,2.6532654000000003E8,1225,Private,"John Soules Foods, Inc.",311612,"John Soules Foods, Inc. is primarily engaged in manufacturing sausages, cured meats, smoked meats, canned meats, frozen meats, and other prepared meats and meat specialties, from purchased carcasses a",,3,0,,,,not contacted,,,
192,264317660,"Hilmar Cheese Company, Inc.",unclassified food/bev mfr,,Hilmar,California,http://www.hilmar.com,2.6431766E8,1873,Private,"Hilmar Cheese Company, Inc.",311513,"Hilmar Cheese Company, Inc. is primarily engaged in manufacturing natural cheese (except cottage cheese), processed cheese, cheese foods, cheese spreads, and cheese analogs (imitations and substitutes",Scott Graham — Chief Operating Officer,3,0,,,,not contacted,,,
193,259917970,"Post Consumer Brands, LLC",likely co-man (D&B description),,Lakeville,Minnesota,http://www.postconsumerbrands.com,2.5991797000000003E8,405,Private,"Post Holdings, Inc.",311999,"Post Consumer Brands manufactures, markets, and sells a portfolio of branded and private label human and pet food products, primarily in the ready-to-eat (RTE) cereal, hot cereal, peanut butter, and d",Michelle Krebs — Principal Recruiter,3,0,,,,not contacted,,,
194,256930729,"Dole Packaged Foods, LLC",unclassified food/bev mfr,,Westlake Village,California,http://www.dolesunshine.com,2.5693072999999997E8,1100,Private,ITOCHU CORPORATION,311411,"Dole Packaged Foods, Llc is primarily engaged in freezing fruits, fruit juices, and vegetables. These establishments also produce important byproducts such as fresh or dried citrus pulp.",Juan Torres — Principal,3,0,,,,not contacted,,,
195,256842650,Marathon Cheese Corporation,unclassified food/bev mfr,,Marathon,Wisconsin,http://www.mcheese.com,2.5684265E8,2000,Private,Marathon Cheese Corporation,311513,"Marathon Cheese is a leading independent packaged cheese manufacturer with four production facilities in Wisconsin, Idaho, and Mississippi. It produces a wide variety of cheeses for third-party custom",,1,0,,,,not contacted,,,
196,255051830,"La Costena USA, Inc.",unclassified food/bev mfr,,Tucson,Arizona,http://www.faribaultfoods.com,2.5505183E8,835,Private,LA COSTEÑA VIZCAYA SOCIEDAD LIMITADA,311422,"La Costena Usa, Inc. is primarily engaged in canning specialty products, such as baby foods, nationality specialty foods, and soups, except seafood.",Vincent Rodea — President,3,0,,,,not contacted,,,
197,253892010,"AmeriQual Group, LLC",unclassified food/bev mfr,,Evansville,Indiana,http://www.ameriqual.com,2.5389201E8,690,Private,Ameriqual Group Holdings LLC,311991,"Ameriqual Group, Llc is primarily engaged in manufacturing prepared foods and miscellaneous food specialties, not elsewhere classified, such as baking powder, yeast, and other leavening compounds; pea",John Knapp — Executive Vice President Marketing Business Development,3,0,,,,not contacted,,,
198,252502840,Aspire Bakeries LLC,unclassified food/bev mfr,,Los Angeles,California,http://www.aspirebakeries.com,2.5250284E8,4000,Private,Aspire Bakeries Holdings LLC,311821,"Aspire Bakeries Llc is primarily engaged in manufacturing fresh cookies, crackers, pretzels, and similar ""dry"" bakery products.",,3,0,,,,not contacted,,,
199,252500000,"D&B US Fabricated Company 114, Inc.",unclassified food/bev mfr,,Short Hills,New Jersey,,2.525E8,250,Private,"D&B US Fabricated Company 113, Inc.",311225,"D&B Us Fabricated Company 114, Inc. is primarily engaged in manufacturing shortening, table oils, margarine, and other edible fats and oils, not elsewhere classified.",,1,0,,,,not contacted,,,
200,246339310,Ridley USA Inc.,unclassified food/bev mfr,,Mankato,Minnesota,http://www.ridleyfeedingredients.com,2.4633931E8,600,Private,"Alltech, Inc.",311119,"Ridley Usa Inc. is primarily engaged in manufacturing prepared feeds and feed ingredients and adjuncts for animals and fowls, except dogs and cats. Included in this industry are poultry and livestock ",,1,0,,,,not contacted,,,
201,246275120,"PILGRIM'S PRIDE CORPORATION OF GEORGIA, INC.",unclassified food/bev mfr,,Atlanta,Georgia,http://www.pilgrimspridecorp.com,2.4627512E8,16800,Private,Pilgrim's Pride Corporation,311615,"Pilgrim's Pride Corporation Of Georgia, Inc. is primarily engaged in slaughtering, dressing, packing, freezing, and canning poultry, rabbits, and other small game, or in manufacturing products from su",Richard Cogdill — Executive Vice President,3,0,,,,not contacted,,,
202,244701290,"Imperfect Foods, Inc.",unclassified food/bev mfr,,Walnut,California,http://www.imperfectfoods.com,2.4470129E8,2032,Private,"Misfits Market, Inc.",311999,"Imperfect Foods, Inc. is primarily engaged in manufacturing prepared foods and miscellaneous food specialties, not elsewhere classified, such as baking powder, yeast, and other leavening compounds; pe",Abhi Ramesh — Founder And Chief Executive Officer,3,0,,,,not contacted,,,
203,243315610,Hometown Food Company,unclassified food/bev mfr,,Chicago,Illinois,http://www.hometownfoodcompany.com,2.4331561E8,940,Private,Hometown Food Company,311821,"Hometown Food Company is primarily engaged in manufacturing fresh cookies, crackers, pretzels, and similar ""dry"" bakery products.",Steve Bowater — Chief Financial Officer,3,0,,,,not contacted,,,
204,243058330,"Maruchan, Inc.",unclassified food/bev mfr,,Irvine,California,http://www.maruchan.com,2.4305833E8,600,Private,"TOYO SUISAN KAISHA, LTD.",311999,"Maruchan, Inc. is primarily engaged in manufacturing prepared foods and miscellaneous food specialties, not elsewhere classified, such as baking powder, yeast, and other leavening compounds; peanut bu",,3,0,,,,not contacted,,,
205,242078280,E. A. Sween Company,unclassified food/bev mfr,,Eden Prairie,Minnesota,http://www.deliexpress.com,2.4207828E8,900,Private,E. A. Sween Company,311991,"E. A. Sween Company is primarily engaged in manufacturing prepared foods and miscellaneous food specialties, not elsewhere classified, such as baking powder, yeast, and other leavening compounds; pean",Thomas Hans Sween — Chief Executive Officer,3,0,,,,not contacted,,,
206,241823500,"KALMBACH FEEDS, INC.",unclassified food/bev mfr,,Upper Sandusky,Ohio,http://www.kalmbachfeeds.com,2.418235E8,772,Private,"KALMBACH FEEDS, INC.",311119,"Kalmbach Feeds, Inc. is primarily engaged in manufacturing prepared feeds and feed ingredients and adjuncts for animals and fowls, except dogs and cats. Included in this industry are poultry and lives",Paul Kalmbach — President,3,0,,,,not contacted,,,
207,238464110,"Wis - Pak, Inc.",unclassified food/bev mfr,,Watertown,Wisconsin,http://www.wis-pak.com,2.3846411E8,700,Private,"Wis - Pak, Inc.",312111,"Wis - Pak, Inc. is primarily engaged in manufacturing soft drinks and carbonated waters.",Gina Raine — Chief Financial Officer,3,0,,,,not contacted,,,
208,237342150,"Ole' Mexican Foods, Inc.",unclassified food/bev mfr,,Norcross,Georgia,http://www.olemex.com,2.3734215E8,1200,Private,"Ole' Mexican Foods, Inc.",311830,"Its a wrap at Ol Mexican Foods. The company makes Mexican-American foods, inducing tortillas and taco shells, under brand names La Banderita, La Centroamericana, Ol, and Verol. The company also produc",Paul Thomas — Vice President Finance,3,1,,,,not contacted,,,
209,236542130,"Agrana Fruit US, Inc.",unclassified food/bev mfr,,Brecksville,Ohio,http://us.agrana.com,2.3654213E8,246,Private,AGRANA Fruit Austria GmbH,311930,"Agrana Fruit Us, Inc. is primarily engaged in manufacturing flavoring extracts, syrups, powders, and related products, not elsewhere classified, for soda fountain use or for the manufacture of soft dr",,1,0,,,,not contacted,,,
210,235729430,"Coca-cola Bottling Company United, Inc.",unclassified food/bev mfr,,Birmingham,Alabama,http://www.cocacolaunited.com,2.3572943E8,8281,Private,"Coca-cola Bottling Company United, Inc.",312111,Coca-Cola Bottling Co. United is one of the second largest privately-held Coca-Cola bottlers in North America and the third largest bottler of Coca-Cola products in the US. The company is no slouch wh,Robert McPherson — Principal,3,0,,,,not contacted,,,
211,234181290,"Stampede Culinary Partners, Inc.",unclassified food/bev mfr,,Bridgeview,Illinois,http://www.stampedeculinarypartners.com,2.3418129E8,800,Private,Premium Brands Holdings Corporation,311612,"Stampede Culinary Partners, Inc. is primarily engaged in manufacturing sausages, cured meats, smoked meats, canned meats, frozen meats, and other prepared meats and meat specialties, from purchased ca",Vito Tamburello — Chief Financial Officer,3,0,,,,not contacted,,,
212,227076340,Go Africa Global LLC,unclassified food/bev mfr,,New York,New York,http://www.goafricaglobal.com,2.2707634E8,220,Private,GO AFRICA CÔTE D’IVOIRE,311920,"Go Africa Global Llc is primarily engaged in roasting coffee, and in manufacturing coffee concentrates and extracts in powdered, liquid, or frozen form, including freeze-dried.",Samuel Jones — President,3,3,,,,not contacted,,,
213,225168090,"Twin City Foods, Inc.",unclassified food/bev mfr,,Stanwood,Washington,http://www.twincityfoods.com,2.2516809E8,800,Private,"Twin City Foods, Inc.",311411,Some might say that Twin City Foods is more important to their children's health than a pediatrician. The company is one of the largest independent processors of private-label frozen vegetables in the,Lynn Erskine — Chief Financial Officer,3,0,,,,not contacted,,,
214,224709080,Sunny Delight Beverages Co.,unclassified food/bev mfr,,Cincinnati,Ohio,http://www.sunnyd.com,2.2470908E8,553,Private,"Harvest Hill Holdings, LLC",312111,"Sunny Delight Beverages Co. (SDBC) is an American favorite juice brand featuring the bold, one-of-a-kind, tangy orange flavor. SunnyD is a refreshing fruit-flavored beverage that has 100% of the daily",Rick Zimmerman — Senior Vice President,3,1,,,,not contacted,,,
215,218204070,Rahr Corporation,unclassified food/bev mfr,,Shakopee,Minnesota,http://www.rahr.com,2.1820407E8,155,Private,Rahr Corporation,312120,Rahr Corporation is primarily engaged in manufacturing malt beverages.,Aleksandr Onchanu — company owner,3,2,,,,not contacted,,,
216,214890610,"Crown Bakeries, LLC",unclassified food/bev mfr,,Brentwood,Tennessee,http://www.crownbakeries.com,2.1489061E8,180,Private,"Crown Bakeries, LLC",445291,"Crown Bakeries, Llc is primarily engaged in the retail sale of bakery products. The products may be purchased from others or made on the premises.",,1,0,,,,not contacted,,,
217,210629840,"Newly Weds Foods, LLC",unclassified food/bev mfr,,Chicago,Illinois,http://www.newlywedsfoods.com,2.1062984E8,1911,Private,"Redwood Holdings, LLC",311999,"Newly Weds Foods is a global producer of customized food ingredients, including breaders, batters, seasonings, and functional ingredients for the food processing and foodservice industries. With opera",Fernando Pinho — Chief Information Officer Vice President Of It,3,0,,,,not contacted,,,
218,207980560,"Morgan Foods, Inc.",unclassified food/bev mfr,,Austin,Indiana,http://www.morganfoods.com,2.0798056E8,620,Private,"Morgan Foods, Inc.",311422,"Morgan Foods aims to warm up tummies with a hot bowl of soup. The company makes private-label condensed and ready-to-serve soups and broths, baked and refried beans, and chilies, as well as a line of ",Kelly Maciejak — Principal,3,0,,,,not contacted,,,
219,203271590,Baldwin Richardson Foods Company,likely co-man (D&B description),,Macedon,New York,http://www.brfoods.com,2.0327159E8,676,Private,Baldwin Richardson Foods Company,311520,"Baldwin Richardson is sweet on foods.The company started out inin 1916 making dessert toppings. Today, itmakes many kinds of liquid products for the food industry, including condiments, sauces, syrups",Eric Johnson — President Chief Executive Officer,3,0,,,,not contacted,,,
220,203000000,Zevia LLC,unclassified food/bev mfr,,Encino,California,http://www.zevia.com,2.03E8,87,Private,Zevia PBC,312111,Zevia Llc is primarily engaged in manufacturing soft drinks and carbonated waters.,Cerveceria Dominicana — Principal,3,3,,,,not contacted,,,
221,197188520,"Bowman Andros Products, LLC",unclassified food/bev mfr,,Mount Jackson,Virginia,http://www.androsna.com,1.9718852E8,500,Private,ANDROS,311421,"Bowman Andros Products, Llc is primarily engaged in canning fruits, vegetables, and fruit and vegetable juices; and in manufacturing catsup and similar tomato sauces, or natural and imitation preserve",THIERRY Jean — Vice President,3,0,,,,not contacted,,,
222,196873460,Carl Buddig and Company,unclassified food/bev mfr,,Tinley Park,Illinois,http://www.buddig.com,1.9687346E8,500,Private,Carl Buddig and Company,311612,"Carl Buddig and Company is a family-owned business specializing in sliced deli meats. Founded in 1943 and based in Homewood, Illinois, the company has been a staple in its industry for over 75 years. ",Peter Maciejewski — Chief Financial Officer,3,0,,,,not contacted,,,
223,195579560,"Heaven Hill Distilleries, Inc.",unclassified food/bev mfr,,Bardstown,Kentucky,http://www.heaven-hill.com,1.9557956E8,505,Private,"Heaven Hill Distilleries, Inc.",312140,"Angels don't help the Christian Brothers bottle their brandy, port, and sherry; Heaven Hill does. One of Kentucky's oldest and largest distilling operations, Heaven Hill Distilleries makes Evan Willia",Max Shapira — President,3,0,,,,not contacted,,,
224,189469220,Michigan Sugar Company,unclassified food/bev mfr,,Bay City,Michigan,http://www.michigansugar.com,1.8946922E8,930,Private,Michigan Sugar Company,311313,"Michigan Sugar is the largest beet-sugar processor east of the Mississippi and one of the llargest in the US. The agricultural cooperative is owned by more than 1,000 beet-sugar farmers who in 2002 pu",,3,0,,,,not contacted,,,
225,188592210,"Roquette America, Inc.",unclassified food/bev mfr,,Keokuk,Iowa,http://www.roquette.com,1.8859221E8,575,Private,ROQUETTE FRERES,311221,"Roquette America, Inc. is the North American subsidiary of the privately held Roquette Group, a global leader in plant-based ingredients. Headquartered in Keokuk, Iowa, the company specializes in prod",Cedric Garrigues — Chief Financial Officer,3,0,,,,not contacted,,,
226,188107120,"Sutter Home Winery, Inc.",unclassified food/bev mfr,,Saint Helena,California,http://www.sutterhome.com,1.8810712E8,625,Private,"Sutter Home Winery, Inc.",312130,"Pink and slightly fizzy, white zinfandel wine is one passion of Trinchero Family Estates. The winemaker (formerly Sutter Home Winery) produces a variety of bottles under such labels as Sutter Home, Mn",Bob Torkelson — Chief Executive Officer,3,0,,,,not contacted,,,
227,182672760,Tillamook County Creamery Association,unclassified food/bev mfr,,Tillamook,Oregon,http://www.tillamook.com,1.8267276E8,1103,Private,Tillamook County Creamery Association,311513,"Hoping to put its name on the map in more ways than one, Tillamook County Creamery Association has developed a reputation for making cheese while it works to bring home some of its own cheddar. The co",Linda Pearce — Executive Vice President And Chief Financial Officer,3,0,,,,not contacted,,,
228,181148900,Arthur Schuman Inc.,unclassified food/bev mfr,,Fairfield,New Jersey,http://www.schumancheese.com,1.811489E8,350,Private,Arthur Schuman Inc.,311513,"Arthur Schuman Inc. is primarily engaged in manufacturing natural cheese (except cottage cheese), processed cheese, cheese foods, cheese spreads, and cheese analogs (imitations and substitutes). These",Shawn T Condon — Chief Operating Officer,3,0,,,,not contacted,,,
229,180000000,"SEATRADE INTERNATIONAL CO., LLC",unclassified food/bev mfr,,New Bedford,Massachusetts,http://www.eastcoastseafoodgroup.com,1.8E8,60,Private,"East Coast Seafood Group, LLC",311710,"Seatrade International owes its fishing trade to the big pond on the eastern shores of the US. The company processes and packages fresh, frozen,anddriedfin- and shellfish, including scallops (its spec",Teressa Blanchett — Principal,3,1,,,,not contacted,,,
230,177405000,"SECHLER FAMILY FOODS, INC.",unclassified food/bev mfr,,Fredericksburg,Pennsylvania,http://www.bellandevans.com,1.77405E8,1050,Private,"SECHLER FAMILY FOODS, INC.",311615,"Sechler Family Foods, Inc. is primarily engaged in slaughtering, dressing, packing, freezing, and canning poultry, rabbits, and other small game, or in manufacturing products from such meats, for thei",Mark Blazek — Principal,3,0,,,,not contacted,,,
231,177405000,"Farmers Pride, Inc.",unclassified food/bev mfr,,Fredericksburg,Pennsylvania,http://www.bellandevans.com,1.77405E8,1050,Private,"SECHLER FAMILY FOODS, INC.",311615,"Why did the chicken cross the road? Answer: To become part of the portfolio of poultry products offered by Farmer's Pride. Doing business as Bell & Evans, the company produces fresh, organic chicken a",,3,0,,,,not contacted,,,
232,176711360,"Gehl Foods, LLC",unclassified food/bev mfr,,Germantown,Wisconsin,http://www.gehlfoodandbeverage.com,1.7671136E8,415,Private,"Gehl Foods, LLC",311513,"Gehl Foods, Llc is primarily engaged in manufacturing natural cheese (except cottage cheese), processed cheese, cheese foods, cheese spreads, and cheese analogs (imitations and substitutes). These est",Dan Schober — Chief Financial Officer,3,0,,,,not contacted,,,
233,175430390,AFP Advanced Food Products LLC,unclassified food/bev mfr,,New Holland,Pennsylvania,http://www.afpllc.com,1.7543039E8,600,Private,Zausner Foods Corp.,311511,"Afp Advanced Food Products Llc is primarily engaged in processing (e.g., pasteurizing, homogenizing, vitaminizing, bottling) fluid milk and cream, and related products, including cottage cheese, yogur",,3,0,,,,not contacted,,,
234,175163990,"Lion Nathan USA, Inc.",unclassified food/bev mfr,,Dundee,Oregon,http://www.argylewinery.com,1.7516399E8,270,Private,LION PTY LTD,312130,"Lion Nathan Usa, Inc. is primarily engaged in manufacturing wines, brandy, and brandy spirits. This industry also includes bonded wine cellars which are engaged in blending wines.",Brian Croser — Principal,3,1,,,,not contacted,,,
235,170124980,"Sabra Dipping Company, LLC",unclassified food/bev mfr,,White Plains,New York,http://www.sabra.com,1.7012498E8,900,Private,"PepsiCo, Inc.",311999,"Sabra Dipping Company, Llc is primarily engaged in manufacturing prepared foods and miscellaneous food specialties, not elsewhere classified, such as baking powder, yeast, and other leavening compound",Tomer Harpaz — Chief Executive Officer,3,0,,,,not contacted,,,
236,168000120,D F Stauffer Biscuit Co Inc,unclassified food/bev mfr,,York,Pennsylvania,http://www.meijiamerica.com,1.6800012E8,650,Private,"MEIJI CO., LTD.",311821,"D.F. Stauffer Biscuit is a wholly owned subsidiary of Meiji America Inc. and is best recognized for its Original Animal Crackers. Its products include packaged animal crackers, assorted flavored cooki",James Wilson — Chief Operating Officer,3,0,,,,not contacted,,,
237,167257860,Reily Foods Company,unclassified food/bev mfr,,New Orleans,Louisiana,http://www.reilyproducts.com,1.6725786E8,650,Private,"WM. B. Reily & Company, Inc.",311920,"Reily Foods Company is primarily engaged in manufacturing prepared foods and miscellaneous food specialties, not elsewhere classified, such as baking powder, yeast, and other leavening compounds; pean",Rona White — Vice President Human Resources,3,0,,,,not contacted,,,
238,164306340,"Talking Rain Beverage Company, Inc.",unclassified food/bev mfr,,Preston,Washington,http://www.talkingrain.com,1.6430634E8,565,Private,"Talking Rain Beverage Company, Inc.",312112,"Talking Rain Beverage Company, Inc. is primarily engaged in manufacturing soft drinks and carbonated waters.",Ken Sylvia — Chief Executive Officer,3,0,,,,not contacted,,,
239,161541630,FPL Food LLC,unclassified food/bev mfr,,Augusta,Georgia,http://www.fplfood.net,1.6154163E8,800,Private,FPL Food LLC,311611,"Fpl Food Llc is primarily engaged in the slaughtering, for their own account or on a contract basis for the trade, of cattle, hogs, sheep, lambs, and calves for meat to be sold or to be used on the sa",Francois Leger — Chief Executive Officer And Chairman,3,0,,,,not contacted,,,
240,158524670,"City Brewing Company, LLC",confirmed co-man (public sweep),beverage,La Crosse,Wisconsin,http://www.citybrewery.com,1.5852467E8,400,Private,"City Brewing Company, LLC",312120,"City Brewing Company has been brewing beer in the same city since its predecessor's inception in the mid-1800s. The corner of Third and Mississippi streets in La Crosse, Wisconsin, once home to the G.",Ross Sannes — Chief Executive Officer,3,0,,,,not contacted,,,
241,158269040,FGF LLC,unclassified food/bev mfr,,San Antonio,Texas,http://www.fgfbrands.com,1.5826904E8,1581,Private,FGF Brands Inc,311812,"Fgf Llc is primarily engaged in manufacturing fresh or frozen bread and bread-type rolls and fresh cakes, pies, pastries and other similar ""perishable"" bakery products.",Andy Rutledge — Principal,3,0,,,,not contacted,,,
242,158265640,"Crumbl Franchising, LLC",unclassified food/bev mfr,,Lindon,Utah,http://www.crumblcookies.com,1.5826564E8,139,Private,"Crumbl Foods, LLC",445291,"Crumbl Franchising, Llc is primarily engaged in the retail sale of bakery products. The products may be purchased from others or made on the premises.",Brian Howell — Franchise Owner Operator President,3,2,,,,not contacted,,,
243,155275700,Sartori Company,unclassified food/bev mfr,,Plymouth,Wisconsin,http://www.sartoricheese.com,1.552757E8,657,Private,Sartori Company,311513,"Sartori, a Wisconsin-based artisan cheese company, makes extraordinary cheese for everyday moments, from its exclusive BellaVitanos and award-winning Parmesans to Italian-inspired Cheddars. Its Asiago",Mark Schwechel — chief financial officer controller,3,0,,,,not contacted,,,
244,154025100,"Purfoods, LLC",unclassified food/bev mfr,,Ankeny,Iowa,http://www.purfoods.com,1.540251E8,517,Private,"Purfoods, LLC",311999,"Purfoods, Llc is primarily engaged in manufacturing prepared foods and miscellaneous food specialties, not elsewhere classified, such as baking powder, yeast, and other leavening compounds; peanut but",Michael Anderson — Chief Executive Officer,3,0,,,,not contacted,,,
245,153628490,"Baker Commodities, Inc.",unclassified food/bev mfr,,Vernon,California,http://www.bakercommodities.com,1.5362849E8,700,Private,"Baker Commodities, Inc.",311613,"This Baker is somewhere between a butcher and a candlestick maker. Baker Commoditiesis a rendering company that takes unused animal byproducts from meat processing plants, supermarkets, restaurants, a",Zewdie Birzo — Principal,3,0,,,,not contacted,,,
246,153584260,"Synergy Flavors, Inc.",unclassified food/bev mfr,,Wauconda,Illinois,http://www.synergytaste.com,1.5358426E8,76,Private,CARBERY CREAMERIES LTD,311942,"Synergy Flavors, Inc. is primarily engaged in manufacturing flavoring extracts, syrups, powders, and related products, not elsewhere classified, for soda fountain use or for the manufacture of soft dr",William Marchetti — Vise President,3,2,,,,not contacted,,,
247,151683410,"G.A. Food Services of Pinellas County, LLC",unclassified food/bev mfr,,Saint Petersburg,Florida,http://www.gafoods.com,1.5168341E8,1060,Private,"G.A. Food Services of Pinellas County, LLC",311412,"G.A. Food Services Of Pinellas County, Llc is primarily engaged in manufacturing frozen food specialties, not elsewhere classified, such as frozen dinners and frozen pizza.",Sean Lobianco — CoChief Executive Officer,3,0,,,,not contacted,,,
248,150317960,"Litehouse, Inc.",unclassified food/bev mfr,,Sandpoint,Idaho,http://www.litehousefoods.com,1.5031796E8,1146,Private,"Litehouse, Inc.",311941,"This company shines its light on salads. Litehouse is a leading maker of salad dressings, sauces, and vegetable dips under the Litehouse label. It produces a variety of dressings, including blue chees",John Flores — Chief Operating Officer,3,0,,,,not contacted,,,
249,150000000,"Burnette Foods, Inc.",unclassified food/bev mfr,,Elk Rapids,Michigan,http://www.burnettefoods.com,1.5E8,430,Private,"Burnette Foods, Inc.",311421,"Burnette Foods, Inc. is primarily engaged in canning fruits, vegetables, and fruit and vegetable juices; and in manufacturing catsup and similar tomato sauces, or natural and imitation preserves, jams",William Sherman — President,3,0,,,,not contacted,,,
250,150000000,"J & B Sausage Company, Inc.",unclassified food/bev mfr,,Waelder,Texas,http://www.jbfoods.com,1.5E8,425,Private,"J & B Sausage Company, Inc.",311611,"The J & B Sausage (which does business as J Bar B Foods) is one of the nation's leading providers of value-added meat products, including a number of different brands of sausages, smoked meats, and ba",James Williams — President,3,0,,,,not contacted,,,
251,148041490,Dean Holding Company,unclassified food/bev mfr,,Dallas,Texas,http://www.dfamilk.com,1.4804149E8,10080,Private,Dean Foods Company,311514,"Dean Holding Company is primarily engaged in manufacturing dry, condensed, and evaporated dairy products. This also includes manufacturing mixes for the preparation of frozen ice cream and ice milk an",,3,2,,,,not contacted,,,
252,147882350,"Sunnyvalley Smoked Meats, Inc.",unclassified food/bev mfr,,Manteca,California,http://www.sunnyvalleysmokedmeats.com,1.4788235E8,250,Private,JBS Prepared Foods Inc.,311612,"Sunnyvalley Smoked Meats, Inc. is primarily engaged in manufacturing sausages, cured meats, smoked meats, canned meats, frozen meats, and other prepared meats and meat specialties, from purchased carc",Treva Andreetta — Vice President,3,3,,,,not contacted,,,
253,145909030,"Just Born, Inc.",unclassified food/bev mfr,,Bethlehem,Pennsylvania,http://www.justborn.com,1.4590903E8,550,Private,,311340,"Just Born is the tenth largest candy company in the US that manufactures candies under well-known brands such as Peeps Brand, the company's most widely known candy brand, particularly the Peeps Chick ",Victoria Barnard — President At Foot Traffic Usa,3,0,,,,not contacted,,,
254,142039260,Santa Monica Seafood Company,unclassified food/bev mfr,,Rancho Dominguez,California,http://www.santamonicaseafood.com,1.4203926E8,750,Private,Santa Monica Seafood Company,311710,"Santa Monica Seafood Company is primarily engaged in preparing fresh and raw or cooked frozen fish and other seafoods and seafood preparations, such as soups, stews, chowders, fishcakes, crabcakes, an",Roger O'brien — Chief Executive Officer,3,0,,,,not contacted,,,
255,142011930,"Novus International, Inc.",unclassified food/bev mfr,,Chesterfield,Missouri,http://www.novusint.com,1.4201193E8,350,Private,"Mitsui & Co. (U.S.A.), Inc.",311119,"Novus International, Inc. is primarily engaged in manufacturing prepared feeds and feed ingredients and adjuncts for animals and fowls, except dogs and cats. Included in this industry are poultry and ",Koichiro Tago — Executive Vice President,3,0,,,,not contacted,,,
256,139736470,Omega Protein Corporation,unclassified food/bev mfr,,Reedville,Virginia,http://www.omegaprotein.com,1.3973647E8,546,Private,Cooke Inc,311710,"Omega Protein is the leading, vertically integrated producer in the US of omega-3-rich fish oil, protein-rich specialty fishmeal, and organic fish soluble. It develops, produces, and delivers healthy ",John Held — Executive Vice President,3,0,,,,not contacted,,,
257,139114170,"Grassland Dairy Products, Inc.",unclassified food/bev mfr,,Greenwood,Wisconsin,http://www.grassland.com,1.3911417E8,200,Private,"Grassland Dairy Products, Inc.",311512,"Grassland Dairy Products, Inc. is primarily engaged in manufacturing creamery butter.",Trevor Wuethrich — President,3,2,,,,not contacted,,,
258,137545170,Blount Fine Foods Corp.,confirmed co-man (public sweep),wet-frozen-supplements,Fall River,Massachusetts,http://www.blountfinefoods.com,1.3754517E8,225,Private,Blount Fine Foods Corp.,311412,"Blount Fine Foods Corp. is primarily engaged in manufacturing frozen food specialties, not elsewhere classified, such as frozen dinners and frozen pizza.",William Bigelow — Chief Operating Officer,3,2,,,,not contacted,,,
259,134277480,Barilla America Inc.,unclassified food/bev mfr,,Northbrook,Illinois,http://www.barilla.com,1.3427748E8,450,Private,BARILLA INTERNATIONAL LIMITED,311999,"Barilla America Inc. is primarily engaged in manufacturing prepared foods and miscellaneous food specialties, not elsewhere classified, such as baking powder, yeast, and other leavening compounds; pea",,3,0,,,,not contacted,,,
260,133698060,The Neil Jones Food Company,unclassified food/bev mfr,,Vancouver,Washington,http://www.neiljonesfoodcompany.com,1.3369806E8,125,Private,The Neil Jones Food Company,311421,"The Neil Jones Food Company is primarily engaged in canning fruits, vegetables, and fruit and vegetable juices; and in manufacturing catsup and similar tomato sauces, or natural and imitation preserve",,1,0,,,,not contacted,,,
261,132887880,"Community Coffee Company, L.L.C.",unclassified food/bev mfr,,Baton Rouge,Louisiana,http://www.communitycoffee.com,1.3288788E8,800,Private,"Community Coffee Company, L.L.C.",311920,Community Coffee is one of the largest family-owned retail coffee brand (Community Coffee) in the US. There's more brewing: around 25 CC's Coffee Houses have sprung up in Louisiana since the original ,Thomas Corley — PresidentCeo,3,0,,,,not contacted,,,
262,131688570,"Dole Fresh Vegetables, Inc.",unclassified food/bev mfr,,Monterey,California,http://www.dole.com,1.3168857E8,2000,Private,CHIQUITA HOLDINGS LIMITED,311999,"Dole Fresh Vegetables, Inc. is primarily engaged in manufacturing prepared foods and miscellaneous food specialties, not elsewhere classified, such as baking powder, yeast, and other leavening compoun",Timothy Escamilla — Chief Executive Officer,3,3,,,,not contacted,,,
263,131633620,"Frito-Lay, Inc.",unclassified food/bev mfr,,Plano,Texas,http://www.fritolay.com,1.3163362000000001E8,497,Private,"PepsiCo, Inc.",311821,"Frito-Lay, Inc. is primarily engaged in manufacturing fresh cookies, crackers, pretzels, and similar ""dry"" bakery products.",Denise Truelove — Senior Vice President Marketing,3,0,,,,not contacted,,,
264,131103150,"Rudolph Foods Company, Inc.",unclassified food/bev mfr,,Lima,Ohio,http://www.rudolphfoods.com,1.3110315E8,400,Private,"Rudolph Foods Company, Inc.",311919,"Rudolph Foods is the nation's leading producer of pork rinds and cracklins snacks, producing the best-tasting pork rinds for about seven decades from the company's seven facilities in the US and three",Mike Harper — Vice President Finance And Cfo,3,0,,,,not contacted,,,
265,130815080,Reckitt Benckiser North America Inc.,unclassified food/bev mfr,,Parsippany,New Jersey,http://www.reckitt.com,1.3081508E8,1600,Private,RECKITT BENCKISER HOLDINGS (USA) LIMITED,311941,"Reckitt Benckiser North America Inc. is primarily engaged in pickling and brining fruits and vegetables, and in manufacturing salad dressings, vegetable relishes, sauces, and seasonings.",Bill Cardinell — Principal,3,0,,,,not contacted,,,
266,128547410,"Golding Farms Foods, Inc.",unclassified food/bev mfr,,Winston Salem,North Carolina,http://www.goldingblends.com,1.2854741000000001E8,150,Private,"Golding Farms Foods, Inc.",311999,"Golding Farms Foods, Inc. is primarily engaged in manufacturing prepared foods and miscellaneous food specialties, not elsewhere classified, such as baking powder, yeast, and other leavening compounds",Tom Clayton — Principal,3,1,,,,not contacted,,,
267,127580390,"R. J. Van Drunen & Sons, Inc.",unclassified food/bev mfr,,Momence,Illinois,http://www.vandrunenfarms.com,1.2758039E8,812,Private,"R. J. Van Drunen & Sons, Inc.",311423,"For Van Drunen Farms, thyme is on its side. As the nation's largest supplier of organically grown culinary herbs, the company grows and processes all-natural and functional food ingredients. Its exper",Shawn Evers — Chief Operating Officer,3,0,,,,not contacted,,,
268,127322860,"Buffalo Trace Distillery, Inc.",unclassified food/bev mfr,,Frankfort,Kentucky,http://www.buffalotracedistillery.com,1.2732286E8,200,Private,"Sazerac Company, Inc.",312140,"Buffalo Trace Distillery, Inc. is primarily engaged in manufacturing alcoholic liquors by distillation, and in manufacturing cordials and alcoholic cocktails by blending processes or by mixing liquors",Scott Bordieri — Vice President Us Retail,3,3,,,,not contacted,,,
269,127075510,"Nestle Purina Petcare Global Resources, Inc.",unclassified food/bev mfr,,Saint Louis,Missouri,http://www.purinainstitute.com,1.2707551E8,200,Private,Nestlé S.A.,311111,"Nestle Purina Petcare Global Resources, Inc. is primarily engaged in manufacturing dog and cat food from cereal, meat, and other ingredients. These preparations may be canned, frozen, or dry.",Ken Irvine — Principal,3,0,,,,not contacted,,,
270,125802280,"Finlay Extracts & Ingredients USA, Inc.",unclassified food/bev mfr,,Lincoln,Rhode Island,http://www.finlays.net,1.2580228E8,336,Private,"James Finlay International, Inc.",311920,"Finlay Extracts & Ingredients Usa, Inc. is primarily engaged in roasting coffee, and in manufacturing coffee concentrates and extracts in powdered, liquid, or frozen form, including freeze-dried.",Art Lopez — Vice President Of Marketing,3,0,,,,not contacted,,,
271,125787900,"Greater Omaha Packing Co., Inc.",unclassified food/bev mfr,,Omaha,Nebraska,http://www.greateromaha.com,1.257879E8,1102,Nonprofit,"Greater Omaha Packing Co., Inc.",311611,"Greater Omaha Packing turns great cattle into even greater beef. The company is a leading independent beef slaughterhouse in the US that processes some 15,000 head of cattle each week at its single pl",John Calabro — Chief Financial Officer And Information Technology,3,0,,,,not contacted,,,
272,125461330,"JBS USA, LLC",unclassified food/bev mfr,,Greeley,Colorado,http://www.jbsfoodsgroup.com,1.2546133E8,2585,Private,JBS S/A,311999,"Jbs Usa, Llc is primarily engaged in manufacturing prepared foods and miscellaneous food specialties, not elsewhere classified, such as baking powder, yeast, and other leavening compounds; peanut butt",,3,0,,,,not contacted,,,
273,125272000,"Diageo Americas, Inc.",unclassified food/bev mfr,,New York,New York,,1.25272E8,109,Private,DIAGEO PLC,312130,"Diageo Americas, Inc. is primarily engaged in manufacturing wines, brandy, and brandy spirits. This industry also includes bonded wine cellars which are engaged in blending wines.",,3,2,,,,not contacted,,,
274,124801640,"Tip Top Poultry, Inc.",unclassified food/bev mfr,,Marietta,Georgia,http://www.tiptoppoultry.com,1.2480164E8,1500,Private,"Tip Top Poultry, Inc.",311615,"Tip Top Poultry, Inc. is primarily engaged in slaughtering, dressing, packing, freezing, and canning poultry, rabbits, and other small game, or in manufacturing products from such meats, for their own",Brad Respess — President And Ceo,3,0,,,,not contacted,,,
275,124760120,"Lactalis Heritage Dairy, Inc.",unclassified food/bev mfr,,Chicago,Illinois,http://www.lactalisheritagedairy.com,1.2476012E8,750,Private,GROUPE LACTALIS,311513,"Lactalis Heritage Dairy, Inc. is primarily engaged in manufacturing natural cheese (except cottage cheese), processed cheese, cheese foods, cheese spreads, and cheese analogs (imitations and substitut",,3,0,,,,not contacted,,,
276,124713450,Pan-O-Gold Baking Co.,unclassified food/bev mfr,,Saint Cloud,Minnesota,http://www.panogold.com,1.2471345E8,1400,Private,Pan-O-Gold Baking Co.,311812,"Pan-O-Gold Baking Co. is primarily engaged in manufacturing fresh or frozen bread and bread-type rolls and fresh cakes, pies, pastries and other similar ""perishable"" bakery products.",Dennis Leisten — Chief Financial Officer,3,0,,,,not contacted,,,
277,124393450,Gerber Products Company,unclassified food/bev mfr,,Arlington,Virginia,http://gerber.com,1.2439345E8,2381,Private,"Nestle Holdings, Inc.",311514,"Gerber Products Company doesn't strain to make money. It does, however, strain to make its food products. Gerber's more than 200 baby offerings include the ubiquitous glass jars of baby food. The comp",Robin Dickmann — Principal Scientist Food Safety,3,0,,,,not contacted,,,
278,123551360,"Nissin Foods (U.S.A.) Company, Inc.",unclassified food/bev mfr,,Gardena,California,http://www.nissinfoods.com,1.2355136E8,350,Private,"NISSIN FOOD PRODUCTS CO., LTD.",311824,"Nissin Foods (U.S.A.) Company, Inc. is the American subsidiary of the global Nissin Foods Group and a pioneer in the instant noodle industry, being the first to manufacture and sell instant ramen in t",Brian Huff — President And Chief Executive Officer,3,0,,,,not contacted,,,
279,123065520,Boston Beer Corporation,unclassified food/bev mfr,,Boston,Massachusetts,http://www.brewbound.com,1.2306552E8,1000,Private,Boston Brewing Co Inc,312120,Boston Beer Corporation is primarily engaged in manufacturing malt beverages.,Robert Pagano — Vice President Brand Development,2,0,,,,not contacted,,,
280,122486020,"Grain Craft Corn, LLC",unclassified food/bev mfr,,Chattanooga,Tennessee,http://www.bunge.com,1.2248602E8,596,Private,"Grain Craft, LLC",311211,"Talk about America's breadbasket. Bunge Milling is definitely in the running as a contender for the title and then some. The company is the largest dry corn miller in the world. It processes wheat, co",,3,0,,,,not contacted,,,
281,120447140,"Albanese Confectionery Group, Inc.",unclassified food/bev mfr,,Merrillville,Indiana,http://www.albanesecandy.com,1.2044714E8,900,Private,"Albanese Confectionery Group, Inc.",311340,"Albanese Confectionery Group, Inc. is primarily engaged in manufacturing candy, including chocolate candy, other confections, and related products.",Bethany Albanese — President,3,0,,,,not contacted,,,
282,119945430,"Tropicale Foods, LLC",unclassified food/bev mfr,,Ontario,California,http://www.tropicalefoods.com,1.1994543E8,150,Private,"Tropicale Foods, LLC",311520,"Tropicale Foods, Llc is primarily engaged in manufacturing ice cream and other frozen desserts.",Steven Schiller — Chief Executive Officer,3,2,,,,not contacted,,,
283,118976180,"Sterling Foods, LLC",unclassified food/bev mfr,,San Antonio,Texas,http://www.sterling-fd.com,1.1897618E8,250,Private,"Sterling Foods II, Inc.",311812,"The smell ofbaked goods keeps 'em coming back to Sterling Foods for more. The company produces a variety of specialty baked goods for national restaurant and supermarket chains, weight-management comp",John Likovich — Chairman And Chief Executive Officer,3,2,,,,not contacted,,,
284,118379590,"The Bama Companies, Inc.",unclassified food/bev mfr,,Tulsa,Oklahoma,http://www.bama.com,1.1837959E8,1150,Private,"The Bama Companies, Inc.",311211,"Bama Companies bakes up business for restaurant operators. The company is a top maker of bakery products -- such as handheld and whole pies, biscuits, cookies, crumb crusts, and frozen dough -- for th",Paula Marshall — Chief Executive Officer,3,0,,,,not contacted,,,
285,118204170,"Tyson Poultry, Inc.",unclassified food/bev mfr,,Springdale,Arkansas,http://www.tysonfoods.com,1.1820417E8,248,Private,"Tyson Foods, Inc.",311615,"Tyson Poultry, Inc. is primarily engaged in slaughtering, dressing, packing, freezing, and canning poultry, rabbits, and other small game, or in manufacturing products from such meats, for their own a",,3,2,,,,not contacted,,,
286,117837420,"Milo's Tea Company, Inc.",unclassified food/bev mfr,,Bessemer,Alabama,http://www.drinkmilos.com,1.1783742E8,700,Private,"Milo's Tea Company, Inc.",312111,"Milo's Tea Company, Inc. is primarily engaged in manufacturing soft drinks and carbonated waters.",Emily Love Backstrom — Chief Financial Officer,3,0,,,,not contacted,,,
287,116848890,"Tyson Farms, Inc.",unclassified food/bev mfr,,Springdale,Arkansas,http://www.tysonfoods.com,1.1684889E8,114,Private,"Tyson Foods, Inc.",311611,"Tyson Farms, Inc. is primarily engaged in the slaughtering, for their own account or on a contract basis for the trade, of cattle, hogs, sheep, lambs, and calves for meat to be sold or to be used on t",Regina Villines — vice president credit,3,3,,,,not contacted,,,
288,116769830,Sensient Colors LLC,unclassified food/bev mfr,,Saint Louis,Missouri,http://www.sensientpharma.com,1.1676983E8,350,Private,Sensient Technologies Corporation,311930,"Sensient Colors can color your world any color you want. The company makes natural and synthetic colors and dyes for food, beverage, pharmaceutical, cosmetic, personal, and home care product manufactu",,3,1,,,,not contacted,,,
289,116270770,Pepsi-Cola Bottling Company Of Tampa,unclassified food/bev mfr,,Tampa,Florida,http://www.pepsico.com,1.1627077E8,2000,Private,"Pepsi-Cola Metropolitan Bottling Company, Inc.",312111,Pepsi-Cola Bottling Company Of Tampa is primarily engaged in manufacturing soft drinks and carbonated waters.,,3,0,,,,not contacted,,,
290,116001970,"Kent Nutrition Group, Inc.",unclassified food/bev mfr,,Muscatine,Iowa,http://www.kentfeeds.com,1.1600197E8,400,Private,"KENT SPECIALTY MILLING, LLC",311119,"Kent Nutrition Group (KNG) is the home of the Kent and Blue Seal quality animal nutrition brands. It produces animal-care and animal-feed products (including feeds for livestock, horses, pets or small",Debra Katz — President Director,3,0,,,,not contacted,,,
291,114348400,"So-Pak-Co, Inc.",unclassified food/bev mfr,,Mullins,South Carolina,http://www.sopakco.com,1.143484E8,600,Private,"Unaka Company, Incorporated",311999,"So-Pak-Co, Inc. is primarily engaged in manufacturing prepared foods and miscellaneous food specialties, not elsewhere classified, such as baking powder, yeast, and other leavening compounds; peanut b",David Dubose — Vice President,3,0,,,,not contacted,,,
292,114320360,"Case Foods, Inc.",unclassified food/bev mfr,,Troutman,North Carolina,http://www.casefarms.com,1.1432036E8,6253,Private,"Case Foods, Inc.",311615,"Case Foods, Inc. is primarily engaged in slaughtering, dressing, packing, freezing, and canning poultry, rabbits, and other small game, or in manufacturing products from such meats, for their own acco",Thomas Shelton — President,3,0,,,,not contacted,,,
293,113105210,IRCA Group USA LLC,unclassified food/bev mfr,,Duluth,Georgia,http://www.ircagroup.com,1.1310521E8,100,Private,IRCA Group USA LLC,311351,"Irca Group Usa Llc is primarily engaged in shelling, roasting, and grinding cacao beans for the purpose of making chocolate liquor, from which cocoa powder and cocoa butter are derived, and in the fur",Kima Diaz — Chief Financial Officer,3,0,,,,not contacted,,,
294,112795720,"Bernatello's Pizza, Inc.",unclassified food/bev mfr,,Maple Lake,Minnesota,http://www.bernatellos.com,1.1279572E8,470,Private,"Bernatello's Pizza, Inc.",311412,"This company feeds your frozen pizza amore, Bernatello's Pizza is a leading frozen-pizza maker in the US's Northeast, Midwest, and Rocky Mountain regions,marketing its pies under the Bernatello's and ",Jayme Woehl — Chief Financial Officer,3,0,,,,not contacted,,,
295,112495800,"Bridgetown Natural Foods, LLC",unclassified food/bev mfr,,Portland,Oregon,http://www.bridgetownnaturalfoods.com,1.124958E8,425,Private,"Bridgetown Natural Foods, LLC",311340,"Bridgetown Natural Foods, Llc is primarily engaged in manufacturing candy, including chocolate candy, other confections, and related products.",Kelly Klock — Founder,3,0,,,,not contacted,,,
296,112480540,Tate & Lyle Americas LLC,unclassified food/bev mfr,,Hoffman Estates,Illinois,http://www.tateandlyle.com,1.1248054E8,3346,Private,TATE & LYLE PUBLIC LIMITED COMPANY,311221,"Tate & Lyle Americas Llc is primarily engaged in milling corn or sorghum grain (milo) by the wet process, and producing starch, syrup, oil, sugar, and by-products, such as gluten feed and meal. Also T",,3,0,,,,not contacted,,,
297,112232890,Byrne Dairy Inc.,unclassified food/bev mfr,,La Fayette,New York,http://www.byrnedairystores.com,1.1223289E8,620,Private,Byrne Dairy Inc.,311520,Byrne Dairy Inc. is primarily engaged in manufacturing ice cream and other frozen desserts.,Christopher Byrne — Small Business Owner,3,0,,,,not contacted,,,
298,111303640,"Mccall Farms, Inc.",unclassified food/bev mfr,,Effingham,South Carolina,http://www.mccallfarms.com,1.1130364E8,1000,Private,"Mccall Farms, Inc.",311421,"McCall Farms, Inc. is a family-owned and operated company based in Effingham, South Carolina, and a leading producer of canned and frozen Southern-style vegetables. The company markets its products ac",,3,0,,,,not contacted,,,
299,111095790,Pepsi-Cola Bottling Company of Central Virginia,unclassified food/bev mfr,,Charlottesville,Virginia,http://www.pepsicva.com,1.1109579E8,370,Private,Pepsi-Cola Bottling Company of Central Virginia,312111,"Pepsi-Cola Bottling Co. of Central Virginia (PCBCCV) operates four soda and water bottling plants and distribution centers throughout the state of Virginia. They are locatedin Charlottesville, Virgini",James Jessup — PRESIDENT,3,0,,,,not contacted,,,
300,110086790,Carlos Bakery Inc.,unclassified food/bev mfr,,Jersey City,New Jersey,http://www.carlosbakery.com,1.1008679E8,1050,Private,Carlos Bakery Inc.,445291,Carlos Bakery Inc. is primarily engaged in the retail sale of bakery products. The products may be purchased from others or made on the premises.,VINCENT TUBITO — Chief Financial Officer,3,0,,,,not contacted,,,
301,110000000,Geloso Beverage Group LLC,unclassified food/bev mfr,,Rochester,New York,http://www.gelosobeveragegroup.com,1.1E8,65,Private,,312120,Geloso Beverage Group Llc is primarily engaged in manufacturing malt beverages.,,3,1,,,,not contacted,,,
302,109707310,Joy Cone Co.,unclassified food/bev mfr,,Hermitage,Pennsylvania,http://www.joycone.com,1.0970731E8,1200,Private,Joy Cone Co.,311821,"Joy Cone puts smiles of joy on the faces of ice cream lovers, kids and grownups alike. The company makes and markets ice cream cones for both retailers and food service customers. Joy Cone produces mo",Leslie Gilmore — Principal,3,0,,,,not contacted,,,
303,109212800,"Cafe Valley, Inc.",unclassified food/bev mfr,,Phoenix,Arizona,http://www.cafevalley.com,1.092128E8,1580,Private,"Cafe Valley, Inc.",311999,"Cafe Valley, Inc. is primarily engaged in manufacturing prepared foods and miscellaneous food specialties, not elsewhere classified, such as baking powder, yeast, and other leavening compounds; peanut",Francis Haren — Chief Financial Officer,3,0,,,,not contacted,,,
304,108910170,"Prince Agri Products, Inc.",unclassified food/bev mfr,,Teaneck,New Jersey,http://www.pahc.com,1.0891017E8,1500,Private,Phibro Animal Health Corporation,311119,"Prince Agri Products is royally concerned with the health of livestock -- cattle, swine, poultry and pets worldwide. The company, a subsidiary of Phibro Animal Health (formerly called Philipp Brothers",,3,0,,,,not contacted,,,
305,108152780,Deb El Food Products LLC,unclassified food/bev mfr,,Newark,New Jersey,http://www.debelfoods.com,1.0815278E8,400,Private,Deb El Food Products LLC,311999,"Deb El Food Products Llc is primarily engaged in slaughtering, dressing, packing, freezing, and canning poultry, rabbits, and other small game, or in manufacturing products from such meats, for their ",Itchie Deutsch — Chief Financial Officer,3,0,,,,not contacted,,,
306,108118100,"Massimo Zanetti Beverage USA, Inc.",unclassified food/bev mfr,,Suffolk,Virginia,http://www.mzb-usa.com,1.081181E8,375,Private,MASSIMO ZANETTI BEVERAGE GROUP SPA,311920,"Massimo Zanetti Beverage Usa, Inc. is primarily engaged in roasting coffee, and in manufacturing coffee concentrates and extracts in powdered, liquid, or frozen form, including freeze-dried.",Massimo Zanetti — CoChief Executive Officer,3,0,,,,not contacted,,,
307,107837270,"New Belgium Brewing Company, Inc.",unclassified food/bev mfr,,Fort Collins,Colorado,http://www.newbelgium.com,1.0783727E8,210,Private,"Lion Nathan USA, Inc.",312120,"New Belgium Brewing Company is a leading US premium adult beverage company with an iconic portfolio and a unique approach to business. The company is known for Voodoo Ranger IPA, Fat Tire Ale, Lightst",Kim Jordan — Ceo CoFounder,3,3,,,,not contacted,,,
308,107171700,Miracapo Pizza Company LLC,unclassified food/bev mfr,,Elk Grove Village,Illinois,http://miracapopizza.com,1.071717E8,420,Private,BRYNWOOD MANAGEMENT IX L.P.,311412,This Little Lady serves up man-sized portions of frozen food. Little Lady Foods is a leading supplier of frozen food products for the foodservice and retail food industries. With facilities in the gre,John Leboutillier — Chief Executive Officer,3,1,,,,not contacted,,,
309,106823140,Bristol Farms,unclassified food/bev mfr,,Carson,California,http://www.bristolfarms.com,1.0682314E8,300,Private,The Endeavour Capital Fund Limited Partnership,311991,Bristol Farms is an upscale grocery store chain operating 19 locations exclusively in Southern California. The company runs 13 stores under its namesake brand and six as Lazy Acres Markets. It is know,Adam Caldecott — Chief Executive Officer,3,1,,,,not contacted,,,
310,106688580,"Stonewall Kitchen, LLC",unclassified food/bev mfr,,York,Maine,http://www.stonewallkitchen.com,1.0668858E8,402,Private,"Stonewall Kitchen, LLC",311421,"Stonewall Kitchen, Llc is primarily engaged in canning fruits, vegetables, and fruit and vegetable juices; and in manufacturing catsup and similar tomato sauces, or natural and imitation preserves, ja",Carrie McDermott — Chief Executive Officer,3,0,,,,not contacted,,,
311,106538500,"Leclerc Foods USA, Inc.",unclassified food/bev mfr,,Montgomery,Pennsylvania,http://www.leclercfoods.com,1.065385E8,1035,Private,Biscuits Leclerc Ltée,311919,"Leclerc Foods Usa, Inc. is primarily engaged in manufacturing fresh cookies, crackers, pretzels, and similar ""dry"" bakery products.",,3,0,,,,not contacted,,,
312,106183640,Cacique Foods LLC,unclassified food/bev mfr,,Irving,Texas,http://www.caciquefoods.com,1.0618364E8,242,Private,Cacique Foods LLC,311513,"If you thought the Spanish word for cheese was ""queso,"" you haven't heard of Cacique. The company is one of the largest Hispanic-style dairy product manufacturers in the US. Cacique primarily makes an",Francoise Mattice — Chief Financial Officer,3,1,,,,not contacted,,,
313,105990370,"Grain Millers, Inc.",unclassified food/bev mfr,,Eden Prairie,Minnesota,http://www.grainmillers.com,1.0599037E8,671,Private,"Grain Millers, Inc.",311211,"Grain Millers, Inc. is primarily engaged in milling flour or meal from grain, except rice. The products of flour mills may be sold plain or in the form of prepared mixes or doughs for specific purpose",,3,0,,,,not contacted,,,
314,105778310,"Belgioioso Cheese, Inc.",unclassified food/bev mfr,,Green Bay,Wisconsin,http://www.belgioioso.com,1.0577831E8,180,Private,"Belgioioso Cheese, Inc.",311513,"BelGioioso Cheese hopes customers will say ""Bella, bella!"" in response to its dairy products. The company manufactures Italian-style specialty cheeses, including mozzarella, Gorgonzola, Parmesan, and ",Errico Auricchio — PRESIDENT,3,1,,,,not contacted,,,
315,105776790,"Schell & Kampeter, Inc.",unclassified food/bev mfr,,Meta,Missouri,http://www.diamondpet.com,1.0577679E8,300,Private,"Schell & Kampeter, Inc.",311111,"Schell & Kampeter, Inc. is primarily engaged in manufacturing dog and cat food from cereal, meat, and other ingredients. These preparations may be canned, frozen, or dry.",Chris Foucheaux — Chief Financial Officer,3,2,,,,not contacted,,,
316,105569880,"Eddy Packing Co., Inc.",unclassified food/bev mfr,,Yoakum,Texas,http://www.eddyfoods.com,1.0556988E8,1330,Private,"Eddy Packing Co., Inc.",311611,"Eddy Packing Co., Inc. is primarily engaged in the slaughtering, for their own account or on a contract basis for the trade, of cattle, hogs, sheep, lambs, and calves for meat to be sold or to be used",Jim Reed — Chief Executive Officer,3,0,,,,not contacted,,,
317,105206090,"Buzzballz, LLC",unclassified food/bev mfr,,Carrollton,Texas,http://www.buzzballz.com,1.0520609E8,170,Private,"Sazerac Company, Inc.",312140,"Buzzballz, Llc is primarily engaged in manufacturing alcoholic liquors by distillation, and in manufacturing cordials and alcoholic cocktails by blending processes or by mixing liquors and other ingre",Merrilee Kick — Chief Executive Officer,3,2,,,,not contacted,,,
318,105134800,"CIRKUL, INC.",unclassified food/bev mfr,,Tampa,Florida,http://www.drinkcirkul.com,1.051348E8,614,Private,"CIRKUL, INC.",311930,"Cirkul, Inc. is primarily engaged in manufacturing flavoring extracts, syrups, powders, and related products, not elsewhere classified, for soda fountain use or for the manufacture of soft drinks, and",J Getman — Chief Financial Officer Interim,3,0,,,,not contacted,,,
319,105118390,"Mane, Inc.",unclassified food/bev mfr,,Lebanon,Ohio,http://www.mane.com,1.0511839E8,340,Private,"Mane, Inc.",311942,"Mane, Inc. is primarily engaged in manufacturing flavoring extracts, syrups, powders, and related products, not elsewhere classified, for soda fountain use or for the manufacture of soft drinks, and c",Mark Sullivan — Principal,3,0,,,,not contacted,,,
320,105000000,"Kettle Cuisine, LLC",confirmed co-man (public sweep),wet-frozen-supplements,Lynn,Massachusetts,http://www.kettlecuisine.com,1.05E8,1200,Private,KC CULINARTE CORP.,311999,"Kettle Cuisine, Llc is primarily engaged in manufacturing prepared foods and miscellaneous food specialties, not elsewhere classified, such as baking powder, yeast, and other leavening compounds; pean",Jeremy Kacuba — Chief Operating Officer,3,1,,,,not contacted,,,
321,104998450,"Southwind Foods, LLC",unclassified food/bev mfr,,Carson,California,http://www.southwindfoods.com,1.0499845E8,250,Private,"Southwind Foods, LLC",311710,"Southwind Foods, Llc is primarily engaged in cooking and canning fish, shrimp, oysters, clams, crabs, and other seafoods, including soups; and those engaged in smoking, salting, drying, or otherwise c",Jim Lee — Chief Financial Officer,3,2,,,,not contacted,,,
322,104929540,"Johanna Foods, Inc.",likely co-man (D&B description),,Flemington,New Jersey,http://www.johannafoods.com,1.0492954E8,540,Private,"Johanna Foods, Inc.",311421,"Johanna Foods is one of the country's largest producers and distributors of fruit juices, drinks, and yogurt. The company has built a business manufacturing and distributing chilled and aseptic fruit ",Jeff West — Chief Financial Officer Chief Information Officer,3,0,,,,not contacted,,,
323,104381420,"Tropical Cheese Industries, LLC",unclassified food/bev mfr,,Perth Amboy,New Jersey,http://www.tropicalcheese.com,1.0438142E8,775,Private,"Tropical Cheese Industries, LLC",311513,"Queso ? Si, Tropical Cheese Industries manufactures specialty dairy products under the Paisano, El Molino Rojoand Tropical brand namesto satisfy the specialty fresh cheese needs of Caribbean and Hispa",Orlando Rodriguez — Chief Operating Officer,3,0,,,,not contacted,,,
324,104313410,Lavoi Corporation,unclassified food/bev mfr,,Atlanta,Georgia,http://www.epibreads.com,1.0431341E8,280,Private,Lavoi Corporation,311824,Lavoi Corporation is primarily engaged in preparing flour mixes or doughs from purchased flour.,Phil Jones — Chief Executive Officer,3,2,,,,not contacted,,,
325,104081700,"Clemens Food Group, LLC",unclassified food/bev mfr,,Hatfield,Pennsylvania,http://www.clemensfoodgroup.com,1.040817E8,500,Private,"Pleasant Valley Foods, LLC",311611,"Clemens Food Group, Llc is primarily engaged in the slaughtering, for their own account or on a contract basis for the trade, of cattle, hogs, sheep, lambs, and calves for meat to be sold or to be use",,3,1,,,,not contacted,,,
326,103739170,Leonard Holding Company,unclassified food/bev mfr,,San Antonio,Texas,http://www.leonardhc.com,1.0373917E8,260,Private,The Leonard Family Corporation,311612,"Leonard Holding Company is primarily engaged in manufacturing sausages, cured meats, smoked meats, canned meats, frozen meats, and other prepared meats and meat specialties, from purchased carcasses a",Kenneth Leonard — President,3,2,,,,not contacted,,,
327,103739170,Surlean Meat Company,unclassified food/bev mfr,,San Antonio,Texas,http://www.surleanfoods.com,1.0373917E8,119,Private,Leonard Holding Company,311612,"Surlean Meat Company is primarily engaged in manufacturing sausages, cured meats, smoked meats, canned meats, frozen meats, and other prepared meats and meat specialties, from purchased carcasses and ",Karrie Menz — Vice President Of Quality,3,3,,,,not contacted,,,
328,102686090,"Sweet Street Desserts, Inc.",unclassified food/bev mfr,,Reading,Pennsylvania,http://www.sweetstreet.com,1.0268609E8,700,Private,"Sweet Street Desserts, Inc.",311812,"Sweet Street Desserts, Inc. is primarily engaged in manufacturing fresh or frozen bread and bread-type rolls and fresh cakes, pies, pastries and other similar ""perishable"" bakery products.",Bill Orban — Vice President Finance,3,0,,,,not contacted,,,
329,102482770,Stanislaus Food Products Company,unclassified food/bev mfr,,Modesto,California,http://www.stanislaus.com,1.0248277E8,105,Private,Stanislaus Food Products Company,311421,"Stanislaus Food Products Company is primarily engaged in canning fruits, vegetables, and fruit and vegetable juices; and in manufacturing catsup and similar tomato sauces, or natural and imitation pre",Thomas Cortopassi — Chief Executive Officer,3,1,,,,not contacted,,,
330,102477780,Schulze and Burch Biscuit Co.,unclassified food/bev mfr,,Chicago,Illinois,http://www.schulzeburch.co,1.0247778E8,350,Private,Schulze and Burch Biscuit Co.,311812,"Schulze and Burch Biscuit Company's 100-year history is a rich one filled with innovation, historic accomplishments, and wholesome snacks. The company offers the Flavor Kist name which was born after ",Kevin Boyle — President,3,1,,,,not contacted,,,
331,101909620,"R. Torre & Company, Inc.",unclassified food/bev mfr,,San Leandro,California,http://www.torani.com,1.0190962E8,160,Private,"R. Torre & Company, Inc.",311930,"R. Torre blends flavored syrups, which it sells to food and specialty retailers under the Torani brand name. Its products, which include regular and sugar-free syrups in flavors such as amaretto, butt",Melanie Dulbecco — Chief Executive Officer,3,2,,,,not contacted,,,
332,101774270,"Mirabito Holdings, Inc.",unclassified food/bev mfr,,Binghamton,New York,http://www.mirabito.com,1.0177427E8,375,Private,"Mirabito Holdings, Inc.",445291,"Seeking to fuel all the people, all the time, Mirabito Fuel serves clients in upstate New York with heating oil, propane, natural gas, gasoline and diesel fuels, kerosene, and lubricants. Its petroleu",Brett Hughes — Vice President Of Real Estate Business Development,3,0,,,,not contacted,,,
333,101412700,GEORGIA NUT COMPANY,confirmed co-man (public sweep),snack-bakery,Skokie,Illinois,http://www.georgianutcorp.com,1.014127E8,1027,Private,GEORGIA NUT COMPANY,311340,"Georgia Nut Company is primarily engaged in manufacturing candy, including chocolate candy, other confections, and related products.",,1,0,,,,not contacted,,,
334,101119300,"Caribbean Refrescos, Inc.",unclassified food/bev mfr,,Cidra,Puerto Rico,,1.011193E8,510,Private,The Coca-Cola Company,311930,"Caribbean Refrescos, Inc. is primarily engaged in manufacturing flavoring extracts, syrups, powders, and related products, not elsewhere classified, for soda fountain use or for the manufacture of sof",,2,0,,,,not contacted,,,
335,100490230,"Mercer Foods, LLC",unclassified food/bev mfr,,Modesto,California,http://www.thrivefoods.com,1.0049023E8,281,Private,"Mercer Foods, LLC",311423,"Mercer Foods, Llc is primarily engaged in sun drying or artificially dehydrating fruits and vegetables, or in manufacturing packaged soup mixes from dehydrated ingredients.",Brett Kirkham — Chief Financial Officer,3,1,,,,not contacted,,,
336,100385130,"Kikkoman Foods, Inc.",unclassified food/bev mfr,,Walworth,Wisconsin,http://www.kikkomanusa.com,1.0038513E8,190,Private,KIKKOMAN CORPORATION,311941,"Kikkoman Foods, Inc. is primarily engaged in pickling and brining fruits and vegetables, and in manufacturing salad dressings, vegetable relishes, sauces, and seasonings.",KARL Keane — Vice President Finance,3,1,,,,not contacted,,,
337,100083080,Bush Brothers & Company,unclassified food/bev mfr,,Knoxville,Tennessee,http://www.bushbeans.com,1.0008308E8,650,Private,Bush Brothers & Company,311421,Bush Brothers & Company is a family-owned food processing company best known for its Bush's Best brand canned baked beans. The company manufactures and distributes a wide variety of bean products and ,Al Williams — Chief Financial Officer,3,0,,,,not contacted,,,
338,100000000,Dr. Praeger's Sensible Foods LLC,unclassified food/bev mfr,,Saddle Brook,New Jersey,http://www.drpraegers.com,1.0E8,245,Private,Dr. Praeger's Sensible Foods LLC,311412,"Dr. Praeger's Sensible Foods Llc is primarily engaged in manufacturing frozen food specialties, not elsewhere classified, such as frozen dinners and frozen pizza.",Anita Gogia — Chief Financial Officer,3,3,,,,not contacted,,,
339,100000000,"Haliburton International Foods, Inc.",unclassified food/bev mfr,,Ontario,California,http://www.haliburton.net,1.0E8,250,Private,"Haliburton International Foods, Inc.",311999,"Haliburton International Foods, Inc. is primarily engaged in manufacturing prepared foods and miscellaneous food specialties, not elsewhere classified, such as baking powder, yeast, and other leavenin",,1,0,,,,not contacted,,,
340,99551094,"Dietz & Watson, Inc.",unclassified food/bev mfr,,Philadelphia,Pennsylvania,http://www.dietzandwatson.com,9.9551094E7,900,Private,"Dietz & Watson, Inc.",311611,"Dietz & Watson, Inc. is primarily engaged in the slaughtering, for their own account or on a contract basis for the trade, of cattle, hogs, sheep, lambs, and calves for meat to be sold or to be used o",Kanubhai Patel — Principal,3,0,,,,not contacted,,,
341,99516380,"Maple Donuts, LLC",unclassified food/bev mfr,,York,Pennsylvania,http://www.mapledonuts.com,9.951638E7,250,Private,"Maple Donuts, LLC",311812,"Maple Donuts, Llc is primarily engaged in manufacturing fresh or frozen bread and bread-type rolls and fresh cakes, pies, pastries and other similar ""perishable"" bakery products.",Greg Somerville — Chief Executive Officer,3,3,,,,not contacted,,,
342,99440292,"Quali Tech, Inc.",unclassified food/bev mfr,,Chaska,Minnesota,http://www.qualitechco.com,9.9440292E7,225,Private,"MidOcean US Advisor, L.P.",311119,"Quali Tech, Inc. is primarily engaged in manufacturing prepared feeds and feed ingredients and adjuncts for animals and fowls, except dogs and cats. Included in this industry are poultry and livestock",,1,0,,,,not contacted,,,
343,99322784,SunOpta Grains and Foods Inc.,unclassified food/bev mfr,,Eden Prairie,Minnesota,http://www.sunopta.com,9.9322784E7,185,Private,SunOpta LLC,311211,"Sunopta Grains And Foods Inc. is primarily engaged in milling flour or meal from grain, except rice. The products of flour mills may be sold plain or in the form of prepared mixes or doughs for specif",Peter Reinecke — Vice President Marketing,3,2,,,,not contacted,,,
344,99277252,American Italian Pasta Company,unclassified food/bev mfr,,Excelsior Springs,Missouri,http://treehousefoods2023rb.q4web.com,9.9277252E7,243,Private,"Winland Foods, Inc.",311999,"American Italian Pasta Company (AIPC) uses its noodle in many ways. The company is one of the biggest makers of dry pasta in North America, by volume, offering some 300 different pasta shapes and 3,10",Kristy Waterman — Vice President General Counsel Corporate Secretary,3,0,,,,not contacted,,,
345,99145287,Tony Downs Foods Co.,unclassified food/bev mfr,,Madelia,Minnesota,http://www.downsfoodgroup.com,9.9145287E7,350,Private,Tony Downs Foods Co.,311615,"Tony Downs Foods Co. is primarily engaged in slaughtering, dressing, packing, freezing, and canning poultry, rabbits, and other small game, or in manufacturing products from such meats, for their own ",Dick Downs — Chief Executive Officer,3,0,,,,not contacted,,,
346,99037163,Algood Food Company,unclassified food/bev mfr,,Louisville,Kentucky,http://www.algoodfood.com,9.9037163E7,350,Private,Algood Food Company,311911,"Algood Food Company is primarily engaged in manufacturing prepared foods and miscellaneous food specialties, not elsewhere classified, such as baking powder, yeast, and other leavening compounds; pean",,1,0,,,,not contacted,,,
347,98599998,"Raymundos Food Group, LLC",unclassified food/bev mfr,,Bedford Park,Illinois,http://www.raymundos.com,9.8599998E7,169,Private,,311999,"Raymundos Food Group, Llc is primarily engaged in manufacturing prepared foods and miscellaneous food specialties, not elsewhere classified, such as baking powder, yeast, and other leavening compounds",Maya Glinberg — Chief Financial Officer,3,2,,,,not contacted,,,
348,98539093,"Europastry USA, Inc.",unclassified food/bev mfr,,Ronkonkoma,New York,http://www.europastry.com,9.8539093E7,425,Private,"Europastry USA, Inc.",311812,"Europastry Usa, Inc. is primarily engaged in manufacturing fresh or frozen bread and bread-type rolls and fresh cakes, pies, pastries and other similar ""perishable"" bakery products.",Jeanfrancois Duquesne — Chief Executive Officer,3,0,,,,not contacted,,,
349,98231667,"Mars Food US, LLC",unclassified food/bev mfr,,Rancho Dominguez,California,,9.8231667E7,616,Private,"Mars, Incorporated",311999,"Mars Food Us, Llc is primarily engaged in manufacturing prepared foods and miscellaneous food specialties, not elsewhere classified, such as baking powder, yeast, and other leavening compounds; peanut",,1,0,,,,not contacted,,,
350,98196693,Vita Plus Corporation,unclassified food/bev mfr,,Madison,Wisconsin,http://www.vitaplus.com,9.8196693E7,450,Private,VP Holdings Corporation,311119,"Vita Plus Corporation is primarily engaged in manufacturing prepared feeds and feed ingredients and adjuncts for animals and fowls, except dogs and cats. Included in this industry are poultry and live",,1,0,,,,not contacted,,,
351,97502457,"Land O'Frost, Inc.",unclassified food/bev mfr,,Lansing,Illinois,http://www.landofrost.com,9.7502457E7,900,Private,"Land O'Frost, Inc.",311991,"Land O'Frost makes meat that's sandwich-worthy. As the nation's largest family-owned brand of packaged deli meat, Land O'Frost produces lunch and deli meats, such as beef, chicken, turkey, Canadian ba",George Smolar — Chief Financial Officer,3,0,,,,not contacted,,,
352,97308372,"JTM Provisions Company, Inc.",unclassified food/bev mfr,,Harrison,Ohio,http://www.jtmfoodgroup.com,9.7308372E7,700,Private,"JTM Provisions Company, Inc.",311412,"JTM Provisions (also known as JTM Food Group) specializes in menu solutions that deliver superior results to the foodservice industry. JTM also supplies appetizer dips, sides and entrees, Italian sauc",Noah Gebremariam — Principal,3,0,,,,not contacted,,,
353,97277206,"Bartels Packing, Inc.",unclassified food/bev mfr,,Eugene,Oregon,http://www.bartelsnw.com,9.7277206E7,161,Private,"Bartels Packing, Inc.",311611,"Bartels Packing, Inc. is primarily engaged in the slaughtering, for their own account or on a contract basis for the trade, of cattle, hogs, sheep, lambs, and calves for meat to be sold or to be used ",Christopher Bartels — President,3,0,,,,not contacted,,,
354,97041565,"Martin's Famous Pastry Shoppe, Inc.",unclassified food/bev mfr,,Chambersburg,Pennsylvania,http://www.potatorolls.com,9.7041565E7,464,Private,"Martin's Famous Pastry Shoppe, Inc.",311812,"Martin's Famous Pastry Shoppe, Inc. is primarily engaged in manufacturing fresh or frozen bread and bread-type rolls and fresh cakes, pies, pastries and other similar ""perishable"" bakery products.",Ronald Gipe — Vice President,3,1,,,,not contacted,,,
355,97026649,Impossible Foods Inc.,unclassified food/bev mfr,,Redwood City,California,http://www.impossiblefoods.com,9.7026649E7,356,Private,Impossible Foods Inc.,311999,"Impossible Foods Inc. is primarily engaged in manufacturing prepared foods and miscellaneous food specialties, not elsewhere classified, such as baking powder, yeast, and other leavening compounds; pe",Craig Resnick — Principal National Account Executive,3,0,,,,not contacted,,,
356,96890335,"House of Raeford Farms of Louisiana, L.L.C.",unclassified food/bev mfr,,Arcadia,Louisiana,http://www.houseofraeford.com,9.6890335E7,700,Private,"Nash Johnson & Sons` Farms, Inc.",311615,"House Of Raeford Farms Of Louisiana, L.L.C. is primarily engaged in slaughtering, dressing, packing, freezing, and canning poultry, rabbits, and other small game, or in manufacturing products from suc",,3,3,,,,not contacted,,,
357,96851044,"Holsum De Puerto Rico, Inc .",unclassified food/bev mfr,,TOA Baja,Puerto Rico,http://www.holsumpr.com,9.6851044E7,900,Private,"Holsum De Puerto Rico, Inc .",311812,"Holsum De Puerto Rico, Inc . is primarily engaged in manufacturing fresh or frozen bread and bread-type rolls and fresh cakes, pies, pastries and other similar ""perishable"" bakery products.",Ramon Calderon — President,3,0,,,,not contacted,,,
358,96788170,PARK 100 FOODS LLC,unclassified food/bev mfr,,Tipton,Indiana,http://www.park100foods.com,9.678817E7,300,Private,PARK 100 FOODS LLC,311612,"Park 100 Foods Llc is primarily engaged in manufacturing sausages, cured meats, smoked meats, canned meats, frozen meats, and other prepared meats and meat specialties, from purchased carcasses and ot",Thom Bondus — Chief Financial Officer,3,0,,,,not contacted,,,
359,96644249,"Spindrift Beverage Co., Inc.",unclassified food/bev mfr,,Newton,Massachusetts,http://www.drinkspindrift.com,9.6644249E7,200,Private,"Spindrift Beverage Co., Inc.",312111,"Spindrift Beverage Co., Inc. is primarily engaged in manufacturing soft drinks and carbonated waters.",Chad Palma — President Of Sales,3,1,,,,not contacted,,,
360,96621758,Minn-Dak Farmers Cooperative,unclassified food/bev mfr,,Wahpeton,North Dakota,http://www.mdf.coop,9.6621758E7,455,Private,Minn-Dak Farmers Cooperative,311340,"Minn-Dak Farmers Cooperative serves sugar beet growers in the Red River Valley of Minnesota, North Dakota, and South Dakota. Headquartered in Wahpeton, North Dakota, the co-op processes its sugar beet",Kurt Wickstrom — president ceo,3,0,,,,not contacted,,,
361,95971626,"The Wine Group, Inc.",unclassified food/bev mfr,,Ripon,California,http://www.thewinegroup.com,9.5971626E7,250,Private,The Wine Group LLC,312130,"One of the largest wine producers in the world, The Wine Group (TWG) offers bargain and premium table wines (bottled and boxed). The company takes pride in producing award-winning, quality wine for al",Aren Korte — Executive Vice President,3,3,,,,not contacted,,,
362,95845589,"Rotella's Italian Bakery, Inc.",unclassified food/bev mfr,,La Vista,Nebraska,http://www.rotellasbakery.com,9.5845589E7,470,Private,"Rotella's Italian Bakery, Inc.",445291,"Rotella's Italian Bakery, Inc. is primarily engaged in the retail sale of bakery products. The products may be purchased from others or made on the premises.",Bradley Costanzo — Chief Financial Officer,3,0,,,,not contacted,,,
363,95628372,"Pepsico Caribbean, Inc.",unclassified food/bev mfr,,Guaynabo,Puerto Rico,,9.5628372E7,600,Private,"PepsiCo, Inc.",311612,"Pepsico Caribbean, Inc. is primarily engaged in manufacturing sausages, cured meats, smoked meats, canned meats, frozen meats, and other prepared meats and meat specialties, from purchased carcasses a",Amneris Marrero — Chief Financial Officer Public Relations,3,1,,,,not contacted,,,
364,95512901,Jimmy's Gourmet Bakery LLC,unclassified food/bev mfr,,Clifton,New Jersey,http://www.jimmyscookies.com,9.5512901E7,130,Partnership,Jimmy's Gourmet Bakery LLC,311821,"Jimmy's Gourmet Bakery Llc is primarily engaged in manufacturing fresh cookies, crackers, pretzels, and similar ""dry"" bakery products.",Deborah Kinzley — Chief Financial Officer,3,2,,,,not contacted,,,
365,95477882,"Unix Packaging, LLC",confirmed co-man (public sweep),beverage,Montebello,California,http://www.unixpackaging.com,9.5477882E7,388,Private,"Unix Packaging, LLC",312112,"Unix Packaging, Llc is primarily engaged in manufacturing soft drinks and carbonated waters.",Ed Hickey — Chief Financial Officer,3,0,,,,not contacted,,,
366,94845093,PATCO Products LLC,unclassified food/bev mfr,,Overland Park,Kansas,http://www.patcoproducts.com,9.4845093E7,150,Private,"Kingswood Capital Management, L.P.",311999,"Patco Products Llc is primarily engaged in manufacturing prepared foods and miscellaneous food specialties, not elsewhere classified, such as baking powder, yeast, and other leavening compounds; peanu",Elina Hildebrand — Commercial Vice President,3,3,,,,not contacted,,,
367,94836510,KING & PRINCE SEAFOOD CORPORATION,unclassified food/bev mfr,,Brunswick,Georgia,http://www.kpseafood.com,9.483651E7,538,Private,"Nissui USA, Inc.",311710,"King & Prince Seafood Corporation is primarily engaged in preparing fresh and raw or cooked frozen fish and other seafoods and seafood preparations, such as soups, stews, chowders, fishcakes, crabcake",,1,0,,,,not contacted,,,
368,94809097,"Lassonde Pappas And Company, Inc.",unclassified food/bev mfr,,Cherry Hill,New Jersey,http://www.lassondepappas.com,9.4809097E7,600,Private,"Pappas Lassonde Holdings, Inc.",311421,"The Lassonde Pappas is one of the nation's leading producers of store-brand ready-to-drink fruit juices and drinks and a major maker of cranberry juices, drinks, and sauces. The company markets its pr",Brian Larson — Principal,3,0,,,,not contacted,,,
369,94802811,Einstein and Noah Corp.,unclassified food/bev mfr,,Lakewood,Colorado,http://www.einsteinbros.com,9.4802811E7,2764,Private,"Panera Brands, Inc.",445291,Einstein And Noah Corp. is primarily engaged in the retail sale of bakery products. The products may be purchased from others or made on the premises.,Darlene Graziano — Principal,3,0,,,,not contacted,,,
370,94730820,Catania-Spagna Corporation,unclassified food/bev mfr,,Ayer,Massachusetts,http://www.cataniaoils.com,9.473082E7,270,Private,Catania-Spagna Corporation,311225,"Catania-Spagna Corporation is primarily engaged in manufacturing shortening, table oils, margarine, and other edible fats and oils, not elsewhere classified.",Joseph Basile — President,3,2,,,,not contacted,,,
371,94704079,Creekstone Farms Premium Beef LLC,unclassified food/bev mfr,,Arkansas City,Kansas,http://www.creekstonefarms.com,9.4704079E7,700,Private,MARUBENI CORPORATION,311611,"Creekstone Farms Premium Beef Llc is primarily engaged in the slaughtering, for their own account or on a contract basis for the trade, of cattle, hogs, sheep, lambs, and calves for meat to be sold or",,3,0,,,,not contacted,,,
372,94627502,"Abarta, Inc.",unclassified food/bev mfr,,Pittsburgh,Pennsylvania,http://www.abarta.com,9.4627502E7,1800,Private,"Abarta, Inc.",312111,"ABARTA doesn't put all of itsbusinesses in one basket. The diverse holding companyhas four flagship subsidiaries that engagein thesoft drink beverages,Asian frozen food products,newspaper publishing, ",,1,0,,,,not contacted,,,
373,94272804,"Daisy Brand, LLC",unclassified food/bev mfr,,Dallas,Texas,http://www.daisybrand.com,9.4272804E7,938,Private,"Daisy Brand, LLC",311511,"Daisy Brand, Llc is primarily engaged in processing (e.g., pasteurizing, homogenizing, vitaminizing, bottling) fluid milk and cream, and related products, including cottage cheese, yogurt (except froz",Scott Berry — Chief Financial Officer,3,0,,,,not contacted,,,
374,94039886,"Crider, Inc.",unclassified food/bev mfr,,Stillmore,Georgia,http://www.criderfoods.com,9.4039886E7,750,Private,,311999,They may not know why the chicken crossed the road but the folks at Crider apparently have figured out how to get them to climb inside its cans. The company is a leading chicken canner in the US and m,Abby Walden — Chief Financial Officer,3,0,,,,not contacted,,,
375,93972099,"Bell-Carter Olive Packing Company, Inc.",unclassified food/bev mfr,,Walnut Creek,California,http://www.bellcarter.com,9.3972099E7,450,Private,"Bell-Carter Olive Packing Company, Inc.",311421,"Founded in 1912, Bell-Carter Foods is the largest table olive producer in the US and the second largest in the world. The California company manufactures and markets canned and jarred black and green ",Paul Adcock — Chief Financial Officer,3,0,,,,not contacted,,,
376,93918556,Snak-King LLC,confirmed co-man (public sweep),snack-bakery,City OF Industry,California,http://www.snakking.com,9.3918556E7,577,Private,Snak-King LLC,311919,"Snak-King Llc is primarily engaged in manufacturing potato chips, corn chips, and similar snacks.",,1,0,,,,not contacted,,,
377,93628784,Pacific Coast Fresh Company,unclassified food/bev mfr,,Portland,Oregon,http://www.pcfreshco.com,9.3628784E7,450,Private,Pacific Coast Fresh Company,311991,"Pacific Coast Fresh Company is primarily engaged in manufacturing prepared foods and miscellaneous food specialties, not elsewhere classified, such as baking powder, yeast, and other leavening compoun",Dan Hedeen — Chief Financial Officer,3,0,,,,not contacted,,,
378,93160362,"Melitta North America, Inc.",unclassified food/bev mfr,,Clearwater,Florida,http://www.melitta.com,9.3160362E7,350,Private,Melitta Group Management GmbH & Co. KG,311920,"Melitta North America, Inc. is primarily engaged in roasting coffee, and in manufacturing coffee concentrates and extracts in powdered, liquid, or frozen form, including freeze-dried.",,2,0,,,,not contacted,,,
379,92920364,"Gold Medal Bakery, Inc.",unclassified food/bev mfr,,Fall River,Massachusetts,http://www.goldmedalbakery.com,9.2920364E7,500,Private,"Gold Medal Bakery, Inc.",311812,"Gold Medal Bakery, Inc. is primarily engaged in manufacturing fresh or frozen bread and bread-type rolls and fresh cakes, pies, pastries and other similar ""perishable"" bakery products.",Roland Lecomte — Chief Executive Officer,3,0,,,,not contacted,,,
380,92859711,"Shasta Beverages, Inc.",unclassified food/bev mfr,,Hayward,California,http://www.shastapop.com,9.2859711E7,600,Private,"Newbevco, Inc.",312111,"Shasta Beverages, Inc. is primarily engaged in manufacturing soft drinks and carbonated waters.",Miguel Abril — Vice President,3,2,,,,not contacted,,,
381,92837357,Sugar Cane Growers Cooperative Of Florida,unclassified food/bev mfr,,Belle Glade,Florida,http://www.scgc.org,9.2837357E7,500,Nonprofit,Sugar Cane Growers Cooperative Of Florida,311314,How sweet it is. The Sugar Cane Growers Cooperative of Florida (SCGC) is a 54-member sugar farmers' cooperative that offers its members help with farms administration and provides agricultural and pla,Matthew Hoffman — President And Chief Executive Officer,3,1,,,,not contacted,,,
382,92527092,Southern Minnesota Beet Sugar Cooperative,unclassified food/bev mfr,,Renville,Minnesota,http://www.smbsc.com,9.2527092E7,610,Nonprofit,Southern Minnesota Beet Sugar Cooperative,311313,Southern Minnesota Beet Sugar Cooperative (SMBSC) offers a sweet deal to its approximately 585 member/farmers. The co-op slices about 3 million tons of Minnesota-grown sugar beets annually. Converted ,Luke Rust — Chief Operating Officer,3,0,,,,not contacted,,,
383,92437675,Mott's LLP,unclassified food/bev mfr,,Frisco,Texas,http://www.motts.com,9.2437675E7,1000,Private,Keurig Dr Pepper Inc.,311421,"Mott's puts the squeeze on its fruit and vegetable juice rivals. The company is the #1 producer of branded applesauce and apple juice in the US. Mott's products, which are available in family-sized an",,1,0,,,,not contacted,,,
384,91975433,"Wrigley Manufacturing Company, LLC",unclassified food/bev mfr,,Chicago,Illinois,http://www.mars.com,9.1975433E7,2000,Private,"Mars Wrigley Confectionery US, LLC",311340,"Wrigley Manufacturing Company, Llc is primarily engaged in manufacturing chewing gum or chewing gum base.",Igor Saveliev — Principal,3,0,,,,not contacted,,,
385,91589378,"Promotion In Motion, Inc.",unclassified food/bev mfr,,Park Ridge,New Jersey,http://www.promotioninmotion.com,9.1589378E7,425,Private,"Promotion In Motion, Inc.",311340,"Promotion In Motion, Inc. is primarily engaged in manufacturing candy, including chocolate candy, other confections, and related products.",,3,0,,,,not contacted,,,
386,91278183,Gonnella Baking Co.,unclassified food/bev mfr,,Schaumburg,Illinois,http://www.gonnella.com,9.1278183E7,350,Private,Gonnella Baking Co.,311812,"Gonnella Baking Co. is a privately owned family company and a leading manufacturer of bakery products. Operating on a coast-to-coast basis in the US, the company produces over 4 million pounds of brea",Todd Sedlacek — Chief Financial Officer,3,0,,,,not contacted,,,
387,91108299,American Beverage Corporation,unclassified food/bev mfr,,Verona,Pennsylvania,http://www.americanbeverage.org,9.1108299E7,550,Private,Harvest Hill Beverage Company,311421,"American Beverage Corporation (ABC) keeps American consumers well supplied with beverages of their choice. The company is a manufacturer and marketer of ready-to-drink cocktails, non-alcoholic cocktai",Kevin Keane — Executive Vice President Chief Financial Officer,3,0,,,,not contacted,,,
388,90883156,Pan American Grain Manufacturing Co. Inc.,unclassified food/bev mfr,,Guaynabo,Puerto Rico,http://www.panamericangrain.com,9.0883156E7,395,Private,Pan American Grain Manufacturing Co. Inc.,311999,"Pan American Grain Manufacturing Co. Inc. is primarily engaged in manufacturing prepared foods and miscellaneous food specialties, not elsewhere classified, such as baking powder, yeast, and other lea",Alberto Fernandez — Executive VicePresident,3,1,,,,not contacted,,,
389,90743500,"Schwabe North America, Incorporated",unclassified food/bev mfr,,Green Bay,Wisconsin,http://www.naturesway.com,9.07435E7,902,Private,Schwabe International SE,311999,"Schwabe North America, Incorporated is primarily engaged in manufacturing prepared foods and miscellaneous food specialties, not elsewhere classified, such as baking powder, yeast, and other leavening",Mike Devereux — CHIEF EXECUTIVE OFFICER,3,0,,,,not contacted,,,
390,90552254,"Wellness Pet, LLC",unclassified food/bev mfr,,Burlington,Massachusetts,http://www.wellnesspet.com,9.0552254E7,400,Private,"Wellness Pet, LLC",311111,"Wellness Pet Company is a major player in the premium pet food market, offering natural and science-backed food and treats for dogs and cats worldwide. Its portfolio includes well-known brands such as",Sanjay Singh — Chief Financial Officer,3,0,,,,not contacted,,,
391,90482384,Griffith Foods Inc.,unclassified food/bev mfr,,Alsip,Illinois,http://www.griffithfoods.com,9.0482384E7,440,Private,Griffith Foods Worldwide Inc.,311942,"Griffith Foods Inc. is primarily engaged in manufacturing prepared foods and miscellaneous food specialties, not elsewhere classified, such as baking powder, yeast, and other leavening compounds; pean",Robyn Kuchenthal — Principal Regulatory Specialist,3,0,,,,not contacted,,,
392,90399216,Louis Dreyfus Company Fort Bend Corp.,likely co-man (D&B description),,Sugar Land,Texas,http://www.imperialsugarcompany.com,9.0399216E7,530,Private,Louis Dreyfus Company LLC,311314,"In a rather sweet position, Imperial Sugar is one of the biggest processors and marketers of refined sugar in the US. Its white, brown, and powdered sugars are sold to retailers under name brands -- D",Louis Bolognini — SENIOR VICE PRESIDENT,3,0,,,,not contacted,,,
393,90389877,"Triumph Foods, LLC",unclassified food/bev mfr,,Saint Joseph,Missouri,http://www.triumphfoods.com,9.0389877E7,2800,Private,,311611,"Triumph Foods, Llc is primarily engaged in the slaughtering, for their own account or on a contract basis for the trade, of cattle, hogs, sheep, lambs, and calves for meat to be sold or to be used on ",Josh Kleinlein — Chief Financial Officer,3,0,,,,not contacted,,,
394,89961639,"CFC, Inc.",unclassified food/bev mfr,,Des Plaines,Illinois,http://www.cvoils.com,8.9961639E7,100,Private,"CFC, Inc.",311225,"Cfc, Inc. is primarily engaged in manufacturing shortening, table oils, margarine, and other edible fats and oils, not elsewhere classified.",,3,3,,,,not contacted,,,
395,89832748,"Woodland Foods, LLC",unclassified food/bev mfr,,Waukegan,Illinois,http://www.woodlandfoods.com,8.9832748E7,250,Private,"Woodland Foods, LLC",311423,"Woodland Foods, Llc is primarily engaged in sun drying or artificially dehydrating fruits and vegetables, or in manufacturing packaged soup mixes from dehydrated ingredients.",Dan Kucera — Chief Financial Officer,3,3,,,,not contacted,,,
396,89674568,J & J Snack Foods Corp. Of California,unclassified food/bev mfr,,Los Angeles,California,http://www.jjsnack.com,8.9674568E7,380,Private,J&J Snack Foods Corp.,311919,"J & J Snack Foods Corp. Of California is primarily engaged in manufacturing fresh cookies, crackers, pretzels, and similar ""dry"" bakery products.",Ken Plunk — Senior Vice President Chief Financial Officer,3,2,,,,not contacted,,,
397,89606415,"Alfred Nickles Bakery, Inc.",unclassified food/bev mfr,,Navarre,Ohio,http://www.nicklesbakery.com,8.9606415E7,1600,Private,"Alfred Nickles Bakery, Inc.",445291,"One of the largest independently owned bakeries in the US, Alfred Nickles Bakery manufactures and distributes a variety of baked goods. Its products include breads, buns, cakes, donuts, and pastries. ",Christine Gardner — President,3,0,,,,not contacted,,,
398,89480827,"Dakota Provisions, LLC",unclassified food/bev mfr,,Huron,South Dakota,http://www.dakotaprovisions.com,8.9480827E7,600,Private,"Dakota Provisions, LLC",311615,"Dakota Provisions, Llc is primarily engaged in slaughtering, dressing, packing, freezing, and canning poultry, rabbits, and other small game, or in manufacturing products from such meats, for their ow",Jerry Harger — Vice President Supply Chain,3,0,,,,not contacted,,,
399,89183609,"Bob's Red Mill Natural Foods, Inc.",unclassified food/bev mfr,,Portland,Oregon,http://www.bobsredmill.com,8.9183609E7,200,Private,"Bob's Red Mill Natural Foods, Inc.",311211,"Bob's Red Mill Natural Foods, a leader in nutritious, organic, and gluten-free foods, offers a diverse line of about 400 products, including oats, baking flours and mixes, granola, grab-and-go snacks,",Bill Lozier — Chief Operating Officer,3,2,,,,not contacted,,,
400,89038658,"Emmi Roth USA, Inc.",unclassified food/bev mfr,,Stoughton,Wisconsin,http://www.emmiroth.com,8.9038658E7,231,Private,Emmi Schweiz AG,311513,"Emmi Roth Usa, Inc. is primarily engaged in manufacturing natural cheese (except cottage cheese), processed cheese, cheese foods, cheese spreads, and cheese analogs (imitations and substitutes). These",,3,3,,,,not contacted,,,
401,88733971,Interbake Foods LLC,unclassified food/bev mfr,,Downers Grove,Illinois,http://www.interbake.com,8.8733971E7,1031,Private,"Hearthside Food Solutions, LLC",311821,"Interbake Foods is for consumers who want a balanced diet; it makes a cookie for each hand. Founded in 1899, the company is one of the nation's biggest manufacturers of cookies and crackers. It suppli",Raymond Baxter — President,3,0,,,,not contacted,,,
402,88522705,"Sun Basket, Inc.",unclassified food/bev mfr,,San Francisco,California,http://www.sunbasket.com,8.8522705E7,435,Private,"Sun Basket, Inc.",311991,"Sun Basket, Inc. is primarily engaged in manufacturing prepared foods and miscellaneous food specialties, not elsewhere classified, such as baking powder, yeast, and other leavening compounds; peanut ",Brady Onishi — Chief Financial Officer,3,0,,,,not contacted,,,
403,88189667,"Feihe International, Inc.",unclassified food/bev mfr,,San Marino,California,,8.8189667E7,4932,Private,"Feihe International, Inc.",311514,"Feihe International, Inc. is primarily engaged in manufacturing dry, condensed, and evaporated dairy products. This also includes manufacturing mixes for the preparation of frozen ice cream and ice mi",Hua Liu — Vice President,3,1,,,,not contacted,,,
404,87637917,"Zentis North America, LLC",unclassified food/bev mfr,,Philadelphia,Pennsylvania,http://www.zentis.de,8.7637917E7,300,Private,Zentis Fruchtwelt GmbH & Co. KG,311421,"Zentis North America, Llc is primarily engaged in canning fruits, vegetables, and fruit and vegetable juices; and in manufacturing catsup and similar tomato sauces, or natural and imitation preserves,",Nico Stobinski — President Ceo,3,0,,,,not contacted,,,
405,87581154,"Central Valley Meat Co., Inc.",unclassified food/bev mfr,,Hanford,California,http://www.centralvalleymeat.com,8.7581154E7,900,Private,"Central Valley Meat Co., Inc.",311611,"Central Valley Meat Co., Inc. is primarily engaged in the slaughtering, for their own account or on a contract basis for the trade, of cattle, hogs, sheep, lambs, and calves for meat to be sold or to ",Brian Coelho — President CEO,3,0,,,,not contacted,,,
406,86948097,"CS Beef Packers, LLC",unclassified food/bev mfr,,Kuna,Idaho,http://www.csbeefpackers.com,8.6948097E7,856,Private,,311611,"Cs Beef Packers, Llc is primarily engaged in the slaughtering, for their own account or on a contract basis for the trade, of cattle, hogs, sheep, lambs, and calves for meat to be sold or to be used o",,3,0,,,,not contacted,,,
407,86678429,"Premio Foods, Inc.",unclassified food/bev mfr,,Fair Lawn,New Jersey,http://www.premiofoods.com,8.6678429E7,160,Private,"Premio Foods, Inc.",311612,"Premio Foods, Inc. is primarily engaged in manufacturing sausages, cured meats, smoked meats, canned meats, frozen meats, and other prepared meats and meat specialties, from purchased carcasses and ot",Steven Cinque — Vice President,3,1,,,,not contacted,,,
408,85848297,"Nutra-Blend, L.L.C.",unclassified food/bev mfr,,Neosho,Missouri,http://www.nutrablend.com,8.5848297E7,494,Private,"Land O'Lakes, Inc.",311119,"Nutra-Blend, L.L.C. is primarily engaged in manufacturing prepared feeds and feed ingredients and adjuncts for animals and fowls, except dogs and cats. Included in this industry are poultry and livest",Scott Cooper — Chief Financial Officer,3,0,,,,not contacted,,,
409,85526733,"Riverview, LLP",unclassified food/bev mfr,,Morris,Minnesota,http://www.riverviewllp.com,8.5526733E7,1300,Partnership,,311611,"Riverview, Llp is primarily engaged in the slaughtering, for their own account or on a contract basis for the trade, of cattle, hogs, sheep, lambs, and calves for meat to be sold or to be used on the ",Mitch Fehr — Chief Executive Officer,3,0,,,,not contacted,,,
410,85419518,"Transhumance Holding Company, Inc.",unclassified food/bev mfr,,Sacramento,California,,8.5419518E7,400,Private,"Transhumance Holding Company, Inc.",311611,"Transhumance Holding Company, Inc. is primarily engaged in the slaughtering, for their own account or on a contract basis for the trade, of cattle, hogs, sheep, lambs, and calves for meat to be sold o",Seth Robinson — Chief Financial Officer,3,0,,,,not contacted,,,
411,85325409,"Summit Hill Foods, Inc.",unclassified food/bev mfr,,Rome,Georgia,http://www.shfoods.com,8.5325409E7,215,Private,"Summit Hill Foods, Inc.",311999,"Summit Hill Foods, Inc. is primarily engaged in manufacturing prepared foods and miscellaneous food specialties, not elsewhere classified, such as baking powder, yeast, and other leavening compounds; ",Peter Hjort — Chief Executive Officer,3,0,,,,not contacted,,,
412,85186493,"Setton's International Foods, Inc.",unclassified food/bev mfr,,Commack,New York,http://www.settonfarms.com,8.5186493E7,370,Private,"Setton's International Foods, Inc.",311423,"You might say this company is nuts about pistachios. A leading producer of nuts, edible seeds, and other snacks, Setton International Foods is one of the largest pistachio processors in the US, with m",Harris Cohen — Principal,3,1,,,,not contacted,,,
413,85076477,"Mount Olive Pickle Company, Inc.",unclassified food/bev mfr,,Mount Olive,North Carolina,http://www.mtolivepickles.com,8.5076477E7,600,Private,"Mount Olive Pickle Company, Inc.",311421,"Mount Olive Pickle Company makes pickled products preferred by persnickety people. The company's pickles are the #1 selling brand in the southeastern US and a top seller across the nation. Every year,",Robert Frye — President,3,0,,,,not contacted,,,
414,84910042,"Central Coca-Cola Bottling Company, Inc.",unclassified food/bev mfr,,Elmsford,New York,http://www.coca-cola.com,8.4910042E7,2100,Private,"Coca-Cola Refreshments USA, LLC",312111,"Central Coca-Cola Bottling Company, Inc. is primarily engaged in manufacturing soft drinks and carbonated waters.",Palmer Vicki — Executive Vice President,3,0,,,,not contacted,,,
415,84745934,"TH Foods, Inc.",unclassified food/bev mfr,,Loves Park,Illinois,http://www.thfoods.com,8.4745934E7,300,Private,"KAMEDA SEIKA CO.,LTD.",311821,"Th Foods, Inc. is primarily engaged in manufacturing fresh cookies, crackers, pretzels, and similar ""dry"" bakery products.",Steve Polonowski — Executive Vice President Growth And Innovation,3,3,,,,not contacted,,,
416,84549301,Brill Bakery Solutions LLC,unclassified food/bev mfr,,Tucker,Georgia,,8.4549301E7,721,Private,"Rise Baking Company, LLC",311821,"A trusted brand since 1928, Brill's superior formulations for its products have been relied upon by retail bakeries and foodservice operators for almost a century. Its products include icings, glazes,",,3,0,,,,not contacted,,,
417,83966232,Magic Spoon Inc.,unclassified food/bev mfr,,New York,New York,http://www.magicspoon.com,8.3966232E7,55,Private,,311230,"Magic Spoon Inc. is primarily engaged in manufacturing cereal breakfast foods and related preparations, except breakfast bars.",Gregory Sewitz — Chief Executive Officer,3,3,,,,not contacted,,,
418,82706741,United Dairymen of Arizona,unclassified food/bev mfr,,Tempe,Arizona,http://www.uda.coop,8.2706741E7,502,Nonprofit,United Dairymen of Arizona,311511,"United Dairymen of Arizona is a family-owned dairy cooperative founded in 1960. As one of the oldest and largest agricultural cooperatives in Arizona, it supports local dairy farm families and milk pr",Paul Rovey — PRESIDENT,3,0,,,,not contacted,,,
419,81679474,"OBS SMOKED & DISTRIBUTION, LLC",unclassified food/bev mfr,,Renton,Washington,http://www.oceanbeauty.com,8.1679474E7,300,Private,"OBS SMOKED & DISTRIBUTION, LLC",311710,"Obs Smoked & Distribution, Llc is primarily engaged in cooking and canning fish, shrimp, oysters, clams, crabs, and other seafoods, including soups; and those engaged in smoking, salting, drying, or o",,3,2,,,,not contacted,,,
420,81651741,"REI Enterprises, LLC",unclassified food/bev mfr,,Rembrandt,Iowa,http://www.rembrandtfoods.com,8.1651741E7,700,Private,AGR Partners LLC,311999,Rembrandt Enterprises (doing business as Rembrandt Foods) has less to do with old European art masters and more to do with the modern American mastery of the art of egg production. As an egg producer ,Daryl Berg — President,3,0,,,,not contacted,,,
421,81514320,"Stahlbush Island Farms, Inc.",unclassified food/bev mfr,,Corvallis,Oregon,http://www.stahlbush.com,8.151432E7,1000,Private,"Stahlbush Island Farms, Inc.",311411,"Stahlbush Island Farms, Inc. is primarily engaged in freezing fruits, fruit juices, and vegetables. These establishments also produce important byproducts such as fresh or dried citrus pulp.",William Chambers — President,3,0,,,,not contacted,,,
422,81398827,"Overhill Farms, Inc.",likely co-man (D&B description),,Vernon,California,http://www.overhillfarms.com,8.1398827E7,94,Private,"Bellisio Foods, Inc",311999,"Overhill Farms delivers America's favorite staples to the frozen-food aisle. It custom-makes frozen entres, including beef, chicken, pasta, and seafood meals, as well as soups, sauces, and side items ",James Rudis — President,3,0,,,,not contacted,,,
423,81181496,"Thumann, Incorporated",unclassified food/bev mfr,,Carlstadt,New Jersey,http://www.thumanns.com,8.1181496E7,205,Private,"Thumann, Incorporated",311612,"Thumann, Incorporated is primarily engaged in manufacturing sausages, cured meats, smoked meats, canned meats, frozen meats, and other prepared meats and meat specialties, from purchased carcasses and",Robert Burke — President,3,1,,,,not contacted,,,
424,80953423,"See's Candies, Inc.",unclassified food/bev mfr,,San Francisco,California,http://www.sees.com,8.0953423E7,2500,Private,"See's Candy Shops, Incorporated",311340,"See's Candies, Inc. is primarily engaged in manufacturing candy, including chocolate candy, other confections, and related products.",Courtney Cohen — Senior Vice President Sales And Customer Experience,3,0,,,,not contacted,,,
425,80920715,"United Dairy, Inc.",unclassified food/bev mfr,,Martins Ferry,Ohio,http://www.drinkunited.com,8.0920715E7,650,Private,"United Dairy, Inc.",311511,"United Dairy, Inc. is primarily engaged in processing (e.g., pasteurizing, homogenizing, vitaminizing, bottling) fluid milk and cream, and related products, including cottage cheese, yogurt (except fr",James Carson — Vice President Of Sales And Marketing,3,0,,,,not contacted,,,
426,79055603,"Crystal Valley Farms, LLC",unclassified food/bev mfr,,Orland,Indiana,http://www.millerpoultry.com,7.9055603E7,560,Private,"Crystal Valley Farms, LLC",311615,"Crystal Valley Farms, Llc is primarily engaged in slaughtering, dressing, packing, freezing, and canning poultry, rabbits, and other small game, or in manufacturing products from such meats, for their",Stuart Blackburn — Chief Financial Officer,3,0,,,,not contacted,,,
427,78602081,"United Animal Health, Inc.",unclassified food/bev mfr,,Sheridan,Indiana,http://www.jbsunited.com,7.8602081E7,539,Private,"United Animal Health, Inc.",311119,"United Animal Health, Inc. is primarily engaged in manufacturing prepared feeds and feed ingredients and adjuncts for animals and fowls, except dogs and cats. Included in this industry are poultry and",Trent Torrance — Chief Operating Officer,3,0,,,,not contacted,,,
428,77729088,"Taylor Farms Northwest, LLC",unclassified food/bev mfr,,Kent,Washington,http://www.taylorfarms.com,7.7729088E7,20000,Private,"Taylor Fresh Foods, Inc.",311991,"Taylor Farms Northwest, Llc is primarily engaged in manufacturing prepared foods and miscellaneous food specialties, not elsewhere classified, such as baking powder, yeast, and other leavening compoun",,3,0,,,,not contacted,,,
429,77369362,Great Western Malting Co.,unclassified food/bev mfr,,Vancouver,Washington,http://www.greatwesternmalting.com,7.7369362E7,150,Private,UNITED MALT GROUP PTY LIMITED,311213,Great Western Malting Co. is primarily engaged in manufacturing malt or malt byproducts from barley or other grains.,Kimball Hunt — Principal,3,2,,,,not contacted,,,
430,77161369,S. Martinelli & Company,unclassified food/bev mfr,,Watsonville,California,http://www.martinellis.com,7.7161369E7,195,Private,S. Martinelli & Company,311999,"S. Martinelli & Company is primarily engaged in manufacturing prepared foods and miscellaneous food specialties, not elsewhere classified, such as baking powder, yeast, and other leavening compounds; ",Stephen Martinelli — President,3,2,,,,not contacted,,,
431,76972694,"Pepsi-Cola Puerto Rico Distributing, LLC",unclassified food/bev mfr,,TOA Baja,Puerto Rico,http://www.puertoricoindex.com,7.6972694E7,726,Private,"Pepsi-Cola Metropolitan Bottling Company, Inc.",312111,"Pepsi-Cola Puerto Rico Distributing, Llc is primarily engaged in manufacturing soft drinks and carbonated waters.",,1,0,,,,not contacted,,,
432,76926735,"Westward Seafoods, Inc.",unclassified food/bev mfr,,Bellevue,Washington,http://www.westwardseafoods.com,7.6926735E7,204,Private,"Maruha Capital Investment, Inc.",311710,"If you're looking for a summer job on an Alaskan fishing boat, go Westward, young man. Westward Seafoods processes ocean-going fin fish, crab, and surimi. Processing is done either in the company's pl",Mark Johahnson — Vice President Accounting,3,0,,,,not contacted,,,
433,76720764,PlantBased Innovations LLC,unclassified food/bev mfr,,Leominster,Massachusetts,http://www.plantbasedinnovations.com,7.6720764E7,110,Private,,311511,"Plantbased Innovations Llc is primarily engaged in processing (e.g., pasteurizing, homogenizing, vitaminizing, bottling) fluid milk and cream, and related products, including cottage cheese, yogurt (e",Dharm Khalsa — Chief Financial Officer,2,0,,,,not contacted,,,
434,75000000,"Fresh Brew Group USA, L.P.",unclassified food/bev mfr,,Houston,Texas,http://www.freshbrewgroup.com,7.5E7,50,Partnership,,311920,"Fresh Brew Group Usa, L.P. is primarily engaged in roasting coffee, and in manufacturing coffee concentrates and extracts in powdered, liquid, or frozen form, including freeze-dried.",Fenton Allen — Chief Operating Officer,3,1,,,,not contacted,,,
435,74000000,"DrinkPAK, LLC",confirmed co-man (public sweep),beverage,Santa Clarita,California,http://www.drinkpak.com,7.4E7,600,Private,"DrinkPAK, LLC",312111,"Drinkpak, Llc is primarily engaged in manufacturing soft drinks and carbonated waters.",Brian Aster — Chief Financial Officer,3,0,,,,not contacted,,,
436,73957848,Ornua (Whitehall) Ingredients Inc.,unclassified food/bev mfr,,Whitehall,Wisconsin,http://www.ornuaingredientsnorthamerica.com,7.3957848E7,474,Private,ORNUA LIMITED,311513,"Ornua (Whitehall) Ingredients Inc. is primarily engaged in manufacturing natural cheese (except cottage cheese), processed cheese, cheese foods, cheese spreads, and cheese analogs (imitations and subs",,1,0,,,,not contacted,,,
437,73265793,"Kuna Meat Company, Inc.",unclassified food/bev mfr,,Dupo,Illinois,http://www.kunafoodservice.com,7.3265793E7,430,Private,"Kuna Meat Company, Inc.",311611,"Kuna Meat Company, Inc. is primarily engaged in the slaughtering, for their own account or on a contract basis for the trade, of cattle, hogs, sheep, lambs, and calves for meat to be sold or to be use",John Schuler — Senior Vice President,3,0,,,,not contacted,,,
438,72652573,LIPTON TEA MANUFACTURING USA LLC,unclassified food/bev mfr,,Suffolk,Virginia,,7.2652573E7,330,Private,CVC ADVISERS LIMITED,311920,"Lipton Tea Manufacturing Usa Llc is primarily engaged in manufacturing prepared foods and miscellaneous food specialties, not elsewhere classified, such as baking powder, yeast, and other leavening co",Racquel Mason — President,2,0,,,,not contacted,,,
439,72318588,"Foodlink, Inc.",unclassified food/bev mfr,,Rochester,New York,http://www.foodlinkny.org,7.2318588E7,110,Nonprofit,,311991,"Foodlink, Inc. is primarily engaged in manufacturing prepared foods and miscellaneous food specialties, not elsewhere classified, such as baking powder, yeast, and other leavening compounds; peanut bu",Julia Tedesco — Chief Executive Officer,3,1,,,,not contacted,,,
440,71652946,Schwebel Baking Company,unclassified food/bev mfr,,Youngstown,Ohio,http://www.schwebels.com,7.1652946E7,1290,Private,Schwebel Baking Company,311812,"Schwebel Baking produces a noseful of wonderful aromas. As one of the fastest-growing independent wholesale bakers in America, it bakes bagels, bread, buns, rolls, pita bread, and tortillas for the co",Steve Cooper — President Chief Executive Officer,3,0,,,,not contacted,,,
441,71436920,Star of the West Milling Company,unclassified food/bev mfr,,Frankenmuth,Michigan,http://www.starofthewest.com,7.143692E7,239,Private,Star of the West Milling Company,311211,"All hands are on the mill floor at Star of the West Milling. The company operates five flour mills in four US states an about 10 storage elevators. The mills and elevators store and process wheat, cor",,3,3,,,,not contacted,,,
442,71393661,Bay View Food Products Company,unclassified food/bev mfr,,Pinconning,Michigan,http://www.mrchipsforpickles.com,7.1393661E7,450,Private,Bay View Food Products Company,311421,"It's a pickle-lover's paradise.Bay View Foods is one of the nation's largest briners of pickling cucumbers. The company washes, grades, sorts, and pickles the cukes, using eitherits in-house recipe or",,1,0,,,,not contacted,,,
443,71336029,Mark Anthony Brands Inc.,unclassified food/bev mfr,,Chicago,Illinois,http://www.markanthony.com,7.1336029E7,492,Private,MARK ANTHONY AMERICA INC.,312130,"Mark Anthony Brands Inc. is primarily engaged in manufacturing wines, brandy, and brandy spirits. This industry also includes bonded wine cellars which are engaged in blending wines.",David Barnett — President,3,0,,,,not contacted,,,
444,71333305,"Azteca Milling, L.P.",unclassified food/bev mfr,,Irving,Texas,http://www.gruma.com,7.1333305E7,403,Partnership,Gruma Corporation,311211,"Azteca Milling, L.P. is primarily engaged in milling flour or meal from grain, except rice. The products of flour mills may be sold plain or in the form of prepared mixes or doughs for specific purpos",Barry Runyon — Chief Operating Officer,3,0,,,,not contacted,,,
445,70524292,"Pure's Food Specialties, LLC",unclassified food/bev mfr,,Broadview,Illinois,http://www.puresfood.com,7.0524292E7,1300,Private,"Pure's Food Specialties, LLC",311821,"Pure's Food Specialties, Llc is primarily engaged in manufacturing fresh cookies, crackers, pretzels, and similar ""dry"" bakery products.",David Sekalias — Chief Financial Officer,3,0,,,,not contacted,,,
446,69977165,"Good Foods Group, LLC",unclassified food/bev mfr,,Pleasant Prairie,Wisconsin,http://www.goodfoods.com,6.9977165E7,325,Private,"Good Foods Group, LLC",311941,"Good Foods Group, Llc is primarily engaged in pickling and brining fruits and vegetables, and in manufacturing salad dressings, vegetable relishes, sauces, and seasonings.",Jeff Mcmahon — Chief Financial Officer,3,0,,,,not contacted,,,
447,69431160,Precept Brands LLC,unclassified food/bev mfr,,Seattle,Washington,http://www.preceptwine.com,6.943116E7,300,Private,Precept Brands LLC,312130,"Precept Brands Llc is primarily engaged in manufacturing wines, brandy, and brandy spirits. This industry also includes bonded wine cellars which are engaged in blending wines.",Scott Bassin — Chief Executive Designer,3,2,,,,not contacted,,,
448,68961296,"Simply Delicious, Inc.",unclassified food/bev mfr,,Loveland,Colorado,http://www.eatbobos.com,6.8961296E7,550,Private,"Simply Delicious, Inc.",311812,"Simply Delicious, Inc. is primarily engaged in manufacturing fresh or frozen bread and bread-type rolls and fresh cakes, pies, pastries and other similar ""perishable"" bakery products.",Tj McIntyre — Chief Executive Officer,3,0,,,,not contacted,,,
449,68938385,Stateside Brands LLC,unclassified food/bev mfr,,Philadelphia,Pennsylvania,http://www.statesidevodka.com,6.8938385E7,279,Private,,312140,"Stateside Brands Llc is primarily engaged in manufacturing alcoholic liquors by distillation, and in manufacturing cordials and alcoholic cocktails by blending processes or by mixing liquors and other",Matthew Quigley — President,3,0,,,,not contacted,,,
450,68636642,"Pan American Grain Company, Inc.",unclassified food/bev mfr,,Guaynabo,Puerto Rico,http://www.panamericangrain.com,6.8636642E7,198,Private,Pan American Grain Manufacturing Co. Inc.,311119,"Pan American Grain Company, Inc. is primarily engaged in manufacturing prepared feeds and feed ingredients and adjuncts for animals and fowls, except dogs and cats. Included in this industry are poult",Eduardo Fernandez — Executive Vice President,3,1,,,,not contacted,,,
451,68261688,"Virginia Dare Extract Co., Inc.",unclassified food/bev mfr,,Brooklyn,New York,http://www.virginiadare.com,6.8261688E7,175,Private,"Virginia Dare Extract Co., Inc.",311942,"Virginia Dare Extract Co., Inc. is primarily engaged in manufacturing flavoring extracts, syrups, powders, and related products, not elsewhere classified, for soda fountain use or for the manufacture ",Howard Smith — Chief Executive Officer,3,2,,,,not contacted,,,
452,67224915,Daniele International LLC,unclassified food/bev mfr,,Mapleville,Rhode Island,http://www.delducafood.com,6.7224915E7,600,Private,Daniele International LLC,311612,"Daniele International Llc is primarily engaged in manufacturing sausages, cured meats, smoked meats, canned meats, frozen meats, and other prepared meats and meat specialties, from purchased carcasses",Tim Shanley — PresidentCeo,3,0,,,,not contacted,,,
453,66665901,Leprino Foods Company,likely co-man (D&B description),,Denver,Colorado,http://www.leprinofoods.com,6.666590100000001E7,4000,Private,Leprino Foods Company,311513,Leprino Foods Co (Leprino) is a provider of cheese and dairy ingredients Products. The company manufactures mozzarella cheese and exports whey products. It provides various cheeses including lite mozz,Lance Fitzsimmons — President Chief Executive Officer,3,0,,,,not contacted,,,
454,66329117,"NewAge, Inc.",unclassified food/bev mfr,,Midvale,Utah,http://www.newagebev.com,6.6329117E7,1350,Public,"NewAge, Inc.",312120,"Newage, Inc. is primarily engaged in manufacturing malt beverages.",Myles Burcham — Principal,3,0,,,,not contacted,,,
455,66317436,"American Fruits and Flavors, LLC",unclassified food/bev mfr,,San Fernando,California,http://www.americanfruits-flavors.com,6.6317436E7,190,Private,Monster Beverage Corporation,311930,"American Fruits And Flavors, Llc is primarily engaged in manufacturing flavoring extracts, syrups, powders, and related products, not elsewhere classified, for soda fountain use or for the manufacture",Nic Campbell — Senior Vice President Of Global Operations,3,3,,,,not contacted,,,
456,66287865,"Simply Good Foods USA, Inc.",unclassified food/bev mfr,,Denver,Colorado,http://www.thesimplygoodfoodscompany.com,6.6287865E7,225,Private,The Simply Good Foods Company,311999,"Atkins is first and foremost, a whole foods program. It offers meal plans, over 1,600 recipes, carb counters, quick-start guides, a new Eat Right, Not Less Guidebook, a mobile app that's free to sign ",Caroline Ford — Principal Ecologist,3,2,,,,not contacted,,,
457,65692466,"Flavor Producers, LLC",unclassified food/bev mfr,,West Hills,California,http://www.flavorproducers.com,6.569246699999999E7,200,Private,"Flavor Producers, LLC",311930,"Flavor Producers, Llc is primarily engaged in manufacturing flavoring extracts, syrups, powders, and related products, not elsewhere classified, for soda fountain use or for the manufacture of soft dr",,1,0,,,,not contacted,,,
458,65462883,"Peppers Unlimited Of Louisiana, Inc.",unclassified food/bev mfr,,Saint Martinville,Louisiana,http://www.peppersunlimitedofla.com,6.546288300000001E7,155,Private,,311941,"Peppers Unlimited Of Louisiana, Inc. is primarily engaged in pickling and brining fruits and vegetables, and in manufacturing salad dressings, vegetable relishes, sauces, and seasonings.",Peggy Marler — Chief Financial Officer,3,2,,,,not contacted,,,
459,65014191,Vanee Foods Company,confirmed co-man (public sweep),wet-frozen-supplements,Oak Brook,Illinois,http://www.vanee.com,6.5014191E7,100,Private,Vanee Foods Company,311942,"Vanee Foods Company is primarily engaged in manufacturing prepared foods and miscellaneous food specialties, not elsewhere classified, such as baking powder, yeast, and other leavening compounds; pean",Andrew Vanee — Chief Financial Officer,3,1,Aloysius Van Eekeren — President,,https://en.wikipedia.org/wiki/Vanee_Foods;https://www.konaequity.com/company/vanee-foods-company-4398548424/;https://rocketreach.co/vanee-foods-company-profile_b5c295acf42e0ecf,not contacted,,,
460,65000000,"Farm Cut, LLC",unclassified food/bev mfr,,Lakeland,Florida,http://www.marjonspecialtyfoods.com,6.5E7,277,Private,,311999,"Farm Cut, Llc is primarily engaged in manufacturing prepared foods and miscellaneous food specialties, not elsewhere classified, such as baking powder, yeast, and other leavening compounds; peanut but",Christopher Butler — Principal,3,2,,,,not contacted,,,
461,64373665,"El-milagro, Inc.",unclassified food/bev mfr,,Chicago,Illinois,http://www.el-milagro.com,6.4373665E7,540,Private,"El-milagro, Inc.",311830,"El-Milagro, Inc. is primarily engaged in manufacturing prepared foods and miscellaneous food specialties, not elsewhere classified, such as baking powder, yeast, and other leavening compounds; peanut ",Raphael Lopez — President,3,0,,,,not contacted,,,
462,63883415,"Red Monkey Foods, Inc.",unclassified food/bev mfr,,Springfield,Missouri,http://www.redmonkeyfoods.com,6.3883415E7,165,Private,"Red Monkey Foods, Inc.",311942,"Red Monkey Foods, Inc. is primarily engaged in manufacturing prepared foods and miscellaneous food specialties, not elsewhere classified, such as baking powder, yeast, and other leavening compounds; p",Jeff Brinkhoff — President,3,2,,,,not contacted,,,
463,63797230,Wonton Food Inc.,unclassified food/bev mfr,,Brooklyn,New York,http://www.wontonfood.com,6.379723E7,200,Private,Wonton Food Inc.,311999,"Wonton Food Inc. is primarily engaged in manufacturing prepared foods and miscellaneous food specialties, not elsewhere classified, such as baking powder, yeast, and other leavening compounds; peanut ",David Rudofsky — Chief Financial Officer,3,2,,,,not contacted,,,
464,63517406,"Dr Pepper/Seven Up, Inc.",unclassified food/bev mfr,,Frisco,Texas,http://www.drpepper.com,6.3517406E7,1869,Private,Keurig Dr Pepper Inc.,311930,"Dr Pepper/Seven Up, Inc. is primarily engaged in manufacturing flavoring extracts, syrups, powders, and related products, not elsewhere classified, for soda fountain use or for the manufacture of soft",Carl Gilman — Senior Vice President Sales And Marketing,3,0,,,,not contacted,,,
465,63310802,"Alamance Foods, Inc.",unclassified food/bev mfr,,Burlington,North Carolina,http://www.alamancefoods.com,6.3310802E7,180,Private,"Alamance Foods, Inc.",311511,"Alamance Foods/Triton Water manufactures branded and private-label water, flavored drinks, and freeze pops under brand names such as Freeze Pops, Fun Pops, and Happy Drinks. Its branded water is sold ",Nick Wong — President,3,3,,,,not contacted,,,
466,63255264,"JSL Foods, Inc.",unclassified food/bev mfr,,Los Angeles,California,http://www.jslfoods.com,6.3255264E7,120,Private,"JSL Foods, Inc.",311999,"Jsl Foods, Inc. is primarily engaged in manufacturing prepared foods and miscellaneous food specialties, not elsewhere classified, such as baking powder, yeast, and other leavening compounds; peanut b",Koji Kawana — Executive Vice President,3,2,,,,not contacted,,,
467,63241520,"Old Dutch Foods, Inc.",unclassified food/bev mfr,,Roseville,Minnesota,http://www.olddutchfoods.com,6.324152E7,500,Private,"Old Dutch Foods, Inc.",311919,"You don't need to be an old Dutchman (or Dutchwoman) to enjoy this company's products. You just have to enjoy crunching and munching. Old Dutch Foods makes salty snack foods, such as potato chips, pop",,1,0,,,,not contacted,,,
468,62205402,"Hans Kissle Company, LLC",unclassified food/bev mfr,,Haverhill,Massachusetts,http://www.hanskissle.com,6.2205402E7,140,Private,"MITSUI & CO., LTD.",311991,"Hans Kissle Company, Llc is primarily engaged in manufacturing prepared foods and miscellaneous food specialties, not elsewhere classified, such as baking powder, yeast, and other leavening compounds;",John Kennington — Vice President Of Sales,3,2,,,,not contacted,,,
469,61641262,Gray & Company,unclassified food/bev mfr,,Hart,Michigan,http://www.cherryman.com,6.1641262E7,425,Private,Seneca Foods Corporation,311421,"Gray & Company is primarily engaged in canning fruits, vegetables, and fruit and vegetable juices; and in manufacturing catsup and similar tomato sauces, or natural and imitation preserves, jams, and ",Joshua Reynolds — Executive Vice President,3,0,,,,not contacted,,,
470,61152412,LY Brothers Corporation,unclassified food/bev mfr,,Hayward,California,http://www.sugarbowlbakery.com,6.1152412E7,260,Private,LY Brothers Corporation,311812,"Ly Brothers Corporation is primarily engaged in manufacturing fresh or frozen bread and bread-type rolls and fresh cakes, pies, pastries and other similar ""perishable"" bakery products.",Joel Feldman — Chief Executive Officer,3,2,,,,not contacted,,,
471,60479588,Lindt & Sprungli (North America) Inc.,unclassified food/bev mfr,,Kansas City,Missouri,http://careers.lindtnorthamerica.com,6.0479588E7,62,Private,Chocoladefabriken Lindt & Sprüngli AG,311351,"Lindt & Sprungli (North America) Inc. is primarily engaged in shelling, roasting, and grinding cacao beans for the purpose of making chocolate liquor, from which cocoa powder and cocoa butter are deri",Jessica Haefele — Vice President Legal North America,3,2,,,,not contacted,,,
472,60207565,"George's Processing, Inc.",unclassified food/bev mfr,,Springdale,Arkansas,http://www.georgesinc.com,6.0207565E7,4000,Private,"George's, Inc.",311615,"George's Processing, Inc. is primarily engaged in slaughtering, dressing, packing, freezing, and canning poultry, rabbits, and other small game, or in manufacturing products from such meats, for their",Otto Jeck — Executive Vice President,1,0,,,,not contacted,,,
473,60000000,"Pacifica Foods, LLC",unclassified food/bev mfr,,Fullerton,California,http://www.stirfoods.com,6.0E7,140,Private,Corona-Orange Foods Intermediate Holdings LLC,311941,"Pacifica Foods, Llc is primarily engaged in pickling and brining fruits and vegetables, and in manufacturing salad dressings, vegetable relishes, sauces, and seasonings.",,3,3,,,,not contacted,,,
474,59434559,"BA Sports Nutrition, LLC",unclassified food/bev mfr,,Whitestone,New York,http://www.drinkbodyarmor.com,5.9434559E7,106,Private,The Coca-Cola Company,312111,"Ba Sports Nutrition, Llc is primarily engaged in manufacturing soft drinks and carbonated waters.",,3,1,,,,not contacted,,,
475,59251114,Coca-cola Bottling Company High Country,unclassified food/bev mfr,,Rapid City,South Dakota,http://www.coca-colahighcountry.com,5.9251114E7,205,Private,Coca-Cola Bottlers' Sales & Services Company LLC,312111,Coca-Cola Bottling Company High Country is primarily engaged in manufacturing soft drinks and carbonated waters.,Drake Messinger — Vice President Of Sales,3,0,,,,not contacted,,,
476,58450821,CJ Bio America Inc.,unclassified food/bev mfr,,Fort Dodge,Iowa,http://www.cjbio.net,5.8450821E7,200,Private,CJ Corporation,311119,"Cj Bio America Inc. is primarily engaged in manufacturing prepared feeds and feed ingredients and adjuncts for animals and fowls, except dogs and cats. Included in this industry are poultry and livest",Lance Choi — Chief Executive Officer Of Cj America Bio,3,1,,,,not contacted,,,
477,57768944,Koch Foods LLC,unclassified food/bev mfr,,Chattanooga,Tennessee,http://www.kochfoods.com,5.7768944E7,103,Private,"Koch Meat Co., Inc.",311615,"Koch Foods Llc is primarily engaged in slaughtering, dressing, packing, freezing, and canning poultry, rabbits, and other small game, or in manufacturing products from such meats, for their own accoun",,3,2,,,,not contacted,,,
478,57595978,OBERTO SNACKS INC.,unclassified food/bev mfr,,Kent,Washington,http://www.oberto.com,5.7595978E7,500,Private,Premium Brands Holdings Corporation,311612,"Oberto Snacks is America's most beloved and innovative specialty company. Its product portfolio is packed with jerky in beef, pork, and turkey versions, as well as snack sausages and other protein-bas",Kelly Martin — Principal,3,0,,,,not contacted,,,
479,57502316,Super Store Industries,unclassified food/bev mfr,,Lathrop,California,http://www.ssica.com,5.7502316E7,774,Private,,311511,"Super Store Industries is primarily engaged in processing (e.g., pasteurizing, homogenizing, vitaminizing, bottling) fluid milk and cream, and related products, including cottage cheese, yogurt (excep",,1,0,,,,not contacted,,,
480,57328175,"Nuovo Pasta Productions, Ltd.",unclassified food/bev mfr,,Stratford,Connecticut,http://www.nuovopasta.com,5.7328175E7,300,Private,"Nuovo Pasta Productions, Ltd.",311999,"Nuovo Pasta Productions, Ltd. is primarily engaged in manufacturing prepared foods and miscellaneous food specialties, not elsewhere classified, such as baking powder, yeast, and other leavening compo",Carl Zuanelli — President,3,0,,,,not contacted,,,
481,57294312,"Great Kitchens Food Company, Inc.",unclassified food/bev mfr,,Romeoville,Illinois,http://www.gkitchens.com,5.7294312E7,1000,Private,Rich Products Corporation,311412,"Great Kitchens Food Company, Inc. is primarily engaged in manufacturing frozen food specialties, not elsewhere classified, such as frozen dinners and frozen pizza.",Admir Basic — President And Chief Executive Officer,3,0,,,,not contacted,,,
482,57204018,"Bruce Packing Company, Inc.",unclassified food/bev mfr,,Woodburn,Oregon,http://www.brucepac.com,5.7204018E7,800,Private,"JDB, Inc.",311611,"Bruce Packing Company, Inc. is primarily engaged in the slaughtering, for their own account or on a contract basis for the trade, of cattle, hogs, sheep, lambs, and calves for meat to be sold or to be",Glen Golomski — President And Chief Executive Officer,3,1,,,,not contacted,,,
483,57096409,T. Hasegawa U.S.A. Inc.,unclassified food/bev mfr,,Cerritos,California,http://www.thasegawa.com,5.7096409E7,135,Private,"T.HASEGAWA CO., LTD.",311942,"T. Hasegawa U.S.A. Inc. is primarily engaged in manufacturing flavoring extracts, syrups, powders, and related products, not elsewhere classified, for soda fountain use or for the manufacture of soft ",Kim Burnett — Chief Financial Officer,3,1,,,,not contacted,,,
484,56825386,"Crest Foods Co., Inc.",unclassified food/bev mfr,,Ashton,Illinois,http://www.crestfoods.com,5.6825386E7,546,Private,"Crest Foods Co., Inc.",311514,"Crest Foods Co., Inc. is primarily engaged in manufacturing dry, condensed, and evaporated dairy products. This also includes manufacturing mixes for the preparation of frozen ice cream and ice milk a",,1,0,,,,not contacted,,,
485,56609734,"Cargill Cocoa & Chocolate, Inc.",unclassified food/bev mfr,,Wayzata,Minnesota,http://www.cargill.com,5.6609734E7,426,Private,"Cargill, Incorporated",311351,"Cargill Cocoa & Chocolate, Inc. is primarily engaged in shelling, roasting, and grinding cacao beans for the purpose of making chocolate liquor, from which cocoa powder and cocoa butter are derived, a",Patrick Locken — Vice PresidentFinance,3,0,,,,not contacted,,,
486,56352539,"Hydroblend, Inc.",unclassified food/bev mfr,,Nampa,Idaho,http://www.hbspecialtyfoods.com,5.6352539E7,350,Private,"Hydroblend, Inc.",311824,"Hydroblend, Inc. is primarily engaged in preparing flour mixes or doughs from purchased flour.",Mike Guthrie — Chief Executive Officer,3,0,,,,not contacted,,,
487,56130589,"Cumberland Dairy, LLC",unclassified food/bev mfr,,Rosenhayn,New Jersey,http://www.cumberlanddairy.com,5.6130589E7,110,Private,"Dairy Farmers of America, Inc.",311511,"Cumberland Dairy, Llc is primarily engaged in processing (e.g., pasteurizing, homogenizing, vitaminizing, bottling) fluid milk and cream, and related products, including cottage cheese, yogurt (except",David Catalana — Vice President,3,2,,,,not contacted,,,
488,56027576,"National Meat & Provision, LLC",unclassified food/bev mfr,,Reserve,Louisiana,http://www.natcofs.com,5.6027576E7,66,Private,"Performance Food Group, Inc.",311612,"National Meat & Provision, Llc is primarily engaged in manufacturing sausages, cured meats, smoked meats, canned meats, frozen meats, and other prepared meats and meat specialties, from purchased carc",Martim Castillo — President,3,3,,,,not contacted,,,
489,55555233,"Zeeland Farm Services, Inc.",unclassified food/bev mfr,,Zeeland,Michigan,http://www.zfsinc.com,5.5555233E7,135,Private,"Zeeland Farm Services, Inc.",311224,"Zeeland Farm Services (ZFS) is a family-owned and operated business with seven decades of service to the agricultural and transportation industries. It provides grain, seed, soya, food, ingredients, e",Robb Meeuwsen — Vice President Oil Marketing,3,3,,,,not contacted,,,
490,55508995,"Gertrude Hawk Brands, Inc.",unclassified food/bev mfr,,Dunmore,Pennsylvania,http://www.gertrudehawkchocolates.com,5.5508995E7,400,Private,"Gertrude Hawk Brands, Inc.",311351,"Gertrude Hawk Brands, Inc. is primarily engaged in shelling, roasting, and grinding cacao beans for the purpose of making chocolate liquor, from which cocoa powder and cocoa butter are derived, and in",David Hambright — President,3,0,,,,not contacted,,,
491,55443130,Coca-Cola Business Services North America LLC,unclassified food/bev mfr,,Atlanta,Georgia,http://www.ccbss.com,5.544313E7,150,Private,Coca-Cola Bottlers' Sales & Services Company LLC,312111,Coca-Cola Business Services North America Llc is primarily engaged in manufacturing soft drinks and carbonated waters.,Robert Su — Chief Financial Officer,3,2,,,,not contacted,,,
492,55425987,Dessert Holdings US Co.,unclassified food/bev mfr,,Saint Paul,Minnesota,http://www.dessertholdings.com,5.5425987E7,1347,Private,Dessert Holdings US Co.,311813,"Dessert Holdings Us Co. is primarily engaged in manufacturing frozen bakery products, except bread and bread-type rolls.",Chris Rogers — Chief Financial Officer,3,0,,,,not contacted,,,
493,55236355,"Advance Food Company, LLC",unclassified food/bev mfr,,Enid,Oklahoma,,5.5236355E7,653,Private,"ADVANCEPIERRE FOODS HOLDINGS, INC.",311612,"Advance Food Company, Llc is primarily engaged in manufacturing sausages, cured meats, smoked meats, canned meats, frozen meats, and other prepared meats and meat specialties, from purchased carcasses",,3,0,,,,not contacted,,,
494,54847946,"World's Finest Chocolate, Inc.",unclassified food/bev mfr,,Chicago,Illinois,http://www.worldsfinestchocolate.com,5.4847946E7,400,Private,"World's Finest Chocolate, Inc.",311351,"World's Finest Chocolate, Inc. is a leading American chocolate manufacturer that has specialized in fundraising programs for over 70 years. Primarily serving the US market, the company helps schools, ",Donal Chappelear — Independent Business Owner,3,1,,,,not contacted,,,
495,54606869,Ocean Beauty Seafoods LLC,unclassified food/bev mfr,,Renton,Washington,http://www.oceanbeauty.com,5.4606869E7,2500,Private,Ocean Beauty Seafoods LLC,311710,"Prefer your piscatory purchase to be fresh, frozen, or canned? Ocean Beauty Seafoods has it covered. Doing no fishing of its own, the company buys seafood from commercial fishermen and then processes,",Mike Coulston — PresidentCoo,3,0,,,,not contacted,,,
496,54536945,The Pecan Deluxe Candy Company,confirmed co-man (public sweep),wet-frozen-supplements,Dallas,Texas,http://www.pecandeluxe.com,5.4536945E7,240,Private,The Pecan Deluxe Candy Company,311930,"The Pecan Deluxe Candy Company is primarily engaged in manufacturing flavoring extracts, syrups, powders, and related products, not elsewhere classified, for soda fountain use or for the manufacture o",,1,0,,,,not contacted,,,
497,54156498,"S&E Gourmet Cuts, Inc.",unclassified food/bev mfr,,San Bernardino,California,http://www.countryarcher.com,5.4156498E7,200,Private,"S&E Gourmet Cuts, Inc.",311612,"S&E Gourmet Cuts, Inc. is primarily engaged in manufacturing sausages, cured meats, smoked meats, canned meats, frozen meats, and other prepared meats and meat specialties, from purchased carcasses an",Eugene Kang — Chief Executive Officer Founder,3,3,,,,not contacted,,,
498,53976536,Deep Foods Inc.,unclassified food/bev mfr,,Union,New Jersey,http://www.deepfoods.com,5.3976536E7,150,Private,Deep Foods Inc.,311412,"Deep Foods incorporates exotic flavors from the Far East into its recipes. The company manufactures and markets a range of dry, fresh, and frozen Indian food products, as well as Thai and Chinese entr",Arvind Amin — President,3,1,,,,not contacted,,,
499,53799870,"Carolina Foods, LLC",confirmed co-man (public sweep),beverage,Charlotte,North Carolina,http://www.carolinafoodsinc.com,5.379987E7,400,Private,"Carolina Foods, LLC",311812,"Carolina Foods, Llc is primarily engaged in manufacturing fresh or frozen bread and bread-type rolls and fresh cakes, pies, pastries and other similar ""perishable"" bakery products.",,3,0,,,,not contacted,,,
500,53636196,"Fresca Foods, Inc.",confirmed co-man (public sweep),snack-bakery,Louisville,Colorado,http://www.frescafoodsinc.com,5.3636196E7,250,Private,"Fresca Foods, Inc.",311999,"Fresca Foods, Inc. is primarily engaged in manufacturing prepared foods and miscellaneous food specialties, not elsewhere classified, such as baking powder, yeast, and other leavening compounds; peanu",,1,0,,,,not contacted,,,
501,53600250,"Probi USA, Inc.",unclassified food/bev mfr,,Redmond,Washington,http://www.probi.com,5.360025E7,99,Private,Symrise AG,311514,"Probi Usa, Inc. is primarily engaged in manufacturing dry, condensed, and evaporated dairy products. This also includes manufacturing mixes for the preparation of frozen ice cream and ice milk and dai",Richard Marriott — Chief Financial Officer,3,3,,,,not contacted,,,
502,53572987,"Cafe Spice, LLC",unclassified food/bev mfr,,New Windsor,New York,http://www.cafespice.com,5.3572987E7,200,Private,"Cafe Spice, LLC",311991,"Cafe Spice, Llc is primarily engaged in manufacturing prepared foods and miscellaneous food specialties, not elsewhere classified, such as baking powder, yeast, and other leavening compounds; peanut b",Sameer Malhotra — Chief Executive Officer,3,3,,,,not contacted,,,
503,53538879,Chelsea Milling Company,unclassified food/bev mfr,,Chelsea,Michigan,http://www.jiffymix.com,5.3538879E7,325,Private,Chelsea Milling Company,311211,Old school is the new cool at Chelsea Milling. The company hasn't significantly changed its Jiffy-brand blue-and-white graphic boxes in more than 50 years. It produces more than 20 flour mixes of cake,Howard Holmes — President Ceo,3,0,,,,not contacted,,,
504,53494263,"Chicago Meat Authority, Inc.",unclassified food/bev mfr,,Chicago,Illinois,http://www.chicagomeat.com,5.3494263E7,330,Private,,311611,"When Chicago needs meat, it turns to an authority. Chicago Meat Authority (CMA) processes beef and pork into a variety of sizes and cuts and sells its products not only inChicago, but worldwide.The co",Jordan Dorfman — President,3,0,,,,not contacted,,,
505,53449745,"Whitebridge Pet Brands, LLC",unclassified food/bev mfr,,Chesterfield,Missouri,http://www.cloudstar.com,5.3449745E7,80,Private,"General Mills, Inc.",311111,"Whitebridge Pet Brands, Llc is primarily engaged in manufacturing dog and cat food from cereal, meat, and other ingredients. These preparations may be canned, frozen, or dry.",Mary Czapeczka — Chief Financial Officer,3,2,,,,not contacted,,,
506,53403866,"Oasis Trading Company, LLC",unclassified food/bev mfr,,Hillside,New Jersey,,5.3403866E7,150,Private,Stratas Foods LLC,311225,"Oasis Trading Company, Llc is primarily engaged in manufacturing shortening, table oils, margarine, and other edible fats and oils, not elsewhere classified.",Anthony Alves — Chief Executive Officer,3,0,,,,not contacted,,,
507,53219868,Florida Coca-Cola Bottling Company,unclassified food/bev mfr,,Brandon,Florida,http://www.ccbss.com,5.3219868E7,4000,Private,"Coca-Cola Refreshments USA, LLC",312111,Florida Coca-Cola Bottling Company is primarily engaged in manufacturing soft drinks and carbonated waters.,Sheila Ebanks — Vice President Customer Relationship Management,3,0,,,,not contacted,,,
508,53032978,"The Pillsbury Company, LLC",unclassified food/bev mfr,,Minneapolis,Minnesota,http://www.pillsbury.com,5.3032978E7,9758,Private,"General Mills, Inc.",311211,"The Pillsbury Company, Llc is primarily engaged in milling flour or meal from grain, except rice. The products of flour mills may be sold plain or in the form of prepared mixes or doughs for specific ",,1,0,,,,not contacted,,,
509,52787079,"G. L. Mezzetta, Inc.",unclassified food/bev mfr,,American Canyon,California,http://www.mezzetta.com,5.2787079E7,200,Private,"G. L. Mezzetta, Inc.",311421,"G. L. Mezzetta, Inc. is primarily engaged in canning fruits, vegetables, and fruit and vegetable juices; and in manufacturing catsup and similar tomato sauces, or natural and imitation preserves, jams",Michelle Nguyen — Chief Financial Officer,3,0,,,,not contacted,,,
510,52585278,"Poulin Grain, Inc.",unclassified food/bev mfr,,Newport,Vermont,http://www.poulingrain.com,5.2585278E7,130,Private,"Poulin Grain, Inc.",311119,"Poulin Grain, Inc. is primarily engaged in manufacturing prepared feeds and feed ingredients and adjuncts for animals and fowls, except dogs and cats. Included in this industry are poultry and livesto",,1,0,,,,not contacted,,,
511,52502846,"Lone Star Bakery, Inc.",unclassified food/bev mfr,,China Grove,Texas,http://www.lonestarbakery.com,5.2502846E7,400,Private,"Lone Star Bakery, Inc.",311813,"Lone Star Bakery, Inc. is primarily engaged in manufacturing frozen bakery products, except bread and bread-type rolls.",Sharon Martin — Chief Financial Officer,3,0,,,,not contacted,,,
512,52441345,"CHELTEN HOUSE PRODUCTS, LLC",likely co-man (D&B description),,Swedesboro,New Jersey,http://www.cheltenhouse.com,5.2441345E7,470,Private,"CHELTEN HOUSE PRODUCTS, LLC",311941,"Chelten House has been an industry leader in organic products for more than 25 years. From salad dressings and marinades to pasta sauces, pizza sauces, salsas, ketchup, hot sauce, BBQ sauce, and inter",Jason Dabrow — President Coo,3,0,,,,not contacted,,,
513,52362316,"Star Snacks Co., LLC",confirmed co-man (public sweep),snack-bakery,Jersey City,New Jersey,http://www.starsnacks.net,5.2362316E7,380,Private,"Star Snacks Co., LLC",311911,"Star Snacks Co., Llc is primarily engaged in manufacturing salted, roasted, dried, cooked, or canned nuts or in processing grains or seeds in a similar manner for snack purposes.",Joey Weinreich — Vice President Sales,3,0,,,,not contacted,,,
514,52197258,"Vaqueria Tres Monjitas, Inc.",unclassified food/bev mfr,,San Juan,Puerto Rico,http://www.tresmonjitas.com,5.2197258E7,445,Private,"Vaqueria Tres Monjitas, Inc.",311511,"Vaqueria Tres Monjitas, Inc. is primarily engaged in processing (e.g., pasteurizing, homogenizing, vitaminizing, bottling) fluid milk and cream, and related products, including cottage cheese, yogurt ",,3,0,,,,not contacted,,,
515,52024269,Falcon Trading Company,unclassified food/bev mfr,,Royal Oaks,California,http://www.shopsunridgefarms.com,5.2024269E7,215,Private,Falcon Trading Company,311999,"Falcon Trading Company is primarily engaged in manufacturing prepared foods and miscellaneous food specialties, not elsewhere classified, such as baking powder, yeast, and other leavening compounds; p",Rick Loncarich — Chief Operating Officer,3,2,,,,not contacted,,,
516,51700520,"Euro Foods, Inc.",unclassified food/bev mfr,,Freeland,Pennsylvania,http://usa.citterio.com,5.170052E7,250,Private,"Euro Foods, Inc.",311612,"Euro Foods, Inc. is primarily engaged in manufacturing sausages, cured meats, smoked meats, canned meats, frozen meats, and other prepared meats and meat specialties, from purchased carcasses and othe",Giorgio Albrieux — Chief Financial Officer,3,1,,,,not contacted,,,
517,51539326,"Turri's Italian Foods, Inc.",unclassified food/bev mfr,,Roseville,Michigan,http://www.turrisitalianfoods.com,5.1539326E7,390,Private,"Benford Capital Partners, LLC",311412,"Turri's Italian Foods, Inc. is primarily engaged in manufacturing frozen food specialties, not elsewhere classified, such as frozen dinners and frozen pizza.",Jason Carnago — Chief Financial Officer,3,1,,,,not contacted,,,
518,51378681,Wheypro Holdings LLC,unclassified food/bev mfr,,New Lisbon,Wisconsin,http://www.millhavenfoods.com,5.1378681E7,70,Private,"Select Milk Producers, Inc.",311514,"Wheypro Holdings Llc is primarily engaged in manufacturing dry, condensed, and evaporated dairy products. This also includes manufacturing mixes for the preparation of frozen ice cream and ice milk an",Brian Slater — Chief Executive Officer Owner,3,3,,,,not contacted,,,
519,51353760,"Five Star Gourmet Foods, Inc.",unclassified food/bev mfr,,Rancho Cucamonga,California,http://www.fivestargourmetfoods.com,5.135376E7,1500,Private,"Five Star Gourmet Foods, Inc.",311991,"Five Star Gourmet Foods, Inc. is primarily engaged in manufacturing prepared foods and miscellaneous food specialties, not elsewhere classified, such as baking powder, yeast, and other leavening compo",Linda Robles — Chief Operating Officer,3,0,,,,not contacted,,,
520,51176994,The Fremont Company,unclassified food/bev mfr,,Fremont,Ohio,http://www.fremontcompany.com,5.1176994E7,180,Private,The Fremont Company,311421,"Studies concluding that sauerkraut has healing properties are great news for the folks who tot up the sales atThe Fremont Company. Fremont makes canned, jarred, and baggedsauerkraut, as well as sauerk",James Kroner — Chief Financial Officer,3,1,,,,not contacted,,,
521,51046955,"Suzanna's Kitchen, Inc.",unclassified food/bev mfr,,Duluth,Georgia,http://www.suzannaskitchen.com,5.1046955E7,75,Private,,311615,"Suzanna's Kitchen, Inc. is primarily engaged in slaughtering, dressing, packing, freezing, and canning poultry, rabbits, and other small game, or in manufacturing products from such meats, for their o",Bradley Howard — Chief Executive Officer,3,3,,,,not contacted,,,
522,50950787,Able Sales Company Inc.,unclassified food/bev mfr,,Catano,Puerto Rico,http://www.ablesales.com,5.0950787E7,150,Private,Able Sales Company Inc.,311340,"Able Sales Company Inc. is primarily engaged in manufacturing prepared foods and miscellaneous food specialties, not elsewhere classified, such as baking powder, yeast, and other leavening compounds; ",Maria Felix — Vice President Industrial Division,3,2,,,,not contacted,,,
523,50884850,"Elite Spice, Inc.",unclassified food/bev mfr,,Jessup,Maryland,http://www.elitespice.com,5.088485E7,581,Private,"Elite Spice, Inc.",311942,"Elite Spice, Inc. is primarily engaged in manufacturing prepared foods and miscellaneous food specialties, not elsewhere classified, such as baking powder, yeast, and other leavening compounds; peanut",James Murphy — Principal,3,0,,,,not contacted,,,
524,50830193,Sweetener Supply Corporation,unclassified food/bev mfr,,Brookfield,Illinois,http://www.sweetenersupply.com,5.0830193E7,75,Private,Sweetener Supply Corporation,311999,"Sweetener Supply Corporation is primarily engaged in manufacturing prepared foods and miscellaneous food specialties, not elsewhere classified, such as baking powder, yeast, and other leavening compou",,1,0,,,,not contacted,,,
525,50826832,"Lawrence Foods, Inc.",unclassified food/bev mfr,,Elk Grove Village,Illinois,http://www.lawrencefoods.com,5.0826832E7,250,Private,,311421,"Lawrence Foods, Inc. is primarily engaged in canning fruits, vegetables, and fruit and vegetable juices; and in manufacturing catsup and similar tomato sauces, or natural and imitation preserves, jams",Paul Ferenchick — President,3,2,,,,not contacted,,,
526,50812149,IPMF LLC,unclassified food/bev mfr,,Janesville,Wisconsin,http://www.naturpak.com,5.0812149E7,85,Private,PPC Investment Partners LP,311422,"Ipmf Llc is primarily engaged in canning specialty products, such as baby foods, nationality specialty foods, and soups, except seafood.",Iwona Marciniak — Chief Financial Officer,3,2,,,,not contacted,,,
527,50741177,Pan Pepin Inc,unclassified food/bev mfr,,Bayamon,Puerto Rico,http://www.panpepin.com,5.0741177E7,500,Private,Pan Pepin Inc,311812,"Pan Pepin Inc is primarily engaged in manufacturing fresh or frozen bread and bread-type rolls and fresh cakes, pies, pastries and other similar ""perishable"" bakery products.",Luis Santini — Vice President General Manager,3,0,,,,not contacted,,,
528,50698700,Austin Coca-Cola Bottling Company,unclassified food/bev mfr,,San Antonio,Texas,http://www.cocacolaswb.com,5.06987E7,2000,Private,Austin Coca-Cola Bottling Company,312111,Austin Coca-Cola Bottling Company is primarily engaged in manufacturing soft drinks and carbonated waters.,Joshua Chiem — Principal Tax Accountant,3,0,,,,not contacted,,,
529,50576111,"Gonnella Frozen Products, LLC",unclassified food/bev mfr,,Schaumburg,Illinois,http://www.gonnella.com,5.0576111E7,350,Private,Gonnella Baking Co.,311812,"Gonnella Frozen Products, Llc is primarily engaged in manufacturing fresh or frozen bread and bread-type rolls and fresh cakes, pies, pastries and other similar ""perishable"" bakery products.",Dennis Marcucci — Vice President Of Information Systems And Administrator,3,0,,,,not contacted,,,
530,50392258,"Salm Partners, LLC",unclassified food/bev mfr,,Denmark,Wisconsin,http://www.salmpartners.com,5.0392258E7,300,Private,"Johnsonville, LLC",311612,"Salm Partners, Llc is primarily engaged in manufacturing sausages, cured meats, smoked meats, canned meats, frozen meats, and other prepared meats and meat specialties, from purchased carcasses and ot",Keith Lindsey — President,3,0,,,,not contacted,,,
531,50183792,"Concord Foods, LLC",unclassified food/bev mfr,,Brockton,Massachusetts,http://www.concordfoods.com,5.0183792E7,218,Private,Sugar Foods LLC,311999,"Concord Foods, Llc is primarily engaged in manufacturing prepared foods and miscellaneous food specialties, not elsewhere classified, such as baking powder, yeast, and other leavening compounds; peanu",James Fanchin — Vice President Sales,3,1,,,,not contacted,,,
532,50182148,"Valentine Enterprises, Inc.",unclassified food/bev mfr,,Lawrenceville,Georgia,http://www.veiusa.com,5.0182148E7,168,Private,"Valentine Enterprises, Inc.",311999,"Valentine Enterprises, Inc. is primarily engaged in manufacturing prepared foods and miscellaneous food specialties, not elsewhere classified, such as baking powder, yeast, and other leavening compoun",Peter Valentine — Principal,3,2,,,,not contacted,,,
533,50149975,"Copper River Seafoods, Inc.",unclassified food/bev mfr,,Anchorage,Alaska,http://www.copperriverseafoods.com,5.0149975E7,230,Private,"Copper River Seafoods, Inc.",311710,"Copper River Seafoods, Inc. is primarily engaged in cooking and canning fish, shrimp, oysters, clams, crabs, and other seafoods, including soups; and those engaged in smoking, salting, drying, or othe",Brandi Zeman — Chief Financial Officer,3,2,,,,not contacted,,,
534,50104141,"Milkco, Inc.",unclassified food/bev mfr,,Asheville,North Carolina,http://www.milkco.com,5.0104141E7,265,Private,"Ingles Markets, Incorporated",311511,"Milkco, Inc. is primarily engaged in processing (e.g., pasteurizing, homogenizing, vitaminizing, bottling) fluid milk and cream, and related products, including cottage cheese, yogurt (except frozen),",,3,3,,,,not contacted,,,
535,50082733,Kalil Bottling Co,unclassified food/bev mfr,,Tucson,Arizona,http://www.kalilbottling.com,5.0082733E7,972,Private,Kalil Bottling Co,312111,"Kalil Bottling has been all in the family since 1948. President George Kalil grew up learning the business from his father and grandfather. Today, Kalil oversees a company that serves Arizona and part",Estevan Martinez — Business Owner,3,0,,,,not contacted,,,
536,50034821,"Brill, Inc.",unclassified food/bev mfr,,Tucker,Georgia,http://www.risebakingcompany.com,5.0034821E7,1500,Private,"Rise Baking Company, LLC",311812,"Brill, Inc. is primarily engaged in manufacturing fresh or frozen bread and bread-type rolls and fresh cakes, pies, pastries and other similar ""perishable"" bakery products.",Chris McCammon — Chief Financial Officer,3,0,,,,not contacted,,,
537,50005978,"Select Custom Solutions, LLC",unclassified food/bev mfr,,La Crosse,Wisconsin,http://www.agropur.com,5.0005978E7,325,Private,"MHF Group Holdings, LLC",311514,"Main Street Ingredients makes functional ingredients and stabilizers for the food manufacturing industry. Its products are used by companies in the baking sector for use in breads,cakes, cereals, as w",,1,0,,,,not contacted,,,
538,49919357,"Mass. Bay Brewing Company, Inc.",unclassified food/bev mfr,,Boston,Massachusetts,http://www.harpoonbrewery.com,4.9919357E7,169,Private,"Mass. Bay Brewing Company, Inc.",312120,"Mass. Bay Brewing Company, Inc. is primarily engaged in manufacturing malt beverages.",Daniel Kenary — Chief Executive Officer,3,1,,,,not contacted,,,
539,49880566,"Goodman Food Products, Inc.",unclassified food/bev mfr,,Inglewood,California,http://www.donleefarms.com,4.9880566E7,256,Private,"Goodman Food Products, Inc.",311999,"Goodman Food Products, Inc. is primarily engaged in manufacturing prepared foods and miscellaneous food specialties, not elsewhere classified, such as baking powder, yeast, and other leavening compoun",Donald Goodman — Chief Executive Officer,3,2,,,,not contacted,,,
540,49781422,"Bimbo QSR Ohio, LLC",unclassified food/bev mfr,,Zanesville,Ohio,,4.9781422E7,360,Private,"Grupo Bimbo, S.A.B. de C.V.",445291,"Bimbo Qsr Ohio, Llc is primarily engaged in the retail sale of bakery products. The products may be purchased from others or made on the premises.",Joe McDilda — Vice President Research And Development,3,1,,,,not contacted,,,
541,49743145,"The Bazooka Companies, LLC",unclassified food/bev mfr,,New York,New York,http://www.bazookajoe.com,4.9743145E7,350,Private,"The Bazooka Companies, LLC",311340,"The Bazooka Companies, Llc is primarily engaged in manufacturing candy, including chocolate candy, other confections, and related products.",John Kleinfelter — Vice President Operations Transformation,3,0,,,,not contacted,,,
542,49654091,"Demakes Enterprises, LLC",unclassified food/bev mfr,,Lynn,Massachusetts,http://www.oldneighborhoodfoods.com,4.9654091E7,350,Private,"Demakes Enterprises, LLC",311612,"Demakes Enterprises, Llc is primarily engaged in manufacturing sausages, cured meats, smoked meats, canned meats, frozen meats, and other prepared meats and meat specialties, from purchased carcasses ",Jeremy Hmura — Chief Financial Officer,3,0,,,,not contacted,,,
543,49631149,"Cargill Kitchen Solutions, Inc.",unclassified food/bev mfr,,Monticello,Minnesota,http://www.sunnyfresh.com,4.9631149E7,700,Private,"Cargill, Incorporated",311999,People at this company will definitely tell you it's the egg that comes first. Cargill Kitchen Solutions (formerly Sunny Fresh Foods) is a leading manufacturer of value-added processed egg products fo,James Guyre — Vice President,3,0,,,,not contacted,,,
544,49590366,"Berner Food & Beverage, LLC",confirmed co-man (public sweep),beverage,Dakota,Illinois,http://www.bernerfoodandbeverage.com,4.9590366E7,300,Private,"Berner Food & Beverage, LLC",311513,"Berner Food & Beverageis burning up with dairy fever. The company is a producer of natural cheese (Swiss, cheddar, American), processed cheese (shelf-stable dips, spreads, aerosols, and jars), and sal",Bill Marchido — President,3,2,,,,not contacted,,,
545,49520592,Coca-Cola Bottling Company of Wisconsin (del),unclassified food/bev mfr,,Niles,Illinois,http://www.reyescocacola.com,4.9520592E7,400,Private,"Coca-Cola Refreshments USA, LLC",312111,Coca-Cola Bottling Company Of Wisconsin (Del) is primarily engaged in manufacturing soft drinks and carbonated waters.,James McArthur — Senior Vice President Operations,3,2,,,,not contacted,,,
546,49458393,"Nestle Regional Globe Office North America, Inc.",unclassified food/bev mfr,,Arlington,Virginia,http://www.nestlejobs.com,4.9458393E7,61,Private,Nestlé S.A.,311111,"Nestle Regional Globe Office North America, Inc. is primarily engaged in manufacturing dog and cat food from cereal, meat, and other ingredients. These preparations may be canned, frozen, or dry.",Mark Brunson — Vice President,3,3,,,,not contacted,,,
547,49343723,Western Bagel Baking Corporation,unclassified food/bev mfr,,Van Nuys,California,http://www.westernbagel.com,4.9343723E7,425,Private,Western Bagel Baking Corporation,445291,Western Bagel Baking Corporation is primarily engaged in the retail sale of bakery products. The products may be purchased from others or made on the premises.,Danielle Cooper — Chief Financial Officer Director Of Human Resources,3,3,,,,not contacted,,,
548,49311771,Kraft Foods Group Exports LLC,unclassified food/bev mfr,,Chicago,Illinois,http://www.kraftheinzcompany.com,4.9311771E7,222,Private,The Kraft Heinz Company,311421,"Kraft Foods Group Exports Llc is primarily engaged in canning fruits, vegetables, and fruit and vegetable juices; and in manufacturing catsup and similar tomato sauces, or natural and imitation preser",,3,3,,,,not contacted,,,
549,49262817,Kendall-Jackson Wine Estates Inc,unclassified food/bev mfr,,Santa Rosa,California,http://www.jacksonfamilywines.com,4.9262817E7,800,Private,"Jackson Family Wines, Inc.",312130,"Kendall-Jackson Wine Estates Inc is primarily engaged in manufacturing wines, brandy, and brandy spirits. This industry also includes bonded wine cellars which are engaged in blending wines.",Jess Jackson — President,3,0,,,,not contacted,,,
550,49229801,Eckert Cold Storage Company,unclassified food/bev mfr,,Escalon,California,http://www.eckertcs.com,4.9229801E7,600,Private,Eckert Cold Storage Company,311411,"Eckert Cold Storage Company is primarily engaged in freezing fruits, fruit juices, and vegetables. These establishments also produce important byproducts such as fresh or dried citrus pulp.",,1,0,,,,not contacted,,,
551,49192329,Anita's Mexican Foods Corp.,unclassified food/bev mfr,,San Bernardino,California,http://www.anitasmfc.com,4.9192329E7,350,Private,Anita's Mexican Foods Corp.,311919,"Anita's Mexican Foods Corp. is primarily engaged in manufacturing potato chips, corn chips, and similar snacks.",Ricardo Alvarez — President,3,0,,,,not contacted,,,
552,49112225,"Fairmont Foods, Inc.",unclassified food/bev mfr,,Fairmont,Minnesota,http://www.downsfoodgroup.com,4.9112225E7,255,Private,Tony Downs Foods Co.,311412,"Fairmont Foods, Inc. is primarily engaged in manufacturing frozen food specialties, not elsewhere classified, such as frozen dinners and frozen pizza.",John Heuer — Executive Vice President,3,3,,,,not contacted,,,
553,49081379,"The Suter Company, Inc.",unclassified food/bev mfr,,Sycamore,Illinois,http://www.suterco.com,4.9081379E7,450,Private,"The Suter Company, Inc.",311991,"The Suter Company, Inc. is primarily engaged in manufacturing prepared foods and miscellaneous food specialties, not elsewhere classified, such as baking powder, yeast, and other leavening compounds; ",,1,0,,,,not contacted,,,
554,49042553,"Huntsinger Farms, Inc.",unclassified food/bev mfr,,Eau Claire,Wisconsin,http://www.huntsingerfarms.com,4.9042553E7,200,Private,"Huntsinger Farms, Inc.",311941,"Huntsinger Farms, Inc. is primarily engaged in pickling and brining fruits and vegetables, and in manufacturing salad dressings, vegetable relishes, sauces, and seasonings.",,3,3,,,,not contacted,,,
555,49011360,"DecoPac, Inc.",unclassified food/bev mfr,,Anoka,Minnesota,http://www.decopac.com,4.901136E7,373,Private,"DecoPac, Inc.",445291,"Decopac, Inc. is primarily engaged in the retail sale of bakery products. The products may be purchased from others or made on the premises.",Steven Twedell — Chief Financial Officer,3,3,,,,not contacted,,,
556,49006931,"Champion Foods, L.L.C.",unclassified food/bev mfr,,New Boston,Michigan,http://www.championfoods.com,4.9006931E7,300,Private,"Ilitch Holdings, Inc.",311991,"Champion Foods, L.L.C. is primarily engaged in manufacturing prepared foods and miscellaneous food specialties, not elsewhere classified, such as baking powder, yeast, and other leavening compounds; p",Jonathan Buring — Executive Vice President,3,1,,,,not contacted,,,
557,49006016,"New Horizons Baking Company, LLC",unclassified food/bev mfr,,Norwalk,Ohio,http://www.newhorizonsbaking.com,4.9006016E7,350,Private,"New Horizons Baking Company, LLC",311812,"New Horizons Baking Company, Llc is primarily engaged in manufacturing fresh or frozen bread and bread-type rolls and fresh cakes, pies, pastries and other similar ""perishable"" bakery products.",Trina Bediako — Chief Executive Officer,3,2,,,,not contacted,,,
558,48972672,Pepsi NorthWest Beverages LLC,unclassified food/bev mfr,,Tumwater,Washington,http://www.pepsico.com,4.8972672E7,300,Private,"Pepsi-Cola Metropolitan Bottling Company, Inc.",312111,Pepsi Northwest Beverages Llc is primarily engaged in manufacturing soft drinks and carbonated waters.,,3,3,,,,not contacted,,,
559,48969940,Saturn Petcare Inc.,unclassified food/bev mfr,,Lincoln Park,New Jersey,,4.896994E7,388,Private,Saturn Petcare Inc.,311111,"Saturn Petcare Inc. is primarily engaged in manufacturing dog and cat food from cereal, meat, and other ingredients. These preparations may be canned, frozen, or dry.",Maarten Moog — Chief Executive Officer,3,2,,,,not contacted,,,
560,48924644,"North Pacific Canners & Packers, Inc.",unclassified food/bev mfr,,Salem,Oregon,http://www.norpac.com,4.8924644E7,4000,Private,"North Pacific Canners & Packers, Inc.",311411,"NORPAC Foods is a cooperative owned by farmers that specializes in producing frozen fruits and vegetables. The company's FLAV-R-PAC brand offers high-quality, non-GMO seed fruits and vegetables that a",George Smith — President Chief Executive Officer,3,0,,,,not contacted,,,
561,48798988,"Fair Oaks Foods, L.L.C.",unclassified food/bev mfr,,Pleasant Prairie,Wisconsin,,4.8798988E7,550,Private,"Fair Oaks Foods, L.L.C.",311612,"Fair Oaks Farms produces a variety of fresh, ready-to-cook, and fully cooked beef, pork, and poultry products. The company distributesto restaurants and foodservice operators. Custom specialties inclu",Randy Levy — Chief Financial Officer,3,3,,,,not contacted,,,
562,48749790,AAK USA INC.,unclassified food/bev mfr,,Edison,New Jersey,http://www.aak.com,4.874979E7,255,Private,Aak Denmark Holding A/S,311225,"Aak Usa Inc. is primarily engaged in manufacturing shortening, table oils, margarine, and other edible fats and oils, not elsewhere classified.",,3,3,,,,not contacted,,,
563,48685223,"Quality Pork International, Inc.",unclassified food/bev mfr,,Omaha,Nebraska,http://www.qpii.com,4.8685223E7,400,Private,"Quality Pork International, Inc.",311611,"Quality Pork International, Inc. is primarily engaged in the slaughtering, for their own account or on a contract basis for the trade, of cattle, hogs, sheep, lambs, and calves for meat to be sold or ",Katie McNamara — Chief Financial Officer,3,2,,,,not contacted,,,
564,48682716,"Curation Foods, Inc.",unclassified food/bev mfr,,Santa Maria,California,,4.8682716E7,458,Private,"Lifecore Biomedical, Inc.",311999,"Curation Foods, Inc. is primarily engaged in manufacturing prepared foods and miscellaneous food specialties, not elsewhere classified, such as baking powder, yeast, and other leavening compounds; pea",Bill Kirth — Executive Vice President And Investor,3,0,,,,not contacted,,,
565,48587830,"Buckhead Meat & Seafood of Houston, Inc.",unclassified food/bev mfr,,Houston,Texas,,4.858783E7,285,Private,Sysco Corporation,311611,"Freedman Food Service is a leading supplier of meat products serving restaurants, hotels, and other foodservice operators in the Houston area. It processes and distributes beef, lamb, pork, and poultr",Frank Quant — Principal,3,2,,,,not contacted,,,
566,48554310,"Kewpie Americas, Inc.",unclassified food/bev mfr,,Irwindale,California,http://www.kewpieshop.com,4.855431E7,320,Private,KEWPIE CORPORATION,311999,"Kewpie Americas, Inc. is primarily engaged in slaughtering, dressing, packing, freezing, and canning poultry, rabbits, and other small game, or in manufacturing products from such meats, for their own",Kuniaki Ishikaiwa — President,3,3,,,,not contacted,,,
567,48437561,"Palmetto Gourmet Foods, Inc.",unclassified food/bev mfr,,Saluda,South Carolina,http://www.palmettogf.com,4.8437561E7,350,Private,Borealis Foods Inc,311999,"Palmetto Gourmet Foods, Inc. is primarily engaged in manufacturing prepared foods and miscellaneous food specialties, not elsewhere classified, such as baking powder, yeast, and other leavening compou",Reza Soltanzadeh — President,3,2,,,,not contacted,,,
568,48434879,"Echo Lake Foods, LLC",unclassified food/bev mfr,,Burlington,Wisconsin,http://www.echolakefoods.com,4.8434879E7,200,Private,"THE ELKIN COMPANY, LLP",311230,"Echo Lake Foods, Llc is primarily engaged in manufacturing cereal breakfast foods and related preparations, except breakfast bars.",Dave Jordan — President,3,1,,,,not contacted,,,
569,48400265,"Destileria Serralles, Inc.",unclassified food/bev mfr,,Mercedita,Puerto Rico,http://www.donq.com,4.8400265E7,292,Private,"Destileria Serralles, Inc.",312140,"Destileria Serralles, Inc. is primarily engaged in manufacturing alcoholic liquors by distillation, and in manufacturing cordials and alcoholic cocktails by blending processes or by mixing liquors and",John Meisler — Vice President Sales Serralles Usa,3,1,,,,not contacted,,,
570,48399387,"E & E Foods, Inc.",unclassified food/bev mfr,,Renton,Washington,http://www.eefoods.com,4.8399387E7,230,Private,"E & E Foods, Inc.",311710,"E & E Foods, Inc. is primarily engaged in preparing fresh and raw or cooked frozen fish and other seafoods and seafood preparations, such as soups, stews, chowders, fishcakes, crabcakes, and shrimp ca",Brad Momanski — President,3,3,,,,not contacted,,,
571,48297657,"Turner Dairy Farms, Inc.",unclassified food/bev mfr,,Pittsburgh,Pennsylvania,http://www.turnerdairy.net,4.8297657E7,219,Private,"Turner Dairy Farms, Inc.",311513,"Turner Dairy Farms, Inc. is primarily engaged in manufacturing natural cheese (except cottage cheese), processed cheese, cheese foods, cheese spreads, and cheese analogs (imitations and substitutes). ",Robert Garofalo — Chief Financial Officer,3,2,,,,not contacted,,,
572,48165928,Clover Farms Dairy Company,unclassified food/bev mfr,,Reading,Pennsylvania,http://www.cloverfarms.com,4.8165928E7,285,Private,Clover Farms Dairy Company,312111,Clover Farms Dairy Company is primarily engaged in manufacturing soft drinks and carbonated waters.,John Rothenberger — Chief Financial Officer,3,2,,,,not contacted,,,
573,48010914,"Pacific American Fish Co., Inc.",unclassified food/bev mfr,,Vernon,California,http://www.pafco.net,4.8010914E7,300,Private,"Pacific American Fish Co., Inc.",311710,"Pacific American Fish Co., Inc. is primarily engaged in cooking and canning fish, shrimp, oysters, clams, crabs, and other seafoods, including soups; and those engaged in smoking, salting, drying, or ",Shoichiro Akiyama — Chief Financial Officer,3,3,,,,not contacted,,,
574,47912853,"Valley Fine Foods Company, LLC",unclassified food/bev mfr,,Benicia,California,http://valleyfine.com,4.7912853E7,375,Private,"Valley Fine Foods Company, LLC",311211,"Valley Fine Foods Company, Llc is primarily engaged in milling flour or meal from grain, except rice. The products of flour mills may be sold plain or in the form of prepared mixes or doughs for speci",Brian Cullen — Chief Financial Officer,3,3,,,,not contacted,,,
575,47911819,"Camino Real Foods, Inc.",unclassified food/bev mfr,,Los Angeles,California,http://www.caminorealkitchens.com,4.7911819E7,410,Private,"Camino Real Foods, Inc.",311999,"Camino Real Foods, Inc. is primarily engaged in manufacturing prepared foods and miscellaneous food specialties, not elsewhere classified, such as baking powder, yeast, and other leavening compounds; ",Rob Cross — President,3,2,,,,not contacted,,,
576,47901920,Galliker Dairy Company,unclassified food/bev mfr,,Johnstown,Pennsylvania,http://www.gallikers.com,4.790192E7,365,Private,Galliker Dairy Company,311511,"Galliker Dairy Company is primarily engaged in processing (e.g., pasteurizing, homogenizing, vitaminizing, bottling) fluid milk and cream, and related products, including cottage cheese, yogurt (excep",Charles Price — President,3,2,,,,not contacted,,,
577,47836693,Flavorchem Corporation,unclassified food/bev mfr,,Downers Grove,Illinois,http://www.flavorchem.com,4.7836693E7,135,Private,Flavorchem Corporation,311942,"Flavorchem Corporation is primarily engaged in manufacturing flavoring extracts, syrups, powders, and related products, not elsewhere classified, for soda fountain use or for the manufacture of soft d",James Evanoff — Chief Financial Officer,3,2,,,,not contacted,,,
578,47825607,"Ben & Jerry's Homemade, Inc.",unclassified food/bev mfr,,South Burlington,Vermont,http://www.benjerry.com,4.7825607E7,841,Private,UNILEVER PLC,311520,"Not yet ready for a scoop of Dulce Delish? Don't worry, Ben & Jerry's is still Ben & Jerry's Homemade: a top maker of super-premium ice cream (along with rival Nestl's Hagen-Dazs). Founded in 1978, th",,1,0,,,,not contacted,,,
579,47821880,Pringles Manufacturing Company,unclassified food/bev mfr,,Jackson,Tennessee,,4.782188E7,385,Private,Kellanova,311919,"Pringles Manufacturing Company is primarily engaged in manufacturing potato chips, corn chips, and similar snacks.",,1,0,,,,not contacted,,,
580,47794365,"Pepsi-Cola Bottling Company of New York, Inc.",unclassified food/bev mfr,,College Point,New York,http://www.pepsico.com,4.7794365E7,1300,Private,"Pepsi-Cola Bottling Company of New York, Inc.",312111,"Pepsi-Cola Bottling Company of New York (PCBCNY) helps quench the thirst of those in the Big Apple. The company bottles and supplies mostly PepsiCo products, including soft drinks and non-carbonated b",Harold Honickman — Principal,3,1,,,,not contacted,,,
581,47780426,"Evans Foods, Inc.",unclassified food/bev mfr,,Chicago,Illinois,http://www.benestarbrands.com,4.7780426E7,100,Private,Evans Food Group Ltd.,311919,"Evans Food Products has something to oink about. The company manufactures pork rinds and pork cracklings under the Macs, La Tonita, Bills, and Porkie brand names. Its products are available at retaile",Alex Silva — Chief Executive Officer,3,2,,,,not contacted,,,
582,47761997,"CTI Foods Texas Soups, LLC",unclassified food/bev mfr,,Saginaw,Texas,http://www.ctifoods.com,4.7761997E7,200,Private,"CTI Foods, LLC",311612,"Cti Foods Texas Soups, Llc is primarily engaged in manufacturing sausages, cured meats, smoked meats, canned meats, frozen meats, and other prepared meats and meat specialties, from purchased carcasse",Corey Arrick — President Chief Operations Officer,3,1,,,,not contacted,,,
583,47628654,"Grecian Delight Foods, Inc.",unclassified food/bev mfr,,Elk Grove Village,Illinois,http://www.greciandelight.com,4.7628654E7,180,Private,Kronos Foods Corp.,311812,"Grecian Delight Foods, Inc. is primarily engaged in manufacturing fresh or frozen bread and bread-type rolls and fresh cakes, pies, pastries and other similar ""perishable"" bakery products.",Michael Lerch — Chief Financial Officer,3,2,,,,not contacted,,,
584,47586506,"Eat Just, Inc.",unclassified food/bev mfr,,Alameda,California,http://www.ju.st,4.7586506E7,249,Private,"Eat Just, Inc.",311941,"Eat Just, Inc. is primarily engaged in pickling and brining fruits and vegetables, and in manufacturing salad dressings, vegetable relishes, sauces, and seasonings.",Priyanka Mahadevia — Chief Operating Officer,3,0,,,,not contacted,,,
585,47552074,"Craft Brew Alliance, Inc.",unclassified food/bev mfr,,Saint Louis,Missouri,http://www.anheuser-busch.com,4.7552074E7,674,Private,"American Beverage Crafts, LLC",312120,"Competing with the big boys is more effective in an alliance. The Craft Brew Alliance brings together Redhook Ale Brewery (Seattle), Widmer Brothers Brewing (Portland), and Kona Brewing (Kona, Hawaii)",Christine Perich — Executive Vice President,3,0,,,,not contacted,,,
586,47535126,"Cooper Farms, Inc.",unclassified food/bev mfr,,Oakwood,Ohio,http://www.cooperfarms.com,4.7535126E7,140,Private,"Cooper Farms, Inc.",311119,"Cooper Farms, Inc. is primarily engaged in manufacturing prepared feeds and feed ingredients and adjuncts for animals and fowls, except dogs and cats. Included in this industry are poultry and livesto",Gary Cooper — Vice President,3,0,,,,not contacted,,,
587,47528625,"Musco Olive Products, Inc.",unclassified food/bev mfr,,Tracy,California,http://www.olives.com,4.7528625E7,300,Private,"Musco Olive Products, Inc.",311421,The Musco Family Olive Co. is one of the nation's leading purveyors of canned and brined olives. The company sells its products primarily under its flagship Pearls brand. It also sells olives under th,Felix Musco — Chief Executive Officer,3,1,,,,not contacted,,,
588,47473660,"Ozark Mountain Poultry, Inc.",unclassified food/bev mfr,,Rogers,Arkansas,http://www.georgesinc.com,4.747366E7,650,Private,"George's, Inc.",311615,"Ozark Mountain Poultry, Inc. is primarily engaged in slaughtering, dressing, packing, freezing, and canning poultry, rabbits, and other small game, or in manufacturing products from such meats, for th",Stephan Barnes — Vice President Operations,3,0,,,,not contacted,,,
589,47458115,"Robertet Flavors, Inc.",unclassified food/bev mfr,,Piscataway,New Jersey,http://www.robertetflavors.com,4.7458115E7,180,Private,ROBERTET SA,311942,"Robertet Flavors, Inc. is primarily engaged in manufacturing flavoring extracts, syrups, powders, and related products, not elsewhere classified, for soda fountain use or for the manufacture of soft d",,1,0,,,,not contacted,,,
590,47438599,"Virginia Poultry Growers Cooperative, Inc.",unclassified food/bev mfr,,Hinton,Virginia,http://www.vapoultrygrowers.com,4.7438599E7,550,Private,,311615,"Virginia Poultry Growers Cooperative, Inc. is primarily engaged in slaughtering, dressing, packing, freezing, and canning poultry, rabbits, and other small game, or in manufacturing products from such",Jim Mason — President,3,1,,,,not contacted,,,
591,47432335,Hawaiian Host LLC,unclassified food/bev mfr,,Honolulu,Hawaii,http://www.hawaiianhost.com,4.7432335E7,414,Private,Hawaiian Host LLC,311340,"Hawaiian Host Llc is primarily engaged in manufacturing candy, including chocolate candy, other confections, and related products.",Keith Sakamoto — President,3,2,,,,not contacted,,,
592,47410057,North Coast Sea-Foods Corp.,unclassified food/bev mfr,,Boston,Massachusetts,http://www.northcoastseafoods.com,4.7410057E7,200,Private,North Coast Sea-Foods Corp.,311710,"North Coast Sea-Foods Corp. is primarily engaged in preparing fresh and raw or cooked frozen fish and other seafoods and seafood preparations, such as soups, stews, chowders, fishcakes, crabcakes, and",James Stavis — President,3,0,,,,not contacted,,,
593,47409050,Bacardi Corporation,unclassified food/bev mfr,,Catano,Puerto Rico,http://www.bacardi.com,4.740905E7,674,Private,Bacardi International Limited,312140,"Bacardi Corporation is primarily engaged in manufacturing alcoholic liquors by distillation, and in manufacturing cordials and alcoholic cocktails by blending processes or by mixing liquors and other ",Tony Latham — Regional President North America,3,1,,,,not contacted,,,
594,47395897,"Firestone Walker, Inc.",unclassified food/bev mfr,,Paso Robles,California,http://www.firestonewalker.com,4.7395897E7,500,Private,"Firestone Walker, Inc.",312120,"Firestone Walker, Inc. is primarily engaged in manufacturing malt beverages.",,3,3,,,,not contacted,,,
595,47382687,"Proven Partners Group, LLC",unclassified food/bev mfr,,Elgin,Illinois,http://www.provenpartnersgroup.com,4.7382687E7,250,Private,"Proven Partners Group, LLC",311999,"Proven Partners Group, Llc is primarily engaged in manufacturing prepared foods and miscellaneous food specialties, not elsewhere classified, such as baking powder, yeast, and other leavening compound",Kevin Sims — Chief Operating Officer,3,2,,,,not contacted,,,
596,47330517,"M.A. Patout & Son Limited, L.L.C.",unclassified food/bev mfr,,Jeanerette,Louisiana,http://www.mapatout.com,4.7330517E7,413,Private,"M.A. Patout & Son Limited, L.L.C.",311314,"Owned and operated by the seventh generation of the Patout family, M.A. Patout & Son is the oldest family-owned and operated raw sugar manufacturer in the US. The Louisiana-based company processes sug",Randall Romero — Chief Financial Officer,3,2,,,,not contacted,,,
597,47298450,"Flavor & Fragrance Specialties, Inc.",unclassified food/bev mfr,,Mahwah,New Jersey,http://www.ffs.com,4.729845E7,100,Private,"Flavor & Fragrance Specialties, Inc.",311942,"Flavor & Fragrance Specialties, Inc. is primarily engaged in manufacturing flavoring extracts, syrups, powders, and related products, not elsewhere classified, for soda fountain use or for the manufac",Michael Bloom — President,3,2,,,,not contacted,,,
598,47251175,Rockland Bakery Inc.,unclassified food/bev mfr,,Nanuet,New York,http://www.rocklandbakery.com,4.7251175E7,450,Private,Rockland Bakery Inc.,445291,Rockland Bakery Inc. is primarily engaged in the retail sale of bakery products. The products may be purchased from others or made on the premises.,Sal Battaglia — President,3,1,,,,not contacted,,,
599,46993679,"BAKE-N-JOY FOODS, INC.",unclassified food/bev mfr,,North Andover,Massachusetts,http://www.bakenjoy.com,4.6993679E7,140,Private,"BAKE-N-JOY FOODS, INC.",311813,"Bake'n Joy Foods is a leading manufacturer of top quality bakery products. It manufactures frozen batters, pre-deposited batters, cookies, dry mixes, Boston Coffee Cakes, and dry mixes for the baking ",,1,0,,,,not contacted,,,
600,46953133,"PSF, Inc.",unclassified food/bev mfr,,Bellevue,Washington,http://www.ppsf.com,4.6953133E7,204,Private,"Maruha Capital Investment, Inc.",311710,"This Peter Pan has much bigger fish to fry than dealing with imaginary snarling pirates and snapping crocodiles. Peter Pan Seafoods, whoseNever-Never Land is Alaska,harvests, processes, freezes, and m",Steven Chartier — Vice President,3,0,,,,not contacted,,,
601,46947964,"GH Foods CA, LLC",unclassified food/bev mfr,,Sacramento,California,,4.6947964E7,350,Private,"Renaissance Food Group, LLC",311991,"Gh Foods Ca, Llc is primarily engaged in manufacturing prepared foods and miscellaneous food specialties, not elsewhere classified, such as baking powder, yeast, and other leavening compounds; peanut ",,1,0,,,,not contacted,,,
602,46940201,"Kahiki Foods, Inc.",unclassified food/bev mfr,,Gahanna,Ohio,http://www.kahiki.com,4.6940201E7,160,Private,CJ Corporation,311412,"Kahiki Foods is a leading manufacturer of Asian-themed frozen foods for the retail market and the foodservices industry in the US, Canada, and Mexico. Its more than 70 Pan-Asian products include appet",Frederick Niebauer — Chief Financial Officer,3,0,,,,not contacted,,,
603,46788250,"Taylor Shellfish Company, Inc.",unclassified food/bev mfr,,Shelton,Washington,http://www.taylorshellfishfarms.com,4.678825E7,315,Private,"Taylor United, Inc.",311710,"Taylor Shellfish Company, Inc. is primarily engaged in preparing fresh and raw or cooked frozen fish and other seafoods and seafood preparations, such as soups, stews, chowders, fishcakes, crabcakes, ",Bill Lalor — Vice President,3,3,,,,not contacted,,,
604,46762531,Texas Farm Products Company,unclassified food/bev mfr,,Nacogdoches,Texas,http://www.tfpnutrition.com,4.6762531E7,165,Private,Texas Farm Products Company,311111,"Whether it's forlawns or pets, Texas Farm Products has something to feed 'em and help keep them healthy. The family-owned company makes pet foods, livestock feeds, and lawn and garden fertilizers and ",Royal Witcher — Chief Operating Officer,3,2,,,,not contacted,,,
605,46712471,UMPQUA Dairy Products Co.,unclassified food/bev mfr,,Roseburg,Oregon,http://www.umpquadairy.com,4.6712471E7,243,Private,UMPQUA Dairy Products Co.,311511,"Umpqua Dairy Products Co. is primarily engaged in processing (e.g., pasteurizing, homogenizing, vitaminizing, bottling) fluid milk and cream, and related products, including cottage cheese, yogurt (ex",Steven Feldkamp — Executive Vice President,3,1,,,,not contacted,,,
606,46628132,Brothers International Desserts,unclassified food/bev mfr,,Santa Ana,California,http://www.brothersdesserts.com,4.6628132E7,420,Private,Brothers International Desserts,311520,Brothers International Desserts is primarily engaged in manufacturing ice cream and other frozen desserts.,Chad Donvito — President,3,2,,,,not contacted,,,
607,46618927,"Nordic Naturals, Inc.",unclassified food/bev mfr,,Watsonville,California,http://www.nordic.com,4.6618927E7,150,Private,"Nordic Naturals, Inc.",311710,"Nordic Naturals, Inc. is primarily engaged in manufacturing animal oils, including fish oil and other marine animal oils, and fish and animal meal; and those rendering inedible stearin, grease, and ta",Jason Puett — Chief Financial Officer,3,3,,,,not contacted,,,
608,46616848,"Hughson Nut, Inc.",unclassified food/bev mfr,,Chicago,Illinois,,4.6616848E7,375,Private,OLAM INTERNATIONAL LIMITED,311911,"Hughson Nut, Inc. is primarily engaged in manufacturing salted, roasted, dried, cooked, or canned nuts or in processing grains or seeds in a similar manner for snack purposes.",Scott Swinney — Plant Manager,2,0,,,,not contacted,,,
609,46527061,Cloverland Dairy Limited Partnership,unclassified food/bev mfr,,Baltimore,Maryland,http://www.cloverlanddairy.com,4.6527061E7,450,Partnership,,311511,"Cloverland Dairy Limited Partnership is primarily engaged in processing (e.g., pasteurizing, homogenizing, vitaminizing, bottling) fluid milk and cream, and related products, including cottage cheese,",James Cella — Vice President Dairy Operations,3,2,,,,not contacted,,,
610,46519371,"Schmidt Baking Company, Incorporated",unclassified food/bev mfr,,Baltimore,Maryland,http://www.schmidtoldtyme.com,4.6519371E7,650,Private,"Schmidt Baking Company, Incorporated",311812,"Schmidt Baking Company, Incorporated is primarily engaged in manufacturing fresh or frozen bread and bread-type rolls and fresh cakes, pies, pastries and other similar ""perishable"" bakery products.",Edgar Flores — Independent Owner,3,2,,,,not contacted,,,
611,46454338,"The Masterson Company, Inc.",unclassified food/bev mfr,,Milwaukee,Wisconsin,http://www.mastersonfoods.com,4.6454338E7,200,Private,,311999,"The Masterson Company, Inc. is primarily engaged in manufacturing flavoring extracts, syrups, powders, and related products, not elsewhere classified, for soda fountain use or for the manufacture of s",Jenelle Roberts — Vice President Of Finance Administration Treasurer,3,3,,,,not contacted,,,
612,46430565,"J & J Bagging, LLC",unclassified food/bev mfr,,Yazoo City,Mississippi,http://www.jandjbagging.com,4.6430565E7,75,Private,,311119,"J & J Bagging, Llc is primarily engaged in manufacturing prepared feeds and feed ingredients and adjuncts for animals and fowls, except dogs and cats. Included in this industry are poultry and livesto",Joseph Mohamed — President,3,1,,,,not contacted,,,
613,46426708,"Camp Hill Confections, LLC",unclassified food/bev mfr,,York,Pennsylvania,http://www.warrellcorp.com,4.6426708E7,112,Private,"Wolfgang CHC, LLC",311351,"Warrell Corporation (dba Pennsylvania Dutch Candies)has plenty of sweet treats. The Pennsylvania confectioner's more than 1,000products include peanut brittle, butter and party mints, peanut-butter pi",Patricia Zwergel — President Acting Chief Executive Officer,3,3,,,,not contacted,,,
614,46367859,"Ready Foods, Inc.",unclassified food/bev mfr,,Denver,Colorado,http://www.readyfoods.biz,4.6367859E7,271,Private,"Ready Foods, Inc.",311991,"Ready Foods, Inc. is primarily engaged in manufacturing prepared foods and miscellaneous food specialties, not elsewhere classified, such as baking powder, yeast, and other leavening compounds; peanut",,1,0,,,,not contacted,,,
615,46344688,"La Tortilleria, LLC",unclassified food/bev mfr,,Winston Salem,North Carolina,http://www.purplecrow.com,4.6344688E7,190,Private,,311830,"La Tortilleria, Llc is primarily engaged in manufacturing prepared foods and miscellaneous food specialties, not elsewhere classified, such as baking powder, yeast, and other leavening compounds; pean",Nathaniel Calhoun — PRINCIPAL,3,1,,,,not contacted,,,
616,46316044,"Ingomar Packing Company, LLC",unclassified food/bev mfr,,Los Banos,California,http://www.ingomarpacking.com,4.6316044E7,251,Private,"Ingomar Packing Company, LLC",311421,"Ingomar Packing Company, Llc is primarily engaged in canning fruits, vegetables, and fruit and vegetable juices; and in manufacturing catsup and similar tomato sauces, or natural and imitation preserv",Doug Dobbs — Chief Executive Officer President,3,0,,,,not contacted,,,
617,46308903,"Seabrook Brothers & Sons, Inc.",unclassified food/bev mfr,,Bridgeton,New Jersey,http://www.seabrookfarms.com,4.6308903E7,200,Private,"Seabrook Brothers & Sons, Inc.",311411,"Seabrook Brothers and Sons almost has an alphabet of products. From asparagus towater chestnuts,the company grows, processes, and freezes a harvest of vegetables. In addition to producing items for re",Wes Seabrook — Vice President Engineering,3,3,,,,not contacted,,,
618,46231384,Fieldbrook Foods Corporation,unclassified food/bev mfr,,Dunkirk,New York,http://www.wellsenterprisesinc.com,4.6231384E7,350,Private,"Wells Enterprises, Inc.",311520,Fieldbrook Foods Corporation is primarily engaged in manufacturing ice cream and other frozen desserts.,Norma Pulci — Executive Administrative Assistant To President,3,0,,,,not contacted,,,
619,46046291,United States Distilled Products Co.,unclassified food/bev mfr,,Princeton,Minnesota,http://www.phillipsdistilling.com,4.6046291E7,550,Private,United States Distilled Products Co.,312140,"United States Distilled Products Co. is primarily engaged in manufacturing alcoholic liquors by distillation, and in manufacturing cordials and alcoholic cocktails by blending processes or by mixing l",Patricia Pelzer — Chief Financial Officer,3,1,,,,not contacted,,,
620,46042095,"B&G Foods North America, Inc.",unclassified food/bev mfr,,Parsippany,New Jersey,http://www.bgfoods.com,4.6042095E7,300,Private,"B&G Foods, Inc.",311612,"B&G Foods North America, Inc. is primarily engaged in manufacturing sausages, cured meats, smoked meats, canned meats, frozen meats, and other prepared meats and meat specialties, from purchased carca",Kenneth Keller — Director President And Chief Executive Officer,3,2,,,,not contacted,,,
621,46017330,4C Foods Corp.,unclassified food/bev mfr,,Brooklyn,New York,http://www.4c.com,4.601733E7,157,Private,4C Foods Corp.,311513,"4C Foods Corp. is primarily engaged in manufacturing natural cheese (except cottage cheese), processed cheese, cheese foods, cheese spreads, and cheese analogs (imitations and substitutes). These esta",,1,0,,,,not contacted,,,
622,45933113,"JBS Souderton, Inc.",unclassified food/bev mfr,,Souderton,Pennsylvania,http://www.mopac.com,4.5933113E7,1550,Private,JBS S/A,311611,"Jbs Souderton, Inc. is primarily engaged in the slaughtering, for their own account or on a contract basis for the trade, of cattle, hogs, sheep, lambs, and calves for meat to be sold or to be used on",,3,3,,,,not contacted,,,
623,45809620,THE FIRST DISTRICT ASSOCIATION (FDA),unclassified food/bev mfr,,Litchfield,Minnesota,http://www.firstdistrict.com,4.580962E7,150,Private,THE FIRST DISTRICT ASSOCIATION (FDA),311514,"The First District Association (Fda) is primarily engaged in manufacturing dry, condensed, and evaporated dairy products. This also includes manufacturing mixes for the preparation of frozen ice cream",Clinton Fall — Chief Executive Officer,3,2,,,,not contacted,,,
624,45799278,Spangler Candy Company,unclassified food/bev mfr,,Bryan,Ohio,http://www.spanglercandy.com,4.5799278E7,420,Private,Spangler Candy Company,311340,Spangler Candy is a privately owned family company that specializes in the production of lollipops and candy canes. The company is one of the largest lollipop manufacturers in the world and the only m,,1,0,,,,not contacted,,,
625,45774658,CLEMENTS FOODS CO.,unclassified food/bev mfr,,Oklahoma City,Oklahoma,http://www.clementsfoodscompany.com,4.5774658E7,235,Private,CLEMENTS FOODS CO.,311941,"Clements Foods Co. is primarily engaged in pickling and brining fruits and vegetables, and in manufacturing salad dressings, vegetable relishes, sauces, and seasonings.",Mike Martin — Vice President Operations,3,3,,,,not contacted,,,
626,45768932,"Egg Innovations, LLC",unclassified food/bev mfr,,Warsaw,Indiana,http://www.egginnovations.com,4.5768932E7,77,Private,"Egg Innovations, LLC",311999,"One company thinks its innovative methods areeggcellent. Egg Innovations is a leading producer of cage-free and organic eggs, packaging more than 15 million eggs each month from more than 30 family fa",Brian Klepke — Chief Operating Officer,3,3,,,,not contacted,,,
627,45731869,"Nation Pizza Products, L.P.",unclassified food/bev mfr,,Schaumburg,Illinois,http://www.nationpizza.com,4.5731869E7,700,Partnership,,311412,"Nation Pizza Products, L.P. is primarily engaged in manufacturing frozen food specialties, not elsewhere classified, such as frozen dinners and frozen pizza.",Joe Giglio — Chief Financial Officer,3,2,,,,not contacted,,,
628,45656921,"ESSENTIA BY-PRODUCT SOLUTIONS, LLC",unclassified food/bev mfr,,Arion,Iowa,http://www.lauridsengroupinc.com,4.5656921E7,225,Private,"The Lauridsen Group, Inc.",311999,"Essentia By-Product Solutions, Llc is primarily engaged in manufacturing prepared foods and miscellaneous food specialties, not elsewhere classified, such as baking powder, yeast, and other leavening ",Melissa Oborny — Vice President Finance,3,2,,,,not contacted,,,
629,45377056,"PGP International, Inc.",unclassified food/bev mfr,,Woodland,California,http://www.pgpint.com,4.5377056E7,333,Private,ABF INGREDIENTS LIMITED,311999,"Pgp International, Inc. is primarily engaged in manufacturing prepared foods and miscellaneous food specialties, not elsewhere classified, such as baking powder, yeast, and other leavening compounds; ",Karl Gormley — Vice President Operations,3,3,,,,not contacted,,,
630,45280334,Tortilla King LLC,unclassified food/bev mfr,,Moundridge,Kansas,http://www.mamalupes.com,4.5280334E7,140,Private,Flagship Food Group LLC,311830,"Tortilla King Llc is primarily engaged in manufacturing prepared foods and miscellaneous food specialties, not elsewhere classified, such as baking powder, yeast, and other leavening compounds; peanut",Robert Ratzlaff — Principal,3,1,,,,not contacted,,,
631,45239162,"Jack Daniel Distillery, Lem Motlow, Prop., Inc.",unclassified food/bev mfr,,Lynchburg,Tennessee,http://www.jackdaniels.com,4.5239162E7,365,Private,Brown-Forman Corporation,312140,"Jack Daniel Distillery, Lem Motlow, Prop., Inc. is primarily engaged in manufacturing alcoholic liquors by distillation, and in manufacturing cordials and alcoholic cocktails by blending processes or ",Donna Willis — Vice President Director Technical Services,3,3,,,,not contacted,,,
632,45179665,"Silocaf Of New Orleans, Inc.",unclassified food/bev mfr,,New Orleans,Louisiana,,4.5179665E7,85,Private,B. PACORINI SPA,311920,"Silocaf Of New Orleans, Inc. is primarily engaged in roasting coffee, and in manufacturing coffee concentrates and extracts in powdered, liquid, or frozen form, including freeze-dried.",Maurizio Zaves — President,3,1,,,,not contacted,,,
633,45126968,"Shank's Extracts, LLC",likely co-man (D&B description),,Lancaster,Pennsylvania,http://www.shanks.com,4.5126968E7,245,Private,Universal Corporation,311942,"Shank's knows what vanilla should taste like. Shank's Extracts is a top producer of vanilla extract in the US. The company makes and distributes extracts and other products including flavors, emulsion",,1,0,,,,not contacted,,,
634,45124630,Galloway Company,unclassified food/bev mfr,,Neenah,Wisconsin,http://www.gallowaycompany.com,4.512463E7,95,Private,Galloway Company,311514,"Galloway Company is primarily engaged in manufacturing dry, condensed, and evaporated dairy products. This also includes manufacturing mixes for the preparation of frozen ice cream and ice milk and da",Kevin Beauchamp — President And Chief Executive Officer,3,2,,,,not contacted,,,
635,45119263,"Red Collar Pet Foods, Inc.",unclassified food/bev mfr,,Franklin,Tennessee,http://www.redcollarpet.com,4.5119263E7,700,Private,Nestle Purina Petcare Company,311111,"Red Collar Pet Foods, Inc. is primarily engaged in manufacturing dog and cat food from cereal, meat, and other ingredients. These preparations may be canned, frozen, or dry.",Phil Bruyn — Vice President Procurement,3,1,,,,not contacted,,,
636,45112503,"Rhodes International, Inc.",unclassified food/bev mfr,,South Jordan,Utah,http://www.rhodesbakenserv.com,4.5112503E7,250,Private,"Rhodes International, Inc.",311813,"Rhodes International, Inc. is primarily engaged in manufacturing frozen bakery products, except bread and bread-type rolls.",,1,0,,,,not contacted,,,
637,45091499,"The Lion Brewery, Inc.",unclassified food/bev mfr,,Wilkes Barre,Pennsylvania,http://www.lionbrewery.com,4.5091499E7,135,Private,"The Lion Brewery, Inc.",312120,"The Lion Brewery brews and bottles lager-style beer,ale,and soft drinks. Its beer brands include Lionshead, Stegmaier, and Pocono; under the Old Philadelphia name, the company markets a variety of cre",Michael Clarke — Vice President And Chief Financial Officer,3,2,,,,not contacted,,,
638,45009495,5700 W Adams Corp.,unclassified food/bev mfr,,Los Angeles,California,http://www.felbro.com,4.5009495E7,120,Private,,311930,"5700 W Adams Corp. is primarily engaged in manufacturing flavoring extracts, syrups, powders, and related products, not elsewhere classified, for soda fountain use or for the manufacture of soft drink",Daniel Ari Feldmar — Chief Operating Officer,3,1,,,,not contacted,,,
639,44951340,Juanita's Foods,unclassified food/bev mfr,,Wilmington,California,http://www.juanitas.com,4.495134E7,285,Private,Juanita's Foods,311422,"Mexican soup is the spice of life for this company. Juanita's Foods is a Mexican food maker and the world's largest manufacturer of menudo, a spicy soup made with tripe (the stomach lining of thepig o",Aaron De La Torre — Business Owner,3,3,,,,not contacted,,,
640,44920395,"Pepsi-Cola and National Brand Beverages, Ltd.",unclassified food/bev mfr,,Pennsauken,New Jersey,http://www.pepsi-nj.com,4.4920395E7,425,Private,"Pepsi-Cola and National Brand Beverages, Ltd.",312111,"Pepsi-Cola And National Brand Beverages, Ltd. is primarily engaged in manufacturing soft drinks and carbonated waters.",Walter Wilkinson — Chief Financial Officer,3,2,,,,not contacted,,,
641,44840141,The Guida-Seibert Dairy Company,unclassified food/bev mfr,,New Britain,Connecticut,http://www.garelickfarms.com,4.4840141E7,275,Private,"Dairy Farmers of America, Inc.",311511,"Guida's tells you up front what they do best: Milk & Ice Cream. And while that's true, the company also distributes other dairy products, fruit juices, and spring water, but milk and ice cream are its",Michael Guida — Vice President,3,0,,,,not contacted,,,
642,44794651,"Abbyland Foods, Inc.",unclassified food/bev mfr,,Abbotsford,Wisconsin,http://www.abbyland.com,4.4794651E7,500,Private,"Abbyland Foods, Inc.",311612,"Abbyland Foods, Inc. is primarily engaged in manufacturing sausages, cured meats, smoked meats, canned meats, frozen meats, and other prepared meats and meat specialties, from purchased carcasses and ",,3,3,,,,not contacted,,,
643,44697948,"Simmons Animal Nutrition, Inc.",unclassified food/bev mfr,,Siloam Springs,Arkansas,http://www.simmonsfoods.com,4.4697948E7,157,Private,"Simmons Foods, Inc.",311119,"Simmons Animal Nutrition, Inc. is primarily engaged in manufacturing prepared feeds and feed ingredients and adjuncts for animals and fowls, except dogs and cats. Included in this industry are poultry",Kerry Hairston — Senior Vice President Of Finance Treasurer,3,2,,,,not contacted,,,
644,44465744,"Pacific Foods of Oregon, LLC",unclassified food/bev mfr,,Tualatin,Oregon,http://www.pacificfoods.com,4.4465744E7,500,Private,The Campbell's Company,311421,"Pacific Foods Of Oregon, Llc is primarily engaged in canning fruits, vegetables, and fruit and vegetable juices; and in manufacturing catsup and similar tomato sauces, or natural and imitation preserv",Steve Hauke — Vice President Sales,3,0,,,,not contacted,,,
645,44410809,"Cedarlane Natural Foods, LLC",confirmed co-man (public sweep),wet-frozen-supplements,Carson,California,http://www.cedarlanefoods.com,4.4410809E7,600,Private,"Cedarlane Natural Foods, LLC",311999,"Cedarlane Natural Foods, Llc is primarily engaged in manufacturing prepared foods and miscellaneous food specialties, not elsewhere classified, such as baking powder, yeast, and other leavening compou",Robert Atallah — Principal Owner,3,1,,,,not contacted,,,
646,44303310,"Northwest Frozen, LLC",unclassified food/bev mfr,,Seatac,Washington,,4.430331E7,200,Private,,311412,"Northwest Frozen, Llc is primarily engaged in manufacturing frozen food specialties, not elsewhere classified, such as frozen dinners and frozen pizza.",,3,2,,,,not contacted,,,
647,44271000,Royal Wine Corporation,unclassified food/bev mfr,,Bayonne,New Jersey,http://www.royalwine.com,4.4271E7,202,Private,Royal Wine Corporation,312130,"The libations of the Royal Wine Corp. are never passed over.The company produces, imports, and distributes kosher wine, grape juice,and spirits. It owns and operatestwo wineries, both of which are loc",Efrem Schnoll — chief financial officer,3,2,,,,not contacted,,,
648,44186138,"Fona International, LLC",unclassified food/bev mfr,,Geneva,Illinois,http://www.mccormickfona.com,4.4186138E7,282,Private,"McCormick & Company, Incorporated",311942,"Fona International, Llc is primarily engaged in manufacturing flavoring extracts, syrups, powders, and related products, not elsewhere classified, for soda fountain use or for the manufacture of soft ",Luke Slawek — Chief Operating Officer,3,2,,,,not contacted,,,
649,44151726,"Gourmet Boutique, L.L.C.",unclassified food/bev mfr,,Jamaica,New York,http://www.gourmetboutique.com,4.4151726E7,405,Private,"Gourmet Boutique, L.L.C.",311999,"Gourmet Boutique, L.L.C. is primarily engaged in manufacturing prepared foods and miscellaneous food specialties, not elsewhere classified, such as baking powder, yeast, and other leavening compounds;",Susan Santos — President,3,3,,,,not contacted,,,
650,44121086,"Kagome Foods, Inc.",unclassified food/bev mfr,,Osceola,Arkansas,http://www.kagomeusa.com,4.4121086E7,230,Private,Kagome Inc.,311225,"Kagome Foods, Inc. is primarily engaged in manufacturing shortening, table oils, margarine, and other edible fats and oils, not elsewhere classified.",James McGinnis — Vice President,3,2,,,,not contacted,,,
651,44108807,Brewster Cheese Company,unclassified food/bev mfr,,Brewster,Ohio,http://www.brewstercheese.com,4.4108807E7,410,Private,Brewster Cheese Company,311513,The producer of more than 100 million pounds of cheese annually makes the Ohio company one of the leading maker of natural Swiss cheese in the country. More than 400 dairy farms provide milk to its pr,EMIL Alecusan — Vice President Chief Financial Officer,3,3,,,,not contacted,,,
652,44102703,Wixon Inc.,confirmed co-man (public sweep),snack-bakery,Milwaukee,Wisconsin,http://www.wixon.com,4.4102703E7,200,Private,"Wixon Industries, Inc.",311942,"Wixon kicks the flavor of food up a notch. The company, which began as a single spice manufacturer in 1907, produces a range of wet and dry spice blends, seasonings, and flavor modifiers that enhance ",Patrick McGarry — Chief Operating Officer,3,3,,,,not contacted,,,
653,43979370,"Organicgirl, LLC",unclassified food/bev mfr,,Salinas,California,http://www.iloveorganicgirl.com,4.397937E7,650,Private,,311991,"Organicgirl, Llc is primarily engaged in manufacturing prepared foods and miscellaneous food specialties, not elsewhere classified, such as baking powder, yeast, and other leavening compounds; peanut ",Erica Sabin — Chief Financial Officer,3,3,,,,not contacted,,,
654,43930347,"Prime Beverage Group, LLC",unclassified food/bev mfr,,Huntersville,North Carolina,http://www.primebev.com,4.3930347E7,250,Private,"Prime Beverage Group, LLC",311999,"Prime Beverage Group, Llc is primarily engaged in manufacturing flavoring extracts, syrups, powders, and related products, not elsewhere classified, for soda fountain use or for the manufacture of sof",Bill Sims — Vice President Finance,3,3,,,,not contacted,,,
655,43877811,"Beverage Distribution Center, Inc.",unclassified food/bev mfr,,Pennsauken,New Jersey,http://www.hongrp.com,4.3877811E7,200,Private,"Beverage Distribution Center, Inc.",312111,"Beverage Distribution Center, Inc. is primarily engaged in manufacturing soft drinks and carbonated waters.",Walter Wilkinson — President,3,2,,,,not contacted,,,
656,43863171,Vita-pakt Citrus Products LLC,unclassified food/bev mfr,,Bakersfield,California,http://www.vita-pakt.com,4.3863171E7,100,Private,Vita-pakt Citrus Products LLC,311421,"Vita-Pakt Citrus Products Llc is primarily engaged in canning fruits, vegetables, and fruit and vegetable juices; and in manufacturing catsup and similar tomato sauces, or natural and imitation preser",James Boyles — Chief Executive Officer,3,2,,,,not contacted,,,
657,43858788,Biscomerica Corp.,unclassified food/bev mfr,,Rialto,California,http://www.biscomericacorp.com,4.3858788E7,252,Private,,311821,"Biscomerica Corp. is primarily engaged in manufacturing fresh cookies, crackers, pretzels, and similar ""dry"" bakery products.",Ayad Fargo — President,3,0,,,,not contacted,,,
658,43761963,"Farbest Foods, Inc.",unclassified food/bev mfr,,Jasper,Indiana,http://www.farbestfoods.com,4.3761963E7,900,Private,,311615,"Farbest Foods, Inc. is primarily engaged in slaughtering, dressing, packing, freezing, and canning poultry, rabbits, and other small game, or in manufacturing products from such meats, for their own a",Jarod Morrison — Chief Financial Officer,3,1,,,,not contacted,,,
659,43757183,"Prestage Foods, Inc.",unclassified food/bev mfr,,Saint Pauls,North Carolina,http://www.prestagefarms.com,4.3757183E7,350,Private,"Prestage Farms, Inc.",311615,"Prestage Foods, Inc. is primarily engaged in slaughtering, dressing, packing, freezing, and canning poultry, rabbits, and other small game, or in manufacturing products from such meats, for their own ",John Hott — Chief Executive Officer,3,2,,,,not contacted,,,
660,43713806,"The Father's Table, L.L.C.",unclassified food/bev mfr,,Sanford,Florida,http://www.thefatherstable.com,4.3713806E7,300,Private,"The Father's Table, L.L.C.",311999,"The Father's Table, L.L.C. is primarily engaged in manufacturing prepared foods and miscellaneous food specialties, not elsewhere classified, such as baking powder, yeast, and other leavening compound",Jeff Liddy — President,3,1,,,,not contacted,,,
661,43568977,"CLINTON'S DITCH CO-OPERATIVE COMPANY, INC.",unclassified food/bev mfr,,Cicero,New York,http://www.clintonsditch.com,4.3568977E7,155,Private,,312111,"Clinton's Ditch Co-Operative Company, Inc. is primarily engaged in manufacturing soft drinks and carbonated waters.",Jonelle BaskinKelley — Chief Financial Officer,3,2,,,,not contacted,,,
662,43473358,"H. J. Heinz Company, L.P.",unclassified food/bev mfr,,Pittsburgh,Pennsylvania,http://www.heinz.com,4.3473358E7,225,Partnership,Kraft Heinz Foods Company,311999,"H. J. Heinz Company, L.P. is primarily engaged in manufacturing prepared foods and miscellaneous food specialties, not elsewhere classified, such as baking powder, yeast, and other leavening compounds",Marion Findlay — Principal,3,2,,,,not contacted,,,
663,43463223,"Pacific Choice Brands, Inc.",likely co-man (D&B description),,Fresno,California,http://www.pcbrands.com,4.3463223E7,475,Private,"Pacific Choice Brands, Inc.",311421,"Pacific Choice Brands knows how to round out a meal. At its certified kosher and organic facilities, the company offers contract packaging for a variety of food products, including condiments such as ",Allan Andrews — Chief Executive Officer,3,1,,,,not contacted,,,
664,43386070,Sprinkles Cupcakes Inc.,unclassified food/bev mfr,,Beverly Hills,California,http://www.sprinkles.com,4.338607E7,1000,Private,Sprinkles Cupcakes Inc.,445291,Sprinkles Cupcakes Inc. is primarily engaged in the retail sale of bakery products. The products may be purchased from others or made on the premises.,Bobby Nelson — Chief Financial Officer,3,2,,,,not contacted,,,
665,43384548,TableTrust Brands LLC,unclassified food/bev mfr,,Mifflintown,Pennsylvania,http://www.freebirdchicken.com,4.3384548E7,1000,Partnership,TableTrust Brands LLC,311615,"Tabletrust Brands Llc is primarily engaged in slaughtering, dressing, packing, freezing, and canning poultry, rabbits, and other small game, or in manufacturing products from such meats, for their own",John Miller — Chief Financial Officer,3,3,,,,not contacted,,,
666,43332714,"Discoverfresh Foods, Inc.",unclassified food/bev mfr,,Greenville,South Carolina,http://www.dukesmayo.com,4.3332714E7,230,Private,"Discoverfresh Foods, Inc.",311513,"Discoverfresh Foods, Inc. is primarily engaged in manufacturing natural cheese (except cottage cheese), processed cheese, cheese foods, cheese spreads, and cheese analogs (imitations and substitutes).",Andrew Smart — Chief Executive Officer,3,1,,,,not contacted,,,
667,43159992,"Watkins Holdings, LLC",unclassified food/bev mfr,,Winona,Minnesota,http://www.watkins1868.com,4.3159992E7,260,Private,"Watkins Holdings, LLC",311942,"Watkins Incorporated is a manufacturer of health remedies, baking products, and other household items, including organic spices, extracts, and flavors. Based in Winona, Minnesota, the company's produc",John Rigley — Chief Executive Officer,3,0,,,,not contacted,,,
668,43044907,"Valley Queen Cheese Factory, Inc.",unclassified food/bev mfr,,Milbank,South Dakota,http://www.valleyqueen.com,4.3044907E7,250,Private,,311513,"Valley Queen Cheese Factory, Inc. is primarily engaged in manufacturing natural cheese (except cottage cheese), processed cheese, cheese foods, cheese spreads, and cheese analogs (imitations and subst",,1,0,,,,not contacted,,,
669,43025166,"Santini Foods, Inc.",unclassified food/bev mfr,,San Lorenzo,California,http://www.santinifoods.com,4.3025166E7,133,Private,,311514,"Santini Foods, Inc. is primarily engaged in manufacturing dry, condensed, and evaporated dairy products. This also includes manufacturing mixes for the preparation of frozen ice cream and ice milk and",,3,3,,,,not contacted,,,
670,42808678,"Oppenheimer Companies, Inc.",unclassified food/bev mfr,,Boise,Idaho,http://www.oppcos.com,4.2808678E7,101,Private,"Oppenheimer Companies, Inc.",311411,"Oppenheimer Companies, Inc. is primarily engaged in freezing fruits, fruit juices, and vegetables. These establishments also produce important byproducts such as fresh or dried citrus pulp.",Douglas Oppenheimer — President,3,2,,,,not contacted,,,
671,42585739,Beech-Nut Nutrition Company,unclassified food/bev mfr,,Amsterdam,New York,http://www.beechnut.com,4.2585739E7,300,Private,Hero AG,311999,"Peas and applesauce -- Beech-Nut Nutrition puts them in jars for baby'slunch or baby's finger-painting. Asone of the topbranded baby food makers (along with Gerber and Heinz), Beech-Nut Nutrition hope",Jeffrey Boutelle — PRESIDENT,3,1,,,,not contacted,,,
672,42541756,Bongards' Creameries,unclassified food/bev mfr,,Norwood,Minnesota,http://www.bongards.com,4.2541756E7,350,Private,Bongards' Creameries,311514,"Bongards' Creameries is primarily engaged in manufacturing dry, condensed, and evaporated dairy products. This also includes manufacturing mixes for the preparation of frozen ice cream and ice milk an",Robert Brinkman — Vice President Of Sales Foodservice,3,3,,,,not contacted,,,
673,42481804,"STX Beef Company, LLC",unclassified food/bev mfr,,Corpus Christi,Texas,http://www.stxbeef.com,4.2481804E7,750,Private,"JDH Capital, LLC",311611,"Stx Beef Company, Llc is primarily engaged in the slaughtering, for their own account or on a contract basis for the trade, of cattle, hogs, sheep, lambs, and calves for meat to be sold or to be used ",Scott Hardiman — President,3,3,,,,not contacted,,,
674,42333790,Jones Dairy Farm,unclassified food/bev mfr,,Fort Atkinson,Wisconsin,http://www.jonesdairyfarm.com,4.233379E7,350,Private,Jones Dairy Farm,311612,"Jones Dairy Farm is a seventh-generation, privately held, family-owned and operated food company based in Fort Atkinson, Wisconsin. For over 135 years, the company has produced a range of all-natural ",Ryan Robinson — President,3,2,,,,not contacted,,,
675,42167770,"Norman W. Fries, Inc.",unclassified food/bev mfr,,Claxton,Georgia,http://www.claxtonpoultry.com,4.216777E7,1700,Private,,311615,"Norman W. Fries, Inc. is primarily engaged in slaughtering, dressing, packing, freezing, and canning poultry, rabbits, and other small game, or in manufacturing products from such meats, for their own",Doris Fries — Chief Executive Officer,3,2,,,,not contacted,,,
676,42129642,"Michigan Turkey Producers Cooperative, Inc.",unclassified food/bev mfr,,Grand Rapids,Michigan,http://www.miturkey.com,4.2129642E7,575,Private,"Michigan Turkey Producers Cooperative, Inc.",311615,"Michigan Turkey Producers Cooperative, Inc. is primarily engaged in slaughtering, dressing, packing, freezing, and canning poultry, rabbits, and other small game, or in manufacturing products from suc",Dan Lennon — President,3,2,,,,not contacted,,,
677,42086529,F. Korbel & Bros.,unclassified food/bev mfr,,Guerneville,California,http://www.korbel.com,4.2086529E7,256,Private,F. Korbel & Bros.,312130,Korbel produces champagnes and other wines from the fruit of its vineyards and the products of its winery and distillery that are situated along California's Russian River in western Sonoma County. Lo,Kathleen Faris — Principal,3,2,,,,not contacted,,,
678,42011497,"Carolina Canners, Inc.",unclassified food/bev mfr,,Cheraw,South Carolina,http://www.carolinacanners.com,4.2011497E7,335,Private,"Carolina Canners, Inc.",312111,"Carolina Canners, Inc. is primarily engaged in manufacturing soft drinks and carbonated waters.",Jeff Stevens — Chief Executive Officer,3,2,,,,not contacted,,,
679,42000000,"Pierre's Ice Cream Company, Inc.",unclassified food/bev mfr,,Cleveland,Ohio,http://www.pierres.com,4.2E7,80,Private,,311520,"Pierre's Ice Cream Company, Inc. is primarily engaged in manufacturing ice cream and other frozen desserts.",Doug Smith — Chief Executive Officer,3,1,,,,not contacted,,,
680,41949940,"YAKIMA CHIEF HOPS, INC.",unclassified food/bev mfr,,Yakima,Washington,http://www.yakimachief.com,4.194994E7,86,Private,"YAKIMA CHIEF HOPS, INC.",312120,"Yakima Chief Hops, Inc. is primarily engaged in manufacturing malt beverages.",Howard Allred — Chief Financial Officer,3,2,,,,not contacted,,,
681,41884331,"O.K. Industries, Inc.",likely co-man (D&B description),,Fort Smith,Arkansas,http://www.okfoods.com,4.1884331E7,4000,Private,"Industrias Bachoco, S.A.B. de C.V.",311119,"O.K. Industries makes sure its chickens taste better than OK, The vertically integrated company heads up a hatchery operation, which produces eggs, chicks, and broilers. Its poultry-processing busines",Ronald Brown — Senior Vice President,3,0,,,,not contacted,,,
682,41750626,"Gossner Foods, Inc.",unclassified food/bev mfr,,Logan,Utah,http://www.gossner.com,4.1750626E7,360,Private,"Gossner Foods, Inc.",311513,"Gossner Foods, Inc. is primarily engaged in manufacturing natural cheese (except cottage cheese), processed cheese, cheese foods, cheese spreads, and cheese analogs (imitations and substitutes). These",Dolores Wheeler — Chief Executive Officer,3,1,,,,not contacted,,,
683,41726604,"Kodiak Cakes, LLC",unclassified food/bev mfr,,Park City,Utah,http://www.kodiakcakes.com,4.1726604E7,50,Private,Catterton Partners Corporation,311824,"Kodiak Cakes, Llc is primarily engaged in preparing flour mixes or doughs from purchased flour.",Nick Simmons — Senior Vice President,3,2,,,,not contacted,,,
684,41677372,Miceli Dairy Products Co.,unclassified food/bev mfr,,Cleveland,Ohio,http://www.miceli-dairy.com,4.1677372E7,190,Private,Miceli Dairy Products Co.,311513,"Miceli Dairy Products Co. is primarily engaged in manufacturing natural cheese (except cottage cheese), processed cheese, cheese foods, cheese spreads, and cheese analogs (imitations and substitutes).",John Miceli — Executive Vice President,3,1,,,,not contacted,,,
685,41632282,"Southeast Milk, Inc.",unclassified food/bev mfr,,Belleview,Florida,http://www.southeastmilk.org,4.1632282E7,109,Nonprofit,"Southeast Milk, Inc.",311119,"Southeast Milk, Inc. is primarily engaged in manufacturing prepared feeds and feed ingredients and adjuncts for animals and fowls, except dogs and cats. Included in this industry are poultry and lives",JOE WRIGHT — President,3,0,,,,not contacted,,,
686,41558998,"Williams Sausage Company, Inc.",unclassified food/bev mfr,,Union City,Tennessee,http://www.williams-sausage.com,4.1558998E7,490,Private,"Tyson Foods, Inc.",311612,"Union City, Tennessee-headquartered Williams Sausage is a regional meat processor that makes sausage, ham, and bacon products for both retail and wholesale food customers. Its product lines include se",Lesley Anderson — Vice President Of Foodservice Sales,3,2,,,,not contacted,,,
687,41490002,"DG FOODS, LLC",unclassified food/bev mfr,,Hazlehurst,Mississippi,http://www.dgfoods.net,4.1490002E7,500,Private,,311615,"Dg Foods, Llc is primarily engaged in slaughtering, dressing, packing, freezing, and canning poultry, rabbits, and other small game, or in manufacturing products from such meats, for their own account",Chris Carter — Chief Executive Officer,3,3,,,,not contacted,,,
688,41446968,"Sunnygem, LLC",unclassified food/bev mfr,,Wasco,California,http://www.sunnygem.com,4.1446968E7,300,Private,"Sunnygem, LLC",311421,"Sunnygem, Llc is primarily engaged in canning fruits, vegetables, and fruit and vegetable juices; and in manufacturing catsup and similar tomato sauces, or natural and imitation preserves, jams, and j",,3,2,,,,not contacted,,,
689,41422607,"DIAGEO AMERICAS SUPPLY, INC.",unclassified food/bev mfr,,Norwalk,Connecticut,,4.1422607E7,111,Private,DIAGEO PLC,312130,"Diageo Americas Supply, Inc. is primarily engaged in manufacturing wines, brandy, and brandy spirits. This industry also includes bonded wine cellars which are engaged in blending wines.",Martin Brodbeck — Senior Vice President and Chief Technology Officer,3,3,,,,not contacted,,,
690,41373535,"Vets Plus, Inc.",unclassified food/bev mfr,,Menomonie,Wisconsin,http://www.vetsplus.com,4.1373535E7,170,Private,,311111,"Vets Plus, Inc. is primarily engaged in manufacturing dog and cat food from cereal, meat, and other ingredients. These preparations may be canned, frozen, or dry.",Paul Hays — Chief Executive Officer,3,1,,,,not contacted,,,
691,41159248,Mayer Bros. Apple Products Inc.,unclassified food/bev mfr,,West Seneca,New York,http://www.mayerbros.com,4.1159248E7,150,Private,Mayer Bros. Apple Products Inc.,311421,"Mayer Bros. Apple Products Inc. is primarily engaged in canning fruits, vegetables, and fruit and vegetable juices; and in manufacturing catsup and similar tomato sauces, or natural and imitation pres",Garrett Mayer — Chief Executive Officer,3,0,,,,not contacted,,,
692,41153915,Ornua (Wisconsin) Ingredients LLC,unclassified food/bev mfr,,Hilbert,Wisconsin,http://www.ornua.com,4.1153915E7,300,Private,Ornua Co-Operative Limited,311513,"Ornua (Wisconsin) Ingredients Llc is primarily engaged in manufacturing natural cheese (except cottage cheese), processed cheese, cheese foods, cheese spreads, and cheese analogs (imitations and subst",Martha Richey — Chief Financial Officer,3,3,,,,not contacted,,,
693,40925129,"Ocean Direct, LLC",unclassified food/bev mfr,,Gardena,California,http://www.oceandirect.com,4.0925129E7,239,Private,"Richmond Wholesale Meat, LLC",311710,"Ocean Direct, Llc is primarily engaged in preparing fresh and raw or cooked frozen fish and other seafoods and seafood preparations, such as soups, stews, chowders, fishcakes, crabcakes, and shrimp ca",,3,3,,,,not contacted,,,
694,40886143,"Deschutes Brewery, Inc.",unclassified food/bev mfr,,Bend,Oregon,http://www.deschutesbrewery.com,4.0886143E7,270,Private,"Deschutes Brewery, Inc.",312120,"Named for a nearby river, Deschutes Brewery goes with the flow of its craft beer. Among its stable of beers are the Black Butte Porter, Obsidian Stout, and Big Rig brands. Headquartered in Bend, Orego",Lisa Swanston — Chief Financial Officer,3,2,,,,not contacted,,,
695,40784336,Oregon Fruit Products LLC,unclassified food/bev mfr,,Salem,Oregon,http://www.oregonfruit.com,4.0784336E7,90,Private,,311411,"Oregon Fruit Products Llc is primarily engaged in freezing fruits, fruit juices, and vegetables. These establishments also produce important byproducts such as fresh or dried citrus pulp.",Joe Peterson — Chief Executive Officer,3,2,,,,not contacted,,,
696,40774006,"Smucker Natural Foods, Inc.",unclassified food/bev mfr,,Chico,California,,4.0774006E7,2000,Private,The J. M. Smucker Company,312111,"Smucker Natural Foods, Inc. is primarily engaged in manufacturing soft drinks and carbonated waters.",Steven Oakland — Principal,3,1,,,,not contacted,,,
697,40600452,"Birds Eye Foods, Inc.",unclassified food/bev mfr,,Cherry Hill,New Jersey,,4.0600452E7,1585,Private,"Birds Eye Foods, Inc.",311919,"The view at Birds Eye Foods is on vegetables and a healthy bottom line. The company's namesake packaged frozen vegetables, whether boxed and bagged, are the #1 brand in the US frozen vegetable industr",Chris Puma — Chief Financial Officer,3,0,,,,not contacted,,,
698,40552738,"Taylor Farms Florida, Inc.",unclassified food/bev mfr,,Orlando,Florida,http://www.taylorfarms.com,4.0552738E7,480,Private,"Taylor Fresh Foods, Inc.",311991,"Taylor Farms Florida, Inc. is primarily engaged in manufacturing prepared foods and miscellaneous food specialties, not elsewhere classified, such as baking powder, yeast, and other leavening compound",Bruce Taylor — Chief Executive Officer,3,0,,,,not contacted,,,
699,40386944,"Clougherty Packing, LLC",unclassified food/bev mfr,,Los Angeles,California,http://farmerjohn.sfdbrands.com,4.0386944E7,1300,Private,"Smithfield Foods, Inc.",311611,"Amid the concession game fare of peanuts and Cracker Jack, there is Clougherty Packing. The company sponsors the Los Angeles Dodgers professional baseball team and makes the Dodger Dog, a hot dog favo",Ernie Arauza — Vice President Human Resources,3,3,,,,not contacted,,,
700,40383595,"Diversified Foods and Seasonings, L.L.C.",unclassified food/bev mfr,,Covington,Louisiana,http://www.diversified-foods.com,4.0383595E7,231,Private,"Diversified Foods and Seasonings, L.L.C.",311423,"Diversified Foods And Seasonings, L.L.C. is primarily engaged in sun drying or artificially dehydrating fruits and vegetables, or in manufacturing packaged soup mixes from dehydrated ingredients.",James Joshua — Vice President Of Procurement,3,1,,,,not contacted,,,
701,40282543,Burke Marketing Corporation,likely co-man (D&B description),,Nevada,Iowa,http://www.burkecorp.com,4.0282543E7,348,Private,Hormel Foods Corporation,311999,"The secret tobetter pizzaisits topping,according toBurke Marketing.The company manufactures and marketscooked meats used as ingredients in a variety of dishesmade by other food manufacturers, foodserv",Craig Willard — Principal,3,2,,,,not contacted,,,
702,40263935,"Cereal Ingredients, Inc.",unclassified food/bev mfr,,Leavenworth,Kansas,http://www.ciifoods.com,4.0263935E7,210,Private,"Cereal Ingredients, Inc.",311930,"Cereal Ingredients, Inc. is primarily engaged in manufacturing flavoring extracts, syrups, powders, and related products, not elsewhere classified, for soda fountain use or for the manufacture of soft",John Waldron — Chief Operating Officer,3,1,,,,not contacted,,,
703,40131374,"Jobbers Meat Packing Co., LLC",unclassified food/bev mfr,,Vernon,California,,4.0131374E7,234,Private,"HV Randall Foods, LLC",311611,"Jobbers Meat Packing Co., Inc., doing business as WilMar, was a processor of premium meat products, specializing in ground beef. In August 2022, the company was acquired by private equity firm Highvie",Martin Evanson — President,3,0,,,,not contacted,,,
704,40107109,"Kanan Enterprises, Inc.",likely co-man (D&B description),,Solon,Ohio,http://www.kingnut.com,4.0107109E7,300,Private,"Kanan Enterprises, Inc.",311911,"King Nut is a leading national supplier of snack nuts, dried fruits, snack mixes, pretzels, trail mixes, chocolates, and peanuts to supermarkets, airlines, drugstores, foodservice companies, convenien",Martin Kanan — President And Chief Executive Officer,3,0,,,,not contacted,,,
705,40075054,Kerry Stock & Broth Company Inc.,unclassified food/bev mfr,,Harrisonburg,Virginia,http://www.ariake.com,4.0075054E7,60,Private,Kerry Holding Co.,311615,"Kerry Stock & Broth Company Inc. is primarily engaged in slaughtering, dressing, packing, freezing, and canning poultry, rabbits, and other small game, or in manufacturing products from such meats, fo",,3,0,,,,not contacted,,,
706,40070015,"Incobrasa Industries, Ltd.",unclassified food/bev mfr,,Gilman,Illinois,http://www.incobrasa.com,4.0070015E7,219,Private,,311224,"Incobrasa Industries, Ltd. is primarily engaged in manufacturing soybean oil, cake, and meal, and soybean protein isolates and concentrates, or in processing purchased soybean oil other than into edib",Aluizio Ribeiro — President,3,2,,,,not contacted,,,
707,40000000,"Country Maid, Inc.",unclassified food/bev mfr,,West Bend,Iowa,http://www.countrymaid.net,4.0E7,90,Private,,311211,"Country Maid, Inc. is primarily engaged in milling flour or meal from grain, except rice. The products of flour mills may be sold plain or in the form of prepared mixes or doughs for specific purposes",Ken Banwart — President,3,3,,,,not contacted,,,
708,40000000,"Perfect Pasta, Inc.",unclassified food/bev mfr,,Addison,Illinois,http://www.perfectpastainc.com,4.0E7,150,Private,"Perfect Pasta, Inc.",311999,"Perfect Pasta, Inc. is primarily engaged in manufacturing prepared foods and miscellaneous food specialties, not elsewhere classified, such as baking powder, yeast, and other leavening compounds; pean",Luigi Bucaro — President,3,3,,,,not contacted,,,
709,39965832,"Atlantic Bottling Company, LLC",unclassified food/bev mfr,,Atlantic,Iowa,http://www.atlanticbottling.com,3.9965832E7,800,Private,"Atlantic Bottling Company, LLC",312111,"Atlantic Bottling Company, Llc is primarily engaged in manufacturing soft drinks and carbonated waters.",Kristine Martins — Chief Financial Officer,3,0,,,,not contacted,,,
710,39911865,Old Orchard Brands LLC,unclassified food/bev mfr,,Sparta,Michigan,http://www.oldorchard.com,3.9911865E7,95,Private,Lassonde Industries Inc,311421,"Old Orchard Brands processes and sells bottledfruit juices, frozen juice concentrates, juice blends, nectars, and nonalcoholic drink mixers. Flavors offered by the company include apple, cranberry, fr",Morgan Noble — Principal,3,2,,,,not contacted,,,
711,39708424,"Nestle Pizza Company, Inc.",unclassified food/bev mfr,,Glenview,Illinois,http://www.kraftheinz.com,3.9708424E7,1500,Private,Nestlé S.A.,311412,"Nestle Pizza Company, Inc. is primarily engaged in manufacturing frozen food specialties, not elsewhere classified, such as frozen dinners and frozen pizza.",,3,2,,,,not contacted,,,
712,39693851,"Schwan's MaMa Rosas's, LLC",unclassified food/bev mfr,,Sidney,Ohio,,3.9693851E7,250,Private,Schwan's Company,311412,"Schwan's Mama Rosas's, Llc is primarily engaged in manufacturing frozen food specialties, not elsewhere classified, such as frozen dinners and frozen pizza.",,3,1,,,,not contacted,,,
713,39613964,"Bimbo QSR US, LLC",unclassified food/bev mfr,,Chicago,Illinois,http://www.bimboqsr.com,3.9613964E7,1700,Private,"Grupo Bimbo, S.A.B. de C.V.",311812,"Bimbo Qsr Us, Llc is primarily engaged in manufacturing fresh or frozen bread and bread-type rolls and fresh cakes, pies, pastries and other similar ""perishable"" bakery products.",Sue Almanza — Group Vice President,3,1,,,,not contacted,,,
714,39600311,Tecumseh Poultry LLC,unclassified food/bev mfr,,Waverly,Nebraska,http://www.smartchicken.com,3.9600311E7,303,Private,"Tyson Foods, Inc.",311615,"Tecumseh Poultry was founded in 1998, based on a simple goal to produce the best fresh chicken in the US. The company's system is a pure air chill system: Absolutely no water is utilized in the chill ",Scott Pavel — Vice President Of Sales Marketing,3,0,,,,not contacted,,,
715,39439365,Fetzer Vineyards,unclassified food/bev mfr,,Hopland,California,http://www.fetzer.com,3.9439365E7,260,Private,Vina Concha y Toro S.A.,312130,"Fetzer Vineyards is primarily engaged in manufacturing wines, brandy, and brandy spirits. This industry also includes bonded wine cellars which are engaged in blending wines.",Dennis Martin — Vice President Director Of Winemaking,3,0,,,,not contacted,,,
716,39426792,ABP Corporation,unclassified food/bev mfr,,Boston,Massachusetts,http://www.aubonpain.com,3.9426792E7,1500,Private,ABP Corporation,445291,"The American Board of Pediatrics (ABP) is an independent, nonprofit organization that certifies pediatricians and pediatric subspecialists in the United States. Its certification is recognized globall",Susan Morelli — President,3,0,,,,not contacted,,,
717,39364918,Food Sciences Corp.,unclassified food/bev mfr,,Mount Laurel,New Jersey,http://www.foodsciences.com,3.9364918E7,330,Private,Food Sciences Corp.,311514,"Food Sciences Corp. is primarily engaged in manufacturing dry, condensed, and evaporated dairy products. This also includes manufacturing mixes for the preparation of frozen ice cream and ice milk and",Michael Sobers — Vice President of Operations,3,2,,,,not contacted,,,
718,39360443,"American Custom Meats, LLC",unclassified food/bev mfr,,Tracy,California,http://www.acmeats.com,3.9360443E7,88,Private,,311612,"American Custom Meats, Llc is primarily engaged in manufacturing sausages, cured meats, smoked meats, canned meats, frozen meats, and other prepared meats and meat specialties, from purchased carcasse",Roderick Jones — Vice President Of Foodservice,3,3,,,,not contacted,,,
719,39356216,"Ole Smoky Distillery, LLC",unclassified food/bev mfr,,Gatlinburg,Tennessee,http://www.olesmoky.com,3.9356216E7,125,Private,"Ole Smoky Distillery, LLC",312140,"Ole Smoky Distillery, Llc is primarily engaged in manufacturing alcoholic liquors by distillation, and in manufacturing cordials and alcoholic cocktails by blending processes or by mixing liquors and ",Michael Bender — President,3,1,,,,not contacted,,,
720,39139668,Herman Seekamp Inc.,unclassified food/bev mfr,,Addison,Illinois,http://www.clydesdonuts.com,3.9139668E7,115,Private,Herman Seekamp Inc.,311821,"Herman Seekamp Inc. is primarily engaged in manufacturing fresh cookies, crackers, pretzels, and similar ""dry"" bakery products.",Kent Bickford — President,3,2,,,,not contacted,,,
721,39123146,"Meduri Farms, Inc.",unclassified food/bev mfr,,Dallas,Oregon,http://www.medurifarms.com,3.9123146E7,275,Private,"Meduri Farms, Inc.",311423,"Meduri Farms, Inc. is primarily engaged in sun drying or artificially dehydrating fruits and vegetables, or in manufacturing packaged soup mixes from dehydrated ingredients.",Daniel Black — Chief Financial Officer,3,3,,,,not contacted,,,
722,39049503,Pharmachem Laboratories LLC,unclassified food/bev mfr,,Kearny,New Jersey,http://www.pharmachem.com,3.9049503E7,285,Private,Pharmachem Laboratories LLC,311999,"Pharmachem Laboratories Llc is primarily engaged in manufacturing prepared foods and miscellaneous food specialties, not elsewhere classified, such as baking powder, yeast, and other leavening compoun",Jeff Rogers — Chief Executive Officer,3,0,,,,not contacted,,,
723,38858040,"Wehah Farm, Inc.",unclassified food/bev mfr,,Richvale,California,http://www.lundberg.com,3.885804E7,255,Private,"Wehah Farm, Inc.",311212,"Wehah Farm, Inc. is primarily engaged in cleaning and polishing rice, and in manufacturing rice flour or meal. Other important products of this industry include brown rice, milled rice (including poli",Cheryl Balkenhol — Chief Financial Officer,3,2,,,,not contacted,,,
724,38773830,"Bruegger's Enterprises, Inc.",unclassified food/bev mfr,,Lakewood,Colorado,http://www.brueggers.com,3.877383E7,2400,Private,Coffee & Bagel Brands,445291,"Bruegger's Enterprises operates and franchises about 180 locations in around 20 states nationwide. The eateries feature fresh, New York-style bagels that are kettle-boiled and available in a variety o",Scott Berkman — Vice President,3,0,,,,not contacted,,,
725,38574577,"Forbidden Fruit Ciderhouse, LLC",unclassified food/bev mfr,,Corvallis,Oregon,http://www.2townsciderhouse.com,3.8574577E7,120,Private,,311999,"Forbidden Fruit Ciderhouse, Llc is primarily engaged in manufacturing prepared foods and miscellaneous food specialties, not elsewhere classified, such as baking powder, yeast, and other leavening com",Justin Vail — Chief Financial Officer,3,2,,,,not contacted,,,
726,38573299,"Kruger Foods, Inc.",unclassified food/bev mfr,,Stockton,California,http://www.krugerfoods.com,3.8573299E7,155,Private,,311421,"Kruger Foods, Inc. is primarily engaged in pickling and brining fruits and vegetables, and in manufacturing salad dressings, vegetable relishes, sauces, and seasonings.",Leslie Kruger — Chief Operating Officer,3,2,,,,not contacted,,,
727,38569611,"Aurora Packing Company, Inc.",unclassified food/bev mfr,,North Aurora,Illinois,http://www.aurorabeef.com,3.8569611E7,250,Private,,311611,"Aurora Packing Company, Inc. is primarily engaged in the slaughtering, for their own account or on a contract basis for the trade, of cattle, hogs, sheep, lambs, and calves for meat to be sold or to b",Tim Ext — Chief Financial Officer,3,3,,,,not contacted,,,
728,38435200,"MeriCal, LLC",unclassified food/bev mfr,,Anaheim,California,http://www.merical.com,3.84352E7,570,Private,Linden Capital Partners II LP,311514,"Merical, Llc is primarily engaged in manufacturing dry, condensed, and evaporated dairy products. This also includes manufacturing mixes for the preparation of frozen ice cream and ice milk and dairy ",Ken Vargha — President Chief Commercial Officer,3,3,,,,not contacted,,,
729,38392445,"Southern Classic Food Group, LLC",unclassified food/bev mfr,,Brundidge,Alabama,http://www.southernclassicfood.com,3.8392445E7,187,Private,"SauceCo HoldCo, LLC",311421,"Southern Classic Food Group, Llc is primarily engaged in canning fruits, vegetables, and fruit and vegetable juices; and in manufacturing catsup and similar tomato sauces, or natural and imitation pre",Ash Reddy — Chief Executive Officer,3,0,,,,not contacted,,,
730,38353722,Swift Beef Company,unclassified food/bev mfr,,Riverside,California,,3.8353722E7,200,Private,JBS USA Food Company,311612,"Swift Beef Company is primarily engaged in manufacturing sausages, cured meats, smoked meats, canned meats, frozen meats, and other prepared meats and meat specialties, from purchased carcasses and ot",,1,0,,,,not contacted,,,
731,38307552,"Wenger Feeds, LLC",unclassified food/bev mfr,,Lancaster,Pennsylvania,http://www.wengerfeeds.com,3.8307552E7,300,Private,"The Wenger Group, Inc.",311119,"Wenger Feeds, Llc is primarily engaged in manufacturing prepared feeds and feed ingredients and adjuncts for animals and fowls, except dogs and cats. Included in this industry are poultry and livestoc",,1,0,,,,not contacted,,,
732,38282162,"To-Ricos, Ltd",unclassified food/bev mfr,,Aibonito,Puerto Rico,,3.8282162E7,375,Private,Pilgrim's Pride Corporation,311615,"To-Ricos, Ltd is primarily engaged in slaughtering, dressing, packing, freezing, and canning poultry, rabbits, and other small game, or in manufacturing products from such meats, for their own account",,2,1,,,,not contacted,,,
733,38142498,Adirondack Beverages Corp,confirmed co-man (public sweep),beverage,Schenectady,New York,http://www.adirondackbeverages.com,3.8142498E7,1000,Private,Polar Corp.,312111,Adirondack Beverages Corp is primarily engaged in manufacturing soft drinks and carbonated waters.,Michael Mulrain — Chief Financial Officer,3,1,,,,not contacted,,,
734,38100906,"Fuji Food Products, Inc.",unclassified food/bev mfr,,Santa Fe Springs,California,http://www.fujifood.com,3.8100906E7,700,Private,"Fuji Food Products, Inc.",311999,"Fuji Food Products, Inc. is primarily engaged in manufacturing prepared foods and miscellaneous food specialties, not elsewhere classified, such as baking powder, yeast, and other leavening compounds;",Farrell Hirsch — Chief Executive Officer,3,2,,,,not contacted,,,
735,38003712,"Latino Enterprises, Inc.",unclassified food/bev mfr,,Atlanta,Georgia,http://www.lachiquitatortilla.com,3.8003712E7,150,Private,"Latino Enterprises, Inc.",311830,"Latino Enterprises, Inc. is primarily engaged in manufacturing prepared foods and miscellaneous food specialties, not elsewhere classified, such as baking powder, yeast, and other leavening compounds;",,3,2,,,,not contacted,,,
736,37838875,Major Products Co. Inc.,unclassified food/bev mfr,,Little Ferry,New Jersey,http://www.majorproducts.com,3.7838875E7,120,Private,Major Products Co. Inc.,311423,"Major Products Co. Inc. is primarily engaged in sun drying or artificially dehydrating fruits and vegetables, or in manufacturing packaged soup mixes from dehydrated ingredients.",Valerie Leimer — Chief Operating Officer,3,2,,,,not contacted,,,
737,37758202,"California Natural Products, LLC",unclassified food/bev mfr,,Lathrop,California,http://www.gehlfoodandbeverage.com,3.7758202E7,375,Private,"Gehl Foods, LLC",311999,"California Natural Products, Llc is primarily engaged in manufacturing prepared foods and miscellaneous food specialties, not elsewhere classified, such as baking powder, yeast, and other leavening co",Craig Lemieux — Chief Executive Officer,3,3,,,,not contacted,,,
738,37587673,"Infinity Foods, Inc.",unclassified food/bev mfr,,Plover,Wisconsin,http://www.infinityfoods.com,3.7587673E7,200,Private,"Mccain Foods USA, Inc.",311999,"Infinity Foods, Inc. is primarily engaged in manufacturing prepared foods and miscellaneous food specialties, not elsewhere classified, such as baking powder, yeast, and other leavening compounds; pea",Mark Arend — President,3,1,,,,not contacted,,,
739,37536690,Coca Cola Bottling Co Of Shreveport Inc,unclassified food/bev mfr,,Dallas,Texas,http://www.coca-cola.com,3.753669E7,300,Private,"Coca-Cola Refreshments USA, LLC",312111,Coca Cola Bottling Co Of Shreveport Inc is primarily engaged in manufacturing soft drinks and carbonated waters.,Deidre Jones — Senior Vice President And Chief People Officer,3,1,,,,not contacted,,,
740,37339718,Anderson Erickson Dairy Co.,unclassified food/bev mfr,,Des Moines,Iowa,http://www.aedairy.com,3.7339718E7,520,Private,Anderson Erickson Dairy Co.,311511,"Anderson Erickson Dairy Co. is primarily engaged in processing (e.g., pasteurizing, homogenizing, vitaminizing, bottling) fluid milk and cream, and related products, including cottage cheese, yogurt (",Andrew Yakel — Chief Financial Officer,3,1,,,,not contacted,,,
741,37231037,"Mars Retail Group, LLC",unclassified food/bev mfr,,Henderson,Nevada,http://www.mms.com,3.7231037E7,450,Private,"Mars, Incorporated",311351,"Mars Retail Group, Llc is primarily engaged in shelling, roasting, and grinding cacao beans for the purpose of making chocolate liquor, from which cocoa powder and cocoa butter are derived, and in the",Patrice De Talhouet — Principal,3,2,,,,not contacted,,,
742,37200832,"Simple Mills, Inc.",unclassified food/bev mfr,,Chicago,Illinois,http://www.simplemills.com,3.7200832E7,100,Private,"Purposeful Foods Holdings, Inc.",311999,"Simple Mills, Inc. is primarily engaged in manufacturing prepared foods and miscellaneous food specialties, not elsewhere classified, such as baking powder, yeast, and other leavening compounds; peanu",Michelle Lorge — President,3,3,,,,not contacted,,,
743,37200001,GRADECRACKER LLC,unclassified food/bev mfr,,Moses Lake,Washington,http://gradecrackerllc.com,3.7200001E7,158,Private,,311999,"Gradecracker Llc is primarily engaged in manufacturing prepared foods and miscellaneous food specialties, not elsewhere classified, such as baking powder, yeast, and other leavening compounds; peanut ",Thanjaavur Manavalan — Principal,2,0,,,,not contacted,,,
744,37148407,"Bornstein Seafoods, Inc.",unclassified food/bev mfr,,Bellingham,Washington,http://www.bornstein.com,3.7148407E7,170,Private,"Bornstein Seafoods, Inc.",311710,"Bornstein Seafoods, Inc. is primarily engaged in preparing fresh and raw or cooked frozen fish and other seafoods and seafood preparations, such as soups, stews, chowders, fishcakes, crabcakes, and sh",Colin Bornstein — President,3,3,,,,not contacted,,,
745,36584106,Leclerc Foods Tennessee LLC,unclassified food/bev mfr,,Kingsport,Tennessee,http://www.leclercfoods.com,3.6584106E7,900,Private,"Leclerc Foods USA, Inc.",311821,"Leclerc Foods Tennessee Llc is primarily engaged in manufacturing fresh cookies, crackers, pretzels, and similar ""dry"" bakery products.",,3,0,,,,not contacted,,,
746,36526173,"Sunrise Growers, Inc.",unclassified food/bev mfr,,Minneapolis,Minnesota,http://www.naturestouchfrozenfoods.com,3.6526173E7,350,Private,SunOpta LLC,311411,"The folks at Sunrise Growers are up long before the sun rises, hand-picking fresh strawberries from the fields. The company, which also raises, processes, and supplies fresh red bell peppers, markets ",Joe McCarthy — Vice President,3,0,,,,not contacted,,,
747,36417980,"Furman Foods, Inc.",unclassified food/bev mfr,,Northumberland,Pennsylvania,http://www.furmanos.com,3.641798E7,250,Private,,311421,Furman Foods has firm ideas about tomatoes and other food products. The Pennsylvania company has built a business producing a complete line of canned tomatoes and tomato products. It also offers canne,Bill Lehman — Chief Financial Officer,3,2,,,,not contacted,,,
748,36405079,"COLUMBIA FARMS OF GEORGIA, INC.",unclassified food/bev mfr,,Oglethorpe,Georgia,,3.6405079E7,1800,Private,"Nash Johnson & Sons` Farms, Inc.",311615,"Columbia Farms Of Georgia, Inc. is primarily engaged in slaughtering, dressing, packing, freezing, and canning poultry, rabbits, and other small game, or in manufacturing products from such meats, for",Dennis Beasley — Vice President,3,0,,,,not contacted,,,
749,36221691,"Pennant Ingredients, Inc.",unclassified food/bev mfr,,Rochester,New York,http://www.pennant-ingredients.com,3.6221691E7,180,Private,Puratos Corporation,311942,"Pennant Ingredients, Inc. is primarily engaged in manufacturing prepared foods and miscellaneous food specialties, not elsewhere classified, such as baking powder, yeast, and other leavening compounds",,3,2,,,,not contacted,,,
750,36043179,Galasso's Bakery,unclassified food/bev mfr,,Mira Loma,California,http://www.galassos.com,3.6043179E7,300,Private,Galasso's Bakery,311812,"Galasso's Bakery is primarily engaged in manufacturing fresh or frozen bread and bread-type rolls and fresh cakes, pies, pastries and other similar ""perishable"" bakery products.",Jeannette Galasso — President,3,2,,,,not contacted,,,
751,36000000,"Reed Food Technology, Inc.",unclassified food/bev mfr,,Pearl,Mississippi,http://www.reedfood.com,3.6E7,120,Private,"Reed Food Technology, Inc.",311211,"Reed Food Technology, Inc. is primarily engaged in milling flour or meal from grain, except rice. The products of flour mills may be sold plain or in the form of prepared mixes or doughs for specific ",Jeffrey Reed — Chief Operating Officer,3,1,,,,not contacted,,,
752,35959427,"AAK USA K1, LLC",unclassified food/bev mfr,,Louisville,Kentucky,http://www.aak.com,3.5959427E7,150,Private,Aak Denmark Holding A/S,311225,"Aak Usa K1, Llc is primarily engaged in manufacturing shortening, table oils, margarine, and other edible fats and oils, not elsewhere classified.",,2,1,,,,not contacted,,,
753,35932575,"Gerber Poultry, LLC",unclassified food/bev mfr,,Kidron,Ohio,http://www.gerbers.com,3.5932575E7,500,Private,"Crystal Valley Farms, LLC",311615,"Gerber Poultry, Llc is primarily engaged in slaughtering, dressing, packing, freezing, and canning poultry, rabbits, and other small game, or in manufacturing products from such meats, for their own a",,1,0,,,,not contacted,,,
754,35768070,"Holly Poultry, Inc.",unclassified food/bev mfr,,Baltimore,Maryland,http://www.hollypoultry.com,3.576807E7,195,Private,"Holly Poultry, Inc.",311615,"Holly Poultry, Inc. is primarily engaged in slaughtering, dressing, packing, freezing, and canning poultry, rabbits, and other small game, or in manufacturing products from such meats, for their own a",Mike Fine — President,3,3,,,,not contacted,,,
755,35712379,"Sanders Candy, LLC",unclassified food/bev mfr,,Clinton Township,Michigan,http://www.sanderscandy.com,3.5712379E7,172,Private,"KNPC Holdco, LLC",311340,"Sanders Candy, Llc is primarily engaged in manufacturing candy, including chocolate candy, other confections, and related products.",Karen Jefferson — Vice President Of Sales,3,2,,,,not contacted,,,
756,35547234,"Baird's, Mrs Bakeries Business Trust",unclassified food/bev mfr,,Fort Worth,Texas,http://www.mrsbairds.com,3.5547234E7,3400,Private,"Baird's, Mrs Bakeries Business Trust",445291,"Baird's, Mrs Bakeries Business Trust is primarily engaged in the retail sale of bakery products. The products may be purchased from others or made on the premises.",Juan Muldoon — President,2,0,,,,not contacted,,,
757,35546192,"Louisiana Sugar Refining, LLC",unclassified food/bev mfr,,Gramercy,Louisiana,http://www.lsrsugar.com,3.5546192E7,300,Private,,311313,"Louisiana Sugar Refining, Llc is primarily engaged in manufacturing sugar from sugar beets.",Larry Faucheux — Mng Member Chief Executive Officer,3,2,,,,not contacted,,,
758,35443020,"Perry's Ice Cream Company, Inc.",unclassified food/bev mfr,,Akron,New York,http://www.perrysicecream.com,3.544302E7,300,Private,"Perry's Ice Cream Company, Inc.",311520,"Perry's Ice Cream Company, Inc. is primarily engaged in manufacturing ice cream and other frozen desserts.",Robert Denning — President,3,3,,,,not contacted,,,
759,35288071,"Superior Dairy, Inc.",unclassified food/bev mfr,,Canton,Ohio,http://www.mimilk.com,3.5288071E7,220,Private,,311511,"Superior Dairy, Inc. is primarily engaged in processing (e.g., pasteurizing, homogenizing, vitaminizing, bottling) fluid milk and cream, and related products, including cottage cheese, yogurt (except ",,1,0,,,,not contacted,,,
760,34811592,"Heritage Distilling Company, Inc.",unclassified food/bev mfr,,Gig Harbor,Washington,http://www.heritagedistilling.com,3.4811592E7,185,Private,"Heritage Distilling Company, Inc.",312140,"Heritage Distilling Company, Inc. is primarily engaged in manufacturing alcoholic liquors by distillation, and in manufacturing cordials and alcoholic cocktails by blending processes or by mixing liqu",Michael Carrosino — Chief Financial Officer,3,2,,,,not contacted,,,
761,34759548,"Arizona Canning Company, LLC",unclassified food/bev mfr,,Tucson,Arizona,http://www.faribaultfoods.com,3.4759548E7,150,Private,"La Costena USA, Inc.",311421,"Arizona Canning Company, Llc is primarily engaged in canning fruits, vegetables, and fruit and vegetable juices; and in manufacturing catsup and similar tomato sauces, or natural and imitation preserv",Gary Kindseth — Executive Vice President,3,0,,,,not contacted,,,
762,34737026,"L J D Holdings, Inc.",unclassified food/bev mfr,,Boise,Idaho,http://www.banddfoods.com,3.4737026E7,280,Private,,311412,"L J D Holdings, Inc. is primarily engaged in manufacturing frozen food specialties, not elsewhere classified, such as frozen dinners and frozen pizza.",Mike Dagosta — Vice President,3,0,,,,not contacted,,,
763,34710270,"Nature's Touch Frozen Foods, LLC",unclassified food/bev mfr,,Front Royal,Virginia,http://www.naturestouchfrozenfoods.com,3.471027E7,172,Private,Aliments Congelés Nature's Touch Inc,311411,"Nature's Touch Frozen Foods, Llc is primarily engaged in freezing fruits, fruit juices, and vegetables. These establishments also produce important byproducts such as fresh or dried citrus pulp.",Paul Bruns — Vice President Operations,3,2,,,,not contacted,,,
764,34479172,"Plumino Precision Fermentation USA, Inc.",unclassified food/bev mfr,,Scott City,Missouri,http://work4plumino.com,3.4479172E7,150,Private,"Plumino Precision Fermentation US Holdings, Inc",311119,"Plumino Precision Fermentation Usa, Inc. is primarily engaged in manufacturing prepared feeds and feed ingredients and adjuncts for animals and fowls, except dogs and cats. Included in this industry a",AKINORI Yasuhara — President,3,0,,,,not contacted,,,
765,34351994,"Flowers Baking Co. of Thomasville, LLC",unclassified food/bev mfr,,Thomasville,Georgia,http://www.ilovegoats.com,3.4351994E7,125,Private,"Flowers Bakeries, LLC",311812,"Flowers Baking Co. Of Thomasville, Llc is primarily engaged in manufacturing fresh or frozen bread and bread-type rolls and fresh cakes, pies, pastries and other similar ""perishable"" bakery products.",Dan Strassner — Principal,3,2,,,,not contacted,,,
766,34348099,"Catelli Bros., Inc.",unclassified food/bev mfr,,Camden,New Jersey,http://www.catellibrothers.com,3.4348099E7,250,Private,"Catelli Bros., Inc.",311611,"Catelli Bros., Inc. is primarily engaged in the slaughtering, for their own account or on a contract basis for the trade, of cattle, hogs, sheep, lambs, and calves for meat to be sold or to be used on",John Hamberger — Chief Financial Officer,3,2,,,,not contacted,,,
767,34177197,"Great American Snacks, Inc.",unclassified food/bev mfr,,Nampa,Idaho,http://www.appetizer.com,3.4177197E7,700,Private,McCain Foods Limited,311412,"Great American Snacks, Inc. is primarily engaged in manufacturing frozen food specialties, not elsewhere classified, such as frozen dinners and frozen pizza.",,3,0,,,,not contacted,,,
768,34069172,Berber Food Manufacturing LLC,unclassified food/bev mfr,,Elk Grove,California,http://www.mirancho.com,3.4069172E7,150,Private,C.H. Guenther & Son LLC,311830,"Berber Food Manufacturing Llc is primarily engaged in manufacturing prepared foods and miscellaneous food specialties, not elsewhere classified, such as baking powder, yeast, and other leavening compo",Alex Berber — Vice President Of Sales Marketing,3,3,,,,not contacted,,,
769,33961853,Williams Foods LLC,unclassified food/bev mfr,,Lenexa,Kansas,http://www.williamsfoods.com,3.3961853E7,220,Private,C.H. Guenther & Son LLC,311942,"Williams Foods Llc is primarily engaged in manufacturing prepared foods and miscellaneous food specialties, not elsewhere classified, such as baking powder, yeast, and other leavening compounds; peanu",,3,1,,,,not contacted,,,
770,33947712,"Sensapure, INC.",unclassified food/bev mfr,,Salt Lake City,Utah,http://sensapure.com,3.3947712E7,140,Private,"Sensapure, INC.",311930,"Sensapure, Inc. is primarily engaged in manufacturing flavoring extracts, syrups, powders, and related products, not elsewhere classified, for soda fountain use or for the manufacture of soft drinks, ",Shayne Howell — President,3,1,,,,not contacted,,,
771,33698833,"Mistica Foods, LLC",unclassified food/bev mfr,,Addison,Illinois,http://www.misticafoods.com,3.3698833E7,740,Private,"Mistica Foods, LLC",311612,"Mistica Foods, Llc is primarily engaged in manufacturing sausages, cured meats, smoked meats, canned meats, frozen meats, and other prepared meats and meat specialties, from purchased carcasses and ot",Edward Bleka — CoPresident,3,3,,,,not contacted,,,
772,33695099,"Canyon Bakehouse, LLC",unclassified food/bev mfr,,Johnstown,Colorado,http://www.canyonglutenfree.com,3.3695099E7,145,Private,"Flowers Foods, Inc.",311812,"Canyon Bakehouse, Llc is primarily engaged in manufacturing fresh or frozen bread and bread-type rolls and fresh cakes, pies, pastries and other similar ""perishable"" bakery products.",Christopher Burgin — Principal,3,0,,,,not contacted,,,
773,33645153,"Star Kay White, Inc.",unclassified food/bev mfr,,Congers,New York,http://www.starkaywhite.com,3.3645153E7,65,Private,"Star Kay White, Inc.",311930,"Star Kay White, Inc. is primarily engaged in manufacturing flavoring extracts, syrups, powders, and related products, not elsewhere classified, for soda fountain use or for the manufacture of soft dri",,1,0,,,,not contacted,,,
774,33426516,"C&H Sugar Company, Inc.",unclassified food/bev mfr,,Crockett,California,http://www.asr-group.com,3.3426516999999996E7,550,Private,"American Sugar Refining, Inc.",311313,"C&H Sugar's products go hand-in-hand with baked sweets and candy treats. The company processes about 700,000 tons of cane sugar per year, turning the canes into both sugar and molasses. It makes more ",,3,3,,,,not contacted,,,
775,33349628,"Rudi's Organic Bakery, Inc.",unclassified food/bev mfr,,Boulder,Colorado,http://www.rudisbakery.com,3.3349628000000004E7,120,Private,"The Hain Celestial Group, Inc.",311812,Rudi's Organic Bakery is on a natural roll. The company produces organic artisan breads in flavors such as Country French and Tuscan Roasted Garlic and sandwich bread in low-carb and whole grain varie,Kaan Dagalti — Chief Operating Officer,3,2,,,,not contacted,,,
776,33227992,"Rizo-Lopez Foods, Inc.",unclassified food/bev mfr,,Modesto,California,http://www.tiofranciscocheese.com,3.3227992999999996E7,313,Private,"Rizo-Lopez Foods, Inc.",311513,"Rizo-Lopez Foods, Inc. is primarily engaged in manufacturing natural cheese (except cottage cheese), processed cheese, cheese foods, cheese spreads, and cheese analogs (imitations and substitutes). Th",,3,0,,,,not contacted,,,
777,33113106,Harney & Sons Tea Corp.,unclassified food/bev mfr,,Millerton,New York,http://www.harney.com,3.3113106000000004E7,200,Private,Harney & Sons Tea Corp.,311920,"Harney & Sons Tea Corp. is primarily engaged in manufacturing prepared foods and miscellaneous food specialties, not elsewhere classified, such as baking powder, yeast, and other leavening compounds; ",Paul Harney — Vice President,3,0,,,,not contacted,,,
778,33108714,"Bakery Express-Mid Atlantic, Inc.",unclassified food/bev mfr,,Halethorpe,Maryland,http://www.bakeryexpressusa.com,3.3108714999999996E7,125,Private,,311812,"Bakery Express-Mid Atlantic, Inc. is primarily engaged in manufacturing fresh or frozen bread and bread-type rolls and fresh cakes, pies, pastries and other similar ""perishable"" bakery products.",Charles Burman — President,3,1,,,,not contacted,,,
779,33055462,"Deiorio Foods, Inc.",unclassified food/bev mfr,,Utica,New York,http://www.deiorios.com,3.3055462E7,440,Private,"Encore Consumer Capital, LLC",311412,"Deiorio Foods, Inc. is primarily engaged in manufacturing frozen food specialties, not elsewhere classified, such as frozen dinners and frozen pizza.",John Lauchert — Chief Financial Officer,3,3,,,,not contacted,,,
780,33008961,Woeber Mustard Manufacturing Company,likely co-man (D&B description),,Springfield,Ohio,http://www.woebermustard.com,3.3008961E7,245,Private,Woeber Mustard Manufacturing Company,311942,"Woeber Mustard Manufacturing Company is one of the nation's largest private label producers of mustard. The family-owned company makes mayo, lemon juice, mustards, vinegars, horseradish, chopped garli",Raymond Woeber — President,3,1,,,,not contacted,,,
781,32954006,"Western Foods, LLC",unclassified food/bev mfr,,Woodland,California,http://www.westernfoodsco.com,3.2954006E7,120,Private,"Western Milling, LLC",311999,"Western Foods, Llc is primarily engaged in manufacturing prepared foods and miscellaneous food specialties, not elsewhere classified, such as baking powder, yeast, and other leavening compounds; peanu",Shan Staka — Chief Financial Officer,3,2,,,,not contacted,,,
782,32679958,"Garelick Farms, LLC",unclassified food/bev mfr,,Franklin,Massachusetts,http://www.garelickfarms.com,3.2679958E7,2500,Private,"Dean East, LLC",311511,"Garelick Farms, LLC, a subsidiary of the national cooperative Dairy Farmers of America (DFA), is a leading manufacturer and processor of dairy products in the northeastern US. Considered the largest d",,3,0,,,,not contacted,,,
783,32667431,Frutarom USA Inc.,unclassified food/bev mfr,,Cincinnati,Ohio,,3.2667431E7,125,Private,International Flavors & Fragrances Inc.,311942,"Frutarom Usa Inc. is primarily engaged in manufacturing prepared foods and miscellaneous food specialties, not elsewhere classified, such as baking powder, yeast, and other leavening compounds; peanut",James Chan — Vice President Of Business Development,3,3,,,,not contacted,,,
784,32347740,"Pro-Form Manufacturing, LLC",unclassified food/bev mfr,,Benicia,California,http://inwmfg.com,3.234774E7,200,Private,INW MANUFACTURING LLC,311999,"Pro-Form Manufacturing, Llc is primarily engaged in manufacturing prepared foods and miscellaneous food specialties, not elsewhere classified, such as baking powder, yeast, and other leavening compoun",Ann Chen — Vice President Finance,3,3,,,,not contacted,,,
785,32304713,"SmartPak Equine, LLC",unclassified food/bev mfr,,Plymouth,Massachusetts,http://www.smartpakequine.com,3.2304713999999996E7,588,Private,"Chewy, Inc.",311119,"Smartpak Equine, Llc is primarily engaged in manufacturing prepared feeds and feed ingredients and adjuncts for animals and fowls, except dogs and cats. Included in this industry are poultry and lives",Katie Troyanoski — President And Cmo,3,2,,,,not contacted,,,
786,32193607,"Casper's Ice Cream, LLC",unclassified food/bev mfr,,Richmond,Utah,http://www.caspersicecream.com,3.2193607E7,96,Private,"MidOcean US Advisor, L.P.",311520,"Casper's Ice Cream, Llc is primarily engaged in manufacturing ice cream and other frozen desserts.",Tia Bailey — Executive Vice President Human Resources,3,3,,,,not contacted,,,
787,32000000,"Drinkpak II, LLC",unclassified food/bev mfr,,Fort Worth,Texas,http://drinkpak.com,3.2E7,275,Private,,312111,"Drinkpak Ii, Llc is primarily engaged in manufacturing soft drinks and carbonated waters.",,1,1,,,,not contacted,,,
788,31972647,"JBS Packerland, Inc.",unclassified food/bev mfr,,Green Bay,Wisconsin,http://www.jbsfoodsgroup.com,3.1972647E7,1000,Private,Packerland Holdings Inc,311611,"Jbs Packerland, Inc. is primarily engaged in the slaughtering, for their own account or on a contract basis for the trade, of cattle, hogs, sheep, lambs, and calves for meat to be sold or to be used o",,3,3,,,,not contacted,,,
789,31972647,"JBS Tolleson, Inc.",unclassified food/bev mfr,,Tolleson,Arizona,,3.1972647E7,475,Private,"JBS Packerland, Inc.",311611,"Jbs Tolleson, Inc. is primarily engaged in the slaughtering, for their own account or on a contract basis for the trade, of cattle, hogs, sheep, lambs, and calves for meat to be sold or to be used on ",,3,1,,,,not contacted,,,
790,31885908,Pepsi-Cola Metropolitan Bottling Company Inc,unclassified food/bev mfr,,Denver,Colorado,,3.1885908E7,500,Private,"PepsiCo, Inc.",312111,Pepsi-Cola Metropolitan Bottling Company Inc is primarily engaged in manufacturing soft drinks and carbonated waters.,Sandra Doster — Principal,3,0,,,,not contacted,,,
791,31862770,"Houdini, Inc.",unclassified food/bev mfr,,Fullerton,California,http://www.winecountrygiftbaskets.com,3.186277E7,260,Private,"Houdini, Inc.",312130,"Houdini, Inc. is primarily engaged in manufacturing wines, brandy, and brandy spirits. This industry also includes bonded wine cellars which are engaged in blending wines.",Dan Maguire — Chief Financial Officer,3,2,,,,not contacted,,,
792,31786970,"CJ Foodville USA, Inc.",unclassified food/bev mfr,,Buena Park,California,http://cj.net,3.178697E7,200,Private,"CJ Foodville USA, Inc.",311812,"Cj Foodville Usa, Inc. is primarily engaged in manufacturing fresh or frozen bread and bread-type rolls and fresh cakes, pies, pastries and other similar ""perishable"" bakery products.",Demian Kim — Chief Financial Officer,3,0,,,,not contacted,,,
793,31684681,Sconza Candy Company,unclassified food/bev mfr,,Oakdale,California,http://www.sconza.com,3.1684681E7,100,Private,,311340,"Sconza Candy Company is primarily engaged in manufacturing candy, including chocolate candy, other confections, and related products.",Jeff Brown — Chief Operating Officer,3,2,,,,not contacted,,,
794,31664392,"CABOT CREAMERY COOPERATIVE, INC.",unclassified food/bev mfr,,Waitsfield,Vermont,http://www.cabotcreamery.com,3.1664392E7,300,Private,"Agri-mark, Inc.",311513,"Cabot Creamery Cooperative, Inc. is primarily engaged in manufacturing natural cheese (except cottage cheese), processed cheese, cheese foods, cheese spreads, and cheese analogs (imitations and substi",Mark Hackett — Principal,3,2,,,,not contacted,,,
795,31659817,F M Brown's Sons Incorporated,unclassified food/bev mfr,,Reading,Pennsylvania,http://www.fmbrown.com,3.1659817E7,200,Private,F M Brown's Sons Incorporated,311211,"F M Brown's Sons Incorporated is primarily engaged in milling flour or meal from grain, except rice. The products of flour mills may be sold plain or in the form of prepared mixes or doughs for specif",Ron Scheese — Chief Executive Officer,3,2,,,,not contacted,,,
796,31574579,"De Wafelbakkers, LLC.",unclassified food/bev mfr,,North Little Rock,Arkansas,http://www.dewafelbakkers.com,3.1574579E7,150,Private,Hometown Food Company,311412,"De Wafelbakkers, Llc. is primarily engaged in manufacturing frozen food specialties, not elsewhere classified, such as frozen dinners and frozen pizza.",Tim Beeson — Vice President Of Operations,3,2,,,,not contacted,,,
797,31470770,Joseph's Gourmet Pasta Company,unclassified food/bev mfr,,Haverhill,Massachusetts,http://www.josephsgourmetpasta.com,3.147077E7,300,Private,"Turri's Italian Foods, Inc.",311999,"Joseph's Gourmet Pasta Company is primarily engaged in manufacturing prepared foods and miscellaneous food specialties, not elsewhere classified, such as baking powder, yeast, and other leavening comp",Casey Rennick — Vice President Of Finance,3,2,,,,not contacted,,,
798,31468861,"Imperial, L.L.C.",unclassified food/bev mfr,,Tulsa,Oklahoma,http://www.imperialco.com,3.1468861E7,800,Private,"Imperial, L.L.C.",311920,"Imperial, L.L.C. is primarily engaged in roasting coffee, and in manufacturing coffee concentrates and extracts in powdered, liquid, or frozen form, including freeze-dried.",Lance Whorton — President,3,1,,,,not contacted,,,
799,31397028,"Boardman Foods, Inc.",unclassified food/bev mfr,,Boardman,Oregon,http://www.boardmanfoods.com,3.1397028E7,150,Private,"Boardman Foods, Inc.",311411,"Boardman Foods, Inc. is primarily engaged in freezing fruits, fruit juices, and vegetables. These establishments also produce important byproducts such as fresh or dried citrus pulp.",Brian Maag — CeoPresident,3,3,,,,not contacted,,,
800,31388351,Rovira Biscuit Corporation,unclassified food/bev mfr,,Ponce,Puerto Rico,http://www.rovirabiscuits.com,3.1388351E7,270,Private,Rovira Biscuit Corporation,311821,"Rovira Biscuit Corporation is primarily engaged in manufacturing fresh cookies, crackers, pretzels, and similar ""dry"" bakery products.",,3,3,,,,not contacted,,,
801,31289816,"Taylor Farms Illinois, Inc.",unclassified food/bev mfr,,Chicago,Illinois,http://www.taylorfarmsdeli.com,3.1289816E7,300,Private,"Taylor Fresh Foods, Inc.",311999,"Taylor Farms Illinois, Inc. is primarily engaged in manufacturing prepared foods and miscellaneous food specialties, not elsewhere classified, such as baking powder, yeast, and other leavening compoun",,3,1,,,,not contacted,,,
802,31244499,"Rubix Foods, LLC",unclassified food/bev mfr,,Jacksonville,Florida,http://www.rubixfoods.com,3.1244499E7,85,Private,,311511,Darifair Foods creates a festival of dairy delights. The company manufactures and distributes dairy products and dairy-based ingredients for the food-manufacturing and foodservice industries. The comp,David Perez — Chief Financial Officer,3,2,,,,not contacted,,,
803,31140648,"Epic Enterprises, Inc.",unclassified food/bev mfr,,Ayer,Massachusetts,http://www.epicenterprisesinc.com,3.1140648E7,85,Private,"PepsiCo, Inc.",312111,"Epic Enterprises, Inc. is primarily engaged in manufacturing soft drinks and carbonated waters.",,3,1,,,,not contacted,,,
804,31119923,"Lynchburg Organic Baking Co., LLC",unclassified food/bev mfr,,Lynchburg,Virginia,,3.1119923E7,200,Private,"Flowers Foods, Inc.",311812,"Lynchburg Organic Baking Co., Llc is primarily engaged in manufacturing fresh or frozen bread and bread-type rolls and fresh cakes, pies, pastries and other similar ""perishable"" bakery products.",Michelle Trainum — Principal,3,1,,,,not contacted,,,
805,31025274,"Fuchs North America, Inc.",unclassified food/bev mfr,,Hampstead,Maryland,http://www.fuchsna.com,3.1025274E7,185,Private,Fuchs GmbH & Co. KG,311942,"Fuchs North America, Inc. is primarily engaged in manufacturing prepared foods and miscellaneous food specialties, not elsewhere classified, such as baking powder, yeast, and other leavening compounds",Christopher Angler — Chief Financial Officer,3,1,,,,not contacted,,,
806,30901236,The French's Food Company LLC,unclassified food/bev mfr,,Springfield,Missouri,http://www.mccormick.com,3.0901236E7,350,Private,"McCormick & Company, Incorporated",311942,"The French's Food Company Llc is primarily engaged in manufacturing prepared foods and miscellaneous food specialties, not elsewhere classified, such as baking powder, yeast, and other leavening compo",,3,3,,,,not contacted,,,
807,30835499,"Dalton's Best Maid Products, Incorporated",unclassified food/bev mfr,,Fort Worth,Texas,http://www.bestmaidpickles.com,3.0835499E7,250,Private,"Dalton's Best Maid Products, Incorporated",311421,"Best Maid Products is a company that enjoys being in a serious pickle. Founded in 1926 by the Dalton family, the company distributes a variety of pickles, sauces, dressings, and other condiments under",Brian Dalton — President And Chief Financial Officer,3,3,,,,not contacted,,,
808,30680788,"Golden Boy Foods USA, Inc.",confirmed co-man (public sweep),snack-bakery,Fenton,Missouri,http://www.8ave.com,3.0680788E7,100,Private,"Post Holdings, Inc.",311999,"Golden Boy Foods Usa, Inc. is primarily engaged in manufacturing prepared foods and miscellaneous food specialties, not elsewhere classified, such as baking powder, yeast, and other leavening compound",Jim Donzelli — Senior Vice President Of Sales,3,2,,,,not contacted,,,
809,30668280,"Baily International, LLC",unclassified food/bev mfr,,Granite City,Illinois,http://www.bailyfoods.com,3.066828E7,300,Private,"Baily International, LLC",311999,"Baily International, Llc is primarily engaged in manufacturing prepared foods and miscellaneous food specialties, not elsewhere classified, such as baking powder, yeast, and other leavening compounds;",Steve Cameron — Founder PresidentCeo,3,2,,,,not contacted,,,
810,30488125,"Trans-Ocean Products, Inc.",unclassified food/bev mfr,,Bellingham,Washington,http://www.trans-ocean.com,3.0488125E7,200,Private,"Maruha Capital Investment, Inc.",311710,"Trans-Ocean Products, Inc. is primarily engaged in cooking and canning fish, shrimp, oysters, clams, crabs, and other seafoods, including soups; and those engaged in smoking, salting, drying, or other",,1,0,,,,not contacted,,,
811,30394409,Zentis North America Holding LLC,unclassified food/bev mfr,,Plymouth,Indiana,http://www.zentis.de,3.0394409E7,190,Private,Zentis Fruchtwelt GmbH & Co. KG,311421,"Zentis North America Holding Llc is primarily engaged in canning fruits, vegetables, and fruit and vegetable juices; and in manufacturing catsup and similar tomato sauces, or natural and imitation pre",Nico Stobinski — President Chief Executive Officer,3,1,,,,not contacted,,,
812,30333044,"Pepsi-cola Bottling Company Of Ft. Lauderdale-palm Beach, LLC",unclassified food/bev mfr,,Riviera Beach,Florida,http://www.pepsico.com,3.0333044E7,52,Private,"PepsiCo, Inc.",312111,"Pepsi-Cola Bottling Company Of Ft. Lauderdale-Palm Beach, Llc is primarily engaged in manufacturing soft drinks and carbonated waters.",,3,0,,,,not contacted,,,
813,30222994,"Subco Foods, Inc.",unclassified food/bev mfr,,West Chicago,Illinois,http://www.subcofoods.com,3.0222994E7,200,Private,"Subco Foods, Inc.",311999,"Subco Foods, Inc. is primarily engaged in manufacturing prepared foods and miscellaneous food specialties, not elsewhere classified, such as baking powder, yeast, and other leavening compounds; peanut",Masroor Khan — Chief Executive Officer,3,1,,,,not contacted,,,
814,30152958,"Monogram Appetizers, LLC",unclassified food/bev mfr,,Memphis,Tennessee,http://www.monogramfoods.com,3.0152958E7,600,Private,"Monogram Food Solutions, LLC",311612,"Monogram Appetizers, Llc is primarily engaged in manufacturing sausages, cured meats, smoked meats, canned meats, frozen meats, and other prepared meats and meat specialties, from purchased carcasses ",,3,3,,,,not contacted,,,
815,30099203,"Quality Sausage Company, Inc.",unclassified food/bev mfr,,Dallas,Texas,http://www.qualitysausage.com,3.0099203E7,280,Private,"Quality Sausage Company, Inc.",311612,"Not that someone would, but anyone looking for substandard sausage and pizza toppings won't find it here. The Quality Sausage Company makes pizza toppings, meatballs and other pre-cooked meat products",Rob Tyrrell — Chief Operating Officer,3,3,,,,not contacted,,,
816,30060879,"TTF SUB WI, INC.",unclassified food/bev mfr,,Glenview,Illinois,http://www.klements.com,3.0060879E7,355,Private,"Amylu Foods, LLC",311612,"Ttf Sub Wi, Inc. is primarily engaged in manufacturing sausages, cured meats, smoked meats, canned meats, frozen meats, and other prepared meats and meat specialties, from purchased carcasses and othe",Tom Klement — Chief Financial Officer,3,0,,,,not contacted,,,
817,30000000,"Fiesta Canning Co., Inc.",unclassified food/bev mfr,,Mc Neal,Arizona,http://www.fiestacanning.org,3.0E7,75,Private,,311421,"Fiesta Canning Co., Inc. is primarily engaged in canning fruits, vegetables, and fruit and vegetable juices; and in manufacturing catsup and similar tomato sauces, or natural and imitation preserves, ",Bob Myers — Chief Financial Officer,3,1,,,,not contacted,,,
818,29961857,Edward Marc Brands LLC,unclassified food/bev mfr,,Pittsburgh,Pennsylvania,http://www.edwardmarc.com,2.9961857E7,100,Private,Edward Marc Brands LLC,311340,"Edward Marc Brands Llc is primarily engaged in manufacturing candy, including chocolate candy, other confections, and related products.",Dana Edwards Manatos — Founder Ceo,3,2,,,,not contacted,,,
819,29904743,Emergy Inc.,unclassified food/bev mfr,,Boulder,Colorado,http://www.meati.com,2.9904743E7,200,Private,,311999,"Emergy Inc. is primarily engaged in manufacturing prepared foods and miscellaneous food specialties, not elsewhere classified, such as baking powder, yeast, and other leavening compounds; peanut butte",Phil Graves — Chief Executive Officer,3,0,,,,not contacted,,,
820,29896311,"Ralcorp Frozen Bakery Products, Inc.",unclassified food/bev mfr,,Oak Brook,Illinois,http://www.treehousefoods.com,2.9896311E7,3000,Private,"TreeHouse Foods, Inc.",311813,"Ralcorp Frozen Bakery Products, Inc. is primarily engaged in manufacturing frozen bakery products, except bread and bread-type rolls.",,1,0,,,,not contacted,,,
821,29877571,"Mullins Food Products, Inc.",unclassified food/bev mfr,,Broadview,Illinois,http://www.mullinsfood.com,2.9877571E7,405,Private,"Newly Weds Foods, LLC",311421,"Mullins Food Products, Inc. is primarily engaged in canning fruits, vegetables, and fruit and vegetable juices; and in manufacturing catsup and similar tomato sauces, or natural and imitation preserve",Michael Mullins — Chief Operating Officer,3,0,,,,not contacted,,,
822,29856987,Crystal Geyser Water Company,unclassified food/bev mfr,,Calistoga,California,http://www.crystalgeyserwatercompany.com,2.9856987E7,188,Private,"OTSUKA PHARMACEUTICAL CO., LTD.",312112,Crystal Geyser Water Company is primarily engaged in manufacturing soft drinks and carbonated waters.,,1,0,,,,not contacted,,,
823,29675278,Peco Foods Inc.,unclassified food/bev mfr,,Gordo,Alabama,http://www.pecofoods.com,2.9675278E7,609,Private,"Peco Foods, Inc.",311615,"Peco Foods Inc. is primarily engaged in slaughtering, dressing, packing, freezing, and canning poultry, rabbits, and other small game, or in manufacturing products from such meats, for their own accou",Benny Bishop — PRINCIPAL,3,1,,,,not contacted,,,
824,29539568,"Faygo Beverages, Inc.",unclassified food/bev mfr,,Detroit,Michigan,http://www.faygo.com,2.9539568E7,450,Private,"Newbevco, Inc.",312111,Faygo Beverages believes in flavor. Old-fashioned flavor --its products are made with cane sugar (rather thanhigh-fructose corn syrup) and are packaged in gen u ine glass bottles. The companymanufactu,Dan Trpevski — Executive Vice President,3,2,,,,not contacted,,,
825,29481607,"FCH Enterprises, Inc.",unclassified food/bev mfr,,Honolulu,Hawaii,http://www.fchenterprises.com,2.9481607E7,2000,Private,"FCH Enterprises, Inc.",311999,"Fch Enterprises, Inc. is primarily engaged in manufacturing prepared foods and miscellaneous food specialties, not elsewhere classified, such as baking powder, yeast, and other leavening compounds; pe",Jason Higa — Chief Executive Officer,3,1,,,,not contacted,,,
826,29420502,"Elmer Candy, LLC",unclassified food/bev mfr,,Ponchatoula,Louisiana,http://www.elmerchocolate.com,2.9420502E7,300,Private,,311351,"Elmer Candy Corporation makes Eastersweet. Although it has been in business since 1855,the companybegan focusing on seasonal (Christmas, Easter, and Valentine's Day)candy in the 1970s, following the i",Robert Nelson — Chief Executive Officer,3,2,,,,not contacted,,,
827,28991491,"Novus Foods Buena Park, LLC",unclassified food/bev mfr,,Buena Park,California,http://www.simplyff.com,2.8991491E7,160,Private,Novus Foods. LLC,311710,"Novus Foods Buena Park, Llc is primarily engaged in preparing fresh and raw or cooked frozen fish and other seafoods and seafood preparations, such as soups, stews, chowders, fishcakes, crabcakes, and",,3,0,,,,not contacted,,,
828,28946396,"Piantedosi Baking Co., Inc.",unclassified food/bev mfr,,Malden,Massachusetts,http://www.piantedosi.com,2.8946396E7,240,Private,"Piantedosi Baking Co., Inc.",311812,"Piantedosi Baking Co., Inc. is primarily engaged in manufacturing fresh or frozen bread and bread-type rolls and fresh cakes, pies, pastries and other similar ""perishable"" bakery products.",Anthony Roscillo — Chief Operating Officer,3,2,,,,not contacted,,,
829,28946316,Specialty Bakers Holding Company LLC,confirmed co-man (public sweep),snack-bakery,Marysville,Pennsylvania,http://www.marinojustice.com,2.8946316E7,230,Private,Brown Gibbons Lang & Company LLC,311812,"Specialty Bakers Holding Company Llc is primarily engaged in manufacturing fresh or frozen bread and bread-type rolls and fresh cakes, pies, pastries and other similar ""perishable"" bakery products.",,1,0,,,,not contacted,,,
830,28921675,"Campofresco, Corp.",unclassified food/bev mfr,,Santa Isabel,Puerto Rico,http://www.campofresco.com,2.8921675E7,150,Private,,311421,"Campofresco, Corp. is primarily engaged in canning fruits, vegetables, and fruit and vegetable juices; and in manufacturing catsup and similar tomato sauces, or natural and imitation preserves, jams, ",,3,3,,,,not contacted,,,
831,28920628,"Pioneer Frozen Foods, Inc.",unclassified food/bev mfr,,Duncanville,Texas,http://www.chg.com,2.8920628E7,750,Private,C.H. Guenther & Son LLC,311999,"Pioneer Frozen Foods, Inc. is primarily engaged in manufacturing prepared foods and miscellaneous food specialties, not elsewhere classified, such as baking powder, yeast, and other leavening compound",Chris Redkey — Senior Vice President Of Operations,3,1,,,,not contacted,,,
832,28892847,"Flowers Baking Co. of Bradenton, LLC",unclassified food/bev mfr,,Sarasota,Florida,http://www.flowersfoods.com,2.8892847E7,300,Private,"Flowers Foods, Inc.",311812,"Flowers Baking Co. Of Bradenton, Llc is primarily engaged in manufacturing fresh or frozen bread and bread-type rolls and fresh cakes, pies, pastries and other similar ""perishable"" bakery products.",Marta Turner — Executive Vice President Corporate Relations,3,1,,,,not contacted,,,
833,28888422,"Osceola Foods, Inc.",unclassified food/bev mfr,,Osceola,Iowa,http://www.osceolaiowa.com,2.8888422E7,100,Private,Hormel Foods Corporation,311611,"Osceola Foods, Inc. is primarily engaged in the slaughtering, for their own account or on a contract basis for the trade, of cattle, hogs, sheep, lambs, and calves for meat to be sold or to be used on",Tyler Hulsebus — Vice President,3,3,,,,not contacted,,,
834,28735352,"Rosina Food Products, Inc.",unclassified food/bev mfr,,Buffalo,New York,http://www.rosina.com,2.8735352E7,178,Private,"Rosina Holding, Inc.",311612,"Rosina Food Products, Inc. is primarily engaged in manufacturing sausages, cured meats, smoked meats, canned meats, frozen meats, and other prepared meats and meat specialties, from purchased carcasse",Alejandra Andujar — Principal,3,2,,,,not contacted,,,
835,28726936,The Mushroom Company,unclassified food/bev mfr,,Cambridge,Maryland,http://www.southmill.com,2.8726936E7,75,Private,South Mill Mushroom LLC,311999,"The Mushroom Company does more than grow in dark places. The Maryland company raises, processes, markets, and distributes all manner of the familiar fungi.It makes quick-blanched refrigerated, frozen,",Ruth Newhard — Vice President Of Sales,3,2,,,,not contacted,,,
836,28475666,"Stillwater Milling Company, LLC",unclassified food/bev mfr,,Stillwater,Oklahoma,http://www.stillwatermill.com,2.8475666E7,169,Private,"Stillwater Milling Company, LLC",311119,"Stillwater Milling Company, Llc is primarily engaged in manufacturing prepared feeds and feed ingredients and adjuncts for animals and fowls, except dogs and cats. Included in this industry are poultr",David Fairbanks — President,3,2,,,,not contacted,,,
837,28433544,"Rhino Foods, Inc.",unclassified food/bev mfr,,Burlington,Vermont,http://www.rhinofoods.com,2.8433544E7,219,Private,"Rhino Foods, Inc.",311824,"Rhino Foods, Inc. is primarily engaged in preparing flour mixes or doughs from purchased flour.",Mike Whitney — Chief Financial Officer,3,3,,,,not contacted,,,
838,28423971,Burnett Dairy Cooperative,unclassified food/bev mfr,,Grantsburg,Wisconsin,http://www.burnettdairy.com,2.8423971E7,215,Private,Burnett Dairy Cooperative,311513,"Burnett Dairy Cooperative is primarily engaged in manufacturing natural cheese (except cottage cheese), processed cheese, cheese foods, cheese spreads, and cheese analogs (imitations and substitutes).",Scott Briggs — Chief Operating Officer,3,3,,,,not contacted,,,
839,28377020,"Heartland Pet Foods Manufacturing, Inc.",unclassified food/bev mfr,,Joplin,Missouri,,2.837702E7,150,Private,"Blue Buffalo Company, Ltd.",311119,"Heartland Pet Foods Manufacturing, Inc. is primarily engaged in manufacturing prepared feeds and feed ingredients and adjuncts for animals and fowls, except dogs and cats. Included in this industry ar",,2,0,,,,not contacted,,,
840,28375555,Brown & Haley,unclassified food/bev mfr,,Fife,Washington,http://www.brown-haley.com,2.8375555E7,260,Private,Brown & Haley,311340,"Brown & Haley is a Fife, Washington food company that has been making Almond Roca and Mountain bars since 1923. Its Almond Roca is the largest exported gift candy in the US. It also operates two facto",John Melin — President Chief Operating Officer,3,3,,,,not contacted,,,
841,28344309,Dorada Poultry LLC,unclassified food/bev mfr,,Oklahoma City,Oklahoma,http://www.lopezfoods.com,2.8344309E7,900,Private,Dorada Poultry LLC,311615,"Dorada Poultry Llc is primarily engaged in slaughtering, dressing, packing, freezing, and canning poultry, rabbits, and other small game, or in manufacturing products from such meats, for their own ac",,3,2,,,,not contacted,,,
842,28339127,"Calise & Sons Bakery, LLC",unclassified food/bev mfr,,Lincoln,Rhode Island,http://www.calisebakery.com,2.8339127E7,185,Private,"Calise & Sons Bakery, LLC",311812,"Calise & Sons Bakery, Llc is primarily engaged in manufacturing fresh or frozen bread and bread-type rolls and fresh cakes, pies, pastries and other similar ""perishable"" bakery products.",Michael Calise — President,3,3,,,,not contacted,,,
843,28333309,"V & V Supremo Foods, Inc.",unclassified food/bev mfr,,Chicago,Illinois,http://www.vvsupremo.com,2.8333309E7,250,Private,"V & V Supremo Foods, Inc.",311513,"V & V Supremo Foods, Inc. is primarily engaged in manufacturing natural cheese (except cottage cheese), processed cheese, cheese foods, cheese spreads, and cheese analogs (imitations and substitutes).",Rich Wright — Chief Financial Officer,3,2,,,,not contacted,,,
844,28250608,"Patrick Cudahy, LLC",unclassified food/bev mfr,,Cudahy,Wisconsin,http://patrickcudahy.sfdbrands.com,2.8250608E7,1900,Private,"Smithfield Foods, Inc.",311612,"Patrick Cudahy, established in 1888, calls itself the ""Home of Sweet Apple Wood Smoked Flavor,"" and that says it all. The company makes sliced ham, salami, and specialty Italian and deli meats for san",,3,2,,,,not contacted,,,
845,28221470,"Wolfgang Operations, LLC",confirmed co-man (public sweep),snack-bakery,York,Pennsylvania,http://www.wolfgangco.com,2.822147E7,225,Private,"Wolfgang Operations, LLC",311340,"Wolfgang Operations, Llc is primarily engaged in manufacturing candy, including chocolate candy, other confections, and related products.",Glen Mattheu — Chief Operating Officer,3,2,,,,not contacted,,,
846,28220259,Tim Hortons Usa Inc.,unclassified food/bev mfr,,Miami,Florida,http://www.timhortons.com,2.8220259E7,170,Private,The TDL Group Corp,445291,Tim Hortons Usa Inc. is primarily engaged in the retail sale of bakery products. The products may be purchased from others or made on the premises.,,3,3,,,,not contacted,,,
847,28183887,"Gielow Pickles, Inc.",unclassified food/bev mfr,,Croswell,Michigan,http://www.gielowpickles.com,2.8183887E7,300,Private,"Gielow Pickles, Inc.",311421,"Gielow Pickles, Inc. is primarily engaged in pickling and brining fruits and vegetables, and in manufacturing salad dressings, vegetable relishes, sauces, and seasonings.",Patti Gielow — Principal,3,3,,,,not contacted,,,
848,28134371,"Derst Baking Company, LLC",unclassified food/bev mfr,,Savannah,Georgia,http://www.flowersfoods.com,2.8134371E7,508,Private,"Flowers Foods, Inc.",311812,"Derst Baking Company, Llc is primarily engaged in manufacturing fresh or frozen bread and bread-type rolls and fresh cakes, pies, pastries and other similar ""perishable"" bakery products.",,1,0,,,,not contacted,,,
849,28075993,"Grain Craft Milling (Southwest), LLC",unclassified food/bev mfr,,Muleshoe,Texas,http://www.bungeag.com,2.8075993E7,115,Private,"Redwood Holdings, LLC",311211,"Grain Craft Milling (Southwest), Llc is primarily engaged in milling flour or meal from grain, except rice. The products of flour mills may be sold plain or in the form of prepared mixes or doughs for",Jorge Asaff — Plant Manager,3,0,,,,not contacted,,,
850,27998062,"House of Flavors, Inc.",unclassified food/bev mfr,,Ludington,Michigan,http://www.houseofflavors.com,2.7998062E7,267,Private,Protein Holdings Inc.,311520,"House Of Flavors, Inc. is primarily engaged in manufacturing ice cream and other frozen desserts.",Dominic Garza — Chief Operating Officer,3,3,,,,not contacted,,,
851,27993692,"10 Barrel Brewing, LLC",unclassified food/bev mfr,,Bend,Oregon,http://www.10barrel.com,2.7993692E7,250,Private,"American Beverage Crafts, LLC",312120,"10 Barrel Brewing, Llc is primarily engaged in manufacturing malt beverages.",,3,0,,,,not contacted,,,
852,27954144,"Food For Life Baking Co., Inc.",unclassified food/bev mfr,,Corona,California,http://www.foodforlife.com,2.7954144E7,120,Private,"Food For Life Baking Co., Inc.",311812,"Food For Life Baking Co., Inc. is primarily engaged in manufacturing fresh or frozen bread and bread-type rolls and fresh cakes, pies, pastries and other similar ""perishable"" bakery products.",Scott Kraus — Chief Financial Officer,3,1,,,,not contacted,,,
853,27939898,Cloverdale Foods Company,unclassified food/bev mfr,,Mandan,North Dakota,http://www.cloverdalefoods.com,2.7939898E7,546,Private,,311612,"Cloverdale Foods Company is primarily engaged in manufacturing sausages, cured meats, smoked meats, canned meats, frozen meats, and other prepared meats and meat specialties, from purchased carcasses ",Scott Russell — Chief Executive Officer President,3,2,,,,not contacted,,,
854,27886089,"Tru Fru, LLC",unclassified food/bev mfr,,Salt Lake City,Utah,http://www.trufru.com,2.7886089E7,72,Private,"Mars, Incorporated",311352,"Tru Fru, Llc is primarily engaged in manufacturing candy, including chocolate candy, other confections, and related products.",Rachel Lewis — Vice President Of Brand Management,3,1,,,,not contacted,,,
855,27819958,"Turkey Valley Farms, LLC",unclassified food/bev mfr,,Marshall,Minnesota,http://www.turkeyvalleyfarms.com,2.7819958E7,450,Private,,311615,"Turkey Valley Farms, Llc is primarily engaged in slaughtering, dressing, packing, freezing, and canning poultry, rabbits, and other small game, or in manufacturing products from such meats, for their ",Beth Wosmek — Chief Financial Officer,3,3,,,,not contacted,,,
856,27803074,"Hoogwegt U.S., Inc.",unclassified food/bev mfr,,Lake Forest,Illinois,http://www.hoogwegt.com,2.7803074E7,62,Private,Hoogwegt Group B.V.,311512,"Hoogwegt U.S., Inc. is primarily engaged in manufacturing creamery butter.",Jeramy Fisher — Chief Executive Officer,3,2,,,,not contacted,,,
857,27739729,"Dutch-american Foods, Inc.",unclassified food/bev mfr,,Beecher,Illinois,http://www.dutchamericanfoods.com,2.7739729E7,100,Private,"Dutch-american Foods, Inc.",311824,"Dutch-American Foods, Inc. is primarily engaged in preparing flour mixes or doughs from purchased flour.",,1,0,,,,not contacted,,,
858,27701748,"Pasteleria Cidrines, Inc.",unclassified food/bev mfr,,Arecibo,Puerto Rico,http://www.cidrines.com,2.7701748E7,120,Private,"Pasteleria Cidrines, Inc.",311211,"Pasteleria Cidrines, Inc. is primarily engaged in milling flour or meal from grain, except rice. The products of flour mills may be sold plain or in the form of prepared mixes or doughs for specific p",Mari Cidre — President,3,3,,,,not contacted,,,
859,27604191,"High Falls Brewing Company, LLC",unclassified food/bev mfr,,Rochester,New York,http://www.nabreweries.com,2.7604191E7,400,Private,"North American Breweries, Inc.",312120,"High Falls Brewing Company, Llc is primarily engaged in manufacturing malt beverages.",,1,0,,,,not contacted,,,
860,27601629,"Seaboard Triumph Foods, LLC",unclassified food/bev mfr,,Sioux City,Iowa,http://www.seaboardtriumphfoods.com,2.7601629E7,457,Private,Seaboard Corporation,311611,"Seaboard Triumph Foods, Llc is primarily engaged in the slaughtering, for their own account or on a contract basis for the trade, of cattle, hogs, sheep, lambs, and calves for meat to be sold or to be",,3,3,,,,not contacted,,,
861,27538307,Custom Foods of America Incorporated,unclassified food/bev mfr,,Knoxville,Tennessee,http://www.customfoods.net,2.7538307E7,300,Private,,311999,"Custom Foods Of America Incorporated is primarily engaged in manufacturing prepared foods and miscellaneous food specialties, not elsewhere classified, such as baking powder, yeast, and other leavenin",Graham Hunter — President,3,3,,,,not contacted,,,
862,27399160,"Kate Farms, Inc.",unclassified food/bev mfr,,Goleta,California,http://www.katefarms.com,2.739916E7,123,Private,,311991,"Kate Farms, Inc. is primarily engaged in manufacturing prepared foods and miscellaneous food specialties, not elsewhere classified, such as baking powder, yeast, and other leavening compounds; peanut ",Tom Beecher — Chief Executive Officer,3,3,,,,not contacted,,,
863,27378147,"Al and John, Inc.",unclassified food/bev mfr,,Caldwell,New Jersey,http://www.glenrockhams.com,2.7378147E7,300,Private,,311612,"Al And John, Inc. is primarily engaged in manufacturing sausages, cured meats, smoked meats, canned meats, frozen meats, and other prepared meats and meat specialties, from purchased carcasses and oth",Alexander Oldja — President,3,2,,,,not contacted,,,
864,27360844,"Louisa Food Products, Inc.",unclassified food/bev mfr,,Saint Louis,Missouri,http://www.louisafoods.com,2.7360844E7,200,Private,"Louisa Food Products, Inc.",311999,"Louisa Food Products, Inc. is primarily engaged in manufacturing prepared foods and miscellaneous food specialties, not elsewhere classified, such as baking powder, yeast, and other leavening compound",John Russell — Chief Financial Officer,3,2,,,,not contacted,,,
865,27316986,"Austin Quality Foods, Inc.",unclassified food/bev mfr,,Cary,North Carolina,,2.7316986E7,1567,Private,Kellanova,445291,"Austin Quality Foods, Inc. is primarily engaged in the retail sale of bakery products. The products may be purchased from others or made on the premises.",Steve Grissom — Chief Financial Officer,3,1,,,,not contacted,,,
866,27315475,"Kozy Shack Enterprises, LLC",unclassified food/bev mfr,,Hicksville,New York,http://www.kozyshack.com,2.7315475E7,450,Private,"Land O'Lakes, Inc.",311999,"The proof is in the pudding at Kozy Shack Enterprises.The company makesrefrigerated puddings, soldunder the Kozy Shack brand at groceries in the US and Canada, and a limited number of stores abroad.Be",Robert Striano — Principal,3,1,,,,not contacted,,,
867,27306618,Dogfish Head Craft Brewery LLC,unclassified food/bev mfr,,Milton,Delaware,http://www.dogfish.com,2.7306618E7,220,Private,Boston Beer Corporation,312120,Dogfish Head Craft Brewery Llc is primarily engaged in manufacturing malt beverages.,,3,3,,,,not contacted,,,
868,27262894,"The Louisiana Coca-Cola Bottling Company, Ltd.",unclassified food/bev mfr,,New Orleans,Louisiana,http://www.cocacolaunited.com,2.7262894E7,1700,Private,"Coca-Cola Refreshments USA, LLC",312111,"The Louisiana Coca-Cola Bottling Company, Ltd. is primarily engaged in manufacturing soft drinks and carbonated waters.",Rona White — Vice President Human Resources,3,0,,,,not contacted,,,
869,27222334,"Culpeper Farmers' Cooperative, Incorporated",unclassified food/bev mfr,,Culpeper,Virginia,http://www.cfcfarmhome.com,2.7222334E7,140,Private,"Culpeper Farmers' Cooperative, Incorporated",311119,"Culpeper Farmers' Cooperative, Incorporated is primarily engaged in manufacturing prepared feeds and feed ingredients and adjuncts for animals and fowls, except dogs and cats. Included in this industr",W Spillman — President,3,0,,,,not contacted,,,
870,27198233,"Schneider's Dairy, Inc.",unclassified food/bev mfr,,Pittsburgh,Pennsylvania,http://www.schneidersdairy.com,2.7198233E7,286,Private,"Schneider's Dairy Holdings, Inc.",312111,"Schneider's Dairy, Inc. is primarily engaged in manufacturing soft drinks and carbonated waters.",,3,1,,,,not contacted,,,
871,27136244,Bacardi Bottling Corporation,unclassified food/bev mfr,,Jacksonville,Florida,http://www.bacardi.com,2.7136244E7,169,Private,Bacardi International Limited,312140,"Bacardi Bottling Corporation is primarily engaged in manufacturing alcoholic liquors by distillation, and in manufacturing cordials and alcoholic cocktails by blending processes or by mixing liquors a",Walter Rios — Principal,3,1,,,,not contacted,,,
872,27086826,"Graceland Fruit, Inc.",unclassified food/bev mfr,,Frankfort,Michigan,http://www.gracelandfruit.com,2.7086826E7,180,Private,"Graceland Fruit, Inc.",311423,Graceland Fruit is one of the leading producer and global distributor of premium quality dried fruit ingredients for the food industry. The company makes dried and frozen fruit and fruit ingredients f,Dan Engler — Chief Operating Officer,3,3,,,,not contacted,,,
873,27045429,"Link Snacks, Inc.",unclassified food/bev mfr,,Minong,Wisconsin,http://www.jacklinks.com,2.7045429E7,2775,Private,"JLBJ Holdings, Inc.",311612,"Link Snacks which does business as Jack Link's Protein Snacks, is a worldwide leader in the snacking industry and the top meat snack brand in the United States. The company is family-owned and has a s",,1,0,,,,not contacted,,,
874,27001493,"PYCO Industries, Inc.",unclassified food/bev mfr,,Lubbock,Texas,http://www.pycoindustries.com,2.7001493E7,160,Private,"PYCO Industries, Inc.",311224,"Ginning upbusiness is the secret to this vegetable oil producer's success. PYCO Industries issaid to be the largest cotton seed co-op to serve the southern US.The Texas-based cooperative,comprising mo",Ronnie Gilbert — Senior Vice President,3,1,,,,not contacted,,,
875,27000000,"AMERICANNA WELLNESS, INC.",unclassified food/bev mfr,,Bellingham,Washington,http://www.dragonpainrelief.com,2.7E7,51,Private,,311514,"Americanna Wellness, Inc. is primarily engaged in manufacturing dry, condensed, and evaporated dairy products. This also includes manufacturing mixes for the preparation of frozen ice cream and ice mi",Roger Daniels — Senior Vice President,3,1,,,,not contacted,,,
876,26936073,Palmer & Company,confirmed co-man (public sweep),snack-bakery,Sioux City,Iowa,http://www.palmercandy.com,2.6936073E7,175,Private,Palmer & Company,311340,"Palmer & Company is primarily engaged in manufacturing candy, including chocolate candy, other confections, and related products.",BRENDA Huls — Chief Financial Officer,3,1,,,,not contacted,,,
877,26908173,Canada Dry Potomac Corporation,unclassified food/bev mfr,,Hyattsville,Maryland,http://www.cdpotomac.com,2.6908173E7,575,Private,Canada Dry Potomac Corporation,312111,Canada Dry Potomac Corporation is primarily engaged in manufacturing soft drinks and carbonated waters.,Marvin Goldstein — Vice President,3,1,,,,not contacted,,,
878,26833412,The Garmon Corporation,unclassified food/bev mfr,,Temecula,California,http://www.garmoncorp.com,2.6833412E7,120,Private,The Garmon Corporation,311119,"The Garmon Corporation is primarily engaged in manufacturing prepared feeds and feed ingredients and adjuncts for animals and fowls, except dogs and cats. Included in this industry are poultry and liv",Scott Garmon — President Chief Executive Officer,3,2,,,,not contacted,,,
879,26816885,"WP Beverages, LLC",unclassified food/bev mfr,,Windsor,Wisconsin,http://www.wpbpepsi.com,2.6816885E7,300,Private,"Wis - Pak, Inc.",312111,"Wp Beverages, Llc is primarily engaged in manufacturing soft drinks and carbonated waters.",,3,3,,,,not contacted,,,
880,26800243,Baldi Candy Co.,unclassified food/bev mfr,,Chicago,Illinois,http://www.arwayconfections.com,2.6800243E7,110,Private,Baldi Candy Co.,311340,"Baldi Candy Co. is primarily engaged in manufacturing candy, including chocolate candy, other confections, and related products.",,3,1,,,,not contacted,,,
881,26786247,"Hill & Valley, Inc.",unclassified food/bev mfr,,Rock Island,Illinois,http://www.hillandvalley.net,2.6786247E7,175,Private,J&J Snack Foods Corp.,311813,"Hill & Valley, Inc. is primarily engaged in manufacturing frozen bakery products, except bread and bread-type rolls.",,1,0,,,,not contacted,,,
882,26731705,"Lion Raisins, Inc.",unclassified food/bev mfr,,Selma,California,http://www.lionraisins.com,2.6731705E7,400,Private,"Lion Raisins, Inc.",311423,Lion Raisins isn't just lyin' around. The company keeps busy as one of California's largest raisin processors. It grows its own grapes and purchases even more from more than 600 other grape growers. L,Suzie Keller — Chief Financial Officer Controller,3,0,,,,not contacted,,,
883,26672541,"Morasch Meats, Inc.",unclassified food/bev mfr,,Portland,Oregon,http://www.moraschmeats.com,2.6672541E7,170,Private,"Morasch Meats, Inc.",311612,"Morasch Meats, Inc. is primarily engaged in manufacturing sausages, cured meats, smoked meats, canned meats, frozen meats, and other prepared meats and meat specialties, from purchased carcasses and o",Michael Morasch — President,3,3,,,,not contacted,,,
884,26659197,"Prestage Foods Of Iowa, LLC",unclassified food/bev mfr,,Eagle Grove,Iowa,http://www.prestagefoods.com,2.6659197E7,1000,Private,"Prestage Farms, Inc.",311611,"Prestage Foods Of Iowa, Llc is primarily engaged in the slaughtering, for their own account or on a contract basis for the trade, of cattle, hogs, sheep, lambs, and calves for meat to be sold or to be",Hank Dalbec — Vice President,3,2,,,,not contacted,,,
885,26642212,Vie-Del Company,unclassified food/bev mfr,,Fresno,California,http://www.vie-del.com,2.6642212E7,99,Private,Vie-Del Company,311421,"Vie-Del Company is primarily engaged in canning fruits, vegetables, and fruit and vegetable juices; and in manufacturing catsup and similar tomato sauces, or natural and imitation preserves, jams, and",Richard Wattson — Chief Executive Officer,3,2,,,,not contacted,,,
886,26639433,Bridgford Food Processing Corporation,unclassified food/bev mfr,,Chicago,Illinois,http://www.bridgfordfoods.com,2.6639433E7,375,Private,Bridgford Foods Corporation,311612,"Bridgford Food Processing Corporation is primarily engaged in manufacturing sausages, cured meats, smoked meats, canned meats, frozen meats, and other prepared meats and meat specialties, from purchas",Barren Bridgford — Chief Operating Officer,3,2,,,,not contacted,,,
887,26579458,Graeter's Ice Cream Company,unclassified food/bev mfr,,Cincinnati,Ohio,http://www.graeters.com,2.6579458E7,500,Private,Graeter's Ice Cream Company,311520,Graeter's Ice Cream Company is primarily engaged in manufacturing ice cream and other frozen desserts.,Craig Eten — Vp Chief Financial Officer,3,0,,,,not contacted,,,
888,26565638,"Organic Milling, Inc.",confirmed co-man (public sweep),snack-bakery,San Dimas,California,http://www.organicmilling.com,2.6565638E7,123,Private,"Organic Milling, Inc.",311999,"Organic Milling, Inc. is primarily engaged in manufacturing prepared foods and miscellaneous food specialties, not elsewhere classified, such as baking powder, yeast, and other leavening compounds; pe",Wolfgang Buehler — Chief Executive Officer,3,1,,,,not contacted,,,
889,26524803,"Butterball Farms, Inc.",unclassified food/bev mfr,,Grand Rapids,Michigan,http://www.butterballfarms.com,2.6524803E7,135,Private,,311999,"Butterball Farms, Inc. is primarily engaged in manufacturing prepared foods and miscellaneous food specialties, not elsewhere classified, such as baking powder, yeast, and other leavening compounds; p",Lisa Van Schelven — Chief Operating Officer,3,2,,,,not contacted,,,
890,26501060,"N.V.E., Inc.",unclassified food/bev mfr,,Andover,New Jersey,http://www.nveusa.com,2.650106E7,220,Private,,312111,"N.V.E., Inc. is primarily engaged in manufacturing soft drinks and carbonated waters.",Art Prindle — Vice President Of Sales,3,2,,,,not contacted,,,
891,26463001,Great Plains Coca-Cola Bottling Company,unclassified food/bev mfr,,Oklahoma City,Oklahoma,http://www.cocacolaswb.com,2.6463001E7,297,Private,Coca-Cola Southwest Beverages LLC,312111,"As a Coca-Cola bottler, Great Plains Coca-Cola Bottling Company slakes thirsts of folks who live on on the dusty plainsof the US. Founded in 1922, Great Plainsdistributes Coke products, as well as sel",Henry Browne — Executive Vice President,3,0,,,,not contacted,,,
892,26457937,American Pop Corn Company,unclassified food/bev mfr,,Sioux City,Iowa,http://www.jollytime.com,2.6457937E7,180,Private,American Pop Corn Company,311919,"Settle down with a bowl of Jolly Time, a bottle of pop, and prepare yourself for a jolly, popping-goodtime. Founded in 1914 when Cloid Smith and his son Howard set up shop in their basement, the Ameri",Steven Huisenga — Chief Executive Officer,3,1,,,,not contacted,,,
893,26415268,United General Bakery Inc.,unclassified food/bev mfr,,Mesa,Arizona,http://www.ucbakery.com,2.6415268E7,400,Private,,445291,United General Bakery Inc. is primarily engaged in the retail sale of bakery products. The products may be purchased from others or made on the premises.,Frank Alexander — Vice President,3,0,,,,not contacted,,,
894,26414913,"GFF, Inc.",unclassified food/bev mfr,,City OF Industry,California,http://www.girardsdressings.com,2.6414913E7,89,Private,HACO Holding AG,311941,"Gff, Inc. is primarily engaged in pickling and brining fruits and vegetables, and in manufacturing salad dressings, vegetable relishes, sauces, and seasonings.",Emanuel Marti — Chief Executive Officer,3,1,,,,not contacted,,,
895,26356415,"QUIK''N TASTY FOODS, INC.",unclassified food/bev mfr,,Belton,Missouri,,2.6356415E7,165,Private,QUIKTRIP CORPORATION,311999,"Quik''n Tasty Foods, Inc. is primarily engaged in manufacturing prepared foods and miscellaneous food specialties, not elsewhere classified, such as baking powder, yeast, and other leavening compounds",,1,0,,,,not contacted,,,
896,26334942,"C & F Packing Co., Inc.",unclassified food/bev mfr,,Lake Villa,Illinois,http://www.cfpacking.com,2.6334942E7,130,Private,,311612,"C & F Packing Co., Inc. is primarily engaged in manufacturing sausages, cured meats, smoked meats, canned meats, frozen meats, and other prepared meats and meat specialties, from purchased carcasses a",Joseph Freda — President,3,3,,,,not contacted,,,
897,26333157,"Mother Murphy's Laboratories, Inc.",unclassified food/bev mfr,,Greensboro,North Carolina,http://www.mothermurphys.com,2.6333157E7,120,Private,"Mother Murphy's Laboratories, Inc.",311942,"This Mother Murphy does her cooking in an industrial-strength kitchen. Mother Murphy's Laboratories develops and manufactures dry and liquid, natural and synthetic flavorings and extracts for the bake",Ashley Sutton — Chief Financial Officer,3,3,,,,not contacted,,,
898,26306654,Harbar LLC,unclassified food/bev mfr,,Canton,Massachusetts,http://www.harbar.com,2.6306654E7,174,Private,,445291,Harbar Llc is primarily engaged in the retail sale of bakery products. The products may be purchased from others or made on the premises.,Ezequiel Cheque Montemayor — Chief Executive Officer,3,1,,,,not contacted,,,
899,26273043,"Hudsonville Creamery And Ice Cream Company, LLC",unclassified food/bev mfr,,Holland,Michigan,http://www.hudsonvilleicecream.com,2.6273043E7,145,Private,,311520,"Hudsonville Creamery And Ice Cream Company, Llc is primarily engaged in manufacturing ice cream and other frozen desserts.",Tina Floyd — Chief Executive Officer,3,3,,,,not contacted,,,
900,26212074,"Reynaldo's Mexican Food Company, LLC",unclassified food/bev mfr,,Vernon,California,http://www.sabrosurafoods.com,2.6212074E7,165,Private,"Reynaldo's Mexican Food Company, LLC",311999,"Reynaldo's Mexican Food Company, Llc is primarily engaged in manufacturing prepared foods and miscellaneous food specialties, not elsewhere classified, such as baking powder, yeast, and other leavenin",,3,2,,,,not contacted,,,
901,26200506,"AMERIPEC, INC.",unclassified food/bev mfr,,Buena Park,California,http://www.ameripec.com,2.6200506E7,150,Private,President Global Corporation,312111,"Ameripec, Inc. is primarily engaged in manufacturing soft drinks and carbonated waters.",,3,2,,,,not contacted,,,
902,26174503,"Model Dairy, LLC",unclassified food/bev mfr,,Reno,Nevada,http://www.modeldairy.com,2.6174503E7,324,Private,Dean Foods Company,311511,"Model Dairy, Llc is primarily engaged in processing (e.g., pasteurizing, homogenizing, vitaminizing, bottling) fluid milk and cream, and related products, including cottage cheese, yogurt (except froz",,3,3,,,,not contacted,,,
903,26165194,"Adams Beverages Of North Carolina, LLC",unclassified food/bev mfr,,Charlotte,North Carolina,http://www.adamsbeverages.net,2.6165194E7,700,Private,"Adams Beverages Of North Carolina, LLC",312130,"Adams Beverages Of North Carolina, Llc is primarily engaged in manufacturing wines, brandy, and brandy spirits. This industry also includes bonded wine cellars which are engaged in blending wines.",Donnie Bobbitt — chief financial officer,3,2,,,,not contacted,,,
904,26158457,Fort Peck Assiniboine & Sioux Tribes,unclassified food/bev mfr,,Poplar,Montana,http://www.fortpecktribes.org,2.6158457E7,466,Private,Fort Peck Assiniboine & Sioux Tribes,311611,"Fort Peck Assiniboine & Sioux Tribes is primarily engaged in the slaughtering, for their own account or on a contract basis for the trade, of cattle, hogs, sheep, lambs, and calves for meat to be sold",,3,3,,,,not contacted,,,
905,26145802,"Tulkoff Food Products, Inc.",confirmed co-man (public sweep),wet-frozen-supplements,Baltimore,Maryland,http://www.tulkoff.com,2.6145802E7,95,Private,"Graham Partners, LLC",311999,"Tulkoff Food Products, Inc. is primarily engaged in manufacturing prepared foods and miscellaneous food specialties, not elsewhere classified, such as baking powder, yeast, and other leavening compoun",Buddy Dietz — chief operating officer,3,2,,,,not contacted,,,
906,26143526,"Novus Foods Taunton, Inc.",unclassified food/bev mfr,,Taunton,Massachusetts,,2.6143526E7,85,Private,Novus Foods. LLC,311999,"Novus Foods Taunton, Inc. is primarily engaged in manufacturing prepared foods and miscellaneous food specialties, not elsewhere classified, such as baking powder, yeast, and other leavening compounds",,3,0,,,,not contacted,,,
907,26130184,"Lower Foods, Inc.",unclassified food/bev mfr,,Richmond,Utah,http://www.lowerfamilyfoods.com,2.6130184E7,99,Private,,311612,"Lower Foods, Inc. is primarily engaged in manufacturing sausages, cured meats, smoked meats, canned meats, frozen meats, and other prepared meats and meat specialties, from purchased carcasses and oth",,1,0,,,,not contacted,,,
908,26119652,"LIEF ORGANICS, LLC",confirmed co-man (public sweep),wet-frozen-supplements,Valencia,California,http://www.lieflabs.com,2.6119652E7,200,Private,"LIEF ORGANICS, LLC",311514,"Lief Organics, Llc is primarily engaged in manufacturing dry, condensed, and evaporated dairy products. This also includes manufacturing mixes for the preparation of frozen ice cream and ice milk and ",Steve Chopp — Chief Financial Officer,3,0,,,,not contacted,,,
909,26113720,"FruitSmart, Inc.",unclassified food/bev mfr,,Prosser,Washington,http://www.fruitsmart.com,2.611372E7,200,Private,Universal Corporation,311999,"Fruitsmart, Inc. is primarily engaged in manufacturing prepared foods and miscellaneous food specialties, not elsewhere classified, such as baking powder, yeast, and other leavening compounds; peanut ",Scott Evenson — Principal,3,2,,,,not contacted,,,
910,26104561,"Paradise Tomato Kitchens, Inc.",unclassified food/bev mfr,,Louisville,Kentucky,http://www.paradisetomato.com,2.6104561E7,100,Private,"Paradise Tomato Kitchens, Inc.",311999,"Paradise Tomato Kitchens, Inc. is primarily engaged in manufacturing prepared foods and miscellaneous food specialties, not elsewhere classified, such as baking powder, yeast, and other leavening comp",Nate Cosby — Founder,3,0,,,,not contacted,,,
911,26050741,Cher-Make Sausage Co.,unclassified food/bev mfr,,Manitowoc,Wisconsin,http://www.cher-make.com,2.6050741E7,130,Private,"Lakeside Foods, Inc.",311612,"Cher-Make Sausage Co. is primarily engaged in manufacturing sausages, cured meats, smoked meats, canned meats, frozen meats, and other prepared meats and meat specialties, from purchased carcasses and",,3,0,,,,not contacted,,,
912,26045048,"Pine Ridge Farms, LLC",unclassified food/bev mfr,,Des Moines,Iowa,,2.6045048E7,400,Private,"Smithfield Foods, Inc.",311611,"Pine Ridge Farms, Llc is primarily engaged in the slaughtering, for their own account or on a contract basis for the trade, of cattle, hogs, sheep, lambs, and calves for meat to be sold or to be used ",Michael Patak — Executive Vice President Operations,3,3,,,,not contacted,,,
913,26041279,"American Blanching Company, LLC",unclassified food/bev mfr,,Fitzgerald,Georgia,http://www.8ave.com,2.6041279E7,450,Private,"Post Holdings, Inc.",311911,"American Blanching Company, Llc is primarily engaged in manufacturing prepared foods and miscellaneous food specialties, not elsewhere classified, such as baking powder, yeast, and other leavening com",,1,0,,,,not contacted,,,
914,26028061,"Missouri Prime Beef Packers, L.L.C.",unclassified food/bev mfr,,Pleasant Hope,Missouri,http://www.missouriprimebeef.com,2.6028061E7,105,Private,Best Beef Holdings LLC,311611,"Missouri Prime Beef Packers, L.L.C. is primarily engaged in the slaughtering, for their own account or on a contract basis for the trade, of cattle, hogs, sheep, lambs, and calves for meat to be sold ",Brian Lillie — Chief Executive Officer,3,0,,,,not contacted,,,
915,25980831,"Shoreline Fruit, LLC",unclassified food/bev mfr,,Traverse City,Michigan,http://www.shorelinefruit.com,2.5980831E7,180,Private,"Shoreline Fruit, LLC",311423,"Shoreline Fruit Growers manufactures dried fruit and frozen fruit products, including apples, blueberries, cherries, cranberries, and strawberries.The company'sproducts are distributed through special",Ken Swanson — Chief Executive Officer,3,3,,,,not contacted,,,
916,25960918,"Better Nutritionals, LLC",unclassified food/bev mfr,,Norco,California,,2.5960918E7,960,Private,"Better Nutritionals, LLC",311514,"Better Nutritionals, Llc is primarily engaged in manufacturing dry, condensed, and evaporated dairy products. This also includes manufacturing mixes for the preparation of frozen ice cream and ice mil",Paul Anton — Chief Financial Officer,3,0,,,,not contacted,,,
917,25893177,"Bakewise Brands, Inc.",unclassified food/bev mfr,,Macedon,New York,http://www.bakewisebrands.com,2.5893177E7,135,Private,"YAMAZAKI BAKING CO., LTD.",445291,"Bakewise Brands, Inc. is primarily engaged in the retail sale of bakery products. The products may be purchased from others or made on the premises.",Aaron Fleischer — Vice President Of Sales,3,2,,,,not contacted,,,
918,25835438,"Karlsburger Foods, Inc.",unclassified food/bev mfr,,Monticello,Minnesota,http://www.karlsburger.com,2.5835438E7,82,Private,"Karlsburger Foods, Inc.",311942,"Karlsburger Foods, Inc. is primarily engaged in manufacturing prepared foods and miscellaneous food specialties, not elsewhere classified, such as baking powder, yeast, and other leavening compounds; ",Michael Maher — Chief Executive Officer,3,1,,,,not contacted,,,
919,25823717,"Two Rivers Premium Oils, LLC",unclassified food/bev mfr,,Pine Bluff,Arkansas,,2.5823717E7,130,Private,Archer-Daniels-Midland Company,311224,"Two Rivers Premium Oils, Llc is primarily engaged in manufacturing cottonseed oil, cake, meal, and linters, or in processing purchased cottonseed oil other than into edible cooking oils.",,1,0,,,,not contacted,,,
920,25773596,Krier Foods LLC,unclassified food/bev mfr,,Random Lake,Wisconsin,http://www.krierbeverage.com,2.5773596E7,95,Private,,312111,Krier Foods Llc is primarily engaged in manufacturing soft drinks and carbonated waters.,Cauad Marbach — Chief Executive Officer,3,0,,,,not contacted,,,
921,25721685,"Associated Microbreweries, Inc.",unclassified food/bev mfr,,San Diego,California,http://www.karlstrauss.com,2.5721685E7,400,Private,"Associated Microbreweries, Inc.",312120,"Associated Microbreweries, Inc. is primarily engaged in manufacturing malt beverages.",Talya Lepejian — Chief Executive Officer And Founder,3,2,,,,not contacted,,,
922,25662228,"Better Baked Foods, LLC",unclassified food/bev mfr,,North East,Pennsylvania,http://www.betterbaked.com,2.5662228E7,424,Private,"Schwan's NE Foods, LLC",311812,"Better Baked Foods thinks that if you're gonna have some pizza, you'd better choose its products.As a supplier to the foodservice industry, the company produces frozen, pre-baked bread products, inclu",,1,0,,,,not contacted,,,
923,25650152,"POST FOODS, LLC",unclassified food/bev mfr,,Lakeville,Minnesota,http://www.postconsumerbrands.com,2.5650152E7,1600,Partnership,"Post Holdings, Inc.",311211,"Post Foods, Llc is primarily engaged in milling flour or meal from grain, except rice. The products of flour mills may be sold plain or in the form of prepared mixes or doughs for specific purposes.",Bob Olson — Finance Vice President,3,1,,,,not contacted,,,
924,25647120,"Mayfield Dairy Farms, LLC",unclassified food/bev mfr,,Athens,Tennessee,http://www.mayfielddairy.com,2.564712E7,1700,Private,Dean Holding Company,311511,"Mayfield has kept on ""moo-ving"" for more than a century. Founded in 1910, Mayfield Dairy Farms produces and distributes milk (including buttermilk, chocolate milk, half-and-half, and egg nog), ice cre",,3,1,,,,not contacted,,,
925,25608408,"Eastern Tea, LLC",unclassified food/bev mfr,,Monroe Township,New Jersey,http://www.bromleytea.com,2.5608408E7,50,Private,"Eastern Tea Holdco, Inc.",311920,"Eastern Tea, Llc is primarily engaged in manufacturing prepared foods and miscellaneous food specialties, not elsewhere classified, such as baking powder, yeast, and other leavening compounds; peanut ",,1,0,,,,not contacted,,,
926,25606220,"Branch Properties, Inc.",unclassified food/bev mfr,,Ocala,Florida,http://www.seminolefeed.com,2.560622E7,97,Private,"Branch Properties, Inc.",311119,"Branch Properties, Inc. is primarily engaged in manufacturing prepared feeds and feed ingredients and adjuncts for animals and fowls, except dogs and cats. Included in this industry are poultry and li",Richard De Simone — Vice President,3,0,,,,not contacted,,,
927,25592644,"Flowers Bakery Of London, LLC",unclassified food/bev mfr,,London,Kentucky,,2.5592644E7,99,Private,"Flowers Foods, Inc.",311812,"Flowers Bakery Of London, Llc is primarily engaged in manufacturing fresh or frozen bread and bread-type rolls and fresh cakes, pies, pastries and other similar ""perishable"" bakery products.",,1,0,,,,not contacted,,,
928,25592529,"Anderson Dairy, Inc.",unclassified food/bev mfr,,Las Vegas,Nevada,http://www.andersondairy.com,2.5592529E7,200,Private,,311511,"Anderson Dairy, Inc. is primarily engaged in processing (e.g., pasteurizing, homogenizing, vitaminizing, bottling) fluid milk and cream, and related products, including cottage cheese, yogurt (except ",Harold Bellanger — President,3,3,,,,not contacted,,,
929,25580214,"Northwest Confections, LLC",unclassified food/bev mfr,,Clackamas,Oregon,,2.5580214E7,58,Private,"Northwest Commonwealth, LLC",311340,"Northwest Confections, Llc is primarily engaged in manufacturing candy, including chocolate candy, other confections, and related products.",,3,0,,,,not contacted,,,
930,25500345,"Flowers Baking Co. of Jamestown, LLC",unclassified food/bev mfr,,Jamestown,North Carolina,,2.5500345E7,182,Private,"Flowers Foods, Inc.",311812,"Flowers Baking Co. Of Jamestown, Llc is primarily engaged in manufacturing fresh or frozen bread and bread-type rolls and fresh cakes, pies, pastries and other similar ""perishable"" bakery products.",Adam Crozier — Market Vice President,3,3,,,,not contacted,,,
931,25481211,"Compania Cervecera De Puerto Rico, Inc.",unclassified food/bev mfr,,Mayaguez,Puerto Rico,http://www.cerveceradepr.com,2.5481211E7,275,Private,"Compania Cervecera De Puerto Rico, Inc.",312120,"Compania Cervecera De Puerto Rico, Inc. is primarily engaged in manufacturing malt beverages.",,3,3,,,,not contacted,,,
932,25480503,C. Mondavi & Family,unclassified food/bev mfr,,Saint Helena,California,http://www.ckmondavi.com,2.5480503E7,100,Private,C. Mondavi & Family,312130,"C. Mondavi & Family is primarily engaged in manufacturing wines, brandy, and brandy spirits. This industry also includes bonded wine cellars which are engaged in blending wines.",Mike Spiegel — Chief Financial Officer,3,1,,,,not contacted,,,
933,25431467,"Nebraska Beef, Ltd.",unclassified food/bev mfr,,Omaha,Nebraska,http://www.nbeef.com,2.5431467E7,900,Partnership,"Nebraska Beef, Ltd.",311611,"Nebraska Beef, Ltd. is primarily engaged in the slaughtering, for their own account or on a contract basis for the trade, of cattle, hogs, sheep, lambs, and calves for meat to be sold or to be used on",,3,0,,,,not contacted,,,
934,25430794,"Rite Stuff Foods, Inc.",unclassified food/bev mfr,,Jerome,Idaho,http://www.ritestuff.com,2.5430794E7,230,Private,frostkrone Tiefkühlkost GmbH,311919,"Rite Stuff Foods, Inc. is primarily engaged in manufacturing potato chips, corn chips, and similar snacks.",Curt Snyder — Chief Executive Officer,3,3,,,,not contacted,,,
935,25410616,"CTI Foods Texas Beans, LLC",unclassified food/bev mfr,,Saginaw,Texas,http://www.ctifoods.com,2.5410616E7,100,Private,"CTI Foods, LLC",311612,"Cti Foods Texas Beans, Llc is primarily engaged in manufacturing sausages, cured meats, smoked meats, canned meats, frozen meats, and other prepared meats and meat specialties, from purchased carcasse",,1,0,,,,not contacted,,,
936,25364819,"Supplying Demand, Inc.",unclassified food/bev mfr,,Los Angeles,California,http://www.liquiddeath.com,2.5364819E7,218,Private,,312112,"Supplying Demand, Inc. is primarily engaged in manufacturing soft drinks and carbonated waters.",Ricky Khetarpaul — Chief Financial Officer,3,1,,,,not contacted,,,
937,25364435,"Plenus Group, Inc.",unclassified food/bev mfr,,Lowell,Massachusetts,http://www.pgifoods.com,2.5364435E7,50,Private,,311412,"Plenus Group, Inc. is primarily engaged in manufacturing frozen food specialties, not elsewhere classified, such as frozen dinners and frozen pizza.",Stephen Post — Chief Financial Officer,3,2,,,,not contacted,,,
938,25353449,"Frick's Meat Products, Inc",unclassified food/bev mfr,,Washington,Missouri,http://www.fricksqualitymeats.com,2.5353449E7,280,Private,,311612,"Frick's Meat Products, Inc is primarily engaged in manufacturing sausages, cured meats, smoked meats, canned meats, frozen meats, and other prepared meats and meat specialties, from purchased carcasse",Earl Phillips — Chief Executive Officer,3,2,,,,not contacted,,,
939,25350758,"Scenic Fruit Company, LLC",unclassified food/bev mfr,,Gresham,Oregon,http://www.scenicfruit.com,2.5350758E7,200,Private,"Scenic Fruit Company, LLC",311411,"Scenic Fruit Company, Llc is primarily engaged in freezing fruits, fruit juices, and vegetables. These establishments also produce important byproducts such as fresh or dried citrus pulp.",Derek Eisele — President,3,3,,,,not contacted,,,
940,25326105,"Tampico Beverages, Inc.",unclassified food/bev mfr,,Chicago,Illinois,http://www.tampico.com,2.5326105E7,129,Private,"Houchens Food Group, Inc.",311930,"Tampico Beverages manufactures refrigeratedjuice drinks and punches under the Tampico brand name.They are available in a variety of serving sizes and an array of fruit flavors, including mango, kiwi-s",Andre Dube — Executive Vice President Of Operations,3,3,,,,not contacted,,,
941,25309135,"PCC Candy Holdings, LLC",unclassified food/bev mfr,,Saint Paul,Minnesota,http://www.pearsonscandy.com,2.5309135E7,160,Private,,311352,"Pcc Candy Holdings, Llc is primarily engaged in manufacturing candy, including chocolate candy, other confections, and related products.",Michael Keller — President,3,0,,,,not contacted,,,
942,25307283,"Scavuzzo's, Inc.",unclassified food/bev mfr,,Kansas City,Kansas,http://www.scavuzzos.com,2.5307283E7,70,Private,,311412,"Scavuzzo's, Inc. is primarily engaged in manufacturing frozen food specialties, not elsewhere classified, such as frozen dinners and frozen pizza.",Troy Pruter — Vice President Of Sales,3,3,,,,not contacted,,,
943,25296328,Ozarks Coca-cola/dr Pepper Bottling Company,unclassified food/bev mfr,,Springfield,Missouri,http://www.cocacolaozarks.com,2.5296328E7,330,Private,Ozarks Coca-cola/dr Pepper Bottling Company,312111,Ozarks Coca-Cola/Dr Pepper Bottling Company is primarily engaged in manufacturing soft drinks and carbonated waters.,Bruce Long — PresidentCeo,3,0,,,,not contacted,,,
944,25289555,"Indian Summer Cooperative, Inc.",unclassified food/bev mfr,,Ludington,Michigan,,2.5289555E7,400,Private,"Indian Summer Cooperative, Inc.",311421,"Indian Summer Cooperative, Inc. is primarily engaged in canning fruits, vegetables, and fruit and vegetable juices; and in manufacturing catsup and similar tomato sauces, or natural and imitation pres",Sheila Brennan — Principal Helen Hansen Elementary,3,1,,,,not contacted,,,
945,25282211,"Tyson Mexican Original, Inc.",unclassified food/bev mfr,,Springdale,Arkansas,http://www.tysonfoods.com,2.5282211E7,76,Private,"Tyson Foods, Inc.",311422,"Tyson Mexican Original, Inc. is primarily engaged in canning specialty products, such as baby foods, nationality specialty foods, and soups, except seafood.",,1,1,,,,not contacted,,,
946,25246843,"Ellison Bakery, LLC",confirmed co-man (public sweep),snack-bakery,Fort Wayne,Indiana,http://www.ebakery.com,2.5246843E7,150,Private,"Quali Tech, Inc.",311821,"Ellison Bakery, Llc is primarily engaged in manufacturing fresh cookies, crackers, pretzels, and similar ""dry"" bakery products.",,1,0,,,,not contacted,,,
947,25246679,"Spice World, LLC",unclassified food/bev mfr,,Orlando,Florida,http://www.spiceworldinc.com,2.5246679E7,134,Private,"Spice World, LLC",311999,"Spice World, Llc is primarily engaged in manufacturing prepared foods and miscellaneous food specialties, not elsewhere classified, such as baking powder, yeast, and other leavening compounds; peanut ",John Kalal — Chief Operating Officer,3,1,,,,not contacted,,,
948,25214390,"Rand Coca-cola Beverages, Inc.",unclassified food/bev mfr,,Durham,North Carolina,http://www.randccb.com,2.521439E7,500,Private,"Rand Coca-cola Beverages, Inc.",312111,"Rand Coca-Cola Beverages, Inc. is primarily engaged in manufacturing soft drinks and carbonated waters.",,1,0,,,,not contacted,,,
949,25191587,"Le Pafe, Inc.",unclassified food/bev mfr,,Montebello,California,http://www.lechef-mobile.com,2.5191587E7,170,Private,"Le Pafe, Inc.",445291,"Le Pafe, Inc. is primarily engaged in the retail sale of bakery products. The products may be purchased from others or made on the premises.",Simon Tam — Chief Financial Officer,3,2,,,,not contacted,,,
950,25175571,Agri Star Meat & Poultry LLC,unclassified food/bev mfr,,Postville,Iowa,http://www.agristarmeat.com,2.5175571E7,325,Private,Agri Star Meat & Poultry LLC,311615,"Agri Star Meat & Poultry Llc is primarily engaged in slaughtering, dressing, packing, freezing, and canning poultry, rabbits, and other small game, or in manufacturing products from such meats, for th",Daniel Hirsch — President,3,2,,,,not contacted,,,
951,25103056,Melville Candy Corporation,unclassified food/bev mfr,,Randolph,Massachusetts,http://www.melvillecandy.com,2.5103056E7,117,Private,,311340,"Melville Candy Corporation is primarily engaged in manufacturing candy, including chocolate candy, other confections, and related products.",Joseph Melville — Owner And Director,3,1,,,,not contacted,,,
952,25081520,Tyson Sales and Distribution Inc.,unclassified food/bev mfr,,Springdale,Arkansas,http://www.tysonfoods.com,2.508152E7,112,Private,"Tyson Foods, Inc.",311615,"Tyson Sales And Distribution Inc. is primarily engaged in slaughtering, dressing, packing, freezing, and canning poultry, rabbits, and other small game, or in manufacturing products from such meats, f",Kurt Suther — Vice President,3,1,,,,not contacted,,,
953,25057978,"Golden Platter Foods, Inc.",unclassified food/bev mfr,,Newark,New Jersey,http://www.goldenplatter.com,2.5057978E7,240,Private,,311615,"Golden Platter Foods, Inc. is primarily engaged in slaughtering, dressing, packing, freezing, and canning poultry, rabbits, and other small game, or in manufacturing products from such meats, for thei",Scott Bennett — Chief Executive Officer,3,2,,,,not contacted,,,
954,25039221,"Melitta USA, Inc.",unclassified food/bev mfr,,Clearwater,Florida,http://www.melitta.com,2.5039221E7,120,Private,"Melitta North America, Inc.",311920,"Melitta Usa, Inc. is primarily engaged in roasting coffee, and in manufacturing coffee concentrates and extracts in powdered, liquid, or frozen form, including freeze-dried.",Jeffery Bordinat — Principal,3,1,,,,not contacted,,,
955,25007595,Cheryl & Co.,unclassified food/bev mfr,,Westerville,Ohio,http://www.cheryls.com,2.5007595E7,300,Private,"1-800-Flowers.com, Inc.",311821,"Cheryl & Co. is primarily engaged in manufacturing fresh cookies, crackers, pretzels, and similar ""dry"" bakery products.",Maribel Garcia — Principal,3,0,,,,not contacted,,,
956,24979452,"Food Ingredients Technology Company, L.L.C.",unclassified food/bev mfr,,Anniston,Alabama,,2.4979452E7,153,Partnership,,311119,"Food Ingredients Technology Company, L.L.C. is primarily engaged in manufacturing prepared feeds and feed ingredients and adjuncts for animals and fowls, except dogs and cats. Included in this industr",,3,1,,,,not contacted,,,
957,24953339,"Rio Grande Valley Sugar Growers, Inc.",unclassified food/bev mfr,,Santa Rosa,Texas,http://www.rgvsugar.com,2.4953339E7,500,Nonprofit,,311314,"Rio Grande Valley Sugar Growers, Inc. is primarily engaged in manufacturing raw sugar, syrup, or finished (granulated or clarified) cane sugar from sugarcane.",Sean Brashear — President And Chief Executive Officer,3,1,,,,not contacted,,,
958,24950874,"Stewart & Jasper Marketing, Inc.",unclassified food/bev mfr,,Newman,California,http://www.stewartandjasper.com,2.4950874E7,350,Private,"Stewart & Jasper Marketing, Inc.",311911,"Stewart & Jasper Orchards (S&J) shakes trees, bringing down nutty treasures. The company is a California nut and fruit grower and operates a state-of-the-art nut-hulling, -shelling, -processing, and -",Jason Jasper — Vice President,3,0,,,,not contacted,,,
959,24948166,Mountain Meadows Lamb Corporation,unclassified food/bev mfr,,Denver,Colorado,http://www.superiorfarms.com,2.4948166E7,308,Private,"Transhumance Holding Company, Inc.",311611,"Mountain Meadows Lamb Corporation is primarily engaged in the slaughtering, for their own account or on a contract basis for the trade, of cattle, hogs, sheep, lambs, and calves for meat to be sold or",Jerry Dotson — President,3,2,,,,not contacted,,,
960,24937571,"Buono Vita, Inc.",unclassified food/bev mfr,,Bridgeton,New Jersey,http://www.buonavitainc.com,2.4937571E7,115,Private,,311422,"Buono Vita, Inc. is primarily engaged in canning specialty products, such as baby foods, nationality specialty foods, and soups, except seafood.",,3,3,,,,not contacted,,,
961,24934359,"Citrosuco North America, Inc.",unclassified food/bev mfr,,Lake Wales,Florida,http://www.citrosuco.com,2.4934359E7,200,Private,Citrosuco Europe,311411,"Citrosuco North America, Inc. is primarily engaged in freezing fruits, fruit juices, and vegetables. These establishments also produce important byproducts such as fresh or dried citrus pulp.",Dennis Helms — Chief Financial Officer,3,0,,,,not contacted,,,
962,24929155,The Olds Products Co. Of Illinois,unclassified food/bev mfr,,Pleasant Prairie,Wisconsin,http://www.oldsproducts.com,2.4929155E7,80,Private,The Olds Products Co. Of Illinois,311941,"The Olds Products Co. Of Illinois is primarily engaged in pickling and brining fruits and vegetables, and in manufacturing salad dressings, vegetable relishes, sauces, and seasonings.",Timothy Mc Avoy — Sales Vice President,3,1,,,,not contacted,,,
963,24928904,"Sabatino North America, LLC",unclassified food/bev mfr,,West Haven,Connecticut,http://www.sabatino1911.com,2.4928904E7,85,Private,"Sabatino North America, LLC",311421,"Sabatino North America, Llc is primarily engaged in canning fruits, vegetables, and fruit and vegetable juices; and in manufacturing catsup and similar tomato sauces, or natural and imitation preserve",Vincent Jeanseaume — Vice President,3,3,,,,not contacted,,,
964,24923424,Johanna Beverage Company LLC,unclassified food/bev mfr,,Spokane,Washington,http://www.johannabeverage.com,2.4923424E7,65,Private,"Johanna Foods, Inc.",312111,Johanna Beverage Company Llc is primarily engaged in manufacturing soft drinks and carbonated waters.,Robert Facchina — President,3,1,,,,not contacted,,,
965,24920464,"Beaumont Juice, LLC",unclassified food/bev mfr,,Beaumont,California,http://www.perriconefarms.com,2.4920464E7,98,Private,G B & P Citrus Co Inc,311421,"Beaumont Juice, Llc is primarily engaged in canning fruits, vegetables, and fruit and vegetable juices; and in manufacturing catsup and similar tomato sauces, or natural and imitation preserves, jams,",Thomas Carmody — PRINCIPAL,3,2,,,,not contacted,,,
966,24919504,"Citrus Systems, Inc.",unclassified food/bev mfr,,Hopkins,Minnesota,http://www.citrussystems.com,2.4919504E7,50,Private,,311411,"Citrus Systems, Inc. is primarily engaged in freezing fruits, fruit juices, and vegetables. These establishments also produce important byproducts such as fresh or dried citrus pulp.",Thomas Boehland — Chief Executive Officer,3,0,,,,not contacted,,,
967,24900135,"FISCHER & WIESER SPECIALTY FOODS, INC.",unclassified food/bev mfr,,Fredericksburg,Texas,http://www.jelly.com,2.4900135E7,75,Private,"FISCHER & WIESER SPECIALTY FOODS, INC.",311412,"Fischer & Wieser Specialty Foods, Inc. is primarily engaged in manufacturing frozen food specialties, not elsewhere classified, such as frozen dinners and frozen pizza.",Case Fischer — President,3,3,,,,not contacted,,,
968,24894846,"SVZ USA Washington, Inc.",unclassified food/bev mfr,,Othello,Washington,http://www.svz.com,2.4894846E7,50,Private,S.V.Z. Industrial Products B.V.,311421,"Svz Usa Washington, Inc. is primarily engaged in canning fruits, vegetables, and fruit and vegetable juices; and in manufacturing catsup and similar tomato sauces, or natural and imitation preserves, ",Jenny Billups — PRESIDENT,3,2,,,,not contacted,,,
969,24890459,"La Tapatia Tortilleria, Inc.",unclassified food/bev mfr,,Fresno,California,http://www.tortillas4u.com,2.4890459E7,170,Private,,311830,"La Tapatia Tortilleria, Inc. is primarily engaged in manufacturing prepared foods and miscellaneous food specialties, not elsewhere classified, such as baking powder, yeast, and other leavening compou",Dan Soleno — Principal,3,0,,,,not contacted,,,
970,24861164,"DP BRANDS, INC",unclassified food/bev mfr,,Salem,Oregon,http://www.donpancho.com,2.4861164E7,101,Private,"Reser's Fine Foods, Inc.",311830,"Don Pancho Authentic Mexican Foods sets about satisfying the growing craving for Mexican and Tex-Mex foods in the US. Manufacturing some 2.5 million tortilla shells every day, the company provides reg",Phillip Puentes — Vice President,3,2,,,,not contacted,,,
971,24856594,Summit Brewing Company,unclassified food/bev mfr,,Saint Paul,Minnesota,http://www.summitbrewing.com,2.4856594E7,65,Private,Summit Brewing Company,312120,Summit Brewing Company is primarily engaged in manufacturing malt beverages.,Kelly Larsen — Chief Financial Officer,3,2,,,,not contacted,,,
972,24801001,"Mccormick Distilling Co., Inc.",unclassified food/bev mfr,,Weston,Missouri,http://www.mccormickdistilling.com,2.4801001E7,152,Private,"Mccormick Distilling Co., Inc.",312140,"McCormick Distilling is a well-known company that specializes in producing and importing a variety of distilled spirits, such as vodka, gin, rum, bourbon, and whiskey. Its most famous product is the s",Codie Welsh — Chief Financial Officer,3,2,,,,not contacted,,,
973,24799330,"San Antonio Winery, Inc.",unclassified food/bev mfr,,Los Angeles,California,http://www.sanantoniowinery.com,2.479933E7,150,Private,"San Antonio Winery, Inc.",312130,"San Antonio Winery, Inc. is primarily engaged in manufacturing wines, brandy, and brandy spirits. This industry also includes bonded wine cellars which are engaged in blending wines.",Cathy Riboli — Chief Financial Officer,3,2,,,,not contacted,,,
974,24793203,"Flowers Baking Co. of Batesville, LLC",unclassified food/bev mfr,,Batesville,Arkansas,http://www.fbcbatesville.org,2.4793203E7,185,Private,"Flowers Foods, Inc.",311812,"Flowers Baking Co. Of Batesville, Llc is primarily engaged in manufacturing fresh or frozen bread and bread-type rolls and fresh cakes, pies, pastries and other similar ""perishable"" bakery products.",,2,2,,,,not contacted,,,
975,24752026,"Royal Ridge Fruit & Cold Storage, LLC",unclassified food/bev mfr,,Royal City,Washington,http://www.royalridgefruits.com,2.4752026E7,125,Private,"Royal Ridge Fruit & Cold Storage, LLC",311423,"Royal Ridge Fruit & Cold Storage, Llc is primarily engaged in sun drying or artificially dehydrating fruits and vegetables, or in manufacturing packaged soup mixes from dehydrated ingredients.",Terry Ihnen — Chief Financial Officer,3,2,,,,not contacted,,,
976,24747683,American Pasteurization Company LLC,unclassified food/bev mfr,,Milwaukee,Wisconsin,http://www.americanpasteurizationcompany.com,2.4747683E7,150,Private,American Pasteurization Company LLC,311999,"American Pasteurization Company Llc is primarily engaged in manufacturing prepared foods and miscellaneous food specialties, not elsewhere classified, such as baking powder, yeast, and other leavening",Justin Segel — President,3,2,,,,not contacted,,,
977,24706509,"Daddy Ray's, Inc.",unclassified food/bev mfr,,Moscow Mills,Missouri,http://www.jjsnack.com,2.4706509E7,200,Private,J&J Snack Foods Corp.,311821,"Daddy Ray's, Inc. is primarily engaged in manufacturing fresh cookies, crackers, pretzels, and similar ""dry"" bakery products.",,3,2,,,,not contacted,,,
978,24699549,The Noel Corporation,unclassified food/bev mfr,,Yakima,Washington,http://www.noelcorp.com,2.4699549E7,255,Private,The Noel Corporation,312111,The Noel Corporation is primarily engaged in manufacturing soft drinks and carbonated waters.,J Noel — Vice President,3,2,,,,not contacted,,,
979,24696096,Vigo Importing Company,unclassified food/bev mfr,,Tampa,Florida,http://www.vigo-alessi.com,2.4696096E7,187,Private,,311999,"Vigo Importing Company is primarily engaged in manufacturing prepared foods and miscellaneous food specialties, not elsewhere classified, such as baking powder, yeast, and other leavening compounds; p",Bendy Mike — Chairwoman Chief Executive Officer,3,2,,,,not contacted,,,
980,24695282,"Ocean Spray International Services, Inc.",unclassified food/bev mfr,,Lakeville,Massachusetts,http://www.oceanspraymocktails.com,2.4695282E7,400,Private,"Ocean Spray Cranberries, Inc.",311423,"Ocean Spray International Services, Inc. is primarily engaged in sun drying or artificially dehydrating fruits and vegetables, or in manufacturing packaged soup mixes from dehydrated ingredients.",Michael Mallozzi — Principal Fsqa Scientist Bevnet Lead Sanitation And Pest Control,3,2,,,,not contacted,,,
981,24690378,"Campofrio Food Group - America, Inc.",unclassified food/bev mfr,,South Chesterfield,Virginia,http://www.fioruccifoods.com,2.4690378E7,175,Private,CAMPOFRIO FOOD GROUP SA,311611,"Fiorucci Foods brings traditional Italian deli meats to a US audience. The company produces and sells Italian specialty meats -- including salami, prosciutto, pepperoni, and pancetta -- along with its",Mark Bragelone — Vice President,3,1,,,,not contacted,,,
982,24689445,"Chattanooga Bakery, Inc.",unclassified food/bev mfr,,Chattanooga,Tennessee,http://www.moonpie.com,2.4689445E7,135,Private,"Chattanooga Bakery, Inc.",311821,"Chattanooga Bakery, Inc. is a privately held, family-owned business best known as the creator of the iconic Southern snack, the MoonPie. Founded in 1902 and now in its fourth generation of family owne",Thomas Murphy — Principal And Member Attorney,3,1,,,,not contacted,,,
983,24686621,"Whitfield Foods, Inc.",unclassified food/bev mfr,,Montgomery,Alabama,http://www.fillandrefill.com,2.4686621E7,125,Private,,311999,"Whitfield Foods, Inc. is primarily engaged in manufacturing flavoring extracts, syrups, powders, and related products, not elsewhere classified, for soda fountain use or for the manufacture of soft dr",Kenneth Love Chp — Principal,3,0,,,,not contacted,,,
984,24682415,"Food Source, Inc.",unclassified food/bev mfr,,Mc Kinney,Texas,http://www.blountfinefoods.com,2.4682415E7,130,Private,Blount Fine Foods Corp.,311412,"Food Source, Inc. is primarily engaged in manufacturing frozen food specialties, not elsewhere classified, such as frozen dinners and frozen pizza.",Gaetano Riccardi — Chief Executive Officer,3,3,,,,not contacted,,,
985,24681940,Shawnee Milling Company,unclassified food/bev mfr,,Shawnee,Oklahoma,http://www.shawneemilling.com,2.468194E7,250,Private,Shawnee Milling Company,311211,"Shawnee Milling Company is primarily engaged in milling flour or meal from grain, except rice. The products of flour mills may be sold plain or in the form of prepared mixes or doughs for specific pur",,1,0,,,,not contacted,,,
986,24675350,"High Desert Milk, Inc.",unclassified food/bev mfr,,Burley,Idaho,http://www.highdesertmilk.com,2.467535E7,150,Nonprofit,"High Desert Milk, Inc.",311511,"High Desert Milk, Inc. is primarily engaged in processing (e.g., pasteurizing, homogenizing, vitaminizing, bottling) fluid milk and cream, and related products, including cottage cheese, yogurt (excep",Steven Tarbet — chief financial officer,3,2,,,,not contacted,,,
987,24663906,"Mountain View Brewery, LLC",unclassified food/bev mfr,,Lexington,Virginia,http://www.dbbrewingcompany.com,2.4663906E7,200,Private,,312120,"Mountain View Brewery, Llc is primarily engaged in manufacturing malt beverages.",,3,3,,,,not contacted,,,
988,24648699,"Wholestone Farms II, LLC",unclassified food/bev mfr,,Fremont,Nebraska,http://www.wholestonefarms.com,2.4648699E7,106,Private,,311611,"Wholestone Farms Ii, Llc is primarily engaged in the slaughtering, for their own account or on a contract basis for the trade, of cattle, hogs, sheep, lambs, and calves for meat to be sold or to be us",,3,2,,,,not contacted,,,
989,24642206,"Lyrical Foods, Inc.",unclassified food/bev mfr,,Hayward,California,http://www.kite-hill.com,2.4642206E7,108,Private,,311999,"Lyrical Foods, Inc. is primarily engaged in manufacturing prepared foods and miscellaneous food specialties, not elsewhere classified, such as baking powder, yeast, and other leavening compounds; pean",John Haugen — Chief Executive Officer,3,1,,,,not contacted,,,
990,24634525,"M & B PRODUCTS, INC.",unclassified food/bev mfr,,Temple Terrace,Florida,http://www.mbproducts.com,2.4634525E7,175,Private,"M & B PRODUCTS, INC.",311421,"Whether it's with juice drinks, milk shakes, or just some plain ol' cold water, M&B Productscan quench your thirst. The companybottles orange and other fruit juices, water, and dairy drinks and distri",Thomas Hammerschmidt — Vice President,3,0,,,,not contacted,,,
991,24632078,"Goya De Puerto Rico, Inc.",unclassified food/bev mfr,,Bayamon,Puerto Rico,http://www.goyapr.com,2.4632078E7,500,Private,"Goya Foods, Inc.",311421,"Goya De Puerto Rico, Inc. is primarily engaged in canning fruits, vegetables, and fruit and vegetable juices; and in manufacturing catsup and similar tomato sauces, or natural and imitation preserves,",,1,1,,,,not contacted,,,
992,24631119,"Coleman Natural Foods, LLC",unclassified food/bev mfr,,Golden,Colorado,http://www.colemannatural.com,2.4631119E7,2300,Private,Perdue Farms Incorporated,311611,"Coleman Natural Foods raises some mighty healthy critters. The company serves up vegetarian-fed chicken, pork, and goat that's natural, organic, and antibiotic- and GM-free. It also offers chicken sau",Mark Hickman — Vice President Pork Operations,3,3,,,,not contacted,,,
993,24628695,"Wyandot USA, LLC",likely co-man (D&B description),,Marion,Ohio,http://www.wyandotsnacks.com,2.4628695E7,300,Private,"Wyandot USA, LLC",311999,"Wyandot, Inc. is a privately held, family-owned American contract manufacturer of snacks and other packaged foods, headquartered in Marion, Ohio. The company produces a wide range of grain-based snack",Rex Parrott — President Chief Operating Officer,3,0,,,,not contacted,,,
994,24619383,"Egglife Foods, Inc.",unclassified food/bev mfr,,Wolcott,Indiana,http://www.egglifefoods.com,2.4619383E7,135,Private,,311999,"Egglife Foods, Inc. is primarily engaged in slaughtering, dressing, packing, freezing, and canning poultry, rabbits, and other small game, or in manufacturing products from such meats, for their own a",David Kroll — Chief Executive Officer,3,3,,,,not contacted,,,
995,24616837,"El Encanto, Inc.",unclassified food/bev mfr,,Albuquerque,New Mexico,http://www.buenofoods.com,2.4616837E7,400,Private,"El Encanto, Inc.",311412,"El Encanto, Inc. is primarily engaged in manufacturing frozen food specialties, not elsewhere classified, such as frozen dinners and frozen pizza.",Velichko Baltashki — Business Owner,3,1,,,,not contacted,,,
996,24596226,"Ford Gum & Machine Company, Inc.",likely co-man (D&B description),,Akron,New York,http://www.fordgum.com,2.4596226E7,120,Private,"Ford Gum & Machine Company, Inc.",311340,"Ford Gum is one of the top manufacturer and co-manufacturer of assorted gums, confections, and health-related products for leading American brands. The company makes and markets the leading shredded b",Scott Lerner — Chief Executive Officer,3,2,,,,not contacted,,,
997,24594931,"Brimhall Food Company, Inc.",unclassified food/bev mfr,,Memphis,Tennessee,http://www.brimsnacks.com,2.4594931E7,95,Private,"Brimhall Food Company, Inc.",311919,"Brimhall Food Company, Inc. is primarily engaged in manufacturing potato chips, corn chips, and similar snacks.",Rebecca Brimhall — Vice President,3,1,,,,not contacted,,,
998,24565405,"Chef John Folse & Co.,  L.L.C.",unclassified food/bev mfr,,Gonzales,Louisiana,http://www.jfolse.com,2.4565405E7,320,Private,"Chef John Folse & Co.,  L.L.C.",311710,"Chef John Folse & Co.,  L.L.C. is primarily engaged in preparing fresh and raw or cooked frozen fish and other seafoods and seafood preparations, such as soups, stews, chowders, fishcakes, crabcakes, ",Robert Obrien — Principal,3,1,,,,not contacted,,,
999,24565268,"Vanlaw Food Products, Inc.",unclassified food/bev mfr,,Fullerton,California,http://www.stirfoods.com,2.4565268E7,95,Private,Corona-Orange Foods Intermediate Holdings LLC,311941,"Vanlaw Food Products, Inc. is primarily engaged in pickling and brining fruits and vegetables, and in manufacturing salad dressings, vegetable relishes, sauces, and seasonings.",,1,0,,,,not contacted,,,
1000,24539215,"Busken Bakery, Inc.",unclassified food/bev mfr,,Cincinnati,Ohio,http://www.busken.com,2.4539215E7,175,Private,"Busken Bakery, Inc.",311824,"Busken Bakery, Inc. is a family-owned and operated full-line retail bakery that has been serving the Cincinnati, Ohio area since its founding in 1928. The company primarily operates several retail sto",Susan Holmes — President And Chief Executive Officer,3,2,,,,not contacted,,,
1001,24486755,Thistle Health Inc.,unclassified food/bev mfr,,Vacaville,California,http://www.thistle.co,2.4486755E7,400,Private,,311999,"Thistle Health Inc. is primarily engaged in manufacturing prepared foods and miscellaneous food specialties, not elsewhere classified, such as baking powder, yeast, and other leavening compounds; pean",Ashwin Cheriyan — Chief Executive Officer CoFounder,3,3,,,,not contacted,,,
1002,24475977,"Illes Food Ingredients, Ltd.",unclassified food/bev mfr,,Carrollton,Texas,http://www.illesfoods.com,2.4475977E7,92,Partnership,"Illes Food Ingredients, Ltd.",311930,"Illes Food Ingredients, Ltd. is primarily engaged in manufacturing flavoring extracts, syrups, powders, and related products, not elsewhere classified, for soda fountain use or for the manufacture of ",Greg Nystrom — Chief Financial Officer,3,3,,,,not contacted,,,
1003,24454823,Stevison Ham Company,unclassified food/bev mfr,,Portland,Tennessee,http://www.stevisons.com,2.4454823E7,100,Private,,311611,"Stevison Ham Company is primarily engaged in the slaughtering, for their own account or on a contract basis for the trade, of cattle, hogs, sheep, lambs, and calves for meat to be sold or to be used o",Jerry Anderson — Chief Financial Officer,3,3,,,,not contacted,,,
1004,24415455,Orlando Baking Company,unclassified food/bev mfr,,Cleveland,Ohio,http://www.orlandobaking.com,2.4415455E7,350,Private,Orlando Baking Company,311812,"Orlando Baking Company is primarily engaged in manufacturing fresh or frozen bread and bread-type rolls and fresh cakes, pies, pastries and other similar ""perishable"" bakery products.",Chester Orlando — President,3,2,,,,not contacted,,,
1005,24415388,"JBS Plainwell, Inc.",unclassified food/bev mfr,,Plainwell,Michigan,http://www.jbsfoodsgroup.com,2.4415388E7,250,Private,JBS USA Food Company,311611,"Jbs Plainwell, Inc. is primarily engaged in the slaughtering, for their own account or on a contract basis for the trade, of cattle, hogs, sheep, lambs, and calves for meat to be sold or to be used on",,3,3,,,,not contacted,,,
1006,24398939,"Matt Brewing Co., Inc.",unclassified food/bev mfr,,Utica,New York,http://www.saranac.com,2.4398939E7,150,Private,"Matt Brewing Co., Inc.",312120,"Whether you're in the mood for hops or pops, Matt Brewing probably has a beverage for you. The maker of the Saranacline of beers, Matt Brewing offers a variety of ales, lagers, and seasonal beers, inc",,1,0,,,,not contacted,,,
1007,24360674,"Colonna Brothers, Inc.",unclassified food/bev mfr,,North Bergen,New Jersey,http://www.colonnabrothers.com,2.4360674E7,120,Private,"Colonna Brothers, Inc.",311513,"Colonna Brothers, Inc. is primarily engaged in manufacturing natural cheese (except cottage cheese), processed cheese, cheese foods, cheese spreads, and cheese analogs (imitations and substitutes). Th",Dylan Tighe — Chief Operating Officer,3,2,,,,not contacted,,,
1008,24348068,"Cornfields, LLC",unclassified food/bev mfr,,Waukegan,Illinois,http://www.cornfieldsinc.com,2.4348068E7,120,Private,Eagle Family Foods Group LLC,311999,"Cornfields, Llc is primarily engaged in manufacturing prepared foods and miscellaneous food specialties, not elsewhere classified, such as baking powder, yeast, and other leavening compounds; peanut b",Claire Cretors — President,3,0,,,,not contacted,,,
1009,24333788,F. Gavina & Sons Inc.,unclassified food/bev mfr,,Vernon,California,http://www.gavina.com,2.4333788E7,260,Private,F. Gavina & Sons Inc.,311920,Coffee lovers can turn to this family for their cup of joe. F. Gavia & Sons is one of the largest wholesale suppliers of roasted coffee in the western US. It distributes whole bean and ground coffee t,Pedro Gavina — President,3,0,,,,not contacted,,,
1010,24321283,"Lallemand Specialties, Inc.",unclassified food/bev mfr,,Milwaukee,Wisconsin,http://www.lallemand.com,2.4321283E7,165,Private,Lallemand Inc.,311999,"Lallemand Specialties, Inc. is primarily engaged in manufacturing prepared foods and miscellaneous food specialties, not elsewhere classified, such as baking powder, yeast, and other leavening compoun",,3,3,,,,not contacted,,,
1011,24235188,Nichols Pistachio,unclassified food/bev mfr,,Hanford,California,http://www.nicholsfarms.com,2.4235188E7,200,Private,,311911,"Nichols Pistachio is primarily engaged in manufacturing salted, roasted, dried, cooked, or canned nuts or in processing grains or seeds in a similar manner for snack purposes.",Jared Lorraine — President And Chief Operations Officer,3,1,,,,not contacted,,,
1012,24217438,The Great Lakes Brewing Co.,unclassified food/bev mfr,,Cleveland,Ohio,http://www.greatlakesbrewing.com,2.4217438E7,185,Private,The Great Lakes Brewing Co.,312120,The Great Lakes Brewing Co. is primarily engaged in manufacturing malt beverages.,Mark King — Chief Executive Officer,3,3,,,,not contacted,,,
1013,24212076,"Costanzo's Bakery, LLC",unclassified food/bev mfr,,Buffalo,New York,http://www.costanzosbakery.com,2.4212076E7,130,Private,,311812,"Costanzo's Bakery, Llc is primarily engaged in manufacturing fresh or frozen bread and bread-type rolls and fresh cakes, pies, pastries and other similar ""perishable"" bakery products.",Robert Pavone — Chief Financial Officer,3,3,,,,not contacted,,,
1014,24205839,"Rombauer Vineyards, LLC",unclassified food/bev mfr,,Saint Helena,California,http://www.rombauer.com,2.4205839E7,142,Private,E. & J. Gallo Winery,312130,"Rombauer Vineyards, Llc is primarily engaged in manufacturing wines, brandy, and brandy spirits. This industry also includes bonded wine cellars which are engaged in blending wines.",,3,3,,,,not contacted,,,
1015,24204573,"PHILLY'S BEST STEAK COMPANY, INC.",unclassified food/bev mfr,,Lansdowne,Pennsylvania,http://www.phillysbeststeak.com,2.4204573E7,175,Private,,311611,"Philly's Best Steak Company, Inc. is primarily engaged in the slaughtering, for their own account or on a contract basis for the trade, of cattle, hogs, sheep, lambs, and calves for meat to be sold or",Zafeiris Akranis — President,3,2,,,,not contacted,,,
1016,24202389,"Sarris Candies, Inc.",unclassified food/bev mfr,,Canonsburg,Pennsylvania,http://www.sarriscandies.com,2.4202389E7,300,Private,,722513,"Sarris Candies, Inc. is primarily engaged in the retail sale of prepared food and drinks for on-premise or immediate consumption. Caterers and industrial and institutional food service establishments ",Bill Sarris — President Chief Executive Officer,3,1,,,,not contacted,,,
1017,24192410,"Wilson Creek Winery & Vineyards, Inc.",unclassified food/bev mfr,,Temecula,California,http://www.wilsoncreekwinery.com,2.419241E7,110,Private,,312130,"Wilson Creek Winery & Vineyards, Inc. is primarily engaged in manufacturing wines, brandy, and brandy spirits. This industry also includes bonded wine cellars which are engaged in blending wines.",Craig Johns — Chief Financial Officer,3,0,,,,not contacted,,,
1018,24179731,"Westrock Coffee Roasting, LLC",unclassified food/bev mfr,,North Little Rock,Arkansas,http://www.westrockcoffee.com,2.4179731E7,200,Private,Westrock Coffee Company,311920,"Westrock Coffee Roasting, Llc is primarily engaged in roasting coffee, and in manufacturing coffee concentrates and extracts in powdered, liquid, or frozen form, including freeze-dried.",Elizabeth McLaughlin — Executive Vice President Sales,2,2,,,,not contacted,,,
1019,24169708,Independent Food Corporation,unclassified food/bev mfr,,Twin Falls,Idaho,http://www.independentmeat.com,2.4169708E7,250,Private,,311611,"Independent Food Corporation is primarily engaged in the slaughtering, for their own account or on a contract basis for the trade, of cattle, hogs, sheep, lambs, and calves for meat to be sold or to b",Patrick Florence — President,3,0,,,,not contacted,,,
1020,24166662,D.B.C. Corporation,unclassified food/bev mfr,,Madison,Mississippi,http://www.pirouline.com,2.4166662E7,186,Private,,311821,"D.B.C. Corporation is primarily engaged in manufacturing fresh cookies, crackers, pretzels, and similar ""dry"" bakery products.",Peter De Beukelaer — President,3,1,,,,not contacted,,,
1021,24162836,"Ocean Gold Seafoods, Inc",unclassified food/bev mfr,,Westport,Washington,http://www.oceancos.com,2.4162836E7,150,Private,,311710,"Ocean Gold Seafoods, Inc is primarily engaged in cooking and canning fish, shrimp, oysters, clams, crabs, and other seafoods, including soups; and those engaged in smoking, salting, drying, or otherwi",,3,1,,,,not contacted,,,
1022,24149054,Harris Ranch Beef Company,unclassified food/bev mfr,,Selma,California,http://www.harrisranchbeef.com,2.4149054E7,700,Private,"Central Valley Meat Co., Inc.",311611,"Harris Ranch Beef Company is primarily engaged in the slaughtering, for their own account or on a contract basis for the trade, of cattle, hogs, sheep, lambs, and calves for meat to be sold or to be u",Kyle Wilken — Chief Operating Officer,3,3,,,,not contacted,,,
1023,24143618,"Ricetec, Inc.",unclassified food/bev mfr,,Alvin,Texas,http://www.ricetec.com,2.4143618E7,200,Private,"Ricetec, Inc.",311212,"While the company is known for its aromatic rice products, RiceTec has built a business with seeds. The company has been researching, developing, and marketing hybrid rice seed for use in North and So",Van McNeely — President Head Of Us,3,1,,,,not contacted,,,
1024,24142372,"F. B. Purnell Sausage Co., Inc.",unclassified food/bev mfr,,Simpsonville,Kentucky,http://www.itsgooo-od.com,2.4142372E7,80,Private,,311612,"F. B. Purnell Sausage manufactures processed meat products under the Old Folks brand name. The company operates a processing facility in Kentucky; its products, including frozen breakfast and dinner s",Fred Purnell — President,3,1,,,,not contacted,,,
1025,24138597,Leonard & Harral Packing Co.,unclassified food/bev mfr,,San Antonio,Texas,http://www.leonardhc.com,2.4138597E7,365,Private,The Leonard Family Corporation,311611,"L&H Packing Company disassembles beef. The company's San Antonio, Texas, facilities produce boneless beef, preserved hides, tripe and other offal products from cows and bulls, rendered blood and bone ",Terry Black — Chief Financial Officer,3,0,,,,not contacted,,,
1026,24134962,"Refresco Florida, Inc.",unclassified food/bev mfr,,Lakeland,Florida,,2.4134962E7,180,Private,"Refresco US, Inc.",311421,"Refresco Florida, Inc. is primarily engaged in canning fruits, vegetables, and fruit and vegetable juices; and in manufacturing catsup and similar tomato sauces, or natural and imitation preserves, ja",J Grady — Principal,3,2,,,,not contacted,,,
1027,24128508,"International Grains and Cereal, LLC",unclassified food/bev mfr,,Greenville,Texas,http://www.internationalgrainsandcereal.com,2.4128508E7,50,Private,Alimentos Polar International Inc.,311221,"International Grains And Cereal, Llc is primarily engaged in milling corn or sorghum grain (milo) by the wet process, and producing starch, syrup, oil, sugar, and by-products, such as gluten feed and ",,3,1,,,,not contacted,,,
1028,24107574,"Pompeian, Inc.",unclassified food/bev mfr,,Baltimore,Maryland,http://www.pompeian.com,2.4107574E7,100,Private,"Pompeian, Inc.",311225,"Pompeian, Inc. is primarily engaged in manufacturing shortening, table oils, margarine, and other edible fats and oils, not elsewhere classified.",Jim Casey — Chief Financial Officer Corporate Officer,3,3,,,,not contacted,,,
1029,24100998,"Azteca Foods, Inc.",unclassified food/bev mfr,,Chicago,Illinois,http://www.aztecafoods.com,2.4100998E7,140,Private,"Azteca Foods, Inc.",311919,"Azteca Foods carries on the tasty culinary traditions of the Aztecs. The company is a food manufacturer that specializes in producing tortillas, chips, and salad shells. It offers a variety of tortill",Renee Togher — President,3,2,,,,not contacted,,,
1030,24077986,Pepsi Cola Company,unclassified food/bev mfr,,Tulsa,Oklahoma,http://www.pepsico.com,2.4077986E7,425,Private,"PepsiCo, Inc.",312111,Pepsi Cola Company is primarily engaged in manufacturing soft drinks and carbonated waters.,,3,2,,,,not contacted,,,
1031,24071253,"COLLIN STREET BAKERY, LLC",unclassified food/bev mfr,,Corsicana,Texas,http://www.collinstreet.com,2.4071253E7,150,Private,,311812,"Collin Street Bakery, Llc is primarily engaged in manufacturing fresh or frozen bread and bread-type rolls and fresh cakes, pies, pastries and other similar ""perishable"" bakery products.",,1,0,,,,not contacted,,,
1032,24067389,Kiolbassa Provision Company,unclassified food/bev mfr,,San Antonio,Texas,http://www.kiolbassa.com,2.4067389E7,260,Private,,311612,"Kiolbassa Provision Company is primarily engaged in manufacturing sausages, cured meats, smoked meats, canned meats, frozen meats, and other prepared meats and meat specialties, from purchased carcass",Bill Wagner — President,3,2,,,,not contacted,,,
1033,24060575,"Ukrop's Homestyle Foods, LLC",unclassified food/bev mfr,,North Chesterfield,Virginia,http://www.ukropshomestylefoods.com,2.4060575E7,390,Private,"Ukrop's Homestyle Foods, LLC",311999,"Ukrop's Homestyle Foods, Llc is primarily engaged in manufacturing prepared foods and miscellaneous food specialties, not elsewhere classified, such as baking powder, yeast, and other leavening compou",,1,0,,,,not contacted,,,
1034,24054014,"Tuffy's Pet Foods, Inc.",unclassified food/bev mfr,,Perham,Minnesota,http://www.klnfamilybrands.com,2.4054014E7,500,Private,"KLN Enterprises, Inc.",311111,"Tuffy's Pet Foods, Inc. is primarily engaged in manufacturing dog and cat food from cereal, meat, and other ingredients. These preparations may be canned, frozen, or dry.",Jayne Adamson — Vice President Of Sales,3,3,,,,not contacted,,,
1035,24049896,"Swaggerty Sausage Co., Inc.",unclassified food/bev mfr,,Kodak,Tennessee,http://www.swaggertys.com,2.4049896E7,90,Private,,311611,"Swaggerty Sausage Co., Inc. is primarily engaged in the slaughtering, for their own account or on a contract basis for the trade, of cattle, hogs, sheep, lambs, and calves for meat to be sold or to be",Candi Reed — Chief Financial Officer,3,3,,,,not contacted,,,
1036,24045773,"Liberty Fruit Company, Inc.",unclassified food/bev mfr,,Kansas City,Kansas,http://www.libertyfruit.com,2.4045773E7,406,Private,"Russ Davis Wholesale, Inc.",311421,"Liberty Fruit Company, Inc. is a wholesale distributor of fresh produce based in Kansas City, Kansas. The company serves a variety of customers, including government agencies like the Defense Commissa",Michael Logan — Chief Operating Officer,3,1,,,,not contacted,,,
1037,24041662,Strauss Brands Incorporated,unclassified food/bev mfr,,Franklin,Wisconsin,http://www.straussbrands.com,2.4041662E7,200,Private,Strauss Brands Incorporated,311611,"Strauss Brands Incorporated is primarily engaged in the slaughtering, for their own account or on a contract basis for the trade, of cattle, hogs, sheep, lambs, and calves for meat to be sold or to be",,1,0,,,,not contacted,,,
1038,24036013,"Kormondy Enterprises, Inc.",unclassified food/bev mfr,,Owasso,Oklahoma,http://www.nationalsteak.com,2.4036013E7,325,Private,,311615,"Kormondy Enterprises, Inc. is primarily engaged in slaughtering, dressing, packing, freezing, and canning poultry, rabbits, and other small game, or in manufacturing products from such meats, for thei",Dave Albright — Chief Executive Officer,3,1,,,,not contacted,,,
1039,24029167,"Amerisource Health Services, LLC",unclassified food/bev mfr,,Columbus,Ohio,http://www.americanhealthpackaging.com,2.4029167E7,89,Private,AmerisourceBergen Drug Corporation,311340,"Amerisource Health Services, Llc is primarily engaged in manufacturing candy, including chocolate candy, other confections, and related products.",Sascha Kellermann — Senior Vice President General Manager,3,2,,,,not contacted,,,
1040,24020350,"New Angus, LLC",unclassified food/bev mfr,,Aberdeen,South Dakota,http://www.demkotaranchbeef.com,2.402035E7,124,Private,,311612,"New Angus, Llc is primarily engaged in manufacturing sausages, cured meats, smoked meats, canned meats, frozen meats, and other prepared meats and meat specialties, from purchased carcasses and other ",Adam Bode — Chief Executive Officer,3,1,,,,not contacted,,,
1041,24014528,"Conagra Grocery Products Company, LLC",unclassified food/bev mfr,,Omaha,Nebraska,,2.4014528E7,484,Private,"Conagra Brands, Inc.",311421,"Conagra Grocery Products Company, Llc is primarily engaged in canning fruits, vegetables, and fruit and vegetable juices; and in manufacturing catsup and similar tomato sauces, or natural and imitatio",,1,0,,,,not contacted,,,
1042,24002439,"Carolina Ingredients, LLC",unclassified food/bev mfr,,Rock Hill,South Carolina,http://www.carolinaingredients.com,2.4002439E7,60,Private,"Mitsubishi International Food Ingredients, Inc.",311999,"Carolina Ingredients, Llc is primarily engaged in manufacturing prepared foods and miscellaneous food specialties, not elsewhere classified, such as baking powder, yeast, and other leavening compounds",,3,3,,,,not contacted,,,
1043,23975168,"Naturally Fresh, Inc.",likely co-man (D&B description),,Atlanta,Georgia,,2.3975168E7,340,Private,"TreeHouse Foods, Inc.",311941,"Naturally Fresh, Inc. is a significant US-based producer of sauces and dressings. The company markets products under its own 'Naturally Fresh' brand and also serves as a private label manufacturer for",,3,0,,,,not contacted,,,
1044,23970959,Pine Manor Inc,unclassified food/bev mfr,,Orland,Indiana,http://www.millerpoultry.com,2.3970959E7,500,Private,"Crystal Valley Farms, LLC",311119,"Pine Manor Inc is primarily engaged in manufacturing prepared feeds and feed ingredients and adjuncts for animals and fowls, except dogs and cats. Included in this industry are poultry and livestock f",Ursula Miller — Vice President,3,2,,,,not contacted,,,
1045,23967476,B & B Poultry Co Inc,unclassified food/bev mfr,,Elmer,New Jersey,http://www.bbpoultry.com,2.3967476E7,175,Private,,311615,"B & B Poultry Co Inc is primarily engaged in slaughtering, dressing, packing, freezing, and canning poultry, rabbits, and other small game, or in manufacturing products from such meats, for their own ",Mark Fisher — Chief Executive Officer,3,2,,,,not contacted,,,
1046,23957264,Pocino Foods Company,unclassified food/bev mfr,,City OF Industry,California,http://www.pocinofoods.com,2.3957264E7,100,Private,"ZENSHO HOLDINGS CO., LTD.",311612,"Pocino Foods Company is primarily engaged in manufacturing sausages, cured meats, smoked meats, canned meats, frozen meats, and other prepared meats and meat specialties, from purchased carcasses and ",Jim Pierson — Vice President Sales,3,1,,,,not contacted,,,
1047,23951281,"Aspen Enterprises, Ltd.",unclassified food/bev mfr,,San Antonio,Texas,http://www.finlays.net,2.3951281E7,112,Partnership,"Finlay Extracts & Ingredients USA, Inc.",311920,"Aspen Enterprises, Ltd. is primarily engaged in roasting coffee, and in manufacturing coffee concentrates and extracts in powdered, liquid, or frozen form, including freeze-dried.",,3,0,,,,not contacted,,,
1048,23925360,Kaytee Products Incorporated,unclassified food/bev mfr,,Chilton,Wisconsin,http://www.kaytee.com,2.392536E7,500,Private,Central Garden & Pet Company,311119,"Kaytee Products Incorporated is primarily engaged in manufacturing prepared feeds and feed ingredients and adjuncts for animals and fowls, except dogs and cats. Included in this industry are poultry a",Steve Parker — Vice President Manufacturing,3,3,,,,not contacted,,,
1049,23909863,"Chateau Elan Resorts, LLC",unclassified food/bev mfr,,Braselton,Georgia,http://www.chateauelan.com,2.3909863E7,500,Private,"FOUNTAINHEAD DEVELOPMENT, LLC",312130,"Chteau lan Resorts owns and operates a unique luxury hotel and resort. The upscale resort is located in Braselton, Georgia (30 minutes north of Atlanta) The grounds are home to luxury accommodations a",,1,0,,,,not contacted,,,
1050,23899849,Better Made Snack Foods Incorporated,unclassified food/bev mfr,,Detroit,Michigan,http://www.bettermade.com,2.3899849E7,152,Private,,311999,"Better Made Snack Foods Incorporated is primarily engaged in manufacturing prepared foods and miscellaneous food specialties, not elsewhere classified, such as baking powder, yeast, and other leavenin",Barb Meyer — Chief Financial Officer,3,1,,,,not contacted,,,
1051,23886820,"BONGARDS' SOUTH, LLC",unclassified food/bev mfr,,Humboldt,Tennessee,http://www.bongards.com,2.388682E7,88,Private,Bongards' Creameries,311513,"Bongards' South, Llc is primarily engaged in manufacturing natural cheese (except cottage cheese), processed cheese, cheese foods, cheese spreads, and cheese analogs (imitations and substitutes). Thes",Dennis Thomas — Chief Operating Officer,3,2,,,,not contacted,,,
1052,23883581,"Heartland Catfish Company, Inc.",unclassified food/bev mfr,,Itta Bena,Mississippi,http://www.heartlandcatfish.com,2.3883581E7,415,Private,,311710,"Heartland Catfish Company, Inc. is primarily engaged in preparing fresh and raw or cooked frozen fish and other seafoods and seafood preparations, such as soups, stews, chowders, fishcakes, crabcakes,",Danny Walker — Chief Executive Officer,3,3,,,,not contacted,,,
1053,23881771,"Global Trading Enterprises, LLC",unclassified food/bev mfr,,Swedesboro,New Jersey,,2.3881771E7,150,Private,MIDDLE EAST FOODSTUFF COMPANY,311999,"Global Trading Enterprises, Llc is primarily engaged in manufacturing prepared foods and miscellaneous food specialties, not elsewhere classified, such as baking powder, yeast, and other leavening com",Luis Villalobos — Chief Operating Officer,3,0,,,,not contacted,,,
1054,23876688,"Spreckels Sugar Company, Inc.",unclassified food/bev mfr,,Renville,Minnesota,http://www.spreckelssugar.com,2.3876688E7,260,Private,Southern Minnesota Beet Sugar Cooperative,311313,"Spreckels Sugar Company, Inc. is primarily engaged in manufacturing sugar from sugar beets.",,3,2,,,,not contacted,,,
1055,23843508,Mojave Foods Corporation,unclassified food/bev mfr,,Los Angeles,California,,2.3843508E7,200,Private,"McCormick & Company, Incorporated",311999,"Mojave Foods Corporation is primarily engaged in manufacturing prepared foods and miscellaneous food specialties, not elsewhere classified, such as baking powder, yeast, and other leavening compounds;",Gregory Whitescarver — Founder And Chief Executive Officer,3,1,,,,not contacted,,,
1056,23837011,"Pretzels, LLC",likely co-man (D&B description),,Bluffton,Indiana,http://www.pretzels-inc.com,2.3837011E7,325,Private,"Pretzels, LLC",311999,"You might say they're twisting the night away at this snacks maker. Pretzels, Inc., is a leading regional snack food maker that manufactures pretzels and other extruded snacks products mostly under th",Bernardo Germosen — Principal,3,2,,,,not contacted,,,
1057,23830324,"Holten Meat, LLC",unclassified food/bev mfr,,Sauget,Illinois,http://www.bih-us.com,2.3830324E7,90,Private,"Branding Iron Holdings, Inc.",311612,"Holten Meat pleases palates with its beef (including certified Angus), veal, and pork products. The company manufactures and distributes processed meat items, including steaks, patties, ribs, and brea",Rick Joyal — Vice President Of North American Sales,3,3,,,,not contacted,,,
1058,23829517,Nutiva,unclassified food/bev mfr,,Richmond,California,http://www.nutiva.com,2.3829517E7,115,Private,,311999,"Nutiva is primarily engaged in manufacturing prepared foods and miscellaneous food specialties, not elsewhere classified, such as baking powder, yeast, and other leavening compounds; peanut butter; pa",Steven Naccarato — Chief Executive Officer,3,1,,,,not contacted,,,
1059,23805561,"Kent Quality Foods, Inc.",unclassified food/bev mfr,,Hudsonville,Michigan,http://www.kqf.com,2.3805561E7,145,Private,,311611,"Kent Quality Foods, Inc. is primarily engaged in the slaughtering, for their own account or on a contract basis for the trade, of cattle, hogs, sheep, lambs, and calves for meat to be sold or to be us",Mark Buggia — Chief Financial Officer,3,2,,,,not contacted,,,
1060,23779278,"Enfield Farms, Inc.",unclassified food/bev mfr,,Lynden,Washington,http://www.enfieldfarms.com,2.3779278E7,107,Private,,311421,"Enfield Farms, Inc. is primarily engaged in canning fruits, vegetables, and fruit and vegetable juices; and in manufacturing catsup and similar tomato sauces, or natural and imitation preserves, jams,",Marvin Enfield — President,3,1,,,,not contacted,,,
1061,23767181,Espresso Disposition Corporation 1,unclassified food/bev mfr,,Miami,Florida,,2.3767181E7,220,Private,The J. M. Smucker Company,311920,"There's a rich aromacoming from Florida,home ofRowland Coffee Roasters. One of North America's largest producers of coffee products, the company is known forespresso.Rowlandroasts some80% of all espre",Jean Paul — Plant Manager,3,0,,,,not contacted,,,
1062,23765287,Rantoul Foods LLC,unclassified food/bev mfr,,Rantoul,Illinois,http://www.rantoulfoods.com,2.3765287E7,400,Private,,311611,"Rantoul Foods Llc is primarily engaged in the slaughtering, for their own account or on a contract basis for the trade, of cattle, hogs, sheep, lambs, and calves for meat to be sold or to be used on t",Jim Jendruczek — President Managing Partner,3,2,,,,not contacted,,,
1063,23753813,"Frozen Specialties, Inc.",unclassified food/bev mfr,,Archbold,Ohio,http://www.frozenspecialties.com,2.3753813E7,140,Private,"Bellisio Foods, Inc",311412,"Frozen Specialties' specialty arena lies in frozen pizza pies. The company makes private-label frozen pizzas (in value-priced, lean, and microwaveable variations) and a frozen pizza-flavored snack cal",Brian Replogle — Vice President Of Operations,3,3,,,,not contacted,,,
1064,23741371,Anthony-Thomas Candy Company,confirmed co-man (public sweep),snack-bakery,Columbus,Ohio,http://www.anthony-thomas.com,2.3741371E7,191,Private,Anthony-Thomas Candy Company,311340,"Anthony-Thomas Candy is the largest family-owned-and-operated candy company in the Midwest. It makes boxed chocolate confections, including buckeyes (peanut butter-filled), truffles, cordials, butter ",Joe Zanetos — President,3,1,Joseph Zanetos — President,,https://en.wikipedia.org/wiki/Anthony_Thomas_Candy_Company;https://anthony-thomas.com/pages/story,not contacted,,,
1065,23729677,"Fred Usinger, Inc.",unclassified food/bev mfr,,Milwaukee,Wisconsin,http://www.usinger.com,2.3729677E7,140,Private,"Fred Usinger, Inc.",311612,"A dedicated beer town like Milwaukee needs some sausage to ""go with"" and that's where Usinger's comes in. Fred Usinger, Inc., is a city institution known for its Old World sausage and other prepared m",Allen Weidler — Vice President,3,2,,,,not contacted,,,
1066,23720482,"Sunset Farm Foods, Inc.",unclassified food/bev mfr,,Valdosta,Georgia,http://www.sunsetfarmfoods.com,2.3720482E7,100,Private,,311612,"Sunset Farm Foods, Inc. is primarily engaged in manufacturing sausages, cured meats, smoked meats, canned meats, frozen meats, and other prepared meats and meat specialties, from purchased carcasses a",,1,0,,,,not contacted,,,
1067,23718107,Borinquen Biscuit Corporation,unclassified food/bev mfr,,Yauco,Puerto Rico,http://www.borinquenbiscuit.com,2.3718107E7,200,Private,,311821,"Borinquen Biscuit Corporation is primarily engaged in manufacturing fresh cookies, crackers, pretzels, and similar ""dry"" bakery products.",,1,0,,,,not contacted,,,
1068,23708387,Equity Group - Georgia Division LLC,unclassified food/bev mfr,,Camilla,Georgia,,2.3708387E7,2900,Private,"Tyson Foods, Inc.",311615,"Equity Group - Georgia Division Llc is primarily engaged in slaughtering, dressing, packing, freezing, and canning poultry, rabbits, and other small game, or in manufacturing products from such meats,",,3,0,,,,not contacted,,,
1069,23700851,Hulman & Company,unclassified food/bev mfr,,Terre Haute,Indiana,http://www.clabbergirl.com,2.3700851E7,160,Private,Hulman & Company,311999,"Hulman & Company is primarily engaged in manufacturing prepared foods and miscellaneous food specialties, not elsewhere classified, such as baking powder, yeast, and other leavening compounds; peanut ",Tami Morris Athrsd — Principal,3,0,,,,not contacted,,,
1070,23692505,"Caribbean Foods Delight, Inc.",unclassified food/bev mfr,,Tappan,New York,http://www.cfdnyinc.com,2.3692505E7,80,Private,,311612,"Caribbean Foods Delight, Inc. is primarily engaged in manufacturing sausages, cured meats, smoked meats, canned meats, frozen meats, and other prepared meats and meat specialties, from purchased carca",Sabrina Simone — chief operating officer,3,2,,,,not contacted,,,
1071,23691231,"Wellington Foods, Inc.",unclassified food/bev mfr,,Corona,California,http://www.wellingtonfoods.com,2.3691231E7,148,Private,"Wellington Foods, Inc.",311514,"Wellington Foods, Inc. is primarily engaged in manufacturing dry, condensed, and evaporated dairy products. This also includes manufacturing mixes for the preparation of frozen ice cream and ice milk ",Tony Harnack — Chief Executive Officer,3,2,,,,not contacted,,,
1072,23679108,"AB-Tex Beverage, Ltd.",unclassified food/bev mfr,,Abilene,Texas,http://www.mypages.com,2.3679108E7,450,Partnership,"Pepsi-Cola Metropolitan Bottling Company, Inc.",312111,"Ab-Tex Beverage, Ltd. is primarily engaged in manufacturing soft drinks and carbonated waters.",,1,0,,,,not contacted,,,
1073,23677761,"Sazerac North America, Inc.",unclassified food/bev mfr,,Owensboro,Kentucky,http://www.sazerac.com,2.3677761E7,180,Private,"Sazerac Company, Inc.",312140,"Sazerac North America, Inc. is primarily engaged in manufacturing alcoholic liquors by distillation, and in manufacturing cordials and alcoholic cocktails by blending processes or by mixing liquors an",John Goldring — PRESIDENT,3,2,,,,not contacted,,,
1074,23673714,"The Chef's Garden, Inc.",unclassified food/bev mfr,,Huron,Ohio,http://www.chefs-garden.com,2.3673714E7,130,Private,,311991,"The Chef's Garden, Inc. is primarily engaged in manufacturing prepared foods and miscellaneous food specialties, not elsewhere classified, such as baking powder, yeast, and other leavening compounds; ",Andrea Lenyo — Chief Financial Officer,3,1,,,,not contacted,,,
1075,23655090,"Allen Flavors, Inc.",unclassified food/bev mfr,,South Plainfield,New Jersey,http://www.allenflavors.com,2.365509E7,115,Private,"Allen Flavors, Inc.",311942,"Allen Flavors, Inc. is primarily engaged in manufacturing flavoring extracts, syrups, powders, and related products, not elsewhere classified, for soda fountain use or for the manufacture of soft drin",Sal Brucato — Chief Operating Officer,3,3,,,,not contacted,,,
1076,23623964,New England Partnership Inc.,unclassified food/bev mfr,,Norwood,Massachusetts,http://www.newenglandcoffee.com,2.3623964E7,200,Private,Reily Foods Company,311920,"New England Partnership Inc. is primarily engaged in roasting coffee, and in manufacturing coffee concentrates and extracts in powdered, liquid, or frozen form, including freeze-dried.",James Dostou — Principal,3,1,,,,not contacted,,,
1077,23620794,"Liguria Foods, LLC",unclassified food/bev mfr,,Humboldt,Iowa,http://www.liguriafoods.com,2.3620794E7,113,Private,"CTI Foods Holding Co., LLC",311612,"Liguria Foods, Llc is primarily engaged in manufacturing sausages, cured meats, smoked meats, canned meats, frozen meats, and other prepared meats and meat specialties, from purchased carcasses and ot",Mel Carreira — Vice President Sales Marketing,3,0,,,,not contacted,,,
1078,23613575,T W Garner Food Company,unclassified food/bev mfr,,Winston Salem,North Carolina,http://www.garnerfoods.com,2.3613575E7,155,Private,T W Garner Food Company,311421,"T W Garner Food Company is primarily engaged in canning fruits, vegetables, and fruit and vegetable juices; and in manufacturing catsup and similar tomato sauces, or natural and imitation preserves, j",Matt Mccollum — Chief Executive Officer,3,2,,,,not contacted,,,
1079,23612322,Siemer Milling Company,unclassified food/bev mfr,,Teutopolis,Illinois,http://www.siemermilling.com,2.3612322E7,130,Private,Siemer Milling Company,311211,"Siemer Milling Company is primarily engaged in milling flour or meal from grain, except rice. The products of flour mills may be sold plain or in the form of prepared mixes or doughs for specific purp",,1,0,,,,not contacted,,,
1080,23603968,Cookietree LLC,unclassified food/bev mfr,,Salt Lake City,Utah,http://www.cookietree.com,2.3603968E7,136,Private,C.H. Guenther & Son LLC,311821,"Cookietree Llc is primarily engaged in manufacturing fresh cookies, crackers, pretzels, and similar ""dry"" bakery products.",Harold Rosemann — Chief Financial Officer Chief Operations Officer,3,3,,,,not contacted,,,
1081,23603781,Nitta Casings Inc.,unclassified food/bev mfr,,Bridgewater,New Jersey,http://www.nittacasings.com,2.3603781E7,165,Private,VISCOFAN SA,311612,"Nitta Casings Inc. is primarily engaged in manufacturing sausages, cured meats, smoked meats, canned meats, frozen meats, and other prepared meats and meat specialties, from purchased carcasses and ot",BRUCE Zacharias — Finance Vice President,3,2,,,,not contacted,,,
1082,23597326,"Fullfillment Systems, Inc.",unclassified food/bev mfr,,Sunnyvale,California,http://www.newyorkstylesausage.com,2.3597326E7,300,Private,"Fullfillment Systems, Inc.",311612,"Fullfillment Systems, Inc. is primarily engaged in manufacturing sausages, cured meats, smoked meats, canned meats, frozen meats, and other prepared meats and meat specialties, from purchased carcasse",,1,0,,,,not contacted,,,
1083,23596886,Navajo Agricultural Products Industry,unclassified food/bev mfr,,Farmington,New Mexico,http://napi.navajopride.com,2.3596886E7,1200,Nonprofit,The Navajo Nation Tribal Government,311211,"Navajo Agricultural Products Industry is primarily engaged in milling flour or meal from grain, except rice. The products of flour mills may be sold plain or in the form of prepared mixes or doughs fo",,3,3,,,,not contacted,,,
1084,23593670,"John Volpi & Company, Inc.",unclassified food/bev mfr,,Saint Louis,Missouri,http://www.volpifoods.com,2.359367E7,212,Private,"John Volpi & Company, Inc.",311612,"John Volpi & Company, Inc. is primarily engaged in manufacturing sausages, cured meats, smoked meats, canned meats, frozen meats, and other prepared meats and meat specialties, from purchased carcasse",Dale Rees — Chief Financial Officer,3,2,,,,not contacted,,,
1085,23586069,"Petiq Mfg, LLC",unclassified food/bev mfr,,Springville,Utah,http://ballardmfg.weebly.com,2.3586069E7,200,Private,"PetIQ, LLC",311119,"Petiq Mfg, Llc is primarily engaged in manufacturing prepared feeds and feed ingredients and adjuncts for animals and fowls, except dogs and cats. Included in this industry are poultry and livestock f",Jeremy Christensen — Chief Operating Officer,3,1,,,,not contacted,,,
1086,23569273,"Cherryfield Foods, Inc.",unclassified food/bev mfr,,Cherryfield,Maine,http://www.oxfordfrozenfoods.com,2.3569273E7,75,Private,Oxford Frozen Foods Limited,311421,"Cherryfield Foods, Inc. is primarily engaged in canning fruits, vegetables, and fruit and vegetable juices; and in manufacturing catsup and similar tomato sauces, or natural and imitation preserves, j",John Bragg — Chief Executive Officer,3,0,,,,not contacted,,,
1087,23543083,The Laredo Coca-Cola Bottling Company,unclassified food/bev mfr,,Laredo,Texas,http://www.cocacolaswb.com,2.3543083E7,399,Private,Austin Coca-Cola Bottling Company,312111,The Laredo Coca-Cola Bottling Company is primarily engaged in manufacturing soft drinks and carbonated waters.,Danny Trimmer — Vice President General Manager,2,0,,,,not contacted,,,
1088,23537365,Fonterra (USA) INC,unclassified food/bev mfr,,Chicago,Illinois,http://www.fonterra.com,2.3537365E7,128,Private,FONTERRA CO-OPERATIVE GROUP LIMITED,311514,"Fonterra (Usa) Inc is primarily engaged in manufacturing dry, condensed, and evaporated dairy products. This also includes manufacturing mixes for the preparation of frozen ice cream and ice milk and ",Anna Palairet — Chief Operating Officer,3,3,,,,not contacted,,,
1089,23532764,"Elan Chemical Co., Inc.",unclassified food/bev mfr,,Newark,New Jersey,http://www.elan-chemical.com,2.3532764E7,68,Private,"Elan Chemical Co., Inc.",311942,"Elan Chemical Co., Inc. is primarily engaged in manufacturing flavoring extracts, syrups, powders, and related products, not elsewhere classified, for soda fountain use or for the manufacture of soft ",Louis Shragher — Chief Financial Officer,3,1,,,,not contacted,,,
1090,23522535,"Kunzler & Company, Inc.",unclassified food/bev mfr,,Hatfield,Pennsylvania,http://www.kunzler.com,2.3522535E7,500,Private,"Clemens Food Group, LLC",311611,"Kunzler & Company, Inc. is primarily engaged in the slaughtering, for their own account or on a contract basis for the trade, of cattle, hogs, sheep, lambs, and calves for meat to be sold or to be use",David Grazier — Vice President General Manager,3,3,,,,not contacted,,,
1091,23512796,"America's Catch, Inc.",unclassified food/bev mfr,,Itta Bena,Mississippi,http://www.catfish.com,2.3512796E7,375,Private,,311710,"America's Catch, Inc. is primarily engaged in preparing fresh and raw or cooked frozen fish and other seafoods and seafood preparations, such as soups, stews, chowders, fishcakes, crabcakes, and shrim",,1,0,,,,not contacted,,,
1092,23512529,Chesapeake Spice Co. LLC,unclassified food/bev mfr,,Belcamp,Maryland,http://www.chesapeakespice.com,2.3512529E7,140,Private,Chesapeake Spice Co. LLC,311942,"Chesapeake Spice Co. Llc is primarily engaged in manufacturing prepared foods and miscellaneous food specialties, not elsewhere classified, such as baking powder, yeast, and other leavening compounds;",Sam Casale — Chief Financial Officer,3,2,,,,not contacted,,,
1093,23500154,"DP CLOSING, LLC",unclassified food/bev mfr,,Yuma,Arizona,http://www.oasisdate.com,2.3500154E7,501,Private,,311423,"Dp Closing, Llc is primarily engaged in sun drying or artificially dehydrating fruits and vegetables, or in manufacturing packaged soup mixes from dehydrated ingredients.",Carl Padula — Chief Financial Officer,3,1,,,,not contacted,,,
1094,23491222,"Ce De Candy, Inc.",unclassified food/bev mfr,,Union,New Jersey,http://www.smarties.com,2.3491222E7,240,Private,"Ce De Candy, Inc.",311340,"Ce De Candy, Inc. is primarily engaged in manufacturing candy, including chocolate candy, other confections, and related products.",Jonathan Dee — President,3,1,,,,not contacted,,,
1095,23488989,"Open Kitchens, Inc.",unclassified food/bev mfr,,Chicago,Illinois,http://www.openkitchens.com,2.3488989E7,250,Private,"Open Kitchens, Inc.",311999,"Open Kitchens, Inc. is primarily engaged in manufacturing prepared foods and miscellaneous food specialties, not elsewhere classified, such as baking powder, yeast, and other leavening compounds; pean",Wilberto Saez — Principal,3,3,,,,not contacted,,,
1096,23477959,"Brady Enterprises, Inc.",unclassified food/bev mfr,,Billerica,Massachusetts,http://www.bradyenterprises.com,2.3477959E7,90,Private,,311942,"Brady Enterprises, Inc. is primarily engaged in manufacturing prepared foods and miscellaneous food specialties, not elsewhere classified, such as baking powder, yeast, and other leavening compounds; ",Jan Brady — Chief Executive Officer,3,0,,,,not contacted,,,
1097,23477402,Teys (USA) Inc.,unclassified food/bev mfr,,Chicago,Illinois,http://us.teysgroup.com,2.3477402E7,50,Private,"Cargill, Incorporated",311611,"Teys (Usa) Inc. is primarily engaged in the slaughtering, for their own account or on a contract basis for the trade, of cattle, hogs, sheep, lambs, and calves for meat to be sold or to be used on the",Raven Kropf — President,3,1,,,,not contacted,,,
1098,23452042,Uncle John's Pride LLC,unclassified food/bev mfr,,Tampa,Florida,http://www.unclejohnspride.com,2.3452042E7,72,Private,Blue Planet Holdings LLC,311612,"Uncle John's Pride Llc is primarily engaged in manufacturing sausages, cured meats, smoked meats, canned meats, frozen meats, and other prepared meats and meat specialties, from purchased carcasses an",Bryan Beswick — Principal,3,3,,,,not contacted,,,
1099,23395390,"Holsum Bakery, Inc.",unclassified food/bev mfr,,Phoenix,Arizona,http://holsum-natures-own.edan.io,2.339539E7,580,Private,"Flowers Foods, Inc.",311812,"Holsum Bakery, Inc. is primarily engaged in manufacturing fresh or frozen bread and bread-type rolls and fresh cakes, pies, pastries and other similar ""perishable"" bakery products.",,1,0,,,,not contacted,,,
1100,23394808,"Silver Spring Foods, Inc.",unclassified food/bev mfr,,Eau Claire,Wisconsin,http://www.silverspringfoods.com,2.3394808E7,150,Private,"Huntsinger Farms, Inc.",311941,"Silver Spring Foods has sprung up to become something big. Thecompany is the world's top grower and processor of prepared horseradish and horseradish sauces. It also makes mustards, tartar sauces, and",Shawn Kapanke — Vice President Of Manufacturing Operations,3,3,,,,not contacted,,,
1101,23390408,"Pepsi-Cola Newburgh Bottling Co., Inc.",unclassified food/bev mfr,,Newburgh,New York,http://www.pepsicolaofthehudsonvalley.com,2.3390408E7,150,Private,,312111,"Pepsi-Cola Newburgh Bottling Co., Inc. is primarily engaged in manufacturing soft drinks and carbonated waters.",Tim Tenney — President Ceo,3,2,,,,not contacted,,,
1102,23382275,"The Little Potato Company Usa, Inc.",unclassified food/bev mfr,,Deforest,Wisconsin,http://www.littlepotatoes.com,2.3382275E7,52,Private,The Little Potato Company Ltd,311411,"The Little Potato Company Usa, Inc. is primarily engaged in freezing fruits, fruit juices, and vegetables. These establishments also produce important byproducts such as fresh or dried citrus pulp.",Angela Santiago — Co Founder,3,3,,,,not contacted,,,
1103,23378935,Cameron's Coffee and Distribution Company,unclassified food/bev mfr,,Shakopee,Minnesota,http://www.cameronscoffee.com,2.3378935E7,143,Private,Cameron's Coffee and Distribution Company,311920,"Cameron's Coffee And Distribution Company is primarily engaged in roasting coffee, and in manufacturing coffee concentrates and extracts in powdered, liquid, or frozen form, including freeze-dried.",Joshua Anderson — Chief Executive Officer,3,2,,,,not contacted,,,
1104,23371246,"Empacadora Y Procesadora Del Sur, Inc.",unclassified food/bev mfr,,Coamo,Puerto Rico,,2.3371246E7,100,Private,,311612,"Empacadora Y Procesadora Del Sur, Inc. is primarily engaged in manufacturing sausages, cured meats, smoked meats, canned meats, frozen meats, and other prepared meats and meat specialties, from purcha",,1,0,,,,not contacted,,,
1105,23323978,"CLARK BEVERAGE GROUP, INC.",unclassified food/bev mfr,,Oakland,Kentucky,http://www.ccclark.com,2.3323978E7,154,Private,"C. C. Clark, Inc.",312111,"Clark Beverage Group, Inc. is primarily engaged in manufacturing soft drinks and carbonated waters.",Heath Williams — Chief Financial Officer,3,1,,,,not contacted,,,
1106,23318909,"Diana's Mexican Food Products, Inc.",unclassified food/bev mfr,,Norwalk,California,http://www.dianas.net,2.3318909E7,300,Private,"Diana's Mexican Food Products, Inc.",311830,"Diana's Mexican Food Products, Inc. is primarily engaged in manufacturing prepared foods and miscellaneous food specialties, not elsewhere classified, such as baking powder, yeast, and other leavening",Hortensia Magana — Vice President,3,2,,,,not contacted,,,
1107,23318716,Mastertaste Inc.,unclassified food/bev mfr,,Clark,New Jersey,,2.3318716E7,249,Private,Kerry Inc.,311930,"Mastertaste Inc. is primarily engaged in manufacturing flavoring extracts, syrups, powders, and related products, not elsewhere classified, for soda fountain use or for the manufacture of soft drinks,",,3,2,,,,not contacted,,,
1108,23315865,Primrose Candy Co.,unclassified food/bev mfr,,Chicago,Illinois,http://www.primrosecandy.com,2.3315865E7,103,Private,,311340,"Primrose Candy Co. is primarily engaged in manufacturing candy, including chocolate candy, other confections, and related products.",Jeffrey Puch — Vice President,3,2,,,,not contacted,,,
1109,23311836,"GEO. PFAU'S SONS COMPANY, INC.",unclassified food/bev mfr,,Jeffersonville,Indiana,http://www.pfauoil.com,2.3311836E7,50,Private,,311613,"Geo. Pfau's Sons Company, Inc. is primarily engaged in manufacturing animal oils, including fish oil and other marine animal oils, and fish and animal meal; and those rendering inedible stearin, greas",Norman Pfau — President,3,1,,,,not contacted,,,
1110,23297842,"CTI Foods Wilder, LLC",unclassified food/bev mfr,,Wilder,Idaho,,2.3297842E7,500,Private,"CTI Foods, LLC",311612,"Cti Foods Wilder, Llc is primarily engaged in manufacturing sausages, cured meats, smoked meats, canned meats, frozen meats, and other prepared meats and meat specialties, from purchased carcasses and",Phillip Sanders — Vice President Of Sales,3,2,,,,not contacted,,,
1111,23281078,"Western Group Packaging, LLC",unclassified food/bev mfr,,North Las Vegas,Nevada,http://www.wgpco.com,2.3281078E7,150,Private,,311411,"Western Group Packaging, Llc is primarily engaged in freezing fruits, fruit juices, and vegetables. These establishments also produce important byproducts such as fresh or dried citrus pulp.",Franco Rastelli — Chief Financial Officer,3,1,,,,not contacted,,,
1112,23277441,"Jessie Lord Bakery, LLC",unclassified food/bev mfr,,Torrance,California,http://www.jessielordbakery.com,2.3277441E7,50,Private,,445291,"Jessie Lord Bakery, Llc is primarily engaged in the retail sale of bakery products. The products may be purchased from others or made on the premises.",Matthew Bennett — Owner,3,3,,,,not contacted,,,
1113,23271959,"Penobscot McCrum, LLC",unclassified food/bev mfr,,Washburn,Maine,http://www.penobscotmccrum.com,2.3271959E7,175,Private,,311411,"Penobscot McCrum, which does business as Penobscot Frozen Foods, is a leading producer of frozen potato products. It makes such items as potato rounds, potato skins, and potato wedges, as well as froz",,3,1,,,,not contacted,,,
1114,23252947,"Dave's Killer Bread, Inc.",unclassified food/bev mfr,,Portland,Oregon,http://www.daveskillerbread.com,2.3252947E7,300,Private,"Flowers Foods, Inc.",311812,"Dave's Killer Bread, Inc. is primarily engaged in manufacturing fresh or frozen bread and bread-type rolls and fresh cakes, pies, pastries and other similar ""perishable"" bakery products.",,3,2,,,,not contacted,,,
1115,23225307,"Magic Seasoning Blends, LLC",unclassified food/bev mfr,,New Orleans,Louisiana,http://www.magicseasoningblends.com,2.3225307E7,120,Private,"Magic Seasoning Blends, LLC",311942,"Magic Seasoning Blends, owned by celebrity Louisiana chef Paul Prudhomme, wants to add some magical bayou spice to family meals. The company, which makes packaged seasonings, dehydrated mixes, sauces,",Shawn McBribe — President,3,1,,,,not contacted,,,
1116,23208736,"Quality Pork Processors, Inc.",unclassified food/bev mfr,,Austin,Minnesota,http://www.qppinc.net,2.3208736E7,1100,Private,,311611,"Quality Pork Processors, Inc. is primarily engaged in the slaughtering, for their own account or on a contract basis for the trade, of cattle, hogs, sheep, lambs, and calves for meat to be sold or to ",Kelly Wadding — PRESIDENT,3,3,,,,not contacted,,,
1117,23200680,"Rochelle Foods, LLC",unclassified food/bev mfr,,Rochelle,Illinois,http://rochellefoodsbadworkplace.blogspot.com,2.320068E7,700,Partnership,Hormel Foods Corporation,311612,"Rochelle Foods, Llc is primarily engaged in manufacturing sausages, cured meats, smoked meats, canned meats, frozen meats, and other prepared meats and meat specialties, from purchased carcasses and o",,3,2,,,,not contacted,,,
1118,23195728,"Sager Creek Foods, Inc.",unclassified food/bev mfr,,Walnut Creek,California,,2.3195728E7,700,Private,"Mccall Farms, Inc.",311421,"Sager Creek Foods, Inc. is primarily engaged in canning fruits, vegetables, and fruit and vegetable juices; and in manufacturing catsup and similar tomato sauces, or natural and imitation preserves, j",Chris Kiser — Chief Executive Officer,3,0,,,,not contacted,,,
1119,23193754,"Choice U.S.A. Beverage, Inc.",unclassified food/bev mfr,,Lowell,North Carolina,http://www.choiceusabeverage.com,2.3193754E7,120,Private,"Choice U.S.A. Beverage, Inc.",312111,"Choice U.S.A. Beverage, Inc. is primarily engaged in manufacturing soft drinks and carbonated waters.",LINDA Medley — PRESIDENT,3,2,,,,not contacted,,,
1120,23193169,"Holmes Foods, Inc.",unclassified food/bev mfr,,Nixon,Texas,http://www.holmesfoods.com,2.3193169E7,275,Private,"Holmes Foods, Inc.",311615,"Holmes Foods, Inc. is primarily engaged in slaughtering, dressing, packing, freezing, and canning poultry, rabbits, and other small game, or in manufacturing products from such meats, for their own ac",Phillip Morris — President,3,1,,,,not contacted,,,
1121,23168056,"BestCo Holdings, Inc.",unclassified food/bev mfr,,Mooresville,North Carolina,http://www.thetrinkogroup.com,2.3168056E7,424,Private,,311340,"Bestco Holdings, Inc. is primarily engaged in manufacturing candy, including chocolate candy, other confections, and related products.",Tim Condron — President,3,0,,,,not contacted,,,
1122,23159250,Union Beverage Packers LLC,confirmed co-man (public sweep),beverage,Hillside,New Jersey,http://www.unionbevnj.com,2.315925E7,170,Private,Union Beverage Packers LLC,312111,Union Beverage Packers Llc is primarily engaged in manufacturing soft drinks and carbonated waters.,Yaron Gohar — Chief Executive Officer,3,0,,,,not contacted,,,
1123,23144850,"Ralph And Paul Adams, Inc.",unclassified food/bev mfr,,Bridgeville,Delaware,http://www.rapascrapple.com,2.314485E7,350,Private,Jones Dairy Farm,311612,"Ralph And Paul Adams, Inc. is primarily engaged in manufacturing sausages, cured meats, smoked meats, canned meats, frozen meats, and other prepared meats and meat specialties, from purchased carcasse",,3,3,,,,not contacted,,,
1124,23136139,"Pasta Montana, L.L.C.",unclassified food/bev mfr,,Great Falls,Montana,http://www.pastamontana.com,2.3136139E7,110,Private,NIPPN CORPORATION,311999,"Pasta Montana, L.L.C. is primarily engaged in manufacturing prepared foods and miscellaneous food specialties, not elsewhere classified, such as baking powder, yeast, and other leavening compounds; pe",Dan Bateman — Chief Financial Officer,3,1,,,,not contacted,,,
1125,23101828,"Pacific Spice Company, Inc.",unclassified food/bev mfr,,Commerce,California,http://www.pacificspice.com,2.3101828E7,130,Private,,311942,"Pacific Spice Company, Inc. is primarily engaged in manufacturing prepared foods and miscellaneous food specialties, not elsewhere classified, such as baking powder, yeast, and other leavening compoun",Gershon Schlussel — Chief Executive Officer,3,2,,,,not contacted,,,
1126,23082060,"Tropicana Products Sales, Inc.",unclassified food/bev mfr,,Chicago,Illinois,,2.308206E7,158,Private,"Tropicana Products, Inc.",312111,"Tropicana Products Sales, Inc. is primarily engaged in manufacturing soft drinks and carbonated waters.",Glen Walter — Chief Executive Officer,3,1,,,,not contacted,,,
1127,23079205,"Vista International Packaging, LLC",unclassified food/bev mfr,,Kenosha,Wisconsin,,2.3079205E7,120,Private,Oy ViskoTeepak Ab,311612,"Vista International Packaging, Llc is primarily engaged in manufacturing sausages, cured meats, smoked meats, canned meats, frozen meats, and other prepared meats and meat specialties, from purchased ",Paul Schulz — Vice President,3,0,,,,not contacted,,,
1128,23073994,"Poppies International I, Inc.",unclassified food/bev mfr,,Battleboro,North Carolina,http://www.poppiesbakeries.com,2.3073994E7,70,Private,Poppies Bakeries,311412,"Poppies International I, Inc. is primarily engaged in manufacturing frozen food specialties, not elsewhere classified, such as frozen dinners and frozen pizza.",Frans Castelein — President,3,0,,,,not contacted,,,
1129,23069862,"Nutrivo, LLC",unclassified food/bev mfr,,Aurora,Illinois,http://www.nutrivo.com,2.3069862E7,145,Private,"Nutrivo, LLC",311999,"Nutrivo, Llc is primarily engaged in manufacturing prepared foods and miscellaneous food specialties, not elsewhere classified, such as baking powder, yeast, and other leavening compounds; peanut butt",,3,2,,,,not contacted,,,
1130,23069605,The Berks Packing Company Inc.,unclassified food/bev mfr,,Reading,Pennsylvania,http://www.berksfoods.com,2.3069605E7,160,Private,,311612,"The Berks Packing Company Inc. is primarily engaged in manufacturing sausages, cured meats, smoked meats, canned meats, frozen meats, and other prepared meats and meat specialties, from purchased carc",,1,0,,,,not contacted,,,
1131,23063980,Del Mar Food Products Corp.,unclassified food/bev mfr,,Watsonville,California,http://www.delmarfoods.com,2.306398E7,100,Private,,311421,"Del Mar Food Products Corp. is primarily engaged in canning fruits, vegetables, and fruit and vegetable juices; and in manufacturing catsup and similar tomato sauces, or natural and imitation preserve",Paul Mecozzi — Chief Executive Officer,3,3,,,,not contacted,,,
1132,23048237,"Laura Chenel's Chevre, Inc.",unclassified food/bev mfr,,Sonoma,California,http://www.laurachenel.com,2.3048237E7,68,Private,LAITERIES H. TRIBALLAT,311511,"Laura Chenel's Chevre, Inc. is primarily engaged in processing (e.g., pasteurizing, homogenizing, vitaminizing, bottling) fluid milk and cream, and related products, including cottage cheese, yogurt (",Pierre Girier — Chief Operating Officer,3,1,,,,not contacted,,,
1133,23007849,"A. Zerega's Sons, Inc.",unclassified food/bev mfr,,Fair Lawn,New Jersey,http://www.zerega.com,2.3007849E7,200,Private,Philadelphia Macaroni Company,311999,"A. Zerega's Sons, Inc. is primarily engaged in manufacturing prepared foods and miscellaneous food specialties, not elsewhere classified, such as baking powder, yeast, and other leavening compounds; p",Robert Vermylen — Vice President,3,2,,,,not contacted,,,
1134,22978691,"Eden Foods, Inc.",unclassified food/bev mfr,,Clinton,Michigan,http://store.edenfoods.com,2.2978691E7,140,Private,"Eden Foods, Inc.",311999,"Known for its Edensoy organic soymilk, Eden Foods offers more than 300 organic food items. It's North America's oldest natural and organic food company and the largest independent manufacturer of dry ",Massimo Damore — Chief Executive Officer,3,2,,,,not contacted,,,
1135,22960352,"Maruchan Virginia, Inc.",unclassified food/bev mfr,,Richmond,Virginia,,2.2960352E7,185,Private,"Maruchan, Inc.",311824,"Maruchan Virginia, Inc. is primarily engaged in manufacturing dry macaroni, spaghetti, vermicelli, and noodles.",,3,2,,,,not contacted,,,
1136,22960239,"Savor Street Foods, Inc.",unclassified food/bev mfr,,Reading,Pennsylvania,http://www.savorstreet.com,2.2960239E7,120,Private,"Savor Street Foods, Inc.",311999,"Savor Street Foods, Inc. is primarily engaged in manufacturing prepared foods and miscellaneous food specialties, not elsewhere classified, such as baking powder, yeast, and other leavening compounds;",Scott Carpenter — Chief Executive Officer,3,3,,,,not contacted,,,
1137,22957785,"Celestial Seasonings, Inc.",unclassified food/bev mfr,,Boulder,Colorado,http://www.celestialseasonings.com,2.2957785E7,221,Private,"The Hain Celestial Group, Inc.",311920,"Celestial Seasonings, Inc. is primarily engaged in manufacturing prepared foods and miscellaneous food specialties, not elsewhere classified, such as baking powder, yeast, and other leavening compound",Mike Bloom — Vice President Marketing,3,0,,,,not contacted,,,
1138,22955835,"Lala U.S., Inc.",unclassified food/bev mfr,,Dallas,Texas,http://www.lala-us.com,2.2955835E7,289,Private,"Grupo Lala, S.A.B. de C.V.",311511,"Lala U.S., Inc. is primarily engaged in processing (e.g., pasteurizing, homogenizing, vitaminizing, bottling) fluid milk and cream, and related products, including cottage cheese, yogurt (except froze",Jorge Ramos — Chief Executive Officer,3,1,,,,not contacted,,,
1139,22943989,"Probar, LLC",unclassified food/bev mfr,,Salt Lake City,Utah,http://www.theprobar.com,2.2943989E7,100,Private,"Probar, LLC",311991,"Probar, Llc is primarily engaged in manufacturing prepared foods and miscellaneous food specialties, not elsewhere classified, such as baking powder, yeast, and other leavening compounds; peanut butte",Arthur Eggertsen — Owner,3,1,,,,not contacted,,,
1140,22941175,"H.j. Heinz Company, L.p.",unclassified food/bev mfr,,Massillon,Ohio,,2.2941175E7,600,Partnership,Kraft Heinz Foods Company,311411,"H.J. Heinz Company, L.P. is primarily engaged in freezing fruits, fruit juices, and vegetables. These establishments also produce important byproducts such as fresh or dried citrus pulp.",,3,1,,,,not contacted,,,
1141,22939344,Let's Do Lunch,unclassified food/bev mfr,,Gardena,California,http://www.integratedfoodservice.com,2.2939344E7,300,Private,,311991,"Let's Do Lunch is primarily engaged in manufacturing prepared foods and miscellaneous food specialties, not elsewhere classified, such as baking powder, yeast, and other leavening compounds; peanut bu",Jay Schumacher — Chief Operating Officer,3,2,,,,not contacted,,,
1142,22935005,"Custom Culinary, Inc.",unclassified food/bev mfr,,Lombard,Illinois,http://www.customculinary.com,2.2935005E7,130,Private,Griffith Foods Inc.,311423,"Custom Culinary, Inc. is primarily engaged in sun drying or artificially dehydrating fruits and vegetables, or in manufacturing packaged soup mixes from dehydrated ingredients.",Daniel Schlesinger — Principal,3,2,,,,not contacted,,,
1143,22870300,"St. Clair Foods, Inc.",unclassified food/bev mfr,,Memphis,Tennessee,http://www.stclair.com,2.28703E7,125,Private,"Reser's Fine Foods, Inc.",311991,"St. Clair Foods, Inc. is primarily engaged in manufacturing prepared foods and miscellaneous food specialties, not elsewhere classified, such as baking powder, yeast, and other leavening compounds; pe",Brian Edmonds — Vice President,3,2,,,,not contacted,,,
1144,22833431,"Battaglia Distributing Corp., Inc.",unclassified food/bev mfr,,Chicago,Illinois,http://www.battagliafoods.com,2.2833431E7,200,Private,"Battaglia Distributing Corp., Inc.",311942,"Battaglia Distributing Corp., Inc. is primarily engaged in manufacturing prepared foods and miscellaneous food specialties, not elsewhere classified, such as baking powder, yeast, and other leavening ",Jim Battan — Vice President Sales,3,2,,,,not contacted,,,
1145,22816311,"Angie's Artisan Treats, LLC",unclassified food/bev mfr,,North Mankato,Minnesota,,2.2816311E7,100,Partnership,"Conagra Brands, Inc.",311919,"Angie's Artisan Treats, Llc is primarily engaged in manufacturing potato chips, corn chips, and similar snacks.",,3,3,,,,not contacted,,,
1146,22799065,"C.J. Foods, Inc.",unclassified food/bev mfr,,La Palma,California,http://www.cjfoods.com,2.2799065E7,80,Private,CJ CheilJedang Corporation,311999,"C.J. Foods, Inc. is primarily engaged in manufacturing prepared foods and miscellaneous food specialties, not elsewhere classified, such as baking powder, yeast, and other leavening compounds; peanut ",Jeongseok Oh — Principal Researcher,3,3,,,,not contacted,,,
1147,22793940,"MCSHARES, INC.",unclassified food/bev mfr,,Salina,Kansas,http://www.repcoworld.com,2.279394E7,113,Private,"MCSHARES, INC.",311211,"Mcshares, Inc. is primarily engaged in milling flour or meal from grain, except rice. The products of flour mills may be sold plain or in the form of prepared mixes or doughs for specific purposes.",Jason Creed — President Chief Financial Officer,3,1,,,,not contacted,,,
1148,22782330,"Square H Brands, Inc.",unclassified food/bev mfr,,Los Angeles,California,http://www.squarehbrands.com,2.278233E7,150,Private,"Square H Brands, Inc.",311612,"Square H Brands, Inc. is primarily engaged in manufacturing sausages, cured meats, smoked meats, canned meats, frozen meats, and other prepared meats and meat specialties, from purchased carcasses and",Henry Haskell — Chief Executive Officer,3,2,,,,not contacted,,,
1149,22780607,"R.L. Schreiber, Inc.",unclassified food/bev mfr,,Fort Lauderdale,Florida,http://www.rlschreiber.com,2.2780607E7,100,Private,"R.L. Schreiber, Inc.",311942,"R.L. Schreiber, Inc. is primarily engaged in manufacturing prepared foods and miscellaneous food specialties, not elsewhere classified, such as baking powder, yeast, and other leavening compounds; pea",Tina Michel — Chief Executive Officer,3,0,,,,not contacted,,,
1150,22778490,"Diana Food, Inc.",unclassified food/bev mfr,,Silverton,Oregon,http://www.diana-food.com,2.277849E7,100,Private,Symrise AG,311423,"Diana Food, Inc. is primarily engaged in sun drying or artificially dehydrating fruits and vegetables, or in manufacturing packaged soup mixes from dehydrated ingredients.",,1,1,,,,not contacted,,,
1151,22712292,"Annie's, Inc.",unclassified food/bev mfr,,Berkeley,California,http://www.annies.com,2.2712292E7,169,Private,"General Mills, Inc.",311999,"While doing what it loves, Annie's also wouldn't mind taking a bite out of Kraft's business. An organic and natural food producer, Annie's makes about 145 products consisting of pastas, cereals, dress",Angelia Christensen — Principal,3,0,,,,not contacted,,,
1152,22705627,"Saint Louis Brewery, LLC",unclassified food/bev mfr,,Saint Louis,Missouri,http://www.schlafly.com,2.2705627E7,100,Private,"Saint Louis Brewery, LLC",312120,"Saint Louis Brewery, Llc is primarily engaged in manufacturing malt beverages.",Joe Allison — Vice President,3,3,,,,not contacted,,,
1153,22694040,"EFCO Products, Inc.",unclassified food/bev mfr,,Poughkeepsie,New York,http://www.efcoproducts.com,2.269404E7,70,Private,,311999,"Efco Products, Inc. is primarily engaged in manufacturing prepared foods and miscellaneous food specialties, not elsewhere classified, such as baking powder, yeast, and other leavening compounds; pean",,1,0,,,,not contacted,,,
1154,22692162,"John Soules Acquisitions, LLC",unclassified food/bev mfr,,Gainesville,Georgia,,2.2692162E7,718,Private,"John Soules Foods, Inc.",311615,"John Soules Acquisitions, Llc is primarily engaged in slaughtering, dressing, packing, freezing, and canning poultry, rabbits, and other small game, or in manufacturing products from such meats, for t",John Soules — CoChief Executive Officer,6,2,,,,not contacted,,,
1155,22654142,"PEPSI-COLA BOTTLING CO. OF WORCESTER, INC.",unclassified food/bev mfr,,Holden,Massachusetts,http://www.pepsiworcester.com,2.2654142E7,130,Private,"PEPSI-COLA BOTTLING CO. OF WORCESTER, INC.",312111,"Pepsi-Cola Bottling Co. Of Worcester, Inc. is primarily engaged in manufacturing soft drinks and carbonated waters.",Fer Mco — Chief Executive Officer,3,0,,,,not contacted,,,
1156,22628868,"Columbia Nutritional, LLC",unclassified food/bev mfr,,Vancouver,Washington,http://www.columbianutritional.com,2.2628868E7,275,Private,,311514,"Columbia Nutritional, Llc is primarily engaged in manufacturing dry, condensed, and evaporated dairy products. This also includes manufacturing mixes for the preparation of frozen ice cream and ice mi",Randy Massie — Business Owner,3,0,,,,not contacted,,,
1157,22612726,"Savannah Food Company, LLC",unclassified food/bev mfr,,Savannah,Tennessee,http://www.savannahclassics.com,2.2612726E7,85,Private,,311999,"Savannah Food Company, Llc is primarily engaged in manufacturing prepared foods and miscellaneous food specialties, not elsewhere classified, such as baking powder, yeast, and other leavening compound",John Bryan — President,3,3,,,,not contacted,,,
1158,22583221,"Peerless Coffee Company, Inc.",unclassified food/bev mfr,,Oakland,California,http://www.peerlesscoffee.com,2.2583221E7,85,Private,,311920,"Peerless Coffee Company, Inc. is primarily engaged in roasting coffee, and in manufacturing coffee concentrates and extracts in powdered, liquid, or frozen form, including freeze-dried.",George Vukasin — PRESIDENT MASTER,3,1,,,,not contacted,,,
1159,22577564,Blencor LLC,unclassified food/bev mfr,,Sealy,Texas,http://www.blencor.com,2.2577564E7,102,Private,,311411,"Blencor Llc is primarily engaged in freezing fruits, fruit juices, and vegetables. These establishments also produce important byproducts such as fresh or dried citrus pulp.",Eulogio Fernandini — Chief Executive Officer,3,1,,,,not contacted,,,
1160,22565132,Corriere Quest Capital Co.,unclassified food/bev mfr,,Easton,Pennsylvania,http://www.keystonesnacks.com,2.2565132E7,150,Private,"Cheeze Kurls, LLC",311919,"Corriere Quest Capital Co. is primarily engaged in manufacturing potato chips, corn chips, and similar snacks.",William Corriere — Chief Executive Officer,3,1,,,,not contacted,,,
1161,22562483,"TOPPLING GOLIATH, INC.",unclassified food/bev mfr,,Decorah,Iowa,http://www.tgbrews.com,2.2562483E7,160,Private,,312120,"Toppling Goliath, Inc. is primarily engaged in manufacturing malt beverages.",,3,2,,,,not contacted,,,
1162,22553007,"Farmington Foods, Inc.",unclassified food/bev mfr,,Forest Park,Illinois,http://www.farmingtonfoods.com,2.2553007E7,310,Private,,311612,"Farmington Foods takes food from the farm, adds value, and sells the results. The company processes, markets, and distributes Value-added pork products, including pork loin, chops, and ribs. Its Lean ",Albert Lavalle — Principal,3,2,,,,not contacted,,,
1163,22548269,"Ralco Nutrition, Inc.",unclassified food/bev mfr,,Marshall,Minnesota,http://www.ralcoagriculture.com,2.2548269E7,200,Private,"Ralco Nutrition, Inc.",311119,"Ralco Nutrition, Inc. is primarily engaged in manufacturing prepared feeds and feed ingredients and adjuncts for animals and fowls, except dogs and cats. Included in this industry are poultry and live",Glenn Bader — President Chief Executive Officer,3,1,,,,not contacted,,,
1164,22516754,True West Beef LLC,unclassified food/bev mfr,,Boise,Idaho,http://www.truewestbeef.com,2.2516754E7,1471,Private,True West Beef LLC,311611,"True West Beef Llc is primarily engaged in the slaughtering, for their own account or on a contract basis for the trade, of cattle, hogs, sheep, lambs, and calves for meat to be sold or to be used on ",,3,2,,,,not contacted,,,
1165,22509007,Quaker Maid Meats Inc.,unclassified food/bev mfr,,Reading,Pennsylvania,http://www.quakermaidmeats.com,2.2509007E7,162,Private,,311611,"Quaker Maid Meats Inc. is primarily engaged in the slaughtering, for their own account or on a contract basis for the trade, of cattle, hogs, sheep, lambs, and calves for meat to be sold or to be used",Charles Lumis — Chief Financial Officer,3,2,,,,not contacted,,,
1166,22491262,Sartori Nutrition Company,unclassified food/bev mfr,,Willows,California,http://www.rumianocheese.com,2.2491262E7,150,Private,Sartori Company,311513,"Sartori Nutrition Company is primarily engaged in manufacturing natural cheese (except cottage cheese), processed cheese, cheese foods, cheese spreads, and cheese analogs (imitations and substitutes).",Joe Baird — Chief Executive Officer,3,0,,,,not contacted,,,
1167,22468815,Paulaur Corporation,unclassified food/bev mfr,,Cranbury,New Jersey,http://www.paulaur.com,2.2468815E7,100,Private,,311999,"Paulaur Corporation is primarily engaged in manufacturing prepared foods and miscellaneous food specialties, not elsewhere classified, such as baking powder, yeast, and other leavening compounds; pean",Melany Shimp — Chief Operating Officer,3,2,,,,not contacted,,,
1168,22461912,Alimenta USA Corp.,unclassified food/bev mfr,,Atlanta,Georgia,http://www.alimentausacorp.com,2.2461912E7,191,Private,ALIMENTA PRODUZIONI SRL,311812,"Alimenta Usa Corp. is primarily engaged in manufacturing fresh or frozen bread and bread-type rolls and fresh cakes, pies, pastries and other similar ""perishable"" bakery products.",Daniele Frappelli — Chief Executive Officer,3,3,,,,not contacted,,,
1169,22444450,"Inventure - WA, Inc.",unclassified food/bev mfr,,Lynden,Washington,http://jobs.raderfarms.com,2.244445E7,80,Private,Oregon Potato Company,311411,"Inventure - Wa, Inc. is primarily engaged in freezing fruits, fruit juices, and vegetables. These establishments also produce important byproducts such as fresh or dried citrus pulp.",Terry McDaniel — Chief Executive Officer,3,0,,,,not contacted,,,
1170,22434759,"ACADIANA BOTTLING CO., INC.",unclassified food/bev mfr,,Youngsville,Louisiana,http://www.acadianabottling.com,2.2434759E7,180,Private,"ACADIANA BOTTLING CO., INC.",312111,"Acadiana Bottling Co., Inc. is primarily engaged in manufacturing soft drinks and carbonated waters.",Jessica Willis — PresidentCeo,3,1,,,,not contacted,,,
1171,22419952,Harrington Company,unclassified food/bev mfr,,Butte,Montana,http://www.harringtoncompany.com,2.2419952E7,170,Private,Harrington Company,312111,Harrington Company is primarily engaged in manufacturing soft drinks and carbonated waters.,John Francis — President,3,2,,,,not contacted,,,
1172,22376532,Pepsi Midamerica Co.,unclassified food/bev mfr,,Marion,Illinois,http://www.pepsimidamerica.com,2.2376532E7,1390,Private,Pepsi Midamerica Co.,312111,"Pepsi MidAmerica serves the thirsty American heartland. The company is a leading distributor of beverages and from PepsiCo, including bottled water, soft drinks, and other thirst quenchers, as well as",Donald Wall — Principal,3,2,,,,not contacted,,,
1173,22361122,Ngp Management LLC,unclassified food/bev mfr,,Haverhill,Massachusetts,http://www.ngpmanagement.com,2.2361122E7,1600,Private,,445291,Ngp Management Llc is primarily engaged in the retail sale of bakery products. The products may be purchased from others or made on the premises.,Constantine Scrivanos — President,3,3,,,,not contacted,,,
1174,22340528,"Kreamer Feed, Inc.",unclassified food/bev mfr,,Kreamer,Pennsylvania,http://www.kreamerfeed.com,2.2340528E7,144,Private,,311119,"Kreamer Feed, Inc. is primarily engaged in manufacturing prepared feeds and feed ingredients and adjuncts for animals and fowls, except dogs and cats. Included in this industry are poultry and livesto",Jason Robinson — President,3,2,,,,not contacted,,,
1175,22337080,"Kowalski Companies, Inc.",unclassified food/bev mfr,,Detroit,Michigan,http://www.kowality.com,2.233708E7,182,Private,"Kowalski Companies, Inc.",311612,"Kowalski Companies, Inc. is primarily engaged in manufacturing sausages, cured meats, smoked meats, canned meats, frozen meats, and other prepared meats and meat specialties, from purchased carcasses ",Brian Ochocki — Chief Financial Officer,3,1,,,,not contacted,,,
1176,22332413,"Vegetable Juices, LLC",unclassified food/bev mfr,,Bedford Park,Illinois,http://www.vegetablejuices.com,2.2332413E7,90,Private,Givaudan Flavors Corporation,311421,"Vegetable Juices, Llc is primarily engaged in canning fruits, vegetables, and fruit and vegetable juices; and in manufacturing catsup and similar tomato sauces, or natural and imitation preserves, jam",Mark Witowski — Vice President National Sales,3,0,,,,not contacted,,,
1177,22307451,"Blendex Company, LLC",unclassified food/bev mfr,,Louisville,Kentucky,http://www.blendex.com,2.2307451E7,62,Partnership,,311211,"The Blendex Company mixes it up. It mixes and blends ingredients in order to make down-home or spicy mixes to enhance prepared food products. The company produces custom-made breading, batters, coatin",Tony Jessee — CooPresident,3,2,,,,not contacted,,,
1178,22296774,"A. L. Schutzman Company, Inc.",unclassified food/bev mfr,,Waukesha,Wisconsin,http://www.alschutzman.com,2.2296774E7,75,Private,"A. L. Schutzman Company, Inc.",311911,"A. L. Schutzman Company, Inc. is primarily engaged in manufacturing salted, roasted, dried, cooked, or canned nuts or in processing grains or seeds in a similar manner for snack purposes.",Joel Knudson — Vice President And Chief Financial Officer,3,3,,,,not contacted,,,
1179,22189938,Spice Chain Corporation,unclassified food/bev mfr,,East Brunswick,New Jersey,http://www.spicechain.com,2.2189938E7,175,Private,Spice Chain Corporation,311999,"Spice Chain Corporation is primarily engaged in manufacturing prepared foods and miscellaneous food specialties, not elsewhere classified, such as baking powder, yeast, and other leavening compounds; ",,3,0,,,,not contacted,,,
1180,22167280,"New York Frozen Foods, Inc.",unclassified food/bev mfr,,Bedford,Ohio,,2.216728E7,320,Private,T.Marzetti Company,311812,"New York Frozen Foods, Inc. is primarily engaged in manufacturing fresh or frozen bread and bread-type rolls and fresh cakes, pies, pastries and other similar ""perishable"" bakery products.",Larry Linhart — Principal,3,1,,,,not contacted,,,
1181,22162895,Big Geyser Inc.,unclassified food/bev mfr,,Maspeth,New York,http://www.biggeyser.com,2.2162895E7,300,Private,Big Geyser Inc.,312111,Big Geyser Inc. is primarily engaged in manufacturing soft drinks and carbonated waters.,Jerry Reda — Chief Operating Officer,3,2,,,,not contacted,,,
1182,22136971,"McEntire Produce, Inc.",unclassified food/bev mfr,,Columbia,South Carolina,http://www.freshexpress.com,2.2136971E7,400,Private,Fresh Express Incorporated,311411,"Mcentire Produce, Inc. is primarily engaged in freezing fruits, fruit juices, and vegetables. These establishments also produce important byproducts such as fresh or dried citrus pulp.",,1,0,,,,not contacted,,,
1183,22132807,"Coating Place, LLC",likely co-man (D&B description),,Verona,Wisconsin,http://www.coatingplace.com,2.2132807E7,140,Private,"Coating Place, LLC",311999,"At Coating Place, any pills that lie down in a Wurster fluid bed, get up smooth and dry. The drug delivery development and manufacturer specializes incoating surfaces for pharmaceuticalstoimprove shel",Timothy Breunig — Chief Executive Officer,3,1,,,,not contacted,,,
1184,22125345,Weston Foods US Holdings LLC,unclassified food/bev mfr,,Brownsburg,Indiana,,2.2125345E7,2424,Private,FGF Brands Inc,311812,"Weston Foods Us Holdings Llc is primarily engaged in manufacturing fresh or frozen bread and bread-type rolls and fresh cakes, pies, pastries and other similar ""perishable"" bakery products.",Robert Goold — Vice President Of Operations,3,0,,,,not contacted,,,
1185,22110535,Mcilhenny Company,unclassified food/bev mfr,,Avery Island,Louisiana,http://www.tabasco.com,2.2110535E7,205,Private,"Mc Ilhenny's, E Son Corporation",311941,"Tabasco is hot. Created in 1868 by Edmund McIlhenny, the popular pepper sauce is still made at the original site by McIlhenny Company on Avery Island, Louisiana. Tabasco created the pepper-sauce indus",Harold Osborn — President,3,2,,,,not contacted,,,
1186,22110535,"Mc Ilhenny's, E Son Corporation",unclassified food/bev mfr,,Avery Island,Louisiana,http://www.tabasco.com,2.2110535E7,205,Private,"Mc Ilhenny's, E Son Corporation",311941,"Mc Ilhenny's, E Son Corporation is primarily engaged in pickling and brining fruits and vegetables, and in manufacturing salad dressings, vegetable relishes, sauces, and seasonings.",,1,0,,,,not contacted,,,
1187,22077370,Southern Tea Company LLC,unclassified food/bev mfr,,Marietta,Georgia,http://www.southernbreezesweettea.com,2.207737E7,170,Private,"Tata Consumer Products US, Inc.",311920,"Southern Tea Company Llc is primarily engaged in manufacturing prepared foods and miscellaneous food specialties, not elsewhere classified, such as baking powder, yeast, and other leavening compounds;",Eileen Lauth — Vice President Quality Assurance And Regulatory Affairs,3,2,,,,not contacted,,,
1188,22071297,"Arcobasso Foods, Inc.",unclassified food/bev mfr,,Hazelwood,Missouri,,2.2071297E7,90,Private,"Golding Farms Foods, Inc.",311941,"Arcobasso Foods, Inc. is primarily engaged in pickling and brining fruits and vegetables, and in manufacturing salad dressings, vegetable relishes, sauces, and seasonings.",Amanda Maretta — Vice President Of Culinary And Business Development,3,0,,,,not contacted,,,
1189,22069319,"Q & B Foods, Inc.",unclassified food/bev mfr,,Irwindale,California,http://www.qbfoods.com,2.2069319E7,70,Private,"Kewpie Americas, Inc.",311941,"Q & B Foods, Inc. is primarily engaged in pickling and brining fruits and vegetables, and in manufacturing salad dressings, vegetable relishes, sauces, and seasonings.",Akio Okumura — Chief Executive Officer,3,2,,,,not contacted,,,
1190,22060547,Commercial Creamery Co.,unclassified food/bev mfr,,Spokane,Washington,http://www.cheesepowder.com,2.2060547E7,120,Private,Commercial Creamery Co.,311514,"Say ""cheese"" and, poof!, you get the Commercial Creamery, a manufacturer of spray-dried food powders. The company's products include cheese and dairy powders, including cream and cheese powders, as we",William Gilmartin — Senior Vice President Of Operations,3,1,,,,not contacted,,,
1191,22047075,"Bodeans Wafer Company, LLC",unclassified food/bev mfr,,Le Mars,Iowa,http://www.bodeansbaking.com,2.2047075E7,121,Private,"BoDeans Baking Holding Company, LLC",311821,"Bodeans Wafer Company, Llc is primarily engaged in manufacturing fresh cookies, crackers, pretzels, and similar ""dry"" bakery products.",Scott Kalmanek — Vice President,1,0,,,,not contacted,,,
1192,22045807,"Biazzo Dairy Products, Inc.",unclassified food/bev mfr,,Ridgefield,New Jersey,http://www.biazzo.com,2.2045807E7,90,Private,,311513,"Biazzo Dairy Products, Inc. is primarily engaged in manufacturing natural cheese (except cottage cheese), processed cheese, cheese foods, cheese spreads, and cheese analogs (imitations and substitutes",,3,2,,,,not contacted,,,
1193,21997345,"F'real! Foods, LLC",unclassified food/bev mfr,,Emeryville,California,http://www.freal.com,2.1997345E7,100,Private,Rich Products Corporation,311514,"F'real! Foods, Llc is primarily engaged in manufacturing dry, condensed, and evaporated dairy products. This also includes manufacturing mixes for the preparation of frozen ice cream and ice milk and ",Mark Amparo — Principal,3,3,,,,not contacted,,,
1194,21972710,"Barber Foods, LLC",unclassified food/bev mfr,,Portland,Maine,http://www.barberfoods.com,2.197271E7,653,Private,"AdvancePierre Foods, Inc.",311615,"Barber Foods doesn't produce mullets, Mohawks, or crew cuts. It specializes in developing and producing meal-sized portions of chicken. The company offers some 500 value-added poultry products, includ",,1,0,,,,not contacted,,,
1195,21921892,"Country Fresh Batter, Inc.",unclassified food/bev mfr,,King OF Prussia,Pennsylvania,http://www.hopescookies.com,2.1921892E7,60,Private,"Country Fresh Batter, Inc.",311821,"Country Fresh Batter, Inc. is primarily engaged in manufacturing fresh cookies, crackers, pretzels, and similar ""dry"" bakery products.",Hope Spivak — President,3,1,,,,not contacted,,,
1196,21915991,"Fuji Specialties, Inc.",unclassified food/bev mfr,,Savannah,Georgia,,2.1915991E7,105,Private,"FUJI OIL CO., LTD.",311999,"Fuji Specialties, Inc. is primarily engaged in manufacturing prepared foods and miscellaneous food specialties, not elsewhere classified, such as baking powder, yeast, and other leavening compounds; p",,1,1,,,,not contacted,,,
1197,21912746,Mafco Worldwide Corporation,unclassified food/bev mfr,,Mount Laurel,New Jersey,http://www.mafco.com,2.1912746E7,230,Private,Flavors Holdings Inc.,311340,"Mafco Worldwide Corporation is primarily engaged in manufacturing candy, including chocolate candy, other confections, and related products.",Lee Collison — Senior Vice President Chief Supply Chain Officer,3,2,,,,not contacted,,,
1198,21906244,"Toufayan Bakery of Plant City, Inc.",unclassified food/bev mfr,,Plant City,Florida,http://www.toufayan.com,2.1906244E7,87,Private,Toufayan Bakery Inc.,445291,"Toufayan Bakery Of Plant City, Inc. is primarily engaged in the retail sale of bakery products. The products may be purchased from others or made on the premises.",Harry Toufayan — President,3,0,,,,not contacted,,,
1199,21872068,Velvet Ice Cream Company,unclassified food/bev mfr,,Utica,Ohio,http://www.velveticecream.com,2.1872068E7,100,Private,Velvet Ice Cream Company,311520,Velvet Ice Cream Company is primarily engaged in manufacturing ice cream and other frozen desserts.,,1,0,,,,not contacted,,,
1200,21865036,"Romero's Food Products, Incorporated",unclassified food/bev mfr,,Santa Fe Springs,California,http://www.romerosfood.com,2.1865036E7,150,Private,"Romero's Food Products, Incorporated",311830,"Romero's Food Products, Incorporated is primarily engaged in manufacturing prepared foods and miscellaneous food specialties, not elsewhere classified, such as baking powder, yeast, and other leavenin",Leon Romero — Chief Executive Officer,3,3,,,,not contacted,,,
1201,21854940,"Leon's Fine Foods, Inc.",unclassified food/bev mfr,,McKinney,Texas,http://www.texascuisine.com,2.185494E7,245,Private,"Leon's Fine Foods, Inc.",311999,"Leon's Fine Foods, Inc. is primarily engaged in manufacturing prepared foods and miscellaneous food specialties, not elsewhere classified, such as baking powder, yeast, and other leavening compounds; ",Glenda Parrish — Executive Assistant President Owner,3,3,,,,not contacted,,,
1202,21846409,"White Oak Pastures, Inc.",unclassified food/bev mfr,,Bluffton,Georgia,http://www.whiteoakpastures.com,2.1846409E7,164,Private,,311615,"White Oak Pastures, Inc. is primarily engaged in slaughtering, dressing, packing, freezing, and canning poultry, rabbits, and other small game, or in manufacturing products from such meats, for their ",,3,3,,,,not contacted,,,
1203,21839609,"Kerr Concentrates, Inc.",unclassified food/bev mfr,,Salem,Oregon,http://www.kerrbyingredion.com,2.1839609E7,85,Private,Ingredion Incorporated,311930,"Kerr Concentrates, Inc. is primarily engaged in manufacturing flavoring extracts, syrups, powders, and related products, not elsewhere classified, for soda fountain use or for the manufacture of soft ",,3,2,,,,not contacted,,,
1204,21835024,"Shearer's Foods Burlington, LLC",unclassified food/bev mfr,,Burlington,Iowa,http://www.shearers.com,2.1835024E7,750,Private,"Shearer's Foods, LLC",311919,"Shearer's Foods Burlington, Llc is primarily engaged in manufacturing potato chips, corn chips, and similar snacks.",,3,0,,,,not contacted,,,
1205,21833368,"Gold Crust Baking Company, Inc.",unclassified food/bev mfr,,Landover,Maryland,http://www.goldcrust.com,2.1833368E7,110,Private,,311812,"Gold Crust Baking Company, Inc. is primarily engaged in manufacturing fresh or frozen bread and bread-type rolls and fresh cakes, pies, pastries and other similar ""perishable"" bakery products.",Bryan Gray — Vice President Of Transportation,3,2,,,,not contacted,,,
1206,21832516,TRILOGY FOODS LLC,unclassified food/bev mfr,,Gainesville,Georgia,http://www.trilogyfoodsllc.com,2.1832516E7,150,Private,,311615,"Trilogy Foods Llc is primarily engaged in slaughtering, dressing, packing, freezing, and canning poultry, rabbits, and other small game, or in manufacturing products from such meats, for their own acc",Adam Bryant — Chief Financial Officer,3,1,,,,not contacted,,,
1207,21815344,Pepsico,unclassified food/bev mfr,,Indianapolis,Indiana,http://www.pepsico.com,2.1815344E7,50,Private,"PepsiCo, Inc.",312111,Pepsico is primarily engaged in manufacturing soft drinks and carbonated waters.,Bob Harper — Principal,3,2,,,,not contacted,,,
1208,21796488,"Crystal Farms, Inc.",unclassified food/bev mfr,,Oakwood,Georgia,,2.1796488E7,130,Private,"Wincorp Properties, Inc.",311615,"Crystal Farms, Inc. is primarily engaged in slaughtering, dressing, packing, freezing, and canning poultry, rabbits, and other small game, or in manufacturing products from such meats, for their own a",,3,1,,,,not contacted,,,
1209,21787891,"Minnie Marie Bakers, Inc.",unclassified food/bev mfr,,Bay City,Michigan,http://www.awrey.com,2.1787891E7,120,Private,,311813,"Minnie Marie Bakers, Inc. is primarily engaged in manufacturing frozen bakery products, except bread and bread-type rolls.",Thomas Awrey — President,3,1,,,,not contacted,,,
1210,21758812,FlavorSum LLC,unclassified food/bev mfr,,Kalamazoo,Michigan,http://www.flavorsum.com,2.1758812E7,80,Private,FlavorSum LLC,311930,"Flavorsum Llc is primarily engaged in manufacturing flavoring extracts, syrups, powders, and related products, not elsewhere classified, for soda fountain use or for the manufacture of soft drinks, an",Brian Briggs — Chief Executive Officer,3,2,,,,not contacted,,,
1211,21734133,"Columbus Manufacturing, Inc.",unclassified food/bev mfr,,Hayward,California,http://www.columbuscraftmeats.com,2.1734133E7,250,Private,Hormel Foods Corporation,311612,"Columbus Manufacturing, Inc. is primarily engaged in manufacturing sausages, cured meats, smoked meats, canned meats, frozen meats, and other prepared meats and meat specialties, from purchased carcas",,3,1,,,,not contacted,,,
1212,21718821,"Ocala Breeders Sales Company, Inc.",unclassified food/bev mfr,,Ocala,Florida,http://www.obssales.com,2.1718821E7,100,Private,"Ocala Breeders Sales Company, Inc.",311119,"Ocala Breeders Sales Company, Inc. is primarily engaged in manufacturing prepared feeds and feed ingredients and adjuncts for animals and fowls, except dogs and cats. Included in this industry are pou",Thomas Ventura — President,3,2,,,,not contacted,,,
1213,21718439,"Rutter Bros. Dairy, Inc.",unclassified food/bev mfr,,York,Pennsylvania,http://www.ruttersdairy.com,2.1718439E7,135,Private,"Rutter Bros. Dairy, Inc.",311511,"Rutter Bros. Dairy, Inc. is primarily engaged in processing (e.g., pasteurizing, homogenizing, vitaminizing, bottling) fluid milk and cream, and related products, including cottage cheese, yogurt (exc",Todd Rutter — President,3,2,,,,not contacted,,,
1214,21695578,"Coloma Frozen Foods, Inc.",likely co-man (D&B description),,Coloma,Michigan,http://www.colomafrozen.com,2.1695578E7,150,Private,"Coloma Frozen Foods, Inc.",311411,"Coloma Frozen Foods, Inc. is a privately held, family-owned company that produces premium frozen fruits, vegetables, and 100% pure juice concentrates. Based in Coloma, Michigan, the company serves ret",Bradley Wendzel — President,3,1,,,,not contacted,,,
1215,21684937,Future Meat Technologies Inc.,unclassified food/bev mfr,,Chicago,Illinois,http://www.believermeats.com,2.1684937E7,60,Private,,311612,"Future Meat Technologies Inc. is primarily engaged in manufacturing sausages, cured meats, smoked meats, canned meats, frozen meats, and other prepared meats and meat specialties, from purchased carca",Gustavo Burger — Chief Executive Officer,3,2,,,,not contacted,,,
1216,21681473,"Iowa Premium, LLC",unclassified food/bev mfr,,Tama,Iowa,http://www.iowapremium.com,2.1681473E7,800,Private,"National Beef Packing Company, LLC",311611,"Iowa Premium, Llc is primarily engaged in the slaughtering, for their own account or on a contract basis for the trade, of cattle, hogs, sheep, lambs, and calves for meat to be sold or to be used on t",Lucas Deppe — Vice President Sales And Marketing,3,2,,,,not contacted,,,
1217,21675829,Nackard Bottling Company,unclassified food/bev mfr,,Flagstaff,Arizona,http://www.nackard.com,2.1675829E7,128,Private,Nackard Bottling Company,312111,Nackard Bottling Company is primarily engaged in manufacturing soft drinks and carbonated waters.,Nicholas Joiner — Vice President Chief Financial Officer,3,2,,,,not contacted,,,
1218,21660606,"RMH Foods, LLC",unclassified food/bev mfr,,Morton,Illinois,http://www.rmhfoods.com,2.1660606E7,96,Private,Sandridge Food Corporation,311612,"Rmh Foods, Llc is primarily engaged in manufacturing sausages, cured meats, smoked meats, canned meats, frozen meats, and other prepared meats and meat specialties, from purchased carcasses and other ",,1,0,,,,not contacted,,,
1219,21649136,"O & H Danish Bakery, Inc.",unclassified food/bev mfr,,Racine,Wisconsin,http://www.ohdanishbakery.com,2.1649136E7,150,Private,"O & H Danish Bakery, Inc.",445291,"O & H Danish Bakery, Inc. is primarily engaged in the retail sale of bakery products. The products may be purchased from others or made on the premises.",Peter Olesen — President,3,2,,,,not contacted,,,
1220,21637259,Tyson Foods,unclassified food/bev mfr,,Chicago,Illinois,http://www.tyson.com,2.1637259E7,250,Private,The Hillshire Brands Company,311612,"Tyson Foods is primarily engaged in manufacturing sausages, cured meats, smoked meats, canned meats, frozen meats, and other prepared meats and meat specialties, from purchased carcasses and other mat",Jim Conley — Principal,3,2,,,,not contacted,,,
1221,21636934,Cakebread Cellars,unclassified food/bev mfr,,Rutherford,California,http://www.cakebread.com,2.1636934E7,60,Private,,312130,"Cakebread Cellars is primarily engaged in manufacturing wines, brandy, and brandy spirits. This industry also includes bonded wine cellars which are engaged in blending wines.",Jack Cakebread — Chief Executive Officer,3,3,,,,not contacted,,,
1222,21612289,Fresca Mexican Foods LLC,unclassified food/bev mfr,,Caldwell,Idaho,http://www.frescamex.com,2.1612289E7,150,Private,C.H. Guenther & Son LLC,311919,"Fresca Mexican Foods Llc is primarily engaged in manufacturing potato chips, corn chips, and similar snacks.",Kip Losey — Vice President Of Business Development,3,3,,,,not contacted,,,
1223,21569008,"Bumble Bee Seafoods, L.P.",unclassified food/bev mfr,,San Diego,California,http://www.bumblebee.com,2.1569008E7,150,Partnership,,311710,"Bumble Bee Seafoods, L.P. is primarily engaged in cooking and canning fish, shrimp, oysters, clams, crabs, and other seafoods, including soups; and those engaged in smoking, salting, drying, or otherw",Jill Irvin — Senior Vice President General Counsel,3,1,,,,not contacted,,,
1224,21542019,"Pepsi Cola Of Florence, LLC",unclassified food/bev mfr,,Florence,South Carolina,http://www.pepsi-florence.com,2.1542019E7,230,Private,"Pepsi Cola Of Florence, LLC",312111,"Pepsi Cola Of Florence, Llc is primarily engaged in manufacturing soft drinks and carbonated waters.",Jeff Stevens — Chief Executive Officer,3,2,,,,not contacted,,,
1225,21537209,"Marich Confectionery Company, Inc.",likely co-man (D&B description),,Hollister,California,http://www.marich.com,2.1537209E7,150,Private,,311340,"Marich Confectionery can scratch your itch when you have a craving for sweets. The firm manufactures specialty candies and chocolates. Marich's confections, including caramels, chocolate-covered fruit",Leonard Spelt — Chief Executive Officer,3,2,,,,not contacted,,,
1226,21520847,"Hagoth Enterprises, Inc.",unclassified food/bev mfr,,Pendleton,Oregon,http://www.smithfrozenfoods.com,2.1520847E7,307,Private,,311411,"Getting food frozen is what fuels the fire of this company. Smith Frozen Foods is a processor and packager of frozen vegetables, including peas, corn, beans, and carrots. Purchasing most of its produc",Gordon Smith — President,3,1,,,,not contacted,,,
1227,21512144,AFC Dissolution Corp.,unclassified food/bev mfr,,Walkerville,Michigan,http://www.arbrefarms.com,2.1512144E7,300,Private,,311999,"Afc Dissolution Corp. is primarily engaged in manufacturing prepared foods and miscellaneous food specialties, not elsewhere classified, such as baking powder, yeast, and other leavening compounds; pe",C Johnson — President,3,1,,,,not contacted,,,
1228,21442884,"ROGER WOOD FOODS, LLC",unclassified food/bev mfr,,Savannah,Georgia,http://www.rogerwoodfoods.com,2.1442884E7,250,Private,,311612,Roger Wood Foods is a third-generation family-owned and -operated food processing company with a primary emphasis on great tasting smoked sausage and savory smoked meats. The company's products are av,David Solana — President,3,1,,,,not contacted,,,
1229,21403236,Koch Foods Of Alabama LLC,unclassified food/bev mfr,,Montgomery,Alabama,,2.1403236E7,131,Private,,311615,"Koch Foods Of Alabama Llc is primarily engaged in slaughtering, dressing, packing, freezing, and canning poultry, rabbits, and other small game, or in manufacturing products from such meats, for their",,3,3,,,,not contacted,,,
1230,21393934,B C Marketing Concepts Inc.,unclassified food/bev mfr,,Hood River,Oregon,http://www.fullsailbrewing.com,2.1393934E7,85,Private,"Encore Consumer Capital Fund II, LP",312120,"Beer is in session at Full Sail Brewing Co. Maker of Session brand premium lagers, which account for about one-third of thebrewing company's production, Full Sailalso produces a core line of amber, IP",Irene Firmat — President,3,2,,,,not contacted,,,
1231,21332445,Wiley Companies,unclassified food/bev mfr,,Coshocton,Ohio,http://www.wileyco.com,2.1332445E7,232,Private,Wiley Companies,311930,"Wiley Companies is primarily engaged in manufacturing flavoring extracts, syrups, powders, and related products, not elsewhere classified, for soda fountain use or for the manufacture of soft drinks, ",,1,0,,,,not contacted,,,
1232,21297977,"Dieffenbach's Potato Chips, Inc.",unclassified food/bev mfr,,Womelsdorf,Pennsylvania,http://www.dieffenbachs.com,2.1297977E7,160,Private,"Dieffenbach's Potato Chips, Inc.",311919,"Dieffenbach's Potato Chips, Inc. is primarily engaged in manufacturing potato chips, corn chips, and similar snacks.",Nevin Dieffenbach — Chief Executive Officer,3,2,,,,not contacted,,,
1233,21290178,"Bread Alone, Inc.",unclassified food/bev mfr,,Lake Katrine,New York,http://www.breadalone.com,2.1290178E7,100,Private,"Bread Alone, Inc.",445291,"Bread Alone, Inc. is primarily engaged in the retail sale of bakery products. The products may be purchased from others or made on the premises.",Sharon BURNSLEADER — Chief Operating Officer,3,2,,,,not contacted,,,
1234,21270685,"Azuma Foods International Inc.,USA",unclassified food/bev mfr,,Hayward,California,http://www.azumafoods.com,2.1270685E7,90,Private,"AZUMA FOODS CO., LTD.",311710,"Azuma Foods International assumes the task of producing a variety of value-added, packaged specialty seafood products.Primarily serving the foodservice industry,the California company specializes in J",Aca Yu — Business Owner,3,1,,,,not contacted,,,
1235,21220934,"Pepsi-Cola Bottling Company of Hickory, N.C., Inc.",unclassified food/bev mfr,,Hickory,North Carolina,http://www.hickorync.gov,2.1220934E7,370,Private,"Pepsi-Cola Bottling Company of Hickory, N.C., Inc.",312111,"Pepsi-Cola Bottling Company Of Hickory, N.C., Inc. is primarily engaged in manufacturing soft drinks and carbonated waters.",Michael Wingler — Chief Financial Officer,3,0,,,,not contacted,,,
1236,21180008,G.P.De Silva Spices Incorporation,unclassified food/bev mfr,,Pico Rivera,California,http://www.cinnamononline.com,2.1180008E7,90,Private,G.P.De Silva Spices Incorporation,311942,"G.P.De Silva Spices Incorporation is primarily engaged in manufacturing prepared foods and miscellaneous food specialties, not elsewhere classified, such as baking powder, yeast, and other leavening c",Ravi De Silva — President And Ceo,3,2,,,,not contacted,,,
1237,21148060,Coast Packing Company,unclassified food/bev mfr,,Vernon,California,http://www.coastpacking.com,2.114806E7,60,Private,,311225,"Coast Packing Company is primarily engaged in manufacturing shortening, table oils, margarine, and other edible fats and oils, not elsewhere classified.",,1,0,,,,not contacted,,,
1238,21108791,"Bio-Nutritional Research Group, Inc.",unclassified food/bev mfr,,Parsippany,New Jersey,http://www.powercrunch.com,2.1108791E7,185,Private,,311514,"Bio-Nutritional Research Group, Inc. is primarily engaged in manufacturing dry, condensed, and evaporated dairy products. This also includes manufacturing mixes for the preparation of frozen ice cream",Curtis Steinhaus — Chief Financial Officer,3,2,,,,not contacted,,,
1239,21106140,"Corfu - Tasty Gyros, Inc.",unclassified food/bev mfr,,Bensenville,Illinois,http://www.corfufoods.com,2.110614E7,80,Private,"Corfu - Tasty Gyros, Inc.",311612,"Corfu - Tasty Gyros, Inc. is primarily engaged in manufacturing sausages, cured meats, smoked meats, canned meats, frozen meats, and other prepared meats and meat specialties, from purchased carcasses",,1,0,,,,not contacted,,,
1240,21074291,Catallia Mexican Foods LLC,unclassified food/bev mfr,,Eagan,Minnesota,http://www.catallia.com,2.1074291E7,80,Private,,311830,"Catallia Mexican Foods Llc is primarily engaged in manufacturing prepared foods and miscellaneous food specialties, not elsewhere classified, such as baking powder, yeast, and other leavening compound",Isaiha Peralta — Principal,3,2,,,,not contacted,,,
1241,21072802,"Nutritional Resources, Inc.",unclassified food/bev mfr,,Grovetown,Georgia,http://www.healthwisenri.com,2.1072802E7,164,Private,"Nutritional Resources, Inc.",311999,"Nutritional Resources, Inc. is primarily engaged in manufacturing prepared foods and miscellaneous food specialties, not elsewhere classified, such as baking powder, yeast, and other leavening compoun",Michael Welsh — Chief Financial Officer,3,1,,,,not contacted,,,
1242,21071938,DILUIGI'S INC.,unclassified food/bev mfr,,Rowley,Massachusetts,http://www.diluigifoods.com,2.1071938E7,100,Private,,311612,"Diluigi's Inc. is primarily engaged in manufacturing sausages, cured meats, smoked meats, canned meats, frozen meats, and other prepared meats and meat specialties, from purchased carcasses and other ",Louis Diluigi — President,3,2,,,,not contacted,,,
1243,20987612,"Bakkavor USA, Inc.",unclassified food/bev mfr,,Charlotte,North Carolina,http://www.bakkavor.com,2.0987612E7,192,Private,BAKKAVOR DORMANT HOLDINGS LIMITED,311412,"Bakkavor Usa, Inc. is primarily engaged in manufacturing frozen food specialties, not elsewhere classified, such as frozen dinners and frozen pizza.",,1,0,,,,not contacted,,,
1244,20974260,"Braga Fresh Foods, LLC",unclassified food/bev mfr,,Salinas,California,http://www.bragafresh.com,2.097426E7,750,Private,Holland & Knight LLP,311999,"Braga Fresh Foods, Llc is primarily engaged in manufacturing prepared foods and miscellaneous food specialties, not elsewhere classified, such as baking powder, yeast, and other leavening compounds; p",Richard Warsaw — Vice President Food Safety Quality,3,2,,,,not contacted,,,
1245,20882311,Harrisburg Dairies Inc,unclassified food/bev mfr,,Harrisburg,Pennsylvania,http://www.harrisburgdairies.com,2.0882311E7,105,Private,,311511,"Harrisburg Dairies Inc is primarily engaged in processing (e.g., pasteurizing, homogenizing, vitaminizing, bottling) fluid milk and cream, and related products, including cottage cheese, yogurt (excep",Matt Zehring — Vice-President Operations,3,2,,,,not contacted,,,
1246,20881598,"Phil's Cake Box Bakeries, Inc.",unclassified food/bev mfr,,Tampa,Florida,http://www.alessibakery.com,2.0881598E7,180,Private,"Phil's Cake Box Bakeries, Inc.",445291,"Phil's Cake Box Bakeries, Inc. is primarily engaged in the retail sale of bakery products. The products may be purchased from others or made on the premises.",Philip Alessi — President,3,2,,,,not contacted,,,
1247,20869085,"Mid-America Pet Food, L.L.C.",unclassified food/bev mfr,,Mount Pleasant,Texas,http://www.mapf.com,2.0869085E7,50,Private,,311111,"Mid-America Pet Food, L.L.C. is primarily engaged in manufacturing dog and cat food from cereal, meat, and other ingredients. These preparations may be canned, frozen, or dry.",Gregory Cyr — Ceo President Board Member,3,1,,,,not contacted,,,
1248,20860661,Farmers Union Marketing & Processing Association,unclassified food/bev mfr,,Redwood Falls,Minnesota,http://www.fuillc.com,2.0860661E7,500,Nonprofit,"Farmers Union Industries, LLC",311119,"Farmers Union Marketing & Processing Association is primarily engaged in manufacturing prepared feeds and feed ingredients and adjuncts for animals and fowls, except dogs and cats. Included in this in",,1,0,,,,not contacted,,,
1249,20808599,Sioux-Preme Packing Co.,unclassified food/bev mfr,,Sioux Center,Iowa,,2.0808599E7,330,Private,Perdue Farms Incorporated,311611,Sioux-Preme Packing is a midsized pork processor that specializes in custom cuts for niche markets. It operates two plants offering cuts of naturally raised pork to grocery retailers and food manufact,,3,1,,,,not contacted,,,
1250,20779535,Delgrosso Foods Inc.,likely co-man (D&B description),,Tipton,Pennsylvania,http://www.delgrossos.com,2.0779535E7,137,Private,Delgrosso Foods Inc.,311421,"DelGrosso Foods has built a business on the foundation of family cooking traditions. The company produces a variety of tomato sauces, includingpasta sauce, pizza sauce, and salsa, as well as Italian-s",Sean Albright — Chief Financial Officer,3,1,,,,not contacted,,,
1251,20757549,"Premium Iowa Pork, L.L.C.",unclassified food/bev mfr,,Hospers,Iowa,http://www.premiumiowapork.com,2.0757549E7,85,Private,,311611,"Premium Iowa Pork, L.L.C. is primarily engaged in the slaughtering, for their own account or on a contract basis for the trade, of cattle, hogs, sheep, lambs, and calves for meat to be sold or to be u",Dan Paquin — President Premium Iowa Pork,3,3,,,,not contacted,,,
1252,20753098,"CytoSport, Inc.",unclassified food/bev mfr,,Walnut Creek,California,http://www.musclemilk.com,2.0753098E7,190,Private,"PepsiCo, Inc.",311514,"Cytosport, Inc. is primarily engaged in manufacturing dry, condensed, and evaporated dairy products. This also includes manufacturing mixes for the preparation of frozen ice cream and ice milk and dai",Chris Running — Executive Vice President,3,0,,,,not contacted,,,
1253,20739561,"JBR, Inc.",unclassified food/bev mfr,,Lincoln,California,http://www.sfbaycoffee.com,2.0739561E7,230,Private,"JBR, Inc.",311920,"Jbr, Inc. is primarily engaged in roasting coffee, and in manufacturing coffee concentrates and extracts in powdered, liquid, or frozen form, including freeze-dried.",Ashley Rogers — Chief Executive Officer And CoFounder,3,1,,,,not contacted,,,
1254,20703218,"Vita Food Products, Inc.",unclassified food/bev mfr,,Chicago,Illinois,http://www.vitafoodproducts.com,2.0703218E7,130,Private,"Vita Food Products, Inc.",311710,"Vita Food Products won't lead you astray with a red herring -- their herring are properly pickled. Under the Vita and Elf brand names, the company produces refrigerated and frozen kosher salmon produc",Clifford Bolen — President And Chief Executive Officer,3,0,,,,not contacted,,,
1255,20696487,Mahaska Bottling Company,unclassified food/bev mfr,,Oskaloosa,Iowa,http://www.mahaska.com,2.0696487E7,500,Private,Mahaska Bottling Company,312111,Mahaska Bottling Company is primarily engaged in manufacturing soft drinks and carbonated waters.,Darel Baxter — Principal,3,3,,,,not contacted,,,
1256,20680950,"THE HONEST KITCHEN, INC.",unclassified food/bev mfr,,La Jolla,California,http://www.thehonestkitchen.com,2.068095E7,73,Private,,311111,"The Honest Kitchen, Inc. is primarily engaged in manufacturing dog and cat food from cereal, meat, and other ingredients. These preparations may be canned, frozen, or dry.",Will Lisman — Chief Executive Officer,3,3,,,,not contacted,,,
1257,20671070,"Wisconsin Spice, Inc.",unclassified food/bev mfr,,Berlin,Wisconsin,http://www.wisconsinspice.com,2.067107E7,55,Private,,311942,"Wisconsin Spice, Inc. is primarily engaged in manufacturing prepared foods and miscellaneous food specialties, not elsewhere classified, such as baking powder, yeast, and other leavening compounds; pe",Allen Sass — President,3,3,,,,not contacted,,,
1258,20545523,"Marcho Farms, Inc.",unclassified food/bev mfr,,Souderton,Pennsylvania,http://www.marchofarms.com,2.0545523E7,140,Private,,311611,"Marcho Farms, Inc. is primarily engaged in the slaughtering, for their own account or on a contract basis for the trade, of cattle, hogs, sheep, lambs, and calves for meat to be sold or to be used on ",Brian Friesen — President,3,2,,,,not contacted,,,
1259,20455647,Eddy Carolina Pride LLC,unclassified food/bev mfr,,Greenwood,South Carolina,http://www.carolinapride.com,2.0455647E7,450,Private,"Eddy Packing Co., Inc.",311612,"Eddy Carolina Pride Llc is primarily engaged in manufacturing sausages, cured meats, smoked meats, canned meats, frozen meats, and other prepared meats and meat specialties, from purchased carcasses a",Mark Litts Ctrl — Principal,3,0,,,,not contacted,,,
1260,20387032,Star Milling Co.,unclassified food/bev mfr,,Perris,California,http://www.starmilling.com,2.0387032E7,99,Private,,311119,"Star Milling Co. is primarily engaged in manufacturing prepared feeds and feed ingredients and adjuncts for animals and fowls, except dogs and cats. Included in this industry are poultry and livestock",Greg Carls — Chief Financial Officer,3,2,,,,not contacted,,,
1261,20369125,"Brakebush Brothers, Inc.",unclassified food/bev mfr,,Westfield,Wisconsin,http://www.brakebush.com,2.0369125E7,675,Private,"Brakebush Brothers, Inc.",311612,"It should be pointed out that chickens don't start out with fingers, but Brakebush Brothers produces plenty of 'em. The company manufactures processed value-added chicken products (wings, nuggets, pat",Thomas Ludwig — Chief Financial Officer,3,2,,,,not contacted,,,
1262,20335068,"Eastern Shore Poultry Company, Inc",unclassified food/bev mfr,,Georgetown,Delaware,http://www.easternshorepoultry.com,2.0335068E7,356,Private,,311615,"Eastern Shore Poultry Company, Inc is primarily engaged in slaughtering, dressing, packing, freezing, and canning poultry, rabbits, and other small game, or in manufacturing products from such meats, ",Harry Dukes — President,3,0,,,,not contacted,,,
1263,20334621,Mariah Foods Corp.,unclassified food/bev mfr,,Columbus,Indiana,http://www.peerfoods.com,2.0334621E7,150,Private,"Peer Foods Group, Inc.",311611,"Mariah Foods Corp. is primarily engaged in the slaughtering, for their own account or on a contract basis for the trade, of cattle, hogs, sheep, lambs, and calves for meat to be sold or to be used on ",Larry Connell — President,3,3,,,,not contacted,,,
1264,20318384,"Kt's Kitchens, Inc.",unclassified food/bev mfr,,Carson,California,http://www.ktskitchens.com,2.0318384E7,250,Private,,311991,"Pizza and a salad makes mealat K.T.'s Kitchens. The company manufactures salad dressings,sauces, and frozen pizzas.Its salad dressings and sauces, sold under the Bob's Big Boy brand name, are availabl",Jose Ruelas — Plant Manager,3,2,,,,not contacted,,,
1265,20310816,"Cosmax NBT Usa, Inc.",unclassified food/bev mfr,,Plano,Texas,http://www.cosmaxnbtusa.com,2.0310816E7,63,Private,"COSMAX NBT, INC.",311514,"Cosmax Nbt Usa, Inc. is primarily engaged in manufacturing dry, condensed, and evaporated dairy products. This also includes manufacturing mixes for the preparation of frozen ice cream and ice milk an",Byung Lee — President,3,1,,,,not contacted,,,
1266,20272905,Naturalife Eco Vite Laboratories,unclassified food/bev mfr,,Torrance,California,http://www.paragonlabsusa.com,2.0272905E7,100,Private,,311514,"Naturalife Eco Vite Laboratories is primarily engaged in manufacturing dry, condensed, and evaporated dairy products. This also includes manufacturing mixes for the preparation of frozen ice cream and",Jay Kaufman — PRESIDENT,3,2,,,,not contacted,,,
1267,20205126,"Firstclass Foods - Trojan, Inc.",unclassified food/bev mfr,,Hawthorne,California,,2.0205126E7,135,Private,"US Foods, Inc.",311611,"Firstclass Foods - Trojan, Inc. is primarily engaged in the slaughtering, for their own account or on a contract basis for the trade, of cattle, hogs, sheep, lambs, and calves for meat to be sold or t",Felix Benzimra — Sales Vice President,2,0,,,,not contacted,,,
1268,20135044,"Lake Foods, Inc.",unclassified food/bev mfr,,Hartwell,Georgia,http://www.brakebush.com,2.0135044E7,675,Private,"Brakebush Brothers, Inc.",311615,"Lake Foods, Inc. is primarily engaged in slaughtering, dressing, packing, freezing, and canning poultry, rabbits, and other small game, or in manufacturing products from such meats, for their own acco",David Strawn — Chief Executive Officer,3,1,,,,not contacted,,,
1269,20134777,"CRESTONE GROUP, LLC",unclassified food/bev mfr,,Carlsbad,California,http://www.crestone-group.com,2.0134777E7,300,Private,"CRESTONE GROUP, LLC",445291,"Crestone Group, Llc is primarily engaged in the retail sale of bakery products. The products may be purchased from others or made on the premises.",James Pettit — President Chief Executive Officer,3,2,,,,not contacted,,,
1270,20119967,Fremont Beef Company,likely co-man (D&B description),,Fremont,Nebraska,http://www.fremontbeef.com,2.0119967E7,110,Private,S FOODS INC.,311611,Fremont Beef processes calf livers (along with beef and pork livers) that it supplies to US foodservice operators.It also exports its products to the Pacific Rim. Fremont sells its fresh and frozen va,Max Nagasaka — Chief Executive Officer,3,1,,,,not contacted,,,
1271,20117546,"West Point Dairy Products, LLC",unclassified food/bev mfr,,West Point,Nebraska,http://www.westpointdairy.com,2.0117546E7,140,Private,"Grassland Dairy Products, Inc.",311512,"West Point Dairy Products, Llc is primarily engaged in manufacturing creamery butter.",Ben Quellhorst — Plant Manager,3,2,,,,not contacted,,,
1272,20055298,Gold Coast Ingredients Inc.,unclassified food/bev mfr,,Commerce,California,http://www.goldcoastinc.com,2.0055298E7,53,Private,,311999,"Gold Coast Ingredients Inc. is primarily engaged in manufacturing prepared foods and miscellaneous food specialties, not elsewhere classified, such as baking powder, yeast, and other leavening compoun",E Kwaku Mensah — Founder Chief Executive Officer,3,1,,,,not contacted,,,
1273,20032084,Kona Brewery LLC,unclassified food/bev mfr,,Kailua Kona,Hawaii,http://www.konabrewinghawaii.com,2.0032084E7,142,Private,Kona Brewery LLC,312120,"Beer lovers hanging ten on the big island can pull up a chair at the Kona Brewing Company, which operates three pubs -- two on Hawaii's big island and the second in Hawaii Kai, Oahu. Kona Brewing prod",Jennifer Busch — Principal,3,2,,,,not contacted,,,
1274,20000000,"Tower Isles Frozen Foods, Ltd.",unclassified food/bev mfr,,Brooklyn,New York,http://www.towerislespatties.com,2.0E7,73,Private,,311612,"Tower Isles Frozen Foods, Ltd. is primarily engaged in manufacturing sausages, cured meats, smoked meats, canned meats, frozen meats, and other prepared meats and meat specialties, from purchased carc",Patrick Jolly — President,3,1,,,,not contacted,,,
1275,20000000,Drink Brez LLC,unclassified food/bev mfr,,West Palm Beach,Florida,,2.0E7,50,Private,,311999,"Drink Brez Llc is primarily engaged in manufacturing flavoring extracts, syrups, powders, and related products, not elsewhere classified, for soda fountain use or for the manufacture of soft drinks, a",Daniel Gelshteyn — Chief Operating Officer,3,3,,,,not contacted,,,
1276,20000000,"Jones Popcorn, Inc.",unclassified food/bev mfr,,New Albany,Indiana,http://www.clarksnacks.com,2.0E7,85,Private,,311999,"Jones Popcorn, Inc. is primarily engaged in manufacturing prepared foods and miscellaneous food specialties, not elsewhere classified, such as baking powder, yeast, and other leavening compounds; pean",Ryan Jones — President,3,3,,,,not contacted,,,
1277,0,Brooklyn Bottling,confirmed co-man (public sweep),beverage,Milton,NY,https://brooklynbottling.com/,,,,,,"Family-owned beverage manufacturer and co-packer (founded 1936); 100% juice, juice cocktails, teas, energy drinks, seltzers, sports drinks, flavored waters and soft drinks; 50+ brands manufactured/dis",,0,0,Eric Miller — Owner (third generation),,https://brooklynbottling.com/; https://www.zoominfo.com/c/brooklyn-bottling-group/12012248; https://www.crunchbase.com/organization/brooklyn-bottling,not contacted,,,
1278,0,Cookies United,confirmed co-man (public sweep),snack-bakery,Islip,NY,https://www.cookiesunited.com,,~350 across two facilities (with affiliate),,,,Private-label and contract cookie baker (Silver Lake Cookie assets); affiliate of Uncle Wally's/United Baking,,0,0,Luis Galeano — President & CEO,,https://www.cookiesunited.com/cookies-united-building-relationships-one-cookie-at-a-time/;https://www.comanufacturers.com/products/cookies-united-comanufacturer-profile;https://leadiq.com/c/cookies-united-llc/5dba4735fdf36bee53bf1183,not contacted,,,
1279,0,Craft Cannery,confirmed co-man (public sweep),wet-frozen-supplements,Bergen,NY,https://www.craftcannery.com,,"~10+ (grew from 3 to 10 in first six months, 2020)",,,,"Owner-operated SQF-certified co-packer (sauces, salsas, dressings; ~90 local products); no minimum order quantities; bought 2020 by Guglielmo Sauce owner; $1.5M expansion 2024",,0,0,Paul Guglielmo — CEO & Owner,Tom Riggio — Co-Owner,https://www.craftcannery.com/team;https://westsidenewsny.com/features/2024-04-14/craft-cannery-breaks-ground-on-1-5-million-expansion-at-bergen-plant/;https://nextcorps.org/guglielmos-secret-ingredient-helping-entrepreneurs-thrive/,not contacted,,,
1280,0,F.X. Matt Brewing Company (Saranac),confirmed co-man (public sweep),beverage,Utica,NY,https://www.saranac.com/,,,,,,"Fourth-generation family brewery (est. 1888) and contract brewing/co-packing partner; produces beer, soft drinks, distilled spirits, wine, energy drinks and functional beverages",,0,0,Fred Matt — President,,https://www.saranac.com/our-story/; https://greateruticachamber.org/f-x-matt-brewery-announces-major-investments-in-brewery-creating-over-25-jobs/; https://en.wikipedia.org/wiki/Matt_Brewing_Company,not contacted,,,
1281,0,Gatherer's Granola,confirmed co-man (public sweep),snack-bakery,Schenectady,NY,https://www.gatherersgranola.com,,,,,,Boutique granola contract manufacturer/co-packer for emerging brands with low MOQs (est. 2010),,0,0,Alessandro Gerbini — Founder & CEO,,https://www.gatherersgranola.com/us/contract-manufacturing;https://www.gatherersgranola.com/about;https://www.zoominfo.com/p/Alessandro-Gerbini/13407585026,not contacted,,,
1282,0,Hillside Candy,confirmed co-man (public sweep),snack-bakery,Hillside,NJ,,,,,,,"Hard candy manufacturer (est. 1945; GoOrganic, GoLightly brands) with private-label and nutraceutical manufacturing; Highlander Partners-owned",,0,0,Ted Cohen — President (post-2016 acquisition),,https://www.foodnavigator-usa.com/Article/2016/11/09/Highlander-Partners-acquires-organic-candy-company-Hillside-Candy/;https://www.prnewswire.com/news-releases/highlander-partners-announces-acquisition-of-hillside-candy-300358630.html,not contacted,,,
1283,0,Iron Heart Canning Company,confirmed co-man (public sweep),beverage,Manchester,NH,https://www.ironheartcanning.com/,,,,,,"Mobile canning/packaging service launched 2013 for breweries, cideries, wineries, distilleries and NA producers; 50+ canning lines across 24 locations after acquiring Michigan Mobile Canning and Touca",,0,0,Tyler Wille — Founder & CEO,,https://www.ironheartcanning.com/contact-us/; https://www.brewbound.com/news/iron-heart-expands-acquisition-toucan-mobile-canning/; https://www.distillerytrail.com/blog/mobile-canning-company-iron-heart-expands-capacity-to-meet-expected-ready-to-drink-demand/; https://rocketreach.co/iron-heart-canning-company-profile_b5f76de8f42e8939,not contacted,,,
1284,0,LiDestri Food and Drink,confirmed co-man (public sweep),wet-frozen-supplements,Fairport,NY,https://www.lidestrifoods.com,,"~1,000-1,200",,,,"Family-owned contract manufacturer; largest US pasta sauce producer (formerly Cantisano Foods); sauces, salsas, dips, spirits; plants in Fairport & Greece NY and Fresno CA; owns Francesco Rinaldi bran",,0,0,John LiDestri — Co-CEO,Stefani LiDestri — Co-CEO,https://www.wxxinews.org/local-news/2024-04-15/lidestri-foods-celebrates-50-years-and-refocuses-on-its-core-business;https://rbj.net/2024/04/15/lidestri-marks-major-milestones/;https://en.wikipedia.org/wiki/Francesco_Rinaldi,not contacted,,,
1285,0,Madelaine Chocolate Company,confirmed co-man (public sweep),snack-bakery,Rockaway Beach,NY,https://madelainechocolate.com,,200-300 (seasonal; 2018 Crain's),,,,Family-owned (est. 1947) seasonal novelty chocolate maker; own brand plus private-label and contract work,,0,0,Jorge Farber — President & CEO,Norman Gold — Vice President,https://www.crainsnewyork.com/small-business/six-years-after-sandy-madelaine-chocolate-co-back-mostly;https://madelainechocolate.com/our-story/,not contacted,,,
1286,0,Makers Nutrition,confirmed co-man (public sweep),wet-frozen-supplements,Hauppauge,NY,https://www.makersnutrition.com,,,,,,"Full-service supplement contract manufacturer founded 2014: manufacturing, packaging, label design, fulfillment; locations in Hauppauge and Commack NY",,0,0,Jason Provenzano — Founder; President & CEO,,https://www.prweb.com/releases/jason_provenzano_joins_makers_nutrition_llc_as_president_and_ceo/prweb15190632.htm;https://www.bbb.org/us/ny/hauppauge/profile/contract-manufacturing/makers-nutrition-llc-0121-87159750/addressId/276200,not contacted,,,
1287,0,Mayer Brothers,confirmed co-man (public sweep),beverage,West Seneca,NY,https://mayerbrothers.com/,,,,,,"Family-owned since 1852; largest apple cider processor in North America; private-label and co-pack manufacturing of water, juices and other beverages; 25M+ cases/yr bottling capacity",,0,0,John A. Mayer — Principal (per D&B),,https://mayerbrothers.com/private-label-beverages-beverage-co-packaging/; https://mayerbrothers.com/about/; https://www.dnb.com/business-directory/company-profiles.mayer_bros_apple_products_inc.b7a07345711f6f1acd0e3225097d5f92.html,not contacted,,,
1288,0,NutraScience Labs,confirmed co-man (public sweep),wet-frozen-supplements,Farmingdale,NY,https://www.nutrasciencelabs.com,,,,,,"Supplement contract manufacturing, packaging and fulfillment services company; subsidiary of Twinlab Consolidation Corp; distribution center in Hauppauge NY",,0,0,Vincent Tricarico — COO & Executive Vice President,,https://www.prweb.com/releases/New_Distribution_Center_for_NutraScience_Labs_Now_Open_in_Hauppauge/prweb18463188.htm;https://councils.forbes.com/profile/Vincent-Tricarico-Executive-Vice-President-for-Twinlab-Consolidation-Corporation-NutraScience-Labs-N/8be3fc3f-3a3f-45aa-9adb-c5158fb5d58e,not contacted,,,
1289,0,Private Label Foods of Rochester,confirmed co-man (public sweep),wet-frozen-supplements,Rochester,NY,https://privatelabelfoods.com,,~28 (ZoomInfo),,,,"Co-packer/private-label manufacturer of dressings, wing/BBQ sauces, marinades, mustards and pasta sauces; glass, plastic and pouch formats",,0,0,Bonnie Lavorato — CEO & President,,https://privatelabelfoods.com/;https://www.zoominfo.com/pic/private-label-foods/97338981;https://rocketreach.co/private-label-foods-profile_b447e016fab05a2b,not contacted,,,
1290,0,Two Roads Brewing Company,confirmed co-man (public sweep),beverage,Stratford,CT,https://tworoadsbrewing.com/,,,,,,"Craft brewery founded 2012 with one of the East Coast's largest contract brewing operations (~85,000 bbl contract production in 2017 vs 53,000 own-brand)",,0,0,Brad Hittle — CEO & Co-founder,Phil Markowski — Master Brewer & Co-founder,https://tworoadsbrewing.com/contract-brewing-program/; https://hartfordbusiness.com/article/stratford-based-two-roads-2-penn-based-brewers-partner-to-form-national-contract-brewing/; https://www.forbes.com/sites/kennygould/2019/04/11/interview-two-roads-brewery/,not contacted,,,
1291,0,Vitaquest International,confirmed co-man (public sweep),wet-frozen-supplements,West Caldwell,NJ,https://vitaquest.com,$100-249.9M (ZoomInfo est.),500-999 (ZoomInfo est.),,,,"Supplement/functional food contract manufacturer established 1977; capsules, tablets, powders; opened probiotics suite",,0,0,Patrick Brueggman — President & CEO,,https://www.zoominfo.com/c/vitaquest/125321273;https://finance.yahoo.com/news/vitaquest-international-llc-opens-world-110000515.html;https://www.nutraceuticalsworld.com/company-profile/vitaquest-international/,not contacted,,,
1292,0,AZPACK (Arizona Production & Packaging),confirmed co-man (public sweep),beverage,Tempe,AZ,https://www.azpack.com/,,,,,,"Contract beverage manufacturer specializing in soft drinks, teas, infused waters, energy drinks, juices and private-label drinks; bottling and canning plus beverage incubation facility; acquired by Re",,0,0,Peter Reilly — Co-founder,,https://www.prnewswire.com/news-releases/refresco-acquires-azpack-in-arizona-usa-300957771.html; https://www.globenewswire.com/en/news-release/2019/11/14/1946899/0/en/Refresco-acquires-AZPACK-in-Arizona-USA.html; https://www.contractresearchmap.com/providers/arizona-production-packaging-azpack,not contacted,,,
1293,0,Abita Brewing Company,confirmed co-man (public sweep),beverage,Abita Springs,LA,https://abita.com/,,,,,,"Craft brewery (founded 1986) offering contract brewing and co-packing on a 200-barrel Steinecker brewhouse and Krones packaging line; produces beer, spirit- and malt-based RTDs, seltzers and sodas",,0,0,Troy Ashley — President (per 2026 trade press; earlier sources name David Blossman),,https://abita.com/contract-brewing/; https://thebrewermagazine.com/abita-introduces-new-beverage-group-as-it-enters-40th-year/; https://en.wikipedia.org/wiki/Abita_Brewing_Company,not contacted,,,
1294,0,Arizona Nutritional Supplements (ANS),confirmed co-man (public sweep),wet-frozen-supplements,Chandler,AZ,https://www.aznutritional.com,$219.8M (Owler est. 2026),"~154-249 (ests. vary; some sources 500-1,000 across locations)",,,,"Full-service cGMP supplement contract manufacturer founded 1996 (capsules, tablets, powders)",,0,0,Doug Reader — President & CEO (per promotion announcement; RocketReach lists Harrison Pappas as CEO),,https://www.owler.com/company/aznutritional;https://rocketreach.co/arizona-nutritional-supplements-ans-profile_b5d6444af42e3269;https://leadiq.com/c/arizona-nutritional-supplements-ans/5a1d82d024000024005d9dd2,not contacted,,,
1295,0,Bakery Barn,confirmed co-man (public sweep),snack-bakery,Pittsburgh,PA,https://bakery-barn.com,,~82 at PA plant (WARN notice),,,,"Contract manufacturer of baked protein bars, protein cookies and brownies for brands and private label since 2000; Bain-affiliate ownership; announced closure of Pleasant Hills PA plant (2025-26)",,0,0,Sean Perich — Founder,Leslie Calhoun — CEO,https://bakery-barn.com/;https://www.foodprocessing.com/business-of-food-beverage/news/55296403/bar-maker-bakery-barn-to-close-pittsburgh-area-plant;https://triblive.com/business/headlines/8968689-74/bars-bakery-barn,not contacted,,,
1296,0,Bardstown Bourbon Company,confirmed co-man (public sweep),beverage,Bardstown,KY,https://www.bardstownbourbon.com/,,,,,,"One of the largest whiskey distilleries in America (110,000+ barrels/yr, 37,000 sq ft distillery and bottling line); Collaborative/contract distilling program with custom mash bills; clients have incl",,0,0,Mark Erwin — CEO,Steve Nally — Master Distiller,https://www.bardstownbourbon.com/; https://kybourbontrail.com/distillery/bardstown-bourbon-co/; https://www.thespiritsbusiness.com/2024/10/bardstown-bourbon-co-completes-expansion/; https://distiller.com/articles/bardstown-bourbon-company,not contacted,,,
1297,0,Best Formulations,confirmed co-man (public sweep),wet-frozen-supplements,City of Industry,CA,https://www.bestformulations.com,$214.8M (VisualVisitor est.),~239 (VisualVisitor est.),,,,"Supplement contract manufacturer founded 1984 (plant-based softgels, gummies, powders, personal care); majority stake acquired by China-based Sirio Pharma 2022",,0,0,Jeffrey Goh — CEO,Eugene C. Ung — Former CEO / executive manager,https://www.nutritionaloutlook.com/view/sirio-pharma-completes-best-formulations-acquisition;https://www.visualvisitor.com/companies/3230448/best_formulations;https://www.nutraceuticalsworld.com/breaking-news/sirio-pharma-to-acquire-california-based-contract-manufacturer-best-formulations/,not contacted,,,
1298,0,Bite Brands,confirmed co-man (public sweep),snack-bakery,Atlanta,GA,https://www.bitebrands.com,,,,,,"Private-label manufacturer/co-packer of potato chips, kettle chips, tortilla chips, extruded snacks and tortillas; 3 plants (Atlanta GA, Syracuse NY, Parkersburg WV); founded 2018",,0,0,Kevin Holden — Founder & CEO,,https://www.bitebrands.com/about;https://www.bitebrands.com/capabilities;https://www.comanufacturers.com/products/bitebrands-comanufacturer-profile,not contacted,,,
1299,0,Brau Brothers Brewing Co.,confirmed co-man (public sweep),beverage,Marshall,MN,https://braubeer.com/,,,,,,Family-owned craft brewery (25+ years) offering contract brewing and co-packing; canning line supporting multiple can sizes with in-line shrink sleeving,,0,0,Dustin Brau — Founder,,https://braubeer.com/contract-brewing; https://braubeer.com/; http://jackofallbrews.blogspot.com/2016/02/brau-brothers-brewing.html,not contacted,,,
1300,0,Calpack Foods,confirmed co-man (public sweep),wet-frozen-supplements,Torrance,CA,http://www.calpackfoods.com,,,,,,"Fresh food/beverage co-packer (bottling, pouching, cupping) with integrated HPP via sister company HPP Food Services",,0,0,Susan Ricci — CEO (also CEO of HPP Food Services),,https://www.hiperbaric.com/en/hpp-food-services/;https://www.linkedin.com/in/susan-ricci-955bb032/;http://www.calpackfoods.com/about,not contacted,,,
1301,0,Consolidated Mills,confirmed co-man (public sweep),wet-frozen-supplements,Houston,TX,https://consolidatedmills.com,,,,,,"Family-owned (Vrana family since 2003) contract packager: dry and wet blending, private-label salsas, sauces, spices and beverages; small batch to large volume",,0,0,Scott Vrana — President,Keith Vrana — Executive Vice President,https://consolidatedmills.com/about-us/;https://hillviews.txst.edu/issues/2017/a-taste-of-texas-state/spice-it-up.html,not contacted,,,
1302,0,Country Pure Foods,confirmed co-man (public sweep),beverage,Akron,OH,https://www.countrypure.com/,,,,,,"Beverage manufacturer with five plants; co-manufacturing and private label for 100% juices, juice drinks, almond and oat milk; chilled extended-shelf-life specialty; owned by Blue Point Capital Partne",,0,0,Tony Muscato — CEO,,https://www.countrypure.com/country-pure-foods-ceo-talks-beverage-trends/; https://www.foodbusinessnews.net/articles/22985-tony-muscato-named-ceo-of-country-pure-foods; https://en.wikipedia.org/wiki/Country_Pure_Foods,not contacted,,,
1303,0,CraftMark Bakery,confirmed co-man (public sweep),snack-bakery,Indianapolis,IN,https://www.craftmarkbakery.com,,400+,,,,"Large-scale private-label/contract commercial bakery: cookie dough, pre-baked cookies, muffin batters, flatbreads; 345,000 sq ft plant",,0,0,Kurt Seagrist — CEO,,https://www.craftmarkbakery.com/channels/contract-manufacturing-bakery;https://www.comanufacturers.com/products/craftmark-bakery-comanufacturer-profile;https://www.linkedin.com/company/craftmark-bakery,not contacted,,,
1304,0,Creative Foodworks,confirmed co-man (public sweep),wet-frozen-supplements,San Antonio,TX,https://creativefw.com,,,,,,"Independent family-founded (1987) co-packer of shelf-stable sauces, salsas, marinades and dressings; private-label manufacturing and custom formulation",,0,0,Dede Garcia — Owner,,https://creativefw.com/about;https://www.foodproduction.us/company-creative-foodworks-inc-in-san-antonio-tx-19947,not contacted,,,
1305,0,Crystal Creamery,confirmed co-man (public sweep),wet-frozen-supplements,Modesto,CA,https://crystalcreamery.com,,850+,,,,"Foster family-owned dairy processor (roots to 1901); bulk, private label and co-packing: milk, cultured dairy, cottage cheese, sour cream, ice cream; two processing plants",,0,0,Dennis Roberts — President & CEO,,https://crystalcreamery.com/about-us/;https://en.wikipedia.org/wiki/Crystal_Creamery;https://www.dairyfoods.com/articles/91711-crystal-creamerys-branding-strategy-is-crystal-clear,not contacted,,,
1306,0,Dairy State Foods,confirmed co-man (public sweep),snack-bakery,Glendale,WI,https://www.dairystatefoods.com,,~35,,,,Cookie and cracker co-manufacturer (est. 1944); major foodservice oyster-cracker producer; private label and custom design,,0,0,Lawrence Rabin — President,,https://www.comanufacturers.com/products/dairy-state-foods-comanufacturer-profile;https://www.dairystatefoods.com/about-1;https://www.datanyze.com/companies/dairy-state-foods/26445835,not contacted,,,
1307,0,Don's Prepared Foods,confirmed co-man (public sweep),wet-frozen-supplements,Schwenksville,PA,https://donspreparedfoods.com,$25.7M (RocketReach est. 2025),,,,,"Family-operated (founded 1970 by Donald Skloff) refrigerated deli salads, cream cheese spreads, dips and entrees; 55,000 sq ft plant; private-label development for supermarkets and foodservice",,0,0,Victor Skloff — CEO & President,,https://donspreparedfoods.com/;https://copackconnect.com/parking-spaces/dons-prepared-foods/;https://rocketreach.co/dons-prepared-foods-profile_b58b6f74f6788365,not contacted,,,
1308,0,Dutch Treat Foods,confirmed co-man (public sweep),wet-frozen-supplements,Zeeland,MI,https://www.dutchtreatfoods.com,,~14 (ZoomInfo),,,,"Second-generation family-owned (founded 1985) fresh food manufacturer: potato/pasta salads, dips, hummus, salsa, sides for Midwest customers",,0,0,Scott Brookens — President,,https://www.dutchtreatfoods.com/;https://www.zoominfo.com/c/dutch-treat-foods/348529149;https://www.linkedin.com/in/scottbrookens/,not contacted,,,
1309,0,Eagle Park Brewing & Distilling,confirmed co-man (public sweep),beverage,Milwaukee,WI,https://www.eagleparkbrewing.com/,,,,,,"Brewery/distillery whose co-packing division (fastest-growing segment since 2024) provides turnkey production and product development for beer, spirits, RTD cocktails and THC beverages; small-run pilo",,0,0,Max Borgardt — Co-founder,Jake Schinker — Co-founder,https://www.eagleparkbrewing.com/co-pack/; https://www.bevnet.com/pr/2026/03/30/eagle-park-brewing--distilling-acquires-soulboxer-cocktail-co; https://www.forbes.com/sites/kennygould/2020/01/17/co-founder-of-eagle-park-brewing-dishes-on-milwaukees-lager-culture/,not contacted,,,
1310,0,Econo-Pak,confirmed co-man (public sweep),snack-bakery,Milford,PA,https://www.econo-pak.com,,800+,,,,"Third-generation family contract food packager and co-manufacturer: baking mixes, granola, cereal, dry blending; SQF Level 3",,0,0,PJ Wiebel — CEO,,https://www.econo-pak.com/about-us/;https://www.econo-pak.com/articles/econo-pak-through-the-generations/;https://www.linkedin.com/in/pj-wiebel-619618198/,not contacted,,,
1311,0,El Pinto Foods (El Pinto Co-Packing),confirmed co-man (public sweep),wet-frozen-supplements,Albuquerque,NM,https://elpintocopacking.com,,,,,,"Family-owned New Mexico salsa/chile sauce manufacturer and co-packer attached to the El Pinto restaurant (est. 1962); 35,000 sq ft plant, capacity 20M jars/yr; SQF certified hot-fill",,0,0,Jim Thomas — Co-owner,John Thomas — Co-owner,https://elpintocopacking.com/pages/about-us;https://www.tripadvisor.com/Restaurant_Review-g60933-d386995-Reviews-El_Pinto-Albuquerque_New_Mexico.html,not contacted,,,
1312,0,Element Bars,confirmed co-man (public sweep),snack-bakery,Chicago,IL,https://www.elementbars.com,,,,,,Custom energy/protein bar developer and manufacturer (est. 2008) supporting low-volume startup runs to high-volume production and private label,,0,0,Jonathan Miller — Founder & CEO,,https://tracxn.com/d/companies/elementbars/__xlPDoSiG7KGu-42XREWAWldgWbwBo_C9RGZVOZDLmFY;https://www.crunchbase.com/organization/elementbars-com,not contacted,,,
1313,0,Flagstone Foods,confirmed co-man (public sweep),snack-bakery,St. Paul,MN,https://flagstonefoods.com,$100M-$1B (sources conflict),370-800 (sources conflict),,,,Private-label healthy-snacks manufacturer; #1 in trail mix and dried fruit; plants in Minneapolis MN and North Carolina; owns Emerald Nuts,,0,0,Harry Overly — CEO,,https://flagstonefoods.com/;https://www.owler.com/company/flagstonefoods;https://www.konaequity.com/company/flagstone-foods-4393669769/,not contacted,,,
1314,0,Full Sail Brewing Company,confirmed co-man (public sweep),beverage,Hood River,OR,https://fullsailbrewing.com/,,,,,,"Hood River brewery with 34+ years brewing/packaging experience; contract production of beer, wine, cider, seltzer and spirit-based RTDs; 200 BBL brewhouse and high-speed Krones canning/bottling; 30M+ ",,0,0,Pat Tiernan — CEO,,https://fullsailbrewing.com/contract-brewing/; https://fullsailbrewing.com/wp-content/uploads/2022/02/CONTRACT-BREW-BROCHURE-2022-2-16.pdf; https://www.goodbeerhunting.com/sightlines/2021/9/15/new-full-sail-ceo-seeks-to-bail-out-companys-beer-sales,not contacted,,,
1315,0,GMB Specialty Foods,confirmed co-man (public sweep),wet-frozen-supplements,San Juan Capistrano,CA,https://www.gmbfoods.com,,~4-5,,,,"Small specialty-food co-packer/manufacturer (flavored olive oils, BBQ sauces, salsas); in specialty foods since 1973; listed in Specialty Food Co-Packers directory",,0,0,Greg Bloom — Founder & CEO,,https://www.gmbfoods.com/;https://www.zoominfo.com/c/gmb-specialty-foods-llc/356780261;https://www.linkedin.com/in/greg-m-bloom-75747314/,not contacted,,,
1316,0,Genesee Brewery (FIFCO USA),confirmed co-man (public sweep),beverage,Rochester,NY,https://www.fifcousa.com/,,,,,,"Rochester brewery (est. 1878) contract brewing for ~30 years (early partners incl. Mike's Hard Lemonade and Boston Beer); beer, FMBs, hard seltzers and hard tea; $50M packaging modernization announced",,0,0,,,https://www.fifcousa.com/contract-manufacturing/; https://www.prnewswire.com/news-releases/fifco-usa-invests-50m-in-the-genesee-brewery-to-create-world-class-packaging-facility-and-add-capacity-302137101.html; https://rochesterbeacon.com/2026/01/29/genesees-strategy-in-a-sputtering-beer-market/,not contacted,,,
1317,0,Gold Star Chili Manufacturing (GSR Brands),confirmed co-man (public sweep),wet-frozen-supplements,Cincinnati,OH,https://www.goldstarchili.com,,,,,,"Kettle-cook co-manufacturer (chili, soups, stews, meat fillings, sauces, gravies) run by GSR Brands, the family-rooted operator of Gold Star Chili; small-batch hot-fill",,0,0,Roger David — President & CEO (GSR Brands),,https://franchise.goldstarchili.com/gold-star-franchise-press/gsr-brands-in-foodservice-equipment-supplies-magazine/;https://en.wikipedia.org/wiki/Gold_Star_Chili,not contacted,,,
1318,0,Gordon Biersch Brewing Company,confirmed co-man (public sweep),beverage,San Jose,CA,https://gordonbiersch.com/,,,,,,"Production brewery and bottling plant (114,000 sq ft, opened 1997) with ~90% of capacity dedicated to contract brewing/co-packing including Costco and Trader Joe's programs; German brewing and packagi",,0,0,Dan Gordon — Co-founder & Majority Owner,,https://gordonbiersch.com/co-packing/; https://en.wikipedia.org/wiki/Gordon_Biersch_Brewing_Company; https://www.brewbound.com/news/gordon-biersch-co-founder-reclaims-majority-stake-in-decades-old-brewery/,not contacted,,,
1319,0,Heritage Specialty Foods,confirmed co-man (public sweep),wet-frozen-supplements,Milwaukie,OR,https://heritagespecialtyfoods.com,,~38 (LeadIQ),,,,"Family-owned (two families, two generations) kettle-cook co-manufacturer: fresh soups, chilis, stews, sauces, gravies, marinades, sides; USDA-inspected",,0,0,"Shane Hendren — Co-owner, President & CEO",Lana Slezak — Owner & COO,https://heritagespecialtyfoods.com/about/;https://leadiq.com/c/heritage-specialty-foods-llc/5f5276b51ecba4fee36fe1aa/employee-directory;https://www.fsis.usda.gov/inspection/fsis-inspected-establishments/heritage-specialty-foods-llc,not contacted,,,
1320,0,Hermann Pickle Co. (Don Hermann & Sons),confirmed co-man (public sweep),wet-frozen-supplements,Garrettsville,OH,https://hermannpickles.com,,,,,,"Refrigerated fermented pickle maker (founded 1967, acquired 2021 by Viancourt brothers); co-packs for Boar's Head, Dietz & Watson, Nathan's; private label for Kroger, Whole Foods, Weis",,0,0,Pat Viancourt — Co-owner,Tim Viancourt — Co-owner,https://www.clevescene.com/food-drink/new-ownership-of-the-don-hermann-pickle-factory-will-extend-the-iconic-ohio-brands-reach-42256074/;https://www.wkyc.com/article/life/people/mike-polk-jr/garrettsvilles-don-hermann-and-sons-pickle-company-mike-polk-jr/95-38e828c4-8901-4f85-8788-078ff5cfde99,not contacted,,,
1321,0,Hickory Harvest Foods,confirmed co-man (public sweep),snack-bakery,Akron,OH,https://www.hickoryharvest.com,"$23M (2026, per search aggregator)",51-250,,,,"Third-generation family nut, trail mix, dried fruit and chocolate/yogurt snack manufacturer with private-label and co-pack programs (est. 1972)",,0,0,Darlene Swiatkowski — CEO,Joe Swiatkowski — President,https://www.hickoryharvest.com/about-us/our-history;https://akronrotary.org/speakers/cc700692-b1b7-4bd5-b990-8e6c85727a0f;https://www.comanufacturers.com/products/hickory-harvest-foods-comanufacturer-profile,not contacted,,,
1322,0,Ion Labs (HBI Ion Labs),confirmed co-man (public sweep),wet-frozen-supplements,Largo,FL,https://hbiionlabs.com,,"250+ staff (some ests. 500-1,000)",,,,"cGMP/FDA-registered supplement and pet product contract manufacturer since 1983; 350,000+ sq ft; tablets, capsules, gummies, powders; now part of DCC Health & Beauty Solutions",,0,0,Clay Desjardine — CEO,,https://hbiionlabs.com/about;https://rocketreach.co/ion-labs-inc-profile_b5cb6e4bf42e14a8;https://hbigroup.com/our-group/hbi-ion-labs,not contacted,,,
1323,0,Kaiser Pickles,confirmed co-man (public sweep),wet-frozen-supplements,Cincinnati,OH,https://www.kaiserpickles.com,,~150,,,,"Third-generation family-owned (est. 1920) pickle, pepper and relish producer; 90M+ lbs/yr; supplies foodservice and co-pack customers",,0,0,Kim Speed — President,David M. Kaiser — Chairman,https://www.kaiserpickles.com/;https://www.owler.com/company/kaiserpickles;https://www.zoominfo.com/c/kaiser-pickles-llc/347252979,not contacted,,,
1324,0,Lakeview Farms,confirmed co-man (public sweep),wet-frozen-supplements,Delphos,OH,https://lakeviewfarms.com,,~500 (Delphos),,,,"PE-owned (Sequel Holdings, Dallas) manufacturer/co-manufacturer of refrigerated dips, desserts and seafood salads; custom manufacturing and private label; ~500 employees in Delphos",,0,0,Tom Davis — CEO,,https://lakeviewfarms.com/about-us/;https://www.pehub.com/sequel-holdings-buys-lakeview-farms/;https://www.prnewswire.com/news-releases/sequel-holdings-acquires-lakeview-farms-300033766.html,not contacted,,,
1325,0,Legacy Bakehouse,confirmed co-man (public sweep),snack-bakery,Waukesha,WI,https://legacybakehouse.com,,,,,,"Manufacturer of baked snacks, cookies and tortillas; acquired Angelic Bakehouse assets (2024) and Classic Cookie (2025); plants in Waukesha and Cudahy WI",,0,0,Tim Jax — CEO,,https://theshelbyreport.com/2026/07/22/legacy-bakehouse-names-new-ceo/;https://biztimes.com/waukesha-based-legacy-bakehouse-acquires-classic-cookie/;https://legacybakehouse.com/legacy-bakehouse-acquires-classic-cookie/,not contacted,,,
1326,0,Minhas Craft Brewery,confirmed co-man (public sweep),beverage,Monroe,WI,https://www.minhasbrewery.com/,,,,,,"Second-oldest US brewery (Monroe, est. 1845); family-owned contract brewer and contract packager producing private, custom and control-label beers and liquors for Costco, Trader Joe's, Walgreens, Aldi",,0,0,Ravinder Minhas — Owner,,https://www.minhasbrewery.com/about-us; https://en.wikipedia.org/wiki/Minhas_Craft_Brewery; https://allaboutbeer.com/minhas-craft-brewery-turns-10/,not contacted,,,
1327,0,More Than A Bakery,confirmed co-man (public sweep),snack-bakery,Versailles,KY,https://morethanabakery.com,,~310 planned at full build-out,,,,"Family-owned contract manufacturer of cookies and crackers; 200,000 sq ft plant; affiliate of Richmond Baking",,0,0,Bill Quigg — President,,https://www.morethanabakery.com/cookies-and-crackers/contract-manufacturing;https://newkentuckyhome.ky.gov/Newsroom/NewsPage/02262016_More_Than_A_Bakery;https://commercialbaking.com/more-than-a-bakerys-origin-and-operational-development/,not contacted,,,
1328,0,Mount Franklin Foods,confirmed co-man (public sweep),snack-bakery,El Paso,TX,https://www.mountfranklinfoods.com,,"~4,000 (incl. Juarez plants)",,,,"Confections, nuts and mints manufacturer and co-manufacturer (Sunrise Confections, Azar Nut, Hospitality Mints divisions); hard candy, gummies, fruit snacks",,0,0,Enrique Grajeda — President & CEO,,https://www.prnewswire.com/news-releases/mount-franklin-foods-announces-the-appointment-of-enrique-grajeda-as-president-and-ceo-300878284.html;https://www.elpasoinc.com/news/q_and_a/q-a-enrique-grajeda-president-and-ceo-mount-franklin-foods/article_85e87502-c181-11e9-bc3d-eb589be03f8a.html;https://www.mountfranklinfoods.com/,not contacted,,,
1329,0,Nellson LLC,confirmed co-man (public sweep),snack-bakery,Anaheim,CA,https://www.nellsonllc.com,,,,,,Full-service contract manufacturer of nutritional bars and functional powders; plants in California and Utah; founded 1962,,0,0,Jamie Better — CEO,,https://www.nellsonllc.com/;https://www.industrynet.com/listing/380794/nellson-nutraceutical-llc;https://www.snackandbakery.com/articles/103179-nellson-nutraceutical-triples-in-size-through-aggressive-acquisition-strategy,not contacted,,,
1330,0,New Canaan Farms,confirmed co-man (public sweep),wet-frozen-supplements,Utopia,TX,https://newcanaanfarms.com,,,,,,"Family-owned (Waters family since 2022; founded 1979) small-batch jams, jellies, salsas and sauces; co-packs custom recipes from retail to industrial pack sizes",,0,0,Lou Waters — Owner,,https://newcanaanfarms.com/about/;https://texasstartrading.com/product/new-canaan-jams-jellies/,not contacted,,,
1331,0,Next Century Spirits,confirmed co-man (public sweep),beverage,Raleigh,NC,https://www.nextcenturyspirits.com/,,,,,,"Full-service contract distiller and bottler established 2018; whiskey, bourbon, vodka, gin, rum and tequila; custom product creation, bottling, distribution and inventory management",,0,0,Anthony Moniello — CEO,,https://www.nextcenturyspirits.com/about-us; https://www.just-drinks.com/interviews/nue-vodka-is-a-powerhouse-brand-with-untapped-potential-next-century-spirits-ceo-talks-building-a-spirit-portfolio/; https://www.comanufacturers.com/products/next-century-spirits-comanufacturer-profile,not contacted,,,
1332,0,Nor-Cal Beverage Co.,confirmed co-man (public sweep),beverage,West Sacramento,CA,https://www.norcalbev.com/,,,,,,"Founded 1937; billed as the largest independent contract packager west of the Mississippi; co-packs for Coca-Cola, AriZona, Monster and others; plants in West Sacramento and Anaheim; acquisition by Ma",,0,0,Shannon Deary-Bell — President & CEO,,https://www.bevindustry.com/articles/84796-norcal-beverages-diversified-business; https://www.businesswire.com/news/home/20230926261567/en/Manna-Beverages-Ventures-Announces-Intent-to-Acquire-Nor-Cal-Beverage-Company; https://foodchainmagazine.com/news/nor-cal-beverage-proves-that-bold-decisions-and-hard-work-can-pay-dividends/,not contacted,,,
1333,0,Octopi Brewing,confirmed co-man (public sweep),beverage,Waunakee,WI,https://octopibrewing.com/,,,,,,"Contract beverage manufacturer and co-packer founded 2015; expanded from 65,000 sq ft to over half a million sq ft; acquired by Asahi Europe & International in January 2024; US production home of Asah",,0,0,Isaac Showaki — Founder & President,,https://www.brewbound.com/news/asahi-to-acquire-wisconsin-based-contract-producer-octopi-brewing/; https://wedc.org/octopi-brewing-expands-operations-in-waunakee-with-wedc-support/; https://www.areadevelopment.com/newsItems/10-5-2022/octopi-brewing-waunakee-wisconsin.shtml; https://www.allbiz.com/business/octopi-brewing-608-218-5917,not contacted,,,
1334,0,Ol' Gringo Chile Company,confirmed co-man (public sweep),wet-frozen-supplements,Las Cruces,NM,https://www.olgringos.com,,,,,,"Mother-and-daughter owned (Franzoy farming family, est. 1992) chile sauce/salsa/dressing manufacturer offering small-to-mid batch co-packing, hot-fill and cold-fill",,0,0,Lisa Asel — Co-Owner,,https://www.olgringos.com/ourstory;https://www.olgringos.com/copacking;https://www.bbb.org/us/nm/las-cruces/profile/food-manufacturer/ol-gringo-chile-products-inc-0806-40109,not contacted,,,
1335,0,Paris Brothers,confirmed co-man (public sweep),wet-frozen-supplements,Kansas City,MO,https://parisbrothers.com,,~93 (RocketReach est.),,,,"Family-owned Kansas City specialty foods company founded 1983; co-packing, private labeling, automated bottling and supply-chain services; distributes 3,500+ food items",,0,0,Joe Paris — Co-founder,,https://parisbrothers.com/;https://rocketreach.co/paris-brothers-inc-profile_b5ccc854f42e0af5;https://www.comanufacturers.com/products/paris-brothers-inc-comanufacturer-profile,not contacted,,,
1336,0,Penn Dairy,confirmed co-man (public sweep),wet-frozen-supplements,Winfield,PA,https://penndairy.com,,,,,,"Specialized yogurt/cheese manufacturer and dairy co-packer (Mediterranean yogurt, kefir, drinkable yogurt, custom cheese); formerly Penn Cheese, converted to yogurt under new ownership",,0,0,Murat Hokka — Director,Jon Weber — General Manager,https://penndairy.com/about/;https://www.lancasterfarming.com/farming-news/dairy/cheese-making-facility-transitions-to-yogurt-making-and-experiences-tremendous-growth/article_5db7e400-4770-5c8b-beef-e549fa0ef3b6.html,not contacted,,,
1337,0,Portland Bottling Company,confirmed co-man (public sweep),beverage,Portland,OR,https://www.portlandbottling.com/,,76 (ZoomInfo),,,,"Non-alcoholic beverage co-packer founded 1924; contract canning at up to 1,450 cans per minute plus cartoning, multi-packing, repacking, 3PL and warehousing; acquired by Ed Maletis' Limnes Bottling Ac",,0,0,Ed Maletis — Chairman & Owner,,https://www.portlandbottling.com/about-us/; https://www.portlandbottling.com/contact-us/; https://www.globenewswire.com/news-release/2016/11/01/1312592/0/en/Ed-Maletis-and-family-acquire-100-year-old-Portland-Bottling-Co.html; https://www.zoominfo.com/c/portland-bottling-co/347414757,not contacted,,,
1338,0,Premium Waters Inc.,confirmed co-man (public sweep),beverage,Minneapolis,MN,https://premiumwaters.com/,,,,,,"Bottled water company offering private and custom label bottled water plus home/office delivery; multiple plants nationwide; HQ at 2100 Summer St NE, Minneapolis",,0,0,Joseph Shankland — President,,https://premiumwaters.com/about-us/; https://www.zoominfo.com/p/Joseph-Shankland/2612027591; https://bottledwater.org/guide/premium-waters-inc/,not contacted,,,
1339,0,Reykjavik Creamery,confirmed co-man (public sweep),wet-frozen-supplements,Newville,PA,https://reykjavikcreamery.com,,,,,,"Contract manufacturer of cultured dairy (Icelandic skyr, Greek yogurt, quark) founded 2016 on a 400-acre Cumberland Valley organic dairy farm",,0,0,Gunnar Birgisson — Founder,,https://reykjavikcreamery.com/;https://www.inquirer.com/business/pennsylvania-icelandic-yogurt-skyr-creamery-immigration-20211121.html;https://wonnda.com/suppliers/reykjavik-creamery/,not contacted,,,
1340,0,Richmond Baking Company,confirmed co-man (public sweep),snack-bakery,Richmond,IN,https://www.richmondbaking.com,,,,,,Oldest family-owned cookie and cracker bakery in the US (est. 1902); contract baking and private label; sister company of More Than A Bakery,,0,0,Bill Quigg — President,,https://www.gray.com/insights/more-than-a-bakery-breaks-ground-on-kentucky-manufacturing-facility/;https://commercialbaking.com/more-than-a-bakerys-origin-and-operational-development/,not contacted,,,
1341,0,Rise Baking Company,confirmed co-man (public sweep),snack-bakery,Minneapolis,MN,https://www.risebakingcompany.com,,"1,001-5,000 (LinkedIn)",,,,"Platinum Equity/Butterfly-owned supplier of cookies, crispy bars, pies, cakes to in-store bakery and foodservice; 10 acquisitions since 2013",,0,0,Mark McNeil — CEO,,https://www.bakingbusiness.com/articles/65558-rise-baking-names-mark-mcneil-as-ceo;https://www.prnewswire.com/news-releases/rise-baking-company-appoints-mark-mcneil-as-chief-executive-officer-302670693.html;https://www.linkedin.com/company/rise-baking-company,not contacted,,,
1342,0,Robinson Pharma,confirmed co-man (public sweep),wet-frozen-supplements,Santa Ana,CA,https://www.robinsonpharma.com,,~880 (2022),,,,"Founder-owned contract manufacturer of softgels, tablets, capsules, powders and liquids; founded 1989; claims largest US softgel capacity",,0,0,Tuong Nguyen — Founder & CEO,,https://www.robinsonpharma.com/;https://www.owler.com/company/robinsonpharma;https://tracxn.com/d/companies/robinsonpharma/__xQKDz1Rv5TIxG8Se5MHUoP8fXiNxL1rnTzuc6C-CT6c,not contacted,,,
1343,0,Ron's Home Style Foods,confirmed co-man (public sweep),wet-frozen-supplements,Houston,TX,https://ronsfoods.com,$15.5M (RocketReach est. 2025),~51 (2025),,,,"Family-owned since 1985; freshly prepared home-style deli salads, dips, frozen sides and entrees under USDA/FDA inspection; co-packing and private label",,0,0,Steve Woodall — President,Brandon Woodall — Vice President,https://ronsfoods.com/;https://rocketreach.co/rons-home-style-foods-profile_b5ee1c6af42e74e6;https://www.linkedin.com/in/brandon-woodall-08625930/,not contacted,,,
1344,0,Roskam Foods,confirmed co-man (public sweep),snack-bakery,Grand Rapids,MI,https://roskamfoods.com,$250M-$500M+ (sources conflict),"~1,800 (RocketReach/LinkedIn range 1,001-5,000)",,,,"Contract manufacturer (est. 1923) of shelf-stable, frozen and refrigerated foods; 2M+ sq ft, 50 lines, 8 facilities; e2p-backed",,0,0,Miguel Moreno Munera — CEO,,https://roskamfoods.com/about-us/;https://www.fox17online.com/news/local-news/grand-rapids/roskam-foods-ceo-among-top-25-most-influential-latinos-in-west-michigan;https://www.comanufacturers.com/products/roskam-foods-comanufacturer-profile,not contacted,,,
1345,0,SMP Nutra (Supplement Manufacturing Partner),confirmed co-man (public sweep),wet-frozen-supplements,Deer Park,NY,https://smpnutra.com,,,,,,"GMP-certified, FDA-registered supplement contract manufacturer (capsules, tablets, powders, gummies); 155,000 sq ft NY facility; announced new 100,000+ sq ft HQ in Largo FL June 2025",,0,0,,,https://smpnutra.com/;https://www.bbb.org/us/ny/edgewood/profile/pharmaceutical-manufacturing/supplement-manufacturing-partners-inc-0121-87147172,not contacted,,,
1346,0,Sandridge Crafted Foods,confirmed co-man (public sweep),wet-frozen-supplements,Medina,OH,https://sandridge.com,$222.5M (RocketReach est.),~434 (RocketReach est.),,,,"Family-owned manufacturer of fresh refrigerated soups, deli salads, dips, sides and entrees; private label, co-pack and meal assembly for retail, deli, foodservice",,0,0,Mark Sandridge — CEO (since 1997),Jordan Sandridge — Co-President,https://sandridge.com/about-us/;https://rocketreach.co/sandridge-crafted-foods-profile_b5c4263df42e0deb;https://foodchainmagazine.com/sandridge-crafted-foods-delivering-consistency-in-a-complex-fresh-food-landscape/,not contacted,,,
1347,0,Sconza Chocolates,confirmed co-man (public sweep),snack-bakery,Oakdale,CA,https://sconza.com,,,,,,"Fourth-generation family confectioner (est. 1939): chocolate panning, contract manufacturing; 500,000 sq ft plant",,0,0,Ron Sconza — President & CEO,,https://sconza.com/pages/about;https://candyusa.com/cst/sconza-chocolates-the-industrys-best-kept-secret/;https://www.smartbrief.com/original/qa-sconza-chocolates-builds-on-85-years-of-success-while-innovating-for-the-future,not contacted,,,
1348,0,Scott Brothers Dairy,confirmed co-man (public sweep),wet-frozen-supplements,Chino,CA,https://www.scottbrothers.com,,,,,,"Fourth-generation family dairy (est. 1913); private-label and co-pack ice cream, frozen yogurt, sour cream and cultured dairy; farm in San Jacinto, processing in Chino",,0,0,Brad Scott — Farm Manager / 4th-generation family owner,,https://www.scottbrothersdairy.com/our-history.html;https://scottbrothers.com/about-us.html;https://www.scottbrothersdairy.com/yogurt.html,not contacted,,,
1349,0,Sleeping Giant Brewing Company,confirmed co-man (public sweep),beverage,Denver,CO,https://sleepinggiantbrewing.com/,,,,,,"Dedicated contract brewery founded 2015 (no own brands); first dedicated contract brewing company west of the Mississippi; clients have included Boulder Beer, Backcountry Brewing, Dog Tag Brewing, Sto",,0,0,Matthew Osterman — Founder,,https://sleepinggiantbrewing.com/; https://www.brewbound.com/news/sleeping-giant-founder-optimistic-about-growth-of-contract-brewing/; https://www.westword.com/food-drink/sleeping-giant-the-largest-denver-brewery-youve-never-heard-of-is-getting-even-bigger-9402269/,not contacted,,,
1350,0,Snackwerks,confirmed co-man (public sweep),snack-bakery,Battle Creek,MI,,,,,,,"Contract manufacturer of rotary-molded and wire-cut cookies, bites, bars and granola; 40,000 sq ft plant; acquired 2025 into Artisan Bakery (HC Private Investments)",,0,0,Kirk Trofholz — Executive Chairman (Artisan Bakery),,https://www.bakingbusiness.com/articles/64068-artisan-bakery-formed-to-acquire-baked-snack-dessert-assets;https://www.businesswire.com/news/home/20250619351524/en/HC-Private-Investments-Launches-Artisan-Bakery-With-the-Acquisitions-of-Snackwerks-and-Specialty-Bakers;https://www.nosh.com/news/2025/pe-firm-acquires-snackwerks-specialty-bakers-to-form-artisan-bakery,not contacted,,,
1351,0,Sokol Custom Food Ingredients (Sokol & Company),confirmed co-man (public sweep),wet-frozen-supplements,Countryside,IL,https://www.sokolcustomfoods.com,,100+,,,,"Wet-fill liquid food ingredient manufacturer founded 1895 (sweet/savory sauces, almond paste, dressings, marinades, glazes, fillings); SQF Level III; PE-owned 2022-2025 (Burlington Capital Partners), ",,0,0,Shawn Sullivan — CEO,Michael Novak — COO,https://peprofessional.com/2025/02/burlington-sells-sokol-to-french-strategic-buyer-solina/;https://sbia.org/2024/02/27/sokol-company-countryside-il/;https://markets.financialcontent.com/thepilotnews/article/accwirecq-2022-9-1-gladstone-capital-corporation-partners-with-burlington-capital-partners-in-connection-with-acquisition-of-sokol-and-company,not contacted,,,
1352,0,Spicin Foods (formerly Original Juan),confirmed co-man (public sweep),wet-frozen-supplements,Kansas City,KS,https://spicinfoods.com,,51-200 (ZoomInfo),,,,"Co-packer/private-label manufacturer of hot sauces, salsas, BBQ sauces, dips since 1998; 60,000 sq ft plant; produces 1,500+ products for 100+ companies",,0,0,Scott Morse — CEO,,https://spicinfoods.com/about/;https://www.zoominfo.com/c/spicin-foods/464967627,not contacted,,,
1353,0,Sprecher Brewing Co.,confirmed co-man (public sweep),beverage,Glendale,WI,https://sprecherbrewery.com/,,160 (2023 press),,,,"Craft brewery (founded 1985) and full-service contract manufacturer/co-packer of craft sodas, beer and other beverages; bottling line, can line and expanded warehouse; acquired Excent LLC packaging op",,0,0,Sharad Chadha — President & CEO,,https://sprecherbrewery.com/pages/co-packing; https://biztimes.com/sharad-chadha-wisconsin275/; https://www.visitmilwaukee.org/good-things-brewing/milwaukee-made/milwaukee-made-s1e2/qa-sharad-chadha/; https://fabwisconsin.com/2023/10/17/sprecher-brewing-co-adds-warehouse-packaging-operations-with-acquisition/,not contacted,,,
1354,0,Sprinkk,confirmed co-man (public sweep),snack-bakery,Omaha,NE,https://www.sprinkk.com,,,,,,"Candy R&D lab (Omaha) and flexible contract manufacturing facility (Albion NE): gummies, hard candy, caramels, taffy; founded 2019 by ex-Ferrara innovation lead",,0,0,Tessa Porter — Founder & President,,https://www.sprinkk.com/about;https://siliconprairienews.com/2024/07/sprinkk-launches-innovative-rd-lab-factory-to-boost-candy-startups/;https://www.confectionerynews.com/Article/2024/05/13/new-us-candy-lab-and-factory-set-to-transform-the-wonka-landscape/,not contacted,,,
1355,0,Steuben Foods,confirmed co-man (public sweep),beverage,Elma,NY,https://steubenfoods.com/,$253.1M (RocketReach estimate),262 (RocketReach) - 700+ (company statements),,,,"Family-owned low-acid aseptic contract manufacturer; aseptic beverage processing spanning contract manufacturing, private label, food service and branded businesses",,0,0,,,https://steubenfoods.com/; https://rocketreach.co/steuben-foods-inc-profile_b5c2bd29f42e0edf; https://wblk.com/steuben-foods-growth/,not contacted,,,
1356,0,Stevens Point Brewery,confirmed co-man (public sweep),beverage,Stevens Point,WI,https://www.pointbeer.com/,,,,,,"Independent brewery (est. 1857) offering contract brewing/co-packing of beer, NA beer, cider, soda, RTDs, teas and hard seltzers in cans, longneck bottles and kegs; 2025 investment in BrewVo dealcohol",,0,0,Joe Martino — Operating Partner,Mike Schraufnagel — Brewmaster,https://www.pointbeer.com/co-packing/; https://www.brewersassociation.org/member-news/stevens-point-brewery-makes-landmark-investment-in-non-alcoholic-future-opens-capacity-to-contract-customers/; https://www.pointbeer.com/about/,not contacted,,,
1357,0,Tandem Foods,confirmed co-man (public sweep),snack-bakery,Pittsburgh,PA,https://tandemfoods.com,,"1,000+ at Bar Bakers unit alone",,,,"Contract manufacturer of better-for-you snacks (nutrition bars, chocolate, granola); formed from 2024 merger of TruFood Manufacturing and Bar Bakers; Mubadala Capital-backed; 8 plants",,0,0,Michael Buick — CEO,Gary Jacobs — COO,https://www.foodbusinessnews.net/articles/27508-merger-creates-tandem-foods;https://www.snackandbakery.com/articles/112848-trufood-bar-bakers-unite-as-tandem-foods;https://tandemfoods.com/trufood-and-bar-bakers-unite-as-tandem-foods-redefining-customer-partnership-in-the-better-for-you-snack-industry/,not contacted,,,
1358,0,The Brewing Projekt,confirmed co-man (public sweep),beverage,Eau Claire,WI,https://www.thebrewingprojekt.com/,,,,,,Eau Claire craft brewery (founded 2014) offering Wisconsin contract brewing and contract beverage production,,0,0,William Glass — Founder & Owner,,https://www.thebrewingprojekt.com/contract-production; https://volumeone.org/news/2016/01/06/253237-brewing-projekt-sets-sights-on-cannery-district; https://www.kickstarter.com/projects/williameglass/the-brewing-projekt,not contacted,,,
1359,0,US Beverage Packers,confirmed co-man (public sweep),beverage,Keasbey,NJ,https://www.usbevpack.com/,,,,,,"RTD beverage co-packer; 650,000 sq ft plant in Raritan Center Business Park with 5 filling lines (cans, bottles, jugs), hot fill and cold fill, tunnel pasteurization in Keasbey and Edison NJ; packages",,0,0,,,https://www.usbevpack.com/about; https://www.usbevpack.com/capabilities; https://www.crunchbase.com/organization/us-beverage-packers,not contacted,,,
1360,0,Universal Frozen Food,confirmed co-man (public sweep),wet-frozen-supplements,Brooklyn,NY,https://universalfrozenfood.com,,,,,,"Family-owned Brooklyn frozen food manufacturer: raw, cooked and fried products; co-packing under client labels plus R&D",,0,0,,,https://universalfrozenfood.com/about-us;https://www.zoominfo.com/c/universal-frozen-food-inc/462387854,not contacted,,,
1361,0,Walker's Fresh Foods (Walker's Food Products),confirmed co-man (public sweep),wet-frozen-supplements,North Kansas City,MO,https://walkersfoodproducts.com,,,,,,"Family-owned since 1947; 100+ refrigerated deli salads, sides, dips and desserts; private label/co-packing for restaurants, grocers, foodservice (~75% foodservice)",,0,0,Michael Stinson — COO & Director of Sales,,https://walkersfoodproducts.com/co-packing/;https://www.supermarketperimeter.com/articles/2597-walker-s-fresh-foods-thrives-with-regional-approach;https://copackconnect.com/parking-spaces/walkers-food-products/,not contacted,,,
1362,0,YouBar (You Bar Inc.),confirmed co-man (public sweep),snack-bakery,Los Angeles,CA,https://youbars.com,,,,,,"Custom nutrition-bar and functional-snack contract manufacturer (est. 2006); up to 500,000 bars/day capacity across LA-area plants",,0,0,Anthony Flynn — Founder & CEO,,https://en.wikipedia.org/wiki/You_Bar;https://youbars.com/pages/bar-manufacturing-and-co-packing;https://partnerslate.com/learningcenter/cookie-manufacturers-suppliers-united-states/,not contacted,,,
1363,0,Ameripack Foods,confirmed co-man (public sweep),wet-frozen-supplements,Hughes Springs,TX,https://ameripackfoods.com,,51-250 (ZoomInfo),,,,"Private-label/custom-brand co-packer of ready-to-cook fresh and frozen foods; USDA & FDA certified, SQF/GFSI audited; 57,000 sq ft plant; clients include HEB, Kroger, Sysco, US Foods",,0,0,,,https://ameripackfoods.com/;https://www.zoominfo.com/c/ameripack-foods-llc/367093757;https://www.fsis.usda.gov/inspection/fsis-inspected-establishments/ameripack-foods-llc,not contacted,,,
1364,0,Best Maid Cookie Company,confirmed co-man (public sweep),snack-bakery,River Falls,WI,https://www.risebakingcompany.com/brands/best-maid/,,~93 (Indeed listing base),,,,Frozen gourmet cookie manufacturer (est. 1943) doing custom-formulated and pre-portioned cookie products; now a Rise Baking Company brand,,0,0,,,https://www.risebakingcompany.com/brands/best-maid/;https://www.linkedin.com/company/best-maid-cookie-co;https://vermillioncap.com/case-studies/best-maid-cookie-company/,not contacted,,,
1365,0,BetterBeverages (formerly Rocky Mountain Cultures),confirmed co-man (public sweep),beverage,Gypsum,CO,,,,,,,"Co-packer of organic functional beverages - kombucha, jun, tepache and other fermented RTDs in glass and cans; mountain spring water source in Gypsum CO; acquired by HTL Investments and rebranded Bett",,0,0,,,https://www.bevnet.com/pr/2025/02/21/htl-investments-acquires-rocky-mountain-cultures-rebrands-as-betterbeverages; https://kombuchabrewers.org/company_membership/rocky-mountain-cultures-co/; https://www.nosh.com/supplierfinder/rocky-mountain-cultures,not contacted,,,
1366,0,Big Boss Baking Company (Granola Co-Packer),confirmed co-man (public sweep),snack-bakery,High Point,NC,https://www.granolacopacker.com,,,,,,Granola-only private label and co-packing manufacturer serving startups to major grocery retailers,,0,0,,,https://www.granolacopacker.com/;https://www.granolacopacker.com/about-us,not contacted,,,
1367,0,BrewDog USA,confirmed co-man (public sweep),beverage,Canal Winchester,OH,https://usa.brewdog.com/,,,,,,"100,000 sq ft production brewery with 170-barrel brewhouse offering contract brewing; 1,500 bbl minimum annual commitment up to 60,000 bbl; 150,000+ bbl annual capacity; HACCP and full QA lab; US oper",,0,0,,,https://usa.brewdog.com/pages/contract-brewing; https://ohiocraftbeer.org/breweries/brewdog-usa-inc/; https://www.aol.com/articles/brewdogs-us-operations-sold-owner-191633404.html,not contacted,,,
1368,0,California Custom Beverage,confirmed co-man (public sweep),beverage,City of Industry,CA,https://calcustombev.com/,,,,,,"Contract beverage manufacturer (40+ years experience claimed); sourcing, formulation, blending, filling and packaging of coffee, tea, kombucha, sparkling water, energy and functional drinks; glass and",,0,0,,,https://calcustombev.com/; https://www.keychain.com/manufacturer/kombucha-california; https://www.comanufacturers.com/products/california-custom-beverage-comanufacturer-profile,not contacted,,,
1369,0,Century Foods International,confirmed co-man (public sweep),snack-bakery,Sparta,WI,https://www.centuryfoods.com,,~450,,,,"Hormel Foods subsidiary; contract manufacturer of nutritional powders, dairy/vegetable protein blends and RTD products; 4 plants",,0,0,,,https://www.centuryfoods.com/;https://www.hormelfoods.com/careers/career-center/our-locations/century-foods-international/;https://www.comanufacturers.com/products/century-foods-international-comanufacturer-profile,not contacted,,,
1370,0,Coalition Foods,confirmed co-man (public sweep),snack-bakery,Nashville,TN,https://coalitionfoods.com,,,,,,"Contract manufacturer and product development house for snack and nutrition bars, powders and mixes; SQF Level 3 facility near Nashville",,0,0,,,https://coalitionfoods.com/;https://coalitionfoods.com/about-us/;https://pitchbook.com/profiles/company/747969-58,not contacted,,,
1371,0,Cpack Manufacturing (Complete Packaging & Manufacturing),confirmed co-man (public sweep),wet-frozen-supplements,Orem,UT,https://cpackmanufacturing.com,,,,,,"Full-service dietary supplement contract manufacturer founded 1999; FDA-registered, cGMP, USDA Organic certified; capsules, gummies, powders, softgels, liquids",,0,0,,,https://cpackmanufacturing.com/,not contacted,,,
1372,0,Darlington Snacks,confirmed co-man (public sweep),snack-bakery,Indianapolis,IN,https://darlingtonsnacks.com,,,,,,"Family-owned commercial bakery making breakfast bars, crackers, cookies and fruit snacks for foodservice and contract customers; plants in Indianapolis IN and Joplin MO",,0,0,,,https://darlingtonsnacks.com/about/;https://www.snackandbakery.com/articles/89634-darlington-creates-new-manufacturing-division,not contacted,,,
1373,0,Dillman Farm,confirmed co-man (public sweep),wet-frozen-supplements,Bloomington,IN,https://dillmanfarm.com,,,,,,"Family-owned since 1970; private-label jams, jellies, preserves, fruit butters, mustards, dressings and BBQ sauces with low minimums; kosher-certified facility",,0,0,,,https://dillmanfarm.com/pages/private-label-jams-jellies-preserves;https://dillmanfarm.com/pages/private-labeling,not contacted,,,
1374,0,Florida Caribbean Distillers,confirmed co-man (public sweep),beverage,Auburndale,FL,https://www.floridadistillers.com/,,,,,,"Established 1943; two distilleries, winery, brewery and ~200,000 sq ft bottling facility in Polk County; one of the largest contract bottlers in the Southeast (15M+ cases/yr); hot fill, HTST, carbonat",,0,0,,,https://www.floridadistillers.com/our-company; https://www.distillerytrail.com/suppliers/listing/florida-caribbean-distillers/; https://ibwsshow.com/en/blog/producer-profiles-67/florida-caribbean-distillers-125.htm,not contacted,,,
1375,0,G3 Enterprises,confirmed co-man (public sweep),beverage,Modesto,CA,https://www.g3enterprises.com/,,,,,,"Gallo-family-founded packaging and logistics company; contract bottling for wine, spirits and RTD beverages incl. mobile bottling, four bottling lines, labels, closures and logistics; 4.6M sq ft acros",,0,0,,,https://www.g3enterprises.com/services/bottling-services; https://wineindustryadvisor.com/2020/01/29/g3-enterprises-expands-offerings-locations/; https://manufacturing-today.com/news/g3-enterprises/,not contacted,,,
1376,0,Grover Processing,confirmed co-man (public sweep),wet-frozen-supplements,Summerdale,AL,https://groverprocessing.com,,,,,,"Co-packer of BBQ sauces, marinades, salsas, hot sauces, salad dressings and syrups; specializes in acidic products",,0,0,,,https://groverprocessing.com/pages/co-packing;https://www.dnb.com/business-directory/company-profiles.grover_processing_inc.e37415e2004926a2d986db5c64db83b0.html,not contacted,,,
1377,0,INW Capstone Nutrition,confirmed co-man (public sweep),wet-frozen-supplements,Ogden,UT,https://www.inwmfg.com/network/capstone-nutrition/,,~381 (2019),,,,"Full-service supplement developer/manufacturer (capsules, tablets, powders) founded 1989; formerly PE-owned (Brightstar Capital), acquired by INW platform June 2021",,0,0,,,https://www.inwmfg.com/network/capstone-nutrition/;https://www.ogdenweberchamber.com/innovations-in-nutrition-wellness-acquires-capstone-nutrition/;https://www.nutraingredients.com/Article/2019/09/04/Private-equity-deal-shows-interest-in-contract-manufacturing-remains-high/,not contacted,,,
1378,0,Inn Foods,confirmed co-man (public sweep),wet-frozen-supplements,Watsonville,CA,https://www.innfoods.com,,,,,,"Frozen food co-manufacturer/private-label packer since 1976 (frozen vegetables, fruits, blends); USDA meat & poultry approved; part of The VPS Companies",,0,0,,,https://www.innfoods.com/contract-manufacturing;https://www.industrynet.com/listing/3754894/inn-foods-inc,not contacted,,,
1379,0,Jasper Products,confirmed co-man (public sweep),beverage,Joplin,MO,https://www.jasperproducts.com/,,~800 (2025 press),,,,"Aseptic beverage co-packer (production since 2000, part of Stremicks Heritage Foods); dairy, soy, almond, oat, juice, sport/nutrition beverages, creamers and teas; ~90 truckloads shipped daily; 2.7M s",,0,0,,,https://www.jasperproducts.com/; https://en.edairynews.com/aseptic-giant-hits-25-years-the-future-of-shelf-stable-dairy/; https://www.heritage-foods.com/jasper/; https://joplinbusinessoutlook.com/2025/10/08/jasper-products-and-dairy-farmers-of-america-celebrate-25-year-partnership/,not contacted,,,
1380,0,Max's Kitchen,confirmed co-man (public sweep),wet-frozen-supplements,Modesto,CA,https://maxskitchensf.com,,,,,,"Family-owned custom foods/kettle co-packer (sauces, dressings, marinades, soups); 25,000 sq ft Modesto plant, 40,000 lbs kettle product per shift; 30+ yrs foodservice experience",,0,0,,,https://maxskitchensf.com/;https://www.bizapedia.com/ca/maxs-kitchen-llc.html,not contacted,,,
1381,0,Midwest Custom Bottling,confirmed co-man (public sweep),beverage,Pewaukee,WI,https://www.bottlingllc.com/,,,,,,"Contract bottler/co-packer for spirits and bonded winery products; blending, storage, packaging, recipe design and ingredient sourcing; produces RumChata cream liqueur; located at N27 W23921 Paul Rd",,0,0,,,https://www.bottlingllc.com/; https://www.unisco.com/importers/midwest-custom-bottling-llc; https://en.wikipedia.org/wiki/RumChata,not contacted,,,
1382,0,PacMoore Products,confirmed co-man (public sweep),snack-bakery,Hammond,IN,https://www.pacmoore.com,$126.6M (per search aggregator),~145,,,,"Privately held contract manufacturer: dry blending, extrusion, spray drying, repackaging; plants in Hammond and Mooresville IN; BRC-certified",,0,0,,,https://www.pacmoore.com/;https://pitchbook.com/profiles/company/483177-88;https://www.zoominfo.com/c/pacmoore-products-inc/89786993,not contacted,,,
1383,0,Ripon Pickle Co.,confirmed co-man (public sweep),wet-frozen-supplements,Ripon,WI,https://riponpickle.com,,~7 (ZoomInfo),,,,"Family- and locally-owned since 1971; commercial contract manufacturing of pickled vegetables, relishes and custom brines; kosher certified",,0,0,,,https://riponpickle.com/about;https://www.zoominfo.com/c/ripon-pickle-co/359051956,not contacted,,,
1384,0,SnackCo of America,confirmed co-man (public sweep),snack-bakery,Clearfield,UT,https://www.snackco.com,,,,,,"Kettle/batch-cooked potato chip, tortilla chip, popcorn and pellet/extruded snack co-packer; owned by Hansen family (Sweden)",,0,0,,,https://www.snackco.com/;https://www.comanufacturers.com/products/snack-co-comanufacturer-profile;https://www.potatopro.com/companies/snackco-america,not contacted,,,
1385,0,Sonoma Farm Co-Packing,confirmed co-man (public sweep),wet-frozen-supplements,Shelby,IN,https://sonomafarmcopacking.com,,,,,,"Small family-owned FDA-certified co-packer (est. 2005) for sauces, dressings, olive-oil products and dips; small-batch, hands-on; sister company of Sonoma Farm",,0,0,,,https://sonomafarmcopacking.com/about-us/;https://www.sonomafarm.com/sister-companies/,not contacted,,,
1386,0,Southeast Bottling & Beverage,confirmed co-man (public sweep),beverage,Dade City,FL,http://www.southeast-bottling.com/,,,,,,Beverage co-packer with hot-fill and cold-fill bottling operations,,0,0,,,http://www.southeast-bottling.com/; https://rocketreach.co/southeast-bottling-beverage-profile_b5c9eb7df42e3117; https://www.owler.com/company/southeast-bottling,not contacted,,,
1387,0,SternMaid America,confirmed co-man (public sweep),snack-bakery,Aurora,IL,,,,,,,"Contract manufacturer/toll blender of powdered food, supplement and pharma products; part of Germany's Stern-Wywiol Gruppe",,0,0,,,https://www.thomasnet.com/company/sternmaid-america-llc-30843100/profile;https://www.fdbusiness.com/the-contract-manufacturer-sternmaid-america-gets-started-in-chicago/;https://www.linkedin.com/company/sternmaid-america-llc,not contacted,,,
1388,0,Sun Orchard,confirmed co-man (public sweep),beverage,Tempe,AZ,https://sunorchard.com/,,,,,,"Citrus juice processor founded 1984; SQF-certified plants in Tempe AZ and Haines City FL; custom and private-label juice programs for foodservice, retail and beverage manufacturers",,0,0,,,https://sunorchard.com/who-we-are/; https://sunorchard.com/manufacturing-distribution/; https://www.industrynet.com/listing/356003/sun-orchard-llc,not contacted,,,
1389,0,Surly Brewing Co. (D-9 Co-Packing),confirmed co-man (public sweep),beverage,Minneapolis,MN,https://surlybrewing.com/,,,,,,"Craft brewery with contract brewing/co-packing business across two production facilities (Minneapolis and Brooklyn Center MN); batches 60-600 BBL; canning up to 250 cans/min in 12/16/19.2 oz; 60,000 s",,0,0,,,https://surlybrewing.com/contract-brewing/; https://beernet.com/cbd/cbd-article/surly-overhauls-production-facility-as-d-9-co-packing-biz-ramps-up/,not contacted,,,
1390,0,The Nations Brewing Co.,confirmed co-man (public sweep),beverage,Nashville,TN,https://www.thenationsbrewing.com/,,,,,,"Nashville brewery providing contract brewing/co-packing for beer, hard seltzer and non-alcoholic beverages; formulation, production and packaging; 400-case minimum scalable to truckload; owns Fat Bott",,0,0,,,https://www.thenationsbrewing.com/contract-brewing; https://www.nombase.com/companies/the-nations-brewing-co; https://www.linkedin.com/company/the-nations-brewing-co,not contacted,,,
1391,0,The Warrell Corporation,confirmed co-man (public sweep),snack-bakery,Camp Hill,PA,,"$40.5M (2026, RocketReach)",,,,,"Confectionery contract manufacturer (Pennsylvania Dutch, Katharine Beecher brands, private label); acquired by Wolfgang Confectioners",,0,0,,,https://en.wikipedia.org/wiki/The_Warrell_Corporation;https://www.cpbj.com/wolfgang-confectioners-expands-with-acquisition-of-warrell-corporation/;https://rocketreach.co/the-warrell-corporation-profile_b5dfc8f9f42e4965,not contacted,,,
1392,0,Waco Bottling Co.,confirmed co-man (public sweep),beverage,Woodway,TX,https://www.wacobottling.com/,,,,,,"Co-packer established 2016; 70,000 sq ft SQF Level 2 facility for hot-fill and cold-fill bottling of beverages, energy shots and juices plus powder blending and shrink-sleeve labeling; containers from",,0,0,,,https://www.wacobottling.com/; https://www.zoominfo.com/c/waco-bottling/424002939; https://www.nombase.com/companies/waco-bottling-co,not contacted,,,
1393,0,Zachary Confections,confirmed co-man (public sweep),snack-bakery,Frankfort,IN,https://www.zacharyconfections.com,$10M-$50M (ZoomInfo via search),51-250,,,,"Family-owned (est. 1950) chocolate/confection manufacturer offering private label, contract packing and seasonal packaging",,0,0,,,https://www.zacharyconfections.com/history;https://www.comanufacturers.com/products/zachary-confections-inc-comanufacturer-profile;https://www.zoominfo.com/c/zachary-confections-inc/195346765,not contacted,,,
