rank,score,company_name,coman_status,segment,city,state,website,sales_usd,employees_total,ownership_type,parent_company,naics,business_description,best_contact_from_hoovers,n_contacts,n_with_email,key_person_public,key_person_2_public,source_urls,rationale,outreach_status,mergent_email,mergent_phone,notes
1,7,"A. Zerega's Sons, Inc.",unclassified food/bev mfr,,Fair Lawn,New Jersey,http://www.zerega.com,2.3007849E7,200,Private,Philadelphia Macaroni Company,311999,"A. Zerega's Sons, Inc. is primarily engaged in manufacturing prepared foods and miscellaneous food specialties, not elsewhere classified, such as baking powder, yeast, and other leavening compounds; p",Robert Vermylen — Vice President,3,2,,,,co-man status UNKNOWN — needs website check; 2 email(s) in Hoovers; mid-market size fit; Northeast,not contacted,,,
2,7,"Al and John, Inc.",unclassified food/bev mfr,,Caldwell,New Jersey,http://www.glenrockhams.com,2.7378147E7,300,Private,,311612,"Al And John, Inc. is primarily engaged in manufacturing sausages, cured meats, smoked meats, canned meats, frozen meats, and other prepared meats and meat specialties, from purchased carcasses and oth",Alexander Oldja — President,3,2,,,,co-man status UNKNOWN — needs website check; 2 email(s) in Hoovers; mid-market size fit; Northeast,not contacted,,,
3,7,"Allen Flavors, Inc.",unclassified food/bev mfr,,South Plainfield,New Jersey,http://www.allenflavors.com,2.365509E7,115,Private,"Allen Flavors, Inc.",311942,"Allen Flavors, Inc. is primarily engaged in manufacturing flavoring extracts, syrups, powders, and related products, not elsewhere classified, for soda fountain use or for the manufacture of soft drin",Sal Brucato — Chief Operating Officer,3,3,,,,co-man status UNKNOWN — needs website check; 3 email(s) in Hoovers; mid-market size fit; Northeast,not contacted,,,
4,7,B & B Poultry Co Inc,unclassified food/bev mfr,,Elmer,New Jersey,http://www.bbpoultry.com,2.3967476E7,175,Private,,311615,"B & B Poultry Co Inc is primarily engaged in slaughtering, dressing, packing, freezing, and canning poultry, rabbits, and other small game, or in manufacturing products from such meats, for their own ",Mark Fisher — Chief Executive Officer,3,2,,,,co-man status UNKNOWN — needs website check; 2 email(s) in Hoovers; mid-market size fit; Northeast,not contacted,,,
5,7,"B&G Foods North America, Inc.",unclassified food/bev mfr,,Parsippany,New Jersey,http://www.bgfoods.com,4.6042095E7,300,Private,"B&G Foods, Inc.",311612,"B&G Foods North America, Inc. is primarily engaged in manufacturing sausages, cured meats, smoked meats, canned meats, frozen meats, and other prepared meats and meat specialties, from purchased carca",Kenneth Keller — Director President And Chief Executive Officer,3,2,,,,co-man status UNKNOWN — needs website check; 2 email(s) in Hoovers; mid-market size fit; Northeast,not contacted,,,
6,7,"Bakewise Brands, Inc.",unclassified food/bev mfr,,Macedon,New York,http://www.bakewisebrands.com,2.5893177E7,135,Private,"YAMAZAKI BAKING CO., LTD.",445291,"Bakewise Brands, Inc. is primarily engaged in the retail sale of bakery products. The products may be purchased from others or made on the premises.",Aaron Fleischer — Vice President Of Sales,3,2,,,,co-man status UNKNOWN — needs website check; 2 email(s) in Hoovers; mid-market size fit; Northeast,not contacted,,,
7,7,Beech-Nut Nutrition Company,unclassified food/bev mfr,,Amsterdam,New York,http://www.beechnut.com,4.2585739E7,300,Private,Hero AG,311999,"Peas and applesauce -- Beech-Nut Nutrition puts them in jars for baby'slunch or baby's finger-painting. Asone of the topbranded baby food makers (along with Gerber and Heinz), Beech-Nut Nutrition hope",Jeffrey Boutelle — PRESIDENT,3,1,,,,co-man status UNKNOWN — needs website check; 1 email(s) in Hoovers; mid-market size fit; Northeast,not contacted,,,
8,7,"Beverage Distribution Center, Inc.",unclassified food/bev mfr,,Pennsauken,New Jersey,http://www.hongrp.com,4.3877811E7,200,Private,"Beverage Distribution Center, Inc.",312111,"Beverage Distribution Center, Inc. is primarily engaged in manufacturing soft drinks and carbonated waters.",Walter Wilkinson — President,3,2,,,,co-man status UNKNOWN — needs website check; 2 email(s) in Hoovers; mid-market size fit; Northeast,not contacted,,,
9,7,Big Geyser Inc.,unclassified food/bev mfr,,Maspeth,New York,http://www.biggeyser.com,2.2162895E7,300,Private,Big Geyser Inc.,312111,Big Geyser Inc. is primarily engaged in manufacturing soft drinks and carbonated waters.,Jerry Reda — Chief Operating Officer,3,2,,,,co-man status UNKNOWN — needs website check; 2 email(s) in Hoovers; mid-market size fit; Northeast,not contacted,,,
10,7,"Bio-Nutritional Research Group, Inc.",unclassified food/bev mfr,,Parsippany,New Jersey,http://www.powercrunch.com,2.1108791E7,185,Private,,311514,"Bio-Nutritional Research Group, Inc. is primarily engaged in manufacturing dry, condensed, and evaporated dairy products. This also includes manufacturing mixes for the preparation of frozen ice cream",Curtis Steinhaus — Chief Financial Officer,3,2,,,,co-man status UNKNOWN — needs website check; 2 email(s) in Hoovers; mid-market size fit; Northeast,not contacted,,,
11,7,"Bread Alone, Inc.",unclassified food/bev mfr,,Lake Katrine,New York,http://www.breadalone.com,2.1290178E7,100,Private,"Bread Alone, Inc.",445291,"Bread Alone, Inc. is primarily engaged in the retail sale of bakery products. The products may be purchased from others or made on the premises.",Sharon BURNSLEADER — Chief Operating Officer,3,2,,,,co-man status UNKNOWN — needs website check; 2 email(s) in Hoovers; mid-market size fit; Northeast,not contacted,,,
12,7,"CABOT CREAMERY COOPERATIVE, INC.",unclassified food/bev mfr,,Waitsfield,Vermont,http://www.cabotcreamery.com,3.1664392E7,300,Private,"Agri-mark, Inc.",311513,"Cabot Creamery Cooperative, Inc. is primarily engaged in manufacturing natural cheese (except cottage cheese), processed cheese, cheese foods, cheese spreads, and cheese analogs (imitations and substi",Mark Hackett — Principal,3,2,,,,co-man status UNKNOWN — needs website check; 2 email(s) in Hoovers; mid-market size fit; Northeast,not contacted,,,
13,7,"CLINTON'S DITCH CO-OPERATIVE COMPANY, INC.",unclassified food/bev mfr,,Cicero,New York,http://www.clintonsditch.com,4.3568977E7,155,Private,,312111,"Clinton's Ditch Co-Operative Company, Inc. is primarily engaged in manufacturing soft drinks and carbonated waters.",Jonelle BaskinKelley — Chief Financial Officer,3,2,,,,co-man status UNKNOWN — needs website check; 2 email(s) in Hoovers; mid-market size fit; Northeast,not contacted,,,
14,7,"Cafe Spice, LLC",unclassified food/bev mfr,,New Windsor,New York,http://www.cafespice.com,5.3572987E7,200,Private,"Cafe Spice, LLC",311991,"Cafe Spice, Llc is primarily engaged in manufacturing prepared foods and miscellaneous food specialties, not elsewhere classified, such as baking powder, yeast, and other leavening compounds; peanut b",Sameer Malhotra — Chief Executive Officer,3,3,,,,co-man status UNKNOWN — needs website check; 3 email(s) in Hoovers; mid-market size fit; Northeast,not contacted,,,
15,7,"Calise & Sons Bakery, LLC",unclassified food/bev mfr,,Lincoln,Rhode Island,http://www.calisebakery.com,2.8339127E7,185,Private,"Calise & Sons Bakery, LLC",311812,"Calise & Sons Bakery, Llc is primarily engaged in manufacturing fresh or frozen bread and bread-type rolls and fresh cakes, pies, pastries and other similar ""perishable"" bakery products.",Michael Calise — President,3,3,,,,co-man status UNKNOWN — needs website check; 3 email(s) in Hoovers; mid-market size fit; Northeast,not contacted,,,
16,7,"Caribbean Foods Delight, Inc.",unclassified food/bev mfr,,Tappan,New York,http://www.cfdnyinc.com,2.3692505E7,80,Private,,311612,"Caribbean Foods Delight, Inc. is primarily engaged in manufacturing sausages, cured meats, smoked meats, canned meats, frozen meats, and other prepared meats and meat specialties, from purchased carca",Sabrina Simone — chief operating officer,3,2,,,,co-man status UNKNOWN — needs website check; 2 email(s) in Hoovers; mid-market size fit; Northeast,not contacted,,,
17,7,Catania-Spagna Corporation,unclassified food/bev mfr,,Ayer,Massachusetts,http://www.cataniaoils.com,9.473082E7,270,Private,Catania-Spagna Corporation,311225,"Catania-Spagna Corporation is primarily engaged in manufacturing shortening, table oils, margarine, and other edible fats and oils, not elsewhere classified.",Joseph Basile — President,3,2,,,,co-man status UNKNOWN — needs website check; 2 email(s) in Hoovers; mid-market size fit; Northeast,not contacted,,,
18,7,"Catelli Bros., Inc.",unclassified food/bev mfr,,Camden,New Jersey,http://www.catellibrothers.com,3.4348099E7,250,Private,"Catelli Bros., Inc.",311611,"Catelli Bros., Inc. is primarily engaged in the slaughtering, for their own account or on a contract basis for the trade, of cattle, hogs, sheep, lambs, and calves for meat to be sold or to be used on",John Hamberger — Chief Financial Officer,3,2,,,,co-man status UNKNOWN — needs website check; 2 email(s) in Hoovers; mid-market size fit; Northeast,not contacted,,,
19,7,"Ce De Candy, Inc.",unclassified food/bev mfr,,Union,New Jersey,http://www.smarties.com,2.3491222E7,240,Private,"Ce De Candy, Inc.",311340,"Ce De Candy, Inc. is primarily engaged in manufacturing candy, including chocolate candy, other confections, and related products.",Jonathan Dee — President,3,1,,,,co-man status UNKNOWN — needs website check; 1 email(s) in Hoovers; mid-market size fit; Northeast,not contacted,,,
20,7,"Colonna Brothers, Inc.",unclassified food/bev mfr,,North Bergen,New Jersey,http://www.colonnabrothers.com,2.4360674E7,120,Private,"Colonna Brothers, Inc.",311513,"Colonna Brothers, Inc. is primarily engaged in manufacturing natural cheese (except cottage cheese), processed cheese, cheese foods, cheese spreads, and cheese analogs (imitations and substitutes). Th",Dylan Tighe — Chief Operating Officer,3,2,,,,co-man status UNKNOWN — needs website check; 2 email(s) in Hoovers; mid-market size fit; Northeast,not contacted,,,
21,7,"Concord Foods, LLC",unclassified food/bev mfr,,Brockton,Massachusetts,http://www.concordfoods.com,5.0183792E7,218,Private,Sugar Foods LLC,311999,"Concord Foods, Llc is primarily engaged in manufacturing prepared foods and miscellaneous food specialties, not elsewhere classified, such as baking powder, yeast, and other leavening compounds; peanu",James Fanchin — Vice President Sales,3,1,,,,co-man status UNKNOWN — needs website check; 1 email(s) in Hoovers; mid-market size fit; Northeast,not contacted,,,
22,7,"Costanzo's Bakery, LLC",unclassified food/bev mfr,,Buffalo,New York,http://www.costanzosbakery.com,2.4212076E7,130,Private,,311812,"Costanzo's Bakery, Llc is primarily engaged in manufacturing fresh or frozen bread and bread-type rolls and fresh cakes, pies, pastries and other similar ""perishable"" bakery products.",Robert Pavone — Chief Financial Officer,3,3,,,,co-man status UNKNOWN — needs website check; 3 email(s) in Hoovers; mid-market size fit; Northeast,not contacted,,,
23,7,"Cumberland Dairy, LLC",unclassified food/bev mfr,,Rosenhayn,New Jersey,http://www.cumberlanddairy.com,5.6130589E7,110,Private,"Dairy Farmers of America, Inc.",311511,"Cumberland Dairy, Llc is primarily engaged in processing (e.g., pasteurizing, homogenizing, vitaminizing, bottling) fluid milk and cream, and related products, including cottage cheese, yogurt (except",David Catalana — Vice President,3,2,,,,co-man status UNKNOWN — needs website check; 2 email(s) in Hoovers; mid-market size fit; Northeast,not contacted,,,
24,7,"DIAGEO AMERICAS SUPPLY, INC.",unclassified food/bev mfr,,Norwalk,Connecticut,,4.1422607E7,111,Private,DIAGEO PLC,312130,"Diageo Americas Supply, Inc. is primarily engaged in manufacturing wines, brandy, and brandy spirits. This industry also includes bonded wine cellars which are engaged in blending wines.",Martin Brodbeck — Senior Vice President and Chief Technology Officer,3,3,,,,co-man status UNKNOWN — needs website check; 3 email(s) in Hoovers; mid-market size fit; Northeast,not contacted,,,
25,7,DILUIGI'S INC.,unclassified food/bev mfr,,Rowley,Massachusetts,http://www.diluigifoods.com,2.1071938E7,100,Private,,311612,"Diluigi's Inc. is primarily engaged in manufacturing sausages, cured meats, smoked meats, canned meats, frozen meats, and other prepared meats and meat specialties, from purchased carcasses and other ",Louis Diluigi — President,3,2,,,,co-man status UNKNOWN — needs website check; 2 email(s) in Hoovers; mid-market size fit; Northeast,not contacted,,,
26,7,Deep Foods Inc.,unclassified food/bev mfr,,Union,New Jersey,http://www.deepfoods.com,5.3976536E7,150,Private,Deep Foods Inc.,311412,"Deep Foods incorporates exotic flavors from the Far East into its recipes. The company manufactures and markets a range of dry, fresh, and frozen Indian food products, as well as Thai and Chinese entr",Arvind Amin — President,3,1,,,,co-man status UNKNOWN — needs website check; 1 email(s) in Hoovers; mid-market size fit; Northeast,not contacted,,,
27,7,"Deiorio Foods, Inc.",unclassified food/bev mfr,,Utica,New York,http://www.deiorios.com,3.3055462E7,440,Private,"Encore Consumer Capital, LLC",311412,"Deiorio Foods, Inc. is primarily engaged in manufacturing frozen food specialties, not elsewhere classified, such as frozen dinners and frozen pizza.",John Lauchert — Chief Financial Officer,3,3,,,,co-man status UNKNOWN — needs website check; 3 email(s) in Hoovers; mid-market size fit; Northeast,not contacted,,,
28,7,Dr. Praeger's Sensible Foods LLC,unclassified food/bev mfr,,Saddle Brook,New Jersey,http://www.drpraegers.com,1.0E8,245,Private,Dr. Praeger's Sensible Foods LLC,311412,"Dr. Praeger's Sensible Foods Llc is primarily engaged in manufacturing frozen food specialties, not elsewhere classified, such as frozen dinners and frozen pizza.",Anita Gogia — Chief Financial Officer,3,3,,,,co-man status UNKNOWN — needs website check; 3 email(s) in Hoovers; mid-market size fit; Northeast,not contacted,,,
29,7,"Elan Chemical Co., Inc.",unclassified food/bev mfr,,Newark,New Jersey,http://www.elan-chemical.com,2.3532764E7,68,Private,"Elan Chemical Co., Inc.",311942,"Elan Chemical Co., Inc. is primarily engaged in manufacturing flavoring extracts, syrups, powders, and related products, not elsewhere classified, for soda fountain use or for the manufacture of soft ",Louis Shragher — Chief Financial Officer,3,1,,,,co-man status UNKNOWN — needs website check; 1 email(s) in Hoovers; mid-market size fit; Northeast,not contacted,,,
30,7,"Flavor & Fragrance Specialties, Inc.",unclassified food/bev mfr,,Mahwah,New Jersey,http://www.ffs.com,4.729845E7,100,Private,"Flavor & Fragrance Specialties, Inc.",311942,"Flavor & Fragrance Specialties, Inc. is primarily engaged in manufacturing flavoring extracts, syrups, powders, and related products, not elsewhere classified, for soda fountain use or for the manufac",Michael Bloom — President,3,2,,,,co-man status UNKNOWN — needs website check; 2 email(s) in Hoovers; mid-market size fit; Northeast,not contacted,,,
31,7,Food Sciences Corp.,unclassified food/bev mfr,,Mount Laurel,New Jersey,http://www.foodsciences.com,3.9364918E7,330,Private,Food Sciences Corp.,311514,"Food Sciences Corp. is primarily engaged in manufacturing dry, condensed, and evaporated dairy products. This also includes manufacturing mixes for the preparation of frozen ice cream and ice milk and",Michael Sobers — Vice President of Operations,3,2,,,,co-man status UNKNOWN — needs website check; 2 email(s) in Hoovers; mid-market size fit; Northeast,not contacted,,,
32,7,"Foodlink, Inc.",unclassified food/bev mfr,,Rochester,New York,http://www.foodlinkny.org,7.2318588E7,110,Nonprofit,,311991,"Foodlink, Inc. is primarily engaged in manufacturing prepared foods and miscellaneous food specialties, not elsewhere classified, such as baking powder, yeast, and other leavening compounds; peanut bu",Julia Tedesco — Chief Executive Officer,3,1,,,,co-man status UNKNOWN — needs website check; 1 email(s) in Hoovers; mid-market size fit; Northeast,not contacted,,,
33,7,Go Africa Global LLC,unclassified food/bev mfr,,New York,New York,http://www.goafricaglobal.com,2.2707634E8,220,Private,GO AFRICA CÔTE D’IVOIRE,311920,"Go Africa Global Llc is primarily engaged in roasting coffee, and in manufacturing coffee concentrates and extracts in powdered, liquid, or frozen form, including freeze-dried.",Samuel Jones — President,3,3,,,,co-man status UNKNOWN — needs website check; 3 email(s) in Hoovers; mid-market size fit; Northeast,not contacted,,,
34,7,"Golden Platter Foods, Inc.",unclassified food/bev mfr,,Newark,New Jersey,http://www.goldenplatter.com,2.5057978E7,240,Private,,311615,"Golden Platter Foods, Inc. is primarily engaged in slaughtering, dressing, packing, freezing, and canning poultry, rabbits, and other small game, or in manufacturing products from such meats, for thei",Scott Bennett — Chief Executive Officer,3,2,,,,co-man status UNKNOWN — needs website check; 2 email(s) in Hoovers; mid-market size fit; Northeast,not contacted,,,
35,7,"Gourmet Boutique, L.L.C.",unclassified food/bev mfr,,Jamaica,New York,http://www.gourmetboutique.com,4.4151726E7,405,Private,"Gourmet Boutique, L.L.C.",311999,"Gourmet Boutique, L.L.C. is primarily engaged in manufacturing prepared foods and miscellaneous food specialties, not elsewhere classified, such as baking powder, yeast, and other leavening compounds;",Susan Santos — President,3,3,,,,co-man status UNKNOWN — needs website check; 3 email(s) in Hoovers; mid-market size fit; Northeast,not contacted,,,
36,7,"Hans Kissle Company, LLC",unclassified food/bev mfr,,Haverhill,Massachusetts,http://www.hanskissle.com,6.2205402E7,140,Private,"MITSUI & CO., LTD.",311991,"Hans Kissle Company, Llc is primarily engaged in manufacturing prepared foods and miscellaneous food specialties, not elsewhere classified, such as baking powder, yeast, and other leavening compounds;",John Kennington — Vice President Of Sales,3,2,,,,co-man status UNKNOWN — needs website check; 2 email(s) in Hoovers; mid-market size fit; Northeast,not contacted,,,
37,7,Harbar LLC,unclassified food/bev mfr,,Canton,Massachusetts,http://www.harbar.com,2.6306654E7,174,Private,,445291,Harbar Llc is primarily engaged in the retail sale of bakery products. The products may be purchased from others or made on the premises.,Ezequiel Cheque Montemayor — Chief Executive Officer,3,1,,,,co-man status UNKNOWN — needs website check; 1 email(s) in Hoovers; mid-market size fit; Northeast,not contacted,,,
38,7,Jimmy's Gourmet Bakery LLC,unclassified food/bev mfr,,Clifton,New Jersey,http://www.jimmyscookies.com,9.5512901E7,130,Partnership,Jimmy's Gourmet Bakery LLC,311821,"Jimmy's Gourmet Bakery Llc is primarily engaged in manufacturing fresh cookies, crackers, pretzels, and similar ""dry"" bakery products.",Deborah Kinzley — Chief Financial Officer,3,2,,,,co-man status UNKNOWN — needs website check; 2 email(s) in Hoovers; mid-market size fit; Northeast,not contacted,,,
39,7,Joseph's Gourmet Pasta Company,unclassified food/bev mfr,,Haverhill,Massachusetts,http://www.josephsgourmetpasta.com,3.147077E7,300,Private,"Turri's Italian Foods, Inc.",311999,"Joseph's Gourmet Pasta Company is primarily engaged in manufacturing prepared foods and miscellaneous food specialties, not elsewhere classified, such as baking powder, yeast, and other leavening comp",Casey Rennick — Vice President Of Finance,3,2,,,,co-man status UNKNOWN — needs website check; 2 email(s) in Hoovers; mid-market size fit; Northeast,not contacted,,,
40,7,"Kozy Shack Enterprises, LLC",unclassified food/bev mfr,,Hicksville,New York,http://www.kozyshack.com,2.7315475E7,450,Private,"Land O'Lakes, Inc.",311999,"The proof is in the pudding at Kozy Shack Enterprises.The company makesrefrigerated puddings, soldunder the Kozy Shack brand at groceries in the US and Canada, and a limited number of stores abroad.Be",Robert Striano — Principal,3,1,,,,co-man status UNKNOWN — needs website check; 1 email(s) in Hoovers; mid-market size fit; Northeast,not contacted,,,
41,7,Mafco Worldwide Corporation,unclassified food/bev mfr,,Mount Laurel,New Jersey,http://www.mafco.com,2.1912746E7,230,Private,Flavors Holdings Inc.,311340,"Mafco Worldwide Corporation is primarily engaged in manufacturing candy, including chocolate candy, other confections, and related products.",Lee Collison — Senior Vice President Chief Supply Chain Officer,3,2,,,,co-man status UNKNOWN — needs website check; 2 email(s) in Hoovers; mid-market size fit; Northeast,not contacted,,,
42,7,Magic Spoon Inc.,unclassified food/bev mfr,,New York,New York,http://www.magicspoon.com,8.3966232E7,55,Private,,311230,"Magic Spoon Inc. is primarily engaged in manufacturing cereal breakfast foods and related preparations, except breakfast bars.",Gregory Sewitz — Chief Executive Officer,3,3,,,,co-man status UNKNOWN — needs website check; 3 email(s) in Hoovers; mid-market size fit; Northeast,not contacted,,,
43,7,Major Products Co. Inc.,unclassified food/bev mfr,,Little Ferry,New Jersey,http://www.majorproducts.com,3.7838875E7,120,Private,Major Products Co. Inc.,311423,"Major Products Co. Inc. is primarily engaged in sun drying or artificially dehydrating fruits and vegetables, or in manufacturing packaged soup mixes from dehydrated ingredients.",Valerie Leimer — Chief Operating Officer,3,2,,,,co-man status UNKNOWN — needs website check; 2 email(s) in Hoovers; mid-market size fit; Northeast,not contacted,,,
44,7,"Mass. Bay Brewing Company, Inc.",unclassified food/bev mfr,,Boston,Massachusetts,http://www.harpoonbrewery.com,4.9919357E7,169,Private,"Mass. Bay Brewing Company, Inc.",312120,"Mass. Bay Brewing Company, Inc. is primarily engaged in manufacturing malt beverages.",Daniel Kenary — Chief Executive Officer,3,1,,,,co-man status UNKNOWN — needs website check; 1 email(s) in Hoovers; mid-market size fit; Northeast,not contacted,,,
45,7,Melville Candy Corporation,unclassified food/bev mfr,,Randolph,Massachusetts,http://www.melvillecandy.com,2.5103056E7,117,Private,,311340,"Melville Candy Corporation is primarily engaged in manufacturing candy, including chocolate candy, other confections, and related products.",Joseph Melville — Owner And Director,3,1,,,,co-man status UNKNOWN — needs website check; 1 email(s) in Hoovers; mid-market size fit; Northeast,not contacted,,,
46,7,"N.V.E., Inc.",unclassified food/bev mfr,,Andover,New Jersey,http://www.nveusa.com,2.650106E7,220,Private,,312111,"N.V.E., Inc. is primarily engaged in manufacturing soft drinks and carbonated waters.",Art Prindle — Vice President Of Sales,3,2,,,,co-man status UNKNOWN — needs website check; 2 email(s) in Hoovers; mid-market size fit; Northeast,not contacted,,,
47,7,New England Partnership Inc.,unclassified food/bev mfr,,Norwood,Massachusetts,http://www.newenglandcoffee.com,2.3623964E7,200,Private,Reily Foods Company,311920,"New England Partnership Inc. is primarily engaged in roasting coffee, and in manufacturing coffee concentrates and extracts in powdered, liquid, or frozen form, including freeze-dried.",James Dostou — Principal,3,1,,,,co-man status UNKNOWN — needs website check; 1 email(s) in Hoovers; mid-market size fit; Northeast,not contacted,,,
48,7,Ngp Management LLC,unclassified food/bev mfr,,Haverhill,Massachusetts,http://www.ngpmanagement.com,2.2361122E7,1600,Private,,445291,Ngp Management Llc is primarily engaged in the retail sale of bakery products. The products may be purchased from others or made on the premises.,Constantine Scrivanos — President,3,3,,,,co-man status UNKNOWN — needs website check; 3 email(s) in Hoovers; mid-market size fit; Northeast,not contacted,,,
49,7,Nitta Casings Inc.,unclassified food/bev mfr,,Bridgewater,New Jersey,http://www.nittacasings.com,2.3603781E7,165,Private,VISCOFAN SA,311612,"Nitta Casings Inc. is primarily engaged in manufacturing sausages, cured meats, smoked meats, canned meats, frozen meats, and other prepared meats and meat specialties, from purchased carcasses and ot",BRUCE Zacharias — Finance Vice President,3,2,,,,co-man status UNKNOWN — needs website check; 2 email(s) in Hoovers; mid-market size fit; Northeast,not contacted,,,
50,7,"Ocean Spray International Services, Inc.",unclassified food/bev mfr,,Lakeville,Massachusetts,http://www.oceanspraymocktails.com,2.4695282E7,400,Private,"Ocean Spray Cranberries, Inc.",311423,"Ocean Spray International Services, Inc. is primarily engaged in sun drying or artificially dehydrating fruits and vegetables, or in manufacturing packaged soup mixes from dehydrated ingredients.",Michael Mallozzi — Principal Fsqa Scientist Bevnet Lead Sanitation And Pest Control,3,2,,,,co-man status UNKNOWN — needs website check; 2 email(s) in Hoovers; mid-market size fit; Northeast,not contacted,,,
51,7,Paulaur Corporation,unclassified food/bev mfr,,Cranbury,New Jersey,http://www.paulaur.com,2.2468815E7,100,Private,,311999,"Paulaur Corporation is primarily engaged in manufacturing prepared foods and miscellaneous food specialties, not elsewhere classified, such as baking powder, yeast, and other leavening compounds; pean",Melany Shimp — Chief Operating Officer,3,2,,,,co-man status UNKNOWN — needs website check; 2 email(s) in Hoovers; mid-market size fit; Northeast,not contacted,,,
52,7,"Pepsi-Cola Bottling Company of New York, Inc.",unclassified food/bev mfr,,College Point,New York,http://www.pepsico.com,4.7794365E7,1300,Private,"Pepsi-Cola Bottling Company of New York, Inc.",312111,"Pepsi-Cola Bottling Company of New York (PCBCNY) helps quench the thirst of those in the Big Apple. The company bottles and supplies mostly PepsiCo products, including soft drinks and non-carbonated b",Harold Honickman — Principal,3,1,,,,co-man status UNKNOWN — needs website check; 1 email(s) in Hoovers; mid-market size fit; Northeast,not contacted,,,
53,7,"Pepsi-Cola Newburgh Bottling Co., Inc.",unclassified food/bev mfr,,Newburgh,New York,http://www.pepsicolaofthehudsonvalley.com,2.3390408E7,150,Private,,312111,"Pepsi-Cola Newburgh Bottling Co., Inc. is primarily engaged in manufacturing soft drinks and carbonated waters.",Tim Tenney — President Ceo,3,2,,,,co-man status UNKNOWN — needs website check; 2 email(s) in Hoovers; mid-market size fit; Northeast,not contacted,,,
54,7,"Pepsi-Cola and National Brand Beverages, Ltd.",unclassified food/bev mfr,,Pennsauken,New Jersey,http://www.pepsi-nj.com,4.4920395E7,425,Private,"Pepsi-Cola and National Brand Beverages, Ltd.",312111,"Pepsi-Cola And National Brand Beverages, Ltd. is primarily engaged in manufacturing soft drinks and carbonated waters.",Walter Wilkinson — Chief Financial Officer,3,2,,,,co-man status UNKNOWN — needs website check; 2 email(s) in Hoovers; mid-market size fit; Northeast,not contacted,,,
55,7,"Perry's Ice Cream Company, Inc.",unclassified food/bev mfr,,Akron,New York,http://www.perrysicecream.com,3.544302E7,300,Private,"Perry's Ice Cream Company, Inc.",311520,"Perry's Ice Cream Company, Inc. is primarily engaged in manufacturing ice cream and other frozen desserts.",Robert Denning — President,3,3,,,,co-man status UNKNOWN — needs website check; 3 email(s) in Hoovers; mid-market size fit; Northeast,not contacted,,,
56,7,"Piantedosi Baking Co., Inc.",unclassified food/bev mfr,,Malden,Massachusetts,http://www.piantedosi.com,2.8946396E7,240,Private,"Piantedosi Baking Co., Inc.",311812,"Piantedosi Baking Co., Inc. is primarily engaged in manufacturing fresh or frozen bread and bread-type rolls and fresh cakes, pies, pastries and other similar ""perishable"" bakery products.",Anthony Roscillo — Chief Operating Officer,3,2,,,,co-man status UNKNOWN — needs website check; 2 email(s) in Hoovers; mid-market size fit; Northeast,not contacted,,,
57,7,"Plenus Group, Inc.",unclassified food/bev mfr,,Lowell,Massachusetts,http://www.pgifoods.com,2.5364435E7,50,Private,,311412,"Plenus Group, Inc. is primarily engaged in manufacturing frozen food specialties, not elsewhere classified, such as frozen dinners and frozen pizza.",Stephen Post — Chief Financial Officer,3,2,,,,co-man status UNKNOWN — needs website check; 2 email(s) in Hoovers; mid-market size fit; Northeast,not contacted,,,
58,7,"Premio Foods, Inc.",unclassified food/bev mfr,,Fair Lawn,New Jersey,http://www.premiofoods.com,8.6678429E7,160,Private,"Premio Foods, Inc.",311612,"Premio Foods, Inc. is primarily engaged in manufacturing sausages, cured meats, smoked meats, canned meats, frozen meats, and other prepared meats and meat specialties, from purchased carcasses and ot",Steven Cinque — Vice President,3,1,,,,co-man status UNKNOWN — needs website check; 1 email(s) in Hoovers; mid-market size fit; Northeast,not contacted,,,
59,7,Puratos Corporation,unclassified food/bev mfr,,Pennsauken,New Jersey,http://www.puratos.us,5.1633313E8,1300,Private,Puratos,311999,"Puratos Corporation is primarily engaged in manufacturing prepared foods and miscellaneous food specialties, not elsewhere classified, such as baking powder, yeast, and other leavening compounds; pean",Annmarie Earle — Finance Vice President,3,3,,,,co-man status UNKNOWN — needs website check; 3 email(s) in Hoovers; mid-market size fit; Northeast,not contacted,,,
60,7,"Rhino Foods, Inc.",unclassified food/bev mfr,,Burlington,Vermont,http://www.rhinofoods.com,2.8433544E7,219,Private,"Rhino Foods, Inc.",311824,"Rhino Foods, Inc. is primarily engaged in preparing flour mixes or doughs from purchased flour.",Mike Whitney — Chief Financial Officer,3,3,,,,co-man status UNKNOWN — needs website check; 3 email(s) in Hoovers; mid-market size fit; Northeast,not contacted,,,
61,7,Rockland Bakery Inc.,unclassified food/bev mfr,,Nanuet,New York,http://www.rocklandbakery.com,4.7251175E7,450,Private,Rockland Bakery Inc.,445291,Rockland Bakery Inc. is primarily engaged in the retail sale of bakery products. The products may be purchased from others or made on the premises.,Sal Battaglia — President,3,1,,,,co-man status UNKNOWN — needs website check; 1 email(s) in Hoovers; mid-market size fit; Northeast,not contacted,,,
62,7,"Rosina Food Products, Inc.",unclassified food/bev mfr,,Buffalo,New York,http://www.rosina.com,2.8735352E7,178,Private,"Rosina Holding, Inc.",311612,"Rosina Food Products, Inc. is primarily engaged in manufacturing sausages, cured meats, smoked meats, canned meats, frozen meats, and other prepared meats and meat specialties, from purchased carcasse",Alejandra Andujar — Principal,3,2,,,,co-man status UNKNOWN — needs website check; 2 email(s) in Hoovers; mid-market size fit; Northeast,not contacted,,,
63,7,Royal Wine Corporation,unclassified food/bev mfr,,Bayonne,New Jersey,http://www.royalwine.com,4.4271E7,202,Private,Royal Wine Corporation,312130,"The libations of the Royal Wine Corp. are never passed over.The company produces, imports, and distributes kosher wine, grape juice,and spirits. It owns and operatestwo wineries, both of which are loc",Efrem Schnoll — chief financial officer,3,2,,,,co-man status UNKNOWN — needs website check; 2 email(s) in Hoovers; mid-market size fit; Northeast,not contacted,,,
64,7,"SEATRADE INTERNATIONAL CO., LLC",unclassified food/bev mfr,,New Bedford,Massachusetts,http://www.eastcoastseafoodgroup.com,1.8E8,60,Private,"East Coast Seafood Group, LLC",311710,"Seatrade International owes its fishing trade to the big pond on the eastern shores of the US. The company processes and packages fresh, frozen,anddriedfin- and shellfish, including scallops (its spec",Teressa Blanchett — Principal,3,1,,,,co-man status UNKNOWN — needs website check; 1 email(s) in Hoovers; mid-market size fit; Northeast,not contacted,,,
65,7,"Sabatino North America, LLC",unclassified food/bev mfr,,West Haven,Connecticut,http://www.sabatino1911.com,2.4928904E7,85,Private,"Sabatino North America, LLC",311421,"Sabatino North America, Llc is primarily engaged in canning fruits, vegetables, and fruit and vegetable juices; and in manufacturing catsup and similar tomato sauces, or natural and imitation preserve",Vincent Jeanseaume — Vice President,3,3,,,,co-man status UNKNOWN — needs website check; 3 email(s) in Hoovers; mid-market size fit; Northeast,not contacted,,,
66,7,Saturn Petcare Inc.,unclassified food/bev mfr,,Lincoln Park,New Jersey,,4.896994E7,388,Private,Saturn Petcare Inc.,311111,"Saturn Petcare Inc. is primarily engaged in manufacturing dog and cat food from cereal, meat, and other ingredients. These preparations may be canned, frozen, or dry.",Maarten Moog — Chief Executive Officer,3,2,,,,co-man status UNKNOWN — needs website check; 2 email(s) in Hoovers; mid-market size fit; Northeast,not contacted,,,
67,7,"Seabrook Brothers & Sons, Inc.",unclassified food/bev mfr,,Bridgeton,New Jersey,http://www.seabrookfarms.com,4.6308903E7,200,Private,"Seabrook Brothers & Sons, Inc.",311411,"Seabrook Brothers and Sons almost has an alphabet of products. From asparagus towater chestnuts,the company grows, processes, and freezes a harvest of vegetables. In addition to producing items for re",Wes Seabrook — Vice President Engineering,3,3,,,,co-man status UNKNOWN — needs website check; 3 email(s) in Hoovers; mid-market size fit; Northeast,not contacted,,,
68,7,"Setton's International Foods, Inc.",unclassified food/bev mfr,,Commack,New York,http://www.settonfarms.com,8.5186493E7,370,Private,"Setton's International Foods, Inc.",311423,"You might say this company is nuts about pistachios. A leading producer of nuts, edible seeds, and other snacks, Setton International Foods is one of the largest pistachio processors in the US, with m",Harris Cohen — Principal,3,1,,,,co-man status UNKNOWN — needs website check; 1 email(s) in Hoovers; mid-market size fit; Northeast,not contacted,,,
69,7,"SmartPak Equine, LLC",unclassified food/bev mfr,,Plymouth,Massachusetts,http://www.smartpakequine.com,3.2304713999999996E7,588,Private,"Chewy, Inc.",311119,"Smartpak Equine, Llc is primarily engaged in manufacturing prepared feeds and feed ingredients and adjuncts for animals and fowls, except dogs and cats. Included in this industry are poultry and lives",Katie Troyanoski — President And Cmo,3,2,,,,co-man status UNKNOWN — needs website check; 2 email(s) in Hoovers; mid-market size fit; Northeast,not contacted,,,
70,7,"Spindrift Beverage Co., Inc.",unclassified food/bev mfr,,Newton,Massachusetts,http://www.drinkspindrift.com,9.6644249E7,200,Private,"Spindrift Beverage Co., Inc.",312111,"Spindrift Beverage Co., Inc. is primarily engaged in manufacturing soft drinks and carbonated waters.",Chad Palma — President Of Sales,3,1,,,,co-man status UNKNOWN — needs website check; 1 email(s) in Hoovers; mid-market size fit; Northeast,not contacted,,,
71,7,"Thumann, Incorporated",unclassified food/bev mfr,,Carlstadt,New Jersey,http://www.thumanns.com,8.1181496E7,205,Private,"Thumann, Incorporated",311612,"Thumann, Incorporated is primarily engaged in manufacturing sausages, cured meats, smoked meats, canned meats, frozen meats, and other prepared meats and meat specialties, from purchased carcasses and",Robert Burke — President,3,1,,,,co-man status UNKNOWN — needs website check; 1 email(s) in Hoovers; mid-market size fit; Northeast,not contacted,,,
72,7,"Tower Isles Frozen Foods, Ltd.",unclassified food/bev mfr,,Brooklyn,New York,http://www.towerislespatties.com,2.0E7,73,Private,,311612,"Tower Isles Frozen Foods, Ltd. is primarily engaged in manufacturing sausages, cured meats, smoked meats, canned meats, frozen meats, and other prepared meats and meat specialties, from purchased carc",Patrick Jolly — President,3,1,,,,co-man status UNKNOWN — needs website check; 1 email(s) in Hoovers; mid-market size fit; Northeast,not contacted,,,
73,7,"Virginia Dare Extract Co., Inc.",unclassified food/bev mfr,,Brooklyn,New York,http://www.virginiadare.com,6.8261688E7,175,Private,"Virginia Dare Extract Co., Inc.",311942,"Virginia Dare Extract Co., Inc. is primarily engaged in manufacturing flavoring extracts, syrups, powders, and related products, not elsewhere classified, for soda fountain use or for the manufacture ",Howard Smith — Chief Executive Officer,3,2,,,,co-man status UNKNOWN — needs website check; 2 email(s) in Hoovers; mid-market size fit; Northeast,not contacted,,,
74,7,"Welch Foods Inc., A Cooperative",unclassified food/bev mfr,,Waltham,Massachusetts,http://www.welchs.com,7.6683148E8,1000,Private,"National Grape Co-Operative Association, Inc.",311421,Welch Foods is a co-op owned by more than 700 American farming families across the country who bring their best to every harvest. The company produces Welch's brand grape and white grape juices. Its b,Trevor Bynum — Chief Executive Officer,3,3,,,,co-man status UNKNOWN — needs website check; 3 email(s) in Hoovers; mid-market size fit; Northeast,not contacted,,,
75,7,Wonton Food Inc.,unclassified food/bev mfr,,Brooklyn,New York,http://www.wontonfood.com,6.379723E7,200,Private,Wonton Food Inc.,311999,"Wonton Food Inc. is primarily engaged in manufacturing prepared foods and miscellaneous food specialties, not elsewhere classified, such as baking powder, yeast, and other leavening compounds; peanut ",David Rudofsky — Chief Financial Officer,3,2,,,,co-man status UNKNOWN — needs website check; 2 email(s) in Hoovers; mid-market size fit; Northeast,not contacted,,,
76,6,5700 W Adams Corp.,unclassified food/bev mfr,,Los Angeles,California,http://www.felbro.com,4.5009495E7,120,Private,,311930,"5700 W Adams Corp. is primarily engaged in manufacturing flavoring extracts, syrups, powders, and related products, not elsewhere classified, for soda fountain use or for the manufacture of soft drink",Daniel Ari Feldmar — Chief Operating Officer,3,1,,,,co-man status UNKNOWN — needs website check; 1 email(s) in Hoovers; mid-market size fit,not contacted,,,
77,6,"A. L. Schutzman Company, Inc.",unclassified food/bev mfr,,Waukesha,Wisconsin,http://www.alschutzman.com,2.2296774E7,75,Private,"A. L. Schutzman Company, Inc.",311911,"A. L. Schutzman Company, Inc. is primarily engaged in manufacturing salted, roasted, dried, cooked, or canned nuts or in processing grains or seeds in a similar manner for snack purposes.",Joel Knudson — Vice President And Chief Financial Officer,3,3,,,,co-man status UNKNOWN — needs website check; 3 email(s) in Hoovers; mid-market size fit,not contacted,,,
78,6,AAK USA INC.,unclassified food/bev mfr,,Edison,New Jersey,http://www.aak.com,4.874979E7,255,Private,Aak Denmark Holding A/S,311225,"Aak Usa Inc. is primarily engaged in manufacturing shortening, table oils, margarine, and other edible fats and oils, not elsewhere classified.",,3,3,,,,co-man status UNKNOWN — needs website check; 3 email(s) in Hoovers; mid-market size fit; Northeast,not contacted,,,
79,6,"ACADIANA BOTTLING CO., INC.",unclassified food/bev mfr,,Youngsville,Louisiana,http://www.acadianabottling.com,2.2434759E7,180,Private,"ACADIANA BOTTLING CO., INC.",312111,"Acadiana Bottling Co., Inc. is primarily engaged in manufacturing soft drinks and carbonated waters.",Jessica Willis — PresidentCeo,3,1,,,,co-man status UNKNOWN — needs website check; 1 email(s) in Hoovers; mid-market size fit,not contacted,,,
80,6,AFC Dissolution Corp.,unclassified food/bev mfr,,Walkerville,Michigan,http://www.arbrefarms.com,2.1512144E7,300,Private,,311999,"Afc Dissolution Corp. is primarily engaged in manufacturing prepared foods and miscellaneous food specialties, not elsewhere classified, such as baking powder, yeast, and other leavening compounds; pe",C Johnson — President,3,1,,,,co-man status UNKNOWN — needs website check; 1 email(s) in Hoovers; mid-market size fit,not contacted,,,
81,6,"AMERICANNA WELLNESS, INC.",unclassified food/bev mfr,,Bellingham,Washington,http://www.dragonpainrelief.com,2.7E7,51,Private,,311514,"Americanna Wellness, Inc. is primarily engaged in manufacturing dry, condensed, and evaporated dairy products. This also includes manufacturing mixes for the preparation of frozen ice cream and ice mi",Roger Daniels — Senior Vice President,3,1,,,,co-man status UNKNOWN — needs website check; 1 email(s) in Hoovers; mid-market size fit,not contacted,,,
82,6,Able Sales Company Inc.,unclassified food/bev mfr,,Catano,Puerto Rico,http://www.ablesales.com,5.0950787E7,150,Private,Able Sales Company Inc.,311340,"Able Sales Company Inc. is primarily engaged in manufacturing prepared foods and miscellaneous food specialties, not elsewhere classified, such as baking powder, yeast, and other leavening compounds; ",Maria Felix — Vice President Industrial Division,3,2,,,,co-man status UNKNOWN — needs website check; 2 email(s) in Hoovers; mid-market size fit,not contacted,,,
83,6,"Adams Beverages Of North Carolina, LLC",unclassified food/bev mfr,,Charlotte,North Carolina,http://www.adamsbeverages.net,2.6165194E7,700,Private,"Adams Beverages Of North Carolina, LLC",312130,"Adams Beverages Of North Carolina, Llc is primarily engaged in manufacturing wines, brandy, and brandy spirits. This industry also includes bonded wine cellars which are engaged in blending wines.",Donnie Bobbitt — chief financial officer,3,2,,,,co-man status UNKNOWN — needs website check; 2 email(s) in Hoovers; mid-market size fit,not contacted,,,
84,6,Agri Star Meat & Poultry LLC,unclassified food/bev mfr,,Postville,Iowa,http://www.agristarmeat.com,2.5175571E7,325,Private,Agri Star Meat & Poultry LLC,311615,"Agri Star Meat & Poultry Llc is primarily engaged in slaughtering, dressing, packing, freezing, and canning poultry, rabbits, and other small game, or in manufacturing products from such meats, for th",Daniel Hirsch — President,3,2,,,,co-man status UNKNOWN — needs website check; 2 email(s) in Hoovers; mid-market size fit,not contacted,,,
85,6,"Ajinomoto Foods North America, Inc.",unclassified food/bev mfr,,Ontario,California,http://www.ajinomotofoods.com,4.9545648E8,2800,Private,"Ajinomoto North America Holdings, Inc.",311412,"Ajinomoto Foods North America, Inc. is primarily engaged in manufacturing frozen food specialties, not elsewhere classified, such as frozen dinners and frozen pizza.",Monique Auyeung — Principal Food Scientist,3,3,,,,co-man status UNKNOWN — needs website check; 3 email(s) in Hoovers; mid-market size fit,not contacted,,,
86,6,"Alamance Foods, Inc.",unclassified food/bev mfr,,Burlington,North Carolina,http://www.alamancefoods.com,6.3310802E7,180,Private,"Alamance Foods, Inc.",311511,"Alamance Foods/Triton Water manufactures branded and private-label water, flavored drinks, and freeze pops under brand names such as Freeze Pops, Fun Pops, and Happy Drinks. Its branded water is sold ",Nick Wong — President,3,3,,,,co-man status UNKNOWN — needs website check; 3 email(s) in Hoovers; mid-market size fit,not contacted,,,
87,6,Alimenta USA Corp.,unclassified food/bev mfr,,Atlanta,Georgia,http://www.alimentausacorp.com,2.2461912E7,191,Private,ALIMENTA PRODUZIONI SRL,311812,"Alimenta Usa Corp. is primarily engaged in manufacturing fresh or frozen bread and bread-type rolls and fresh cakes, pies, pastries and other similar ""perishable"" bakery products.",Daniele Frappelli — Chief Executive Officer,3,3,,,,co-man status UNKNOWN — needs website check; 3 email(s) in Hoovers; mid-market size fit,not contacted,,,
88,6,Alphia Inc.,unclassified food/bev mfr,,Bern,Kansas,http://www.alphia.com,5.0551324E8,646,Private,Alphia Inc.,311111,"Alphia Inc. is primarily engaged in manufacturing dog and cat food from cereal, meat, and other ingredients. These preparations may be canned, frozen, or dry.",John Bear — Chief Operating Officer,3,2,,,,co-man status UNKNOWN — needs website check; 2 email(s) in Hoovers; mid-market size fit,not contacted,,,
89,6,Amalgamated Sugar Company,unclassified food/bev mfr,,Boise,Idaho,http://www.amalgamatedsugar.com,5.0527368E8,1500,Private,Amalgamated Sugar Company,311313,"The Amalgamated Sugar Company LLC is the second-largest sugar beet refiner in the US, operating as a grower-owned cooperative. Headquartered in Boise, Idaho, the company processes sugar beets grown by",Craig Hanks — Chief Financial Officer Treasurer,3,1,,,,co-man status UNKNOWN — needs website check; 1 email(s) in Hoovers; mid-market size fit,not contacted,,,
90,6,"American Custom Meats, LLC",unclassified food/bev mfr,,Tracy,California,http://www.acmeats.com,3.9360443E7,88,Private,,311612,"American Custom Meats, Llc is primarily engaged in manufacturing sausages, cured meats, smoked meats, canned meats, frozen meats, and other prepared meats and meat specialties, from purchased carcasse",Roderick Jones — Vice President Of Foodservice,3,3,,,,co-man status UNKNOWN — needs website check; 3 email(s) in Hoovers; mid-market size fit,not contacted,,,
91,6,"American Fruits and Flavors, LLC",unclassified food/bev mfr,,San Fernando,California,http://www.americanfruits-flavors.com,6.6317436E7,190,Private,Monster Beverage Corporation,311930,"American Fruits And Flavors, Llc is primarily engaged in manufacturing flavoring extracts, syrups, powders, and related products, not elsewhere classified, for soda fountain use or for the manufacture",Nic Campbell — Senior Vice President Of Global Operations,3,3,,,,co-man status UNKNOWN — needs website check; 3 email(s) in Hoovers; mid-market size fit,not contacted,,,
92,6,American Pasteurization Company LLC,unclassified food/bev mfr,,Milwaukee,Wisconsin,http://www.americanpasteurizationcompany.com,2.4747683E7,150,Private,American Pasteurization Company LLC,311999,"American Pasteurization Company Llc is primarily engaged in manufacturing prepared foods and miscellaneous food specialties, not elsewhere classified, such as baking powder, yeast, and other leavening",Justin Segel — President,3,2,,,,co-man status UNKNOWN — needs website check; 2 email(s) in Hoovers; mid-market size fit,not contacted,,,
93,6,American Pop Corn Company,unclassified food/bev mfr,,Sioux City,Iowa,http://www.jollytime.com,2.6457937E7,180,Private,American Pop Corn Company,311919,"Settle down with a bowl of Jolly Time, a bottle of pop, and prepare yourself for a jolly, popping-goodtime. Founded in 1914 when Cloid Smith and his son Howard set up shop in their basement, the Ameri",Steven Huisenga — Chief Executive Officer,3,1,,,,co-man status UNKNOWN — needs website check; 1 email(s) in Hoovers; mid-market size fit,not contacted,,,
94,6,"Amerisource Health Services, LLC",unclassified food/bev mfr,,Columbus,Ohio,http://www.americanhealthpackaging.com,2.4029167E7,89,Private,AmerisourceBergen Drug Corporation,311340,"Amerisource Health Services, Llc is primarily engaged in manufacturing candy, including chocolate candy, other confections, and related products.",Sascha Kellermann — Senior Vice President General Manager,3,2,,,,co-man status UNKNOWN — needs website check; 2 email(s) in Hoovers; mid-market size fit,not contacted,,,
95,6,"Anderson Dairy, Inc.",unclassified food/bev mfr,,Las Vegas,Nevada,http://www.andersondairy.com,2.5592529E7,200,Private,,311511,"Anderson Dairy, Inc. is primarily engaged in processing (e.g., pasteurizing, homogenizing, vitaminizing, bottling) fluid milk and cream, and related products, including cottage cheese, yogurt (except ",Harold Bellanger — President,3,3,,,,co-man status UNKNOWN — needs website check; 3 email(s) in Hoovers; mid-market size fit,not contacted,,,
96,6,Anderson Erickson Dairy Co.,unclassified food/bev mfr,,Des Moines,Iowa,http://www.aedairy.com,3.7339718E7,520,Private,Anderson Erickson Dairy Co.,311511,"Anderson Erickson Dairy Co. is primarily engaged in processing (e.g., pasteurizing, homogenizing, vitaminizing, bottling) fluid milk and cream, and related products, including cottage cheese, yogurt (",Andrew Yakel — Chief Financial Officer,3,1,,,,co-man status UNKNOWN — needs website check; 1 email(s) in Hoovers; mid-market size fit,not contacted,,,
97,6,"Associated Microbreweries, Inc.",unclassified food/bev mfr,,San Diego,California,http://www.karlstrauss.com,2.5721685E7,400,Private,"Associated Microbreweries, Inc.",312120,"Associated Microbreweries, Inc. is primarily engaged in manufacturing malt beverages.",Talya Lepejian — Chief Executive Officer And Founder,3,2,,,,co-man status UNKNOWN — needs website check; 2 email(s) in Hoovers; mid-market size fit,not contacted,,,
98,6,"Aurora Packing Company, Inc.",unclassified food/bev mfr,,North Aurora,Illinois,http://www.aurorabeef.com,3.8569611E7,250,Private,,311611,"Aurora Packing Company, Inc. is primarily engaged in the slaughtering, for their own account or on a contract basis for the trade, of cattle, hogs, sheep, lambs, and calves for meat to be sold or to b",Tim Ext — Chief Financial Officer,3,3,,,,co-man status UNKNOWN — needs website check; 3 email(s) in Hoovers; mid-market size fit,not contacted,,,
99,6,"Austin Quality Foods, Inc.",unclassified food/bev mfr,,Cary,North Carolina,,2.7316986E7,1567,Private,Kellanova,445291,"Austin Quality Foods, Inc. is primarily engaged in the retail sale of bakery products. The products may be purchased from others or made on the premises.",Steve Grissom — Chief Financial Officer,3,1,,,,co-man status UNKNOWN — needs website check; 1 email(s) in Hoovers; mid-market size fit,not contacted,,,
100,6,"Azteca Foods, Inc.",unclassified food/bev mfr,,Chicago,Illinois,http://www.aztecafoods.com,2.4100998E7,140,Private,"Azteca Foods, Inc.",311919,"Azteca Foods carries on the tasty culinary traditions of the Aztecs. The company is a food manufacturer that specializes in producing tortillas, chips, and salad shells. It offers a variety of tortill",Renee Togher — President,3,2,,,,co-man status UNKNOWN — needs website check; 2 email(s) in Hoovers; mid-market size fit,not contacted,,,
101,6,"Azuma Foods International Inc.,USA",unclassified food/bev mfr,,Hayward,California,http://www.azumafoods.com,2.1270685E7,90,Private,"AZUMA FOODS CO., LTD.",311710,"Azuma Foods International assumes the task of producing a variety of value-added, packaged specialty seafood products.Primarily serving the foodservice industry,the California company specializes in J",Aca Yu — Business Owner,3,1,,,,co-man status UNKNOWN — needs website check; 1 email(s) in Hoovers; mid-market size fit,not contacted,,,
102,6,B C Marketing Concepts Inc.,unclassified food/bev mfr,,Hood River,Oregon,http://www.fullsailbrewing.com,2.1393934E7,85,Private,"Encore Consumer Capital Fund II, LP",312120,"Beer is in session at Full Sail Brewing Co. Maker of Session brand premium lagers, which account for about one-third of thebrewing company's production, Full Sailalso produces a core line of amber, IP",Irene Firmat — President,3,2,,,,co-man status UNKNOWN — needs website check; 2 email(s) in Hoovers; mid-market size fit,not contacted,,,
103,6,"BA Sports Nutrition, LLC",unclassified food/bev mfr,,Whitestone,New York,http://www.drinkbodyarmor.com,5.9434559E7,106,Private,The Coca-Cola Company,312111,"Ba Sports Nutrition, Llc is primarily engaged in manufacturing soft drinks and carbonated waters.",,3,1,,,,co-man status UNKNOWN — needs website check; 1 email(s) in Hoovers; mid-market size fit; Northeast,not contacted,,,
104,6,"BONGARDS' SOUTH, LLC",unclassified food/bev mfr,,Humboldt,Tennessee,http://www.bongards.com,2.388682E7,88,Private,Bongards' Creameries,311513,"Bongards' South, Llc is primarily engaged in manufacturing natural cheese (except cottage cheese), processed cheese, cheese foods, cheese spreads, and cheese analogs (imitations and substitutes). Thes",Dennis Thomas — Chief Operating Officer,3,2,,,,co-man status UNKNOWN — needs website check; 2 email(s) in Hoovers; mid-market size fit,not contacted,,,
105,6,Bacardi Bottling Corporation,unclassified food/bev mfr,,Jacksonville,Florida,http://www.bacardi.com,2.7136244E7,169,Private,Bacardi International Limited,312140,"Bacardi Bottling Corporation is primarily engaged in manufacturing alcoholic liquors by distillation, and in manufacturing cordials and alcoholic cocktails by blending processes or by mixing liquors a",Walter Rios — Principal,3,1,,,,co-man status UNKNOWN — needs website check; 1 email(s) in Hoovers; mid-market size fit,not contacted,,,
106,6,Bacardi Corporation,unclassified food/bev mfr,,Catano,Puerto Rico,http://www.bacardi.com,4.740905E7,674,Private,Bacardi International Limited,312140,"Bacardi Corporation is primarily engaged in manufacturing alcoholic liquors by distillation, and in manufacturing cordials and alcoholic cocktails by blending processes or by mixing liquors and other ",Tony Latham — Regional President North America,3,1,,,,co-man status UNKNOWN — needs website check; 1 email(s) in Hoovers; mid-market size fit,not contacted,,,
107,6,"Baily International, LLC",unclassified food/bev mfr,,Granite City,Illinois,http://www.bailyfoods.com,3.066828E7,300,Private,"Baily International, LLC",311999,"Baily International, Llc is primarily engaged in manufacturing prepared foods and miscellaneous food specialties, not elsewhere classified, such as baking powder, yeast, and other leavening compounds;",Steve Cameron — Founder PresidentCeo,3,2,,,,co-man status UNKNOWN — needs website check; 2 email(s) in Hoovers; mid-market size fit,not contacted,,,
108,6,"Bakery Express-Mid Atlantic, Inc.",unclassified food/bev mfr,,Halethorpe,Maryland,http://www.bakeryexpressusa.com,3.3108714999999996E7,125,Private,,311812,"Bakery Express-Mid Atlantic, Inc. is primarily engaged in manufacturing fresh or frozen bread and bread-type rolls and fresh cakes, pies, pastries and other similar ""perishable"" bakery products.",Charles Burman — President,3,1,,,,co-man status UNKNOWN — needs website check; 1 email(s) in Hoovers; mid-market size fit,not contacted,,,
109,6,"Basic American, Inc.",unclassified food/bev mfr,,Walnut Creek,California,http://www.baf.com,3.5403183E8,1200,Private,"Basic American, Inc.",311423,"Basic American Foods caters to your basic meat-and-potatoes kind of person. The company makes dehydrated potato products under such brands as Hungry Jack, Nana's Own, Potato Pearls, Nature's Own, Redi",George Hume — Chief Executive Officer,3,1,,,,co-man status UNKNOWN — needs website check; 1 email(s) in Hoovers; mid-market size fit,not contacted,,,
110,6,"Battaglia Distributing Corp., Inc.",unclassified food/bev mfr,,Chicago,Illinois,http://www.battagliafoods.com,2.2833431E7,200,Private,"Battaglia Distributing Corp., Inc.",311942,"Battaglia Distributing Corp., Inc. is primarily engaged in manufacturing prepared foods and miscellaneous food specialties, not elsewhere classified, such as baking powder, yeast, and other leavening ",Jim Battan — Vice President Sales,3,2,,,,co-man status UNKNOWN — needs website check; 2 email(s) in Hoovers; mid-market size fit,not contacted,,,
111,6,"Beaumont Juice, LLC",unclassified food/bev mfr,,Beaumont,California,http://www.perriconefarms.com,2.4920464E7,98,Private,G B & P Citrus Co Inc,311421,"Beaumont Juice, Llc is primarily engaged in canning fruits, vegetables, and fruit and vegetable juices; and in manufacturing catsup and similar tomato sauces, or natural and imitation preserves, jams,",Thomas Carmody — PRINCIPAL,3,2,,,,co-man status UNKNOWN — needs website check; 2 email(s) in Hoovers; mid-market size fit,not contacted,,,
112,6,"Belgioioso Cheese, Inc.",unclassified food/bev mfr,,Green Bay,Wisconsin,http://www.belgioioso.com,1.0577831E8,180,Private,"Belgioioso Cheese, Inc.",311513,"BelGioioso Cheese hopes customers will say ""Bella, bella!"" in response to its dairy products. The company manufactures Italian-style specialty cheeses, including mozzarella, Gorgonzola, Parmesan, and ",Errico Auricchio — PRESIDENT,3,1,,,,co-man status UNKNOWN — needs website check; 1 email(s) in Hoovers; mid-market size fit,not contacted,,,
113,6,"Bellissimo Distribution, LLC",unclassified food/bev mfr,,Bartlett,Illinois,http://www.grecoandsons.com,5.7737299E8,700,Private,Sysco Corporation,311422,"Bellissimo Distribution, Llc is primarily engaged in canning specialty products, such as baby foods, nationality specialty foods, and soups, except seafood.",Ron Derosa — Principal,3,3,,,,co-man status UNKNOWN — needs website check; 3 email(s) in Hoovers; mid-market size fit,not contacted,,,
114,6,Berber Food Manufacturing LLC,unclassified food/bev mfr,,Elk Grove,California,http://www.mirancho.com,3.4069172E7,150,Private,C.H. Guenther & Son LLC,311830,"Berber Food Manufacturing Llc is primarily engaged in manufacturing prepared foods and miscellaneous food specialties, not elsewhere classified, such as baking powder, yeast, and other leavening compo",Alex Berber — Vice President Of Sales Marketing,3,3,,,,co-man status UNKNOWN — needs website check; 3 email(s) in Hoovers; mid-market size fit,not contacted,,,
115,6,Better Made Snack Foods Incorporated,unclassified food/bev mfr,,Detroit,Michigan,http://www.bettermade.com,2.3899849E7,152,Private,,311999,"Better Made Snack Foods Incorporated is primarily engaged in manufacturing prepared foods and miscellaneous food specialties, not elsewhere classified, such as baking powder, yeast, and other leavenin",Barb Meyer — Chief Financial Officer,3,1,,,,co-man status UNKNOWN — needs website check; 1 email(s) in Hoovers; mid-market size fit,not contacted,,,
116,6,"Biazzo Dairy Products, Inc.",unclassified food/bev mfr,,Ridgefield,New Jersey,http://www.biazzo.com,2.2045807E7,90,Private,,311513,"Biazzo Dairy Products, Inc. is primarily engaged in manufacturing natural cheese (except cottage cheese), processed cheese, cheese foods, cheese spreads, and cheese analogs (imitations and substitutes",,3,2,,,,co-man status UNKNOWN — needs website check; 2 email(s) in Hoovers; mid-market size fit; Northeast,not contacted,,,
117,6,"Bimbo QSR Ohio, LLC",unclassified food/bev mfr,,Zanesville,Ohio,,4.9781422E7,360,Private,"Grupo Bimbo, S.A.B. de C.V.",445291,"Bimbo Qsr Ohio, Llc is primarily engaged in the retail sale of bakery products. The products may be purchased from others or made on the premises.",Joe McDilda — Vice President Research And Development,3,1,,,,co-man status UNKNOWN — needs website check; 1 email(s) in Hoovers; mid-market size fit,not contacted,,,
118,6,"Bimbo QSR US, LLC",unclassified food/bev mfr,,Chicago,Illinois,http://www.bimboqsr.com,3.9613964E7,1700,Private,"Grupo Bimbo, S.A.B. de C.V.",311812,"Bimbo Qsr Us, Llc is primarily engaged in manufacturing fresh or frozen bread and bread-type rolls and fresh cakes, pies, pastries and other similar ""perishable"" bakery products.",Sue Almanza — Group Vice President,3,1,,,,co-man status UNKNOWN — needs website check; 1 email(s) in Hoovers; mid-market size fit,not contacted,,,
119,6,Blencor LLC,unclassified food/bev mfr,,Sealy,Texas,http://www.blencor.com,2.2577564E7,102,Private,,311411,"Blencor Llc is primarily engaged in freezing fruits, fruit juices, and vegetables. These establishments also produce important byproducts such as fresh or dried citrus pulp.",Eulogio Fernandini — Chief Executive Officer,3,1,,,,co-man status UNKNOWN — needs website check; 1 email(s) in Hoovers; mid-market size fit,not contacted,,,
120,6,"Blendex Company, LLC",unclassified food/bev mfr,,Louisville,Kentucky,http://www.blendex.com,2.2307451E7,62,Partnership,,311211,"The Blendex Company mixes it up. It mixes and blends ingredients in order to make down-home or spicy mixes to enhance prepared food products. The company produces custom-made breading, batters, coatin",Tony Jessee — CooPresident,3,2,,,,co-man status UNKNOWN — needs website check; 2 email(s) in Hoovers; mid-market size fit,not contacted,,,
121,6,"Boardman Foods, Inc.",unclassified food/bev mfr,,Boardman,Oregon,http://www.boardmanfoods.com,3.1397028E7,150,Private,"Boardman Foods, Inc.",311411,"Boardman Foods, Inc. is primarily engaged in freezing fruits, fruit juices, and vegetables. These establishments also produce important byproducts such as fresh or dried citrus pulp.",Brian Maag — CeoPresident,3,3,,,,co-man status UNKNOWN — needs website check; 3 email(s) in Hoovers; mid-market size fit,not contacted,,,
122,6,"Bob's Red Mill Natural Foods, Inc.",unclassified food/bev mfr,,Portland,Oregon,http://www.bobsredmill.com,8.9183609E7,200,Private,"Bob's Red Mill Natural Foods, Inc.",311211,"Bob's Red Mill Natural Foods, a leader in nutritious, organic, and gluten-free foods, offers a diverse line of about 400 products, including oats, baking flours and mixes, granola, grab-and-go snacks,",Bill Lozier — Chief Operating Officer,3,2,,,,co-man status UNKNOWN — needs website check; 2 email(s) in Hoovers; mid-market size fit,not contacted,,,
123,6,Bongards' Creameries,unclassified food/bev mfr,,Norwood,Minnesota,http://www.bongards.com,4.2541756E7,350,Private,Bongards' Creameries,311514,"Bongards' Creameries is primarily engaged in manufacturing dry, condensed, and evaporated dairy products. This also includes manufacturing mixes for the preparation of frozen ice cream and ice milk an",Robert Brinkman — Vice President Of Sales Foodservice,3,3,,,,co-man status UNKNOWN — needs website check; 3 email(s) in Hoovers; mid-market size fit,not contacted,,,
124,6,"Bornstein Seafoods, Inc.",unclassified food/bev mfr,,Bellingham,Washington,http://www.bornstein.com,3.7148407E7,170,Private,"Bornstein Seafoods, Inc.",311710,"Bornstein Seafoods, Inc. is primarily engaged in preparing fresh and raw or cooked frozen fish and other seafoods and seafood preparations, such as soups, stews, chowders, fishcakes, crabcakes, and sh",Colin Bornstein — President,3,3,,,,co-man status UNKNOWN — needs website check; 3 email(s) in Hoovers; mid-market size fit,not contacted,,,
125,6,"Braga Fresh Foods, LLC",unclassified food/bev mfr,,Salinas,California,http://www.bragafresh.com,2.097426E7,750,Private,Holland & Knight LLP,311999,"Braga Fresh Foods, Llc is primarily engaged in manufacturing prepared foods and miscellaneous food specialties, not elsewhere classified, such as baking powder, yeast, and other leavening compounds; p",Richard Warsaw — Vice President Food Safety Quality,3,2,,,,co-man status UNKNOWN — needs website check; 2 email(s) in Hoovers; mid-market size fit,not contacted,,,
126,6,"Brakebush Brothers, Inc.",unclassified food/bev mfr,,Westfield,Wisconsin,http://www.brakebush.com,2.0369125E7,675,Private,"Brakebush Brothers, Inc.",311612,"It should be pointed out that chickens don't start out with fingers, but Brakebush Brothers produces plenty of 'em. The company manufactures processed value-added chicken products (wings, nuggets, pat",Thomas Ludwig — Chief Financial Officer,3,2,,,,co-man status UNKNOWN — needs website check; 2 email(s) in Hoovers; mid-market size fit,not contacted,,,
127,6,Brewster Cheese Company,unclassified food/bev mfr,,Brewster,Ohio,http://www.brewstercheese.com,4.4108807E7,410,Private,Brewster Cheese Company,311513,The producer of more than 100 million pounds of cheese annually makes the Ohio company one of the leading maker of natural Swiss cheese in the country. More than 400 dairy farms provide milk to its pr,EMIL Alecusan — Vice President Chief Financial Officer,3,3,,,,co-man status UNKNOWN — needs website check; 3 email(s) in Hoovers; mid-market size fit,not contacted,,,
128,6,Bridgford Food Processing Corporation,unclassified food/bev mfr,,Chicago,Illinois,http://www.bridgfordfoods.com,2.6639433E7,375,Private,Bridgford Foods Corporation,311612,"Bridgford Food Processing Corporation is primarily engaged in manufacturing sausages, cured meats, smoked meats, canned meats, frozen meats, and other prepared meats and meat specialties, from purchas",Barren Bridgford — Chief Operating Officer,3,2,,,,co-man status UNKNOWN — needs website check; 2 email(s) in Hoovers; mid-market size fit,not contacted,,,
129,6,"Brimhall Food Company, Inc.",unclassified food/bev mfr,,Memphis,Tennessee,http://www.brimsnacks.com,2.4594931E7,95,Private,"Brimhall Food Company, Inc.",311919,"Brimhall Food Company, Inc. is primarily engaged in manufacturing potato chips, corn chips, and similar snacks.",Rebecca Brimhall — Vice President,3,1,,,,co-man status UNKNOWN — needs website check; 1 email(s) in Hoovers; mid-market size fit,not contacted,,,
130,6,Bristol Farms,unclassified food/bev mfr,,Carson,California,http://www.bristolfarms.com,1.0682314E8,300,Private,The Endeavour Capital Fund Limited Partnership,311991,Bristol Farms is an upscale grocery store chain operating 19 locations exclusively in Southern California. The company runs 13 stores under its namesake brand and six as Lazy Acres Markets. It is know,Adam Caldecott — Chief Executive Officer,3,1,,,,co-man status UNKNOWN — needs website check; 1 email(s) in Hoovers; mid-market size fit,not contacted,,,
131,6,Brothers International Desserts,unclassified food/bev mfr,,Santa Ana,California,http://www.brothersdesserts.com,4.6628132E7,420,Private,Brothers International Desserts,311520,Brothers International Desserts is primarily engaged in manufacturing ice cream and other frozen desserts.,Chad Donvito — President,3,2,,,,co-man status UNKNOWN — needs website check; 2 email(s) in Hoovers; mid-market size fit,not contacted,,,
132,6,Brown & Haley,unclassified food/bev mfr,,Fife,Washington,http://www.brown-haley.com,2.8375555E7,260,Private,Brown & Haley,311340,"Brown & Haley is a Fife, Washington food company that has been making Almond Roca and Mountain bars since 1923. Its Almond Roca is the largest exported gift candy in the US. It also operates two facto",John Melin — President Chief Operating Officer,3,3,,,,co-man status UNKNOWN — needs website check; 3 email(s) in Hoovers; mid-market size fit,not contacted,,,
133,6,"Bruce Packing Company, Inc.",unclassified food/bev mfr,,Woodburn,Oregon,http://www.brucepac.com,5.7204018E7,800,Private,"JDB, Inc.",311611,"Bruce Packing Company, Inc. is primarily engaged in the slaughtering, for their own account or on a contract basis for the trade, of cattle, hogs, sheep, lambs, and calves for meat to be sold or to be",Glen Golomski — President And Chief Executive Officer,3,1,,,,co-man status UNKNOWN — needs website check; 1 email(s) in Hoovers; mid-market size fit,not contacted,,,
134,6,"Buckhead Meat & Seafood of Houston, Inc.",unclassified food/bev mfr,,Houston,Texas,,4.858783E7,285,Private,Sysco Corporation,311611,"Freedman Food Service is a leading supplier of meat products serving restaurants, hotels, and other foodservice operators in the Houston area. It processes and distributes beef, lamb, pork, and poultr",Frank Quant — Principal,3,2,,,,co-man status UNKNOWN — needs website check; 2 email(s) in Hoovers; mid-market size fit,not contacted,,,
135,6,"Buffalo Trace Distillery, Inc.",unclassified food/bev mfr,,Frankfort,Kentucky,http://www.buffalotracedistillery.com,1.2732286E8,200,Private,"Sazerac Company, Inc.",312140,"Buffalo Trace Distillery, Inc. is primarily engaged in manufacturing alcoholic liquors by distillation, and in manufacturing cordials and alcoholic cocktails by blending processes or by mixing liquors",Scott Bordieri — Vice President Us Retail,3,3,,,,co-man status UNKNOWN — needs website check; 3 email(s) in Hoovers; mid-market size fit,not contacted,,,
136,6,"Bumble Bee Seafoods, L.P.",unclassified food/bev mfr,,San Diego,California,http://www.bumblebee.com,2.1569008E7,150,Partnership,,311710,"Bumble Bee Seafoods, L.P. is primarily engaged in cooking and canning fish, shrimp, oysters, clams, crabs, and other seafoods, including soups; and those engaged in smoking, salting, drying, or otherw",Jill Irvin — Senior Vice President General Counsel,3,1,,,,co-man status UNKNOWN — needs website check; 1 email(s) in Hoovers; mid-market size fit,not contacted,,,
137,6,"Buono Vita, Inc.",unclassified food/bev mfr,,Bridgeton,New Jersey,http://www.buonavitainc.com,2.4937571E7,115,Private,,311422,"Buono Vita, Inc. is primarily engaged in canning specialty products, such as baby foods, nationality specialty foods, and soups, except seafood.",,3,3,,,,co-man status UNKNOWN — needs website check; 3 email(s) in Hoovers; mid-market size fit; Northeast,not contacted,,,
138,6,Burnett Dairy Cooperative,unclassified food/bev mfr,,Grantsburg,Wisconsin,http://www.burnettdairy.com,2.8423971E7,215,Private,Burnett Dairy Cooperative,311513,"Burnett Dairy Cooperative is primarily engaged in manufacturing natural cheese (except cottage cheese), processed cheese, cheese foods, cheese spreads, and cheese analogs (imitations and substitutes).",Scott Briggs — Chief Operating Officer,3,3,,,,co-man status UNKNOWN — needs website check; 3 email(s) in Hoovers; mid-market size fit,not contacted,,,
139,6,"Busken Bakery, Inc.",unclassified food/bev mfr,,Cincinnati,Ohio,http://www.busken.com,2.4539215E7,175,Private,"Busken Bakery, Inc.",311824,"Busken Bakery, Inc. is a family-owned and operated full-line retail bakery that has been serving the Cincinnati, Ohio area since its founding in 1928. The company primarily operates several retail sto",Susan Holmes — President And Chief Executive Officer,3,2,,,,co-man status UNKNOWN — needs website check; 2 email(s) in Hoovers; mid-market size fit,not contacted,,,
140,6,"Butterball Farms, Inc.",unclassified food/bev mfr,,Grand Rapids,Michigan,http://www.butterballfarms.com,2.6524803E7,135,Private,,311999,"Butterball Farms, Inc. is primarily engaged in manufacturing prepared foods and miscellaneous food specialties, not elsewhere classified, such as baking powder, yeast, and other leavening compounds; p",Lisa Van Schelven — Chief Operating Officer,3,2,,,,co-man status UNKNOWN — needs website check; 2 email(s) in Hoovers; mid-market size fit,not contacted,,,
141,6,"Buzzballz, LLC",unclassified food/bev mfr,,Carrollton,Texas,http://www.buzzballz.com,1.0520609E8,170,Private,"Sazerac Company, Inc.",312140,"Buzzballz, Llc is primarily engaged in manufacturing alcoholic liquors by distillation, and in manufacturing cordials and alcoholic cocktails by blending processes or by mixing liquors and other ingre",Merrilee Kick — Chief Executive Officer,3,2,,,,co-man status UNKNOWN — needs website check; 2 email(s) in Hoovers; mid-market size fit,not contacted,,,
142,6,"C & F Packing Co., Inc.",unclassified food/bev mfr,,Lake Villa,Illinois,http://www.cfpacking.com,2.6334942E7,130,Private,,311612,"C & F Packing Co., Inc. is primarily engaged in manufacturing sausages, cured meats, smoked meats, canned meats, frozen meats, and other prepared meats and meat specialties, from purchased carcasses a",Joseph Freda — President,3,3,,,,co-man status UNKNOWN — needs website check; 3 email(s) in Hoovers; mid-market size fit,not contacted,,,
143,6,C C 1 Limited Partnership,unclassified food/bev mfr,,Bayamon,Puerto Rico,http://www.ccprb.com,4.9060599E8,816,Partnership,C C 1 Limited Partnership,312111,C C 1 Limited Partnership is primarily engaged in manufacturing soft drinks and carbonated waters.,Julio Bravo — Vice President Operations,3,1,,,,co-man status UNKNOWN — needs website check; 1 email(s) in Hoovers; mid-market size fit,not contacted,,,
144,6,C. Mondavi & Family,unclassified food/bev mfr,,Saint Helena,California,http://www.ckmondavi.com,2.5480503E7,100,Private,C. Mondavi & Family,312130,"C. Mondavi & Family is primarily engaged in manufacturing wines, brandy, and brandy spirits. This industry also includes bonded wine cellars which are engaged in blending wines.",Mike Spiegel — Chief Financial Officer,3,1,,,,co-man status UNKNOWN — needs website check; 1 email(s) in Hoovers; mid-market size fit,not contacted,,,
145,6,"C.J. Foods, Inc.",unclassified food/bev mfr,,La Palma,California,http://www.cjfoods.com,2.2799065E7,80,Private,CJ CheilJedang Corporation,311999,"C.J. Foods, Inc. is primarily engaged in manufacturing prepared foods and miscellaneous food specialties, not elsewhere classified, such as baking powder, yeast, and other leavening compounds; peanut ",Jeongseok Oh — Principal Researcher,3,3,,,,co-man status UNKNOWN — needs website check; 3 email(s) in Hoovers; mid-market size fit,not contacted,,,
146,6,CJ Bio America Inc.,unclassified food/bev mfr,,Fort Dodge,Iowa,http://www.cjbio.net,5.8450821E7,200,Private,CJ Corporation,311119,"Cj Bio America Inc. is primarily engaged in manufacturing prepared feeds and feed ingredients and adjuncts for animals and fowls, except dogs and cats. Included in this industry are poultry and livest",Lance Choi — Chief Executive Officer Of Cj America Bio,3,1,,,,co-man status UNKNOWN — needs website check; 1 email(s) in Hoovers; mid-market size fit,not contacted,,,
147,6,"CLARK BEVERAGE GROUP, INC.",unclassified food/bev mfr,,Oakland,Kentucky,http://www.ccclark.com,2.3323978E7,154,Private,"C. C. Clark, Inc.",312111,"Clark Beverage Group, Inc. is primarily engaged in manufacturing soft drinks and carbonated waters.",Heath Williams — Chief Financial Officer,3,1,,,,co-man status UNKNOWN — needs website check; 1 email(s) in Hoovers; mid-market size fit,not contacted,,,
148,6,CLEMENTS FOODS CO.,unclassified food/bev mfr,,Oklahoma City,Oklahoma,http://www.clementsfoodscompany.com,4.5774658E7,235,Private,CLEMENTS FOODS CO.,311941,"Clements Foods Co. is primarily engaged in pickling and brining fruits and vegetables, and in manufacturing salad dressings, vegetable relishes, sauces, and seasonings.",Mike Martin — Vice President Operations,3,3,,,,co-man status UNKNOWN — needs website check; 3 email(s) in Hoovers; mid-market size fit,not contacted,,,
149,6,"CRESTONE GROUP, LLC",unclassified food/bev mfr,,Carlsbad,California,http://www.crestone-group.com,2.0134777E7,300,Private,"CRESTONE GROUP, LLC",445291,"Crestone Group, Llc is primarily engaged in the retail sale of bakery products. The products may be purchased from others or made on the premises.",James Pettit — President Chief Executive Officer,3,2,,,,co-man status UNKNOWN — needs website check; 2 email(s) in Hoovers; mid-market size fit,not contacted,,,
150,6,"CTI Foods Texas Soups, LLC",unclassified food/bev mfr,,Saginaw,Texas,http://www.ctifoods.com,4.7761997E7,200,Private,"CTI Foods, LLC",311612,"Cti Foods Texas Soups, Llc is primarily engaged in manufacturing sausages, cured meats, smoked meats, canned meats, frozen meats, and other prepared meats and meat specialties, from purchased carcasse",Corey Arrick — President Chief Operations Officer,3,1,,,,co-man status UNKNOWN — needs website check; 1 email(s) in Hoovers; mid-market size fit,not contacted,,,
151,6,"CTI Foods Wilder, LLC",unclassified food/bev mfr,,Wilder,Idaho,,2.3297842E7,500,Private,"CTI Foods, LLC",311612,"Cti Foods Wilder, Llc is primarily engaged in manufacturing sausages, cured meats, smoked meats, canned meats, frozen meats, and other prepared meats and meat specialties, from purchased carcasses and",Phillip Sanders — Vice President Of Sales,3,2,,,,co-man status UNKNOWN — needs website check; 2 email(s) in Hoovers; mid-market size fit,not contacted,,,
152,6,Cacique Foods LLC,unclassified food/bev mfr,,Irving,Texas,http://www.caciquefoods.com,1.0618364E8,242,Private,Cacique Foods LLC,311513,"If you thought the Spanish word for cheese was ""queso,"" you haven't heard of Cacique. The company is one of the largest Hispanic-style dairy product manufacturers in the US. Cacique primarily makes an",Francoise Mattice — Chief Financial Officer,3,1,,,,co-man status UNKNOWN — needs website check; 1 email(s) in Hoovers; mid-market size fit,not contacted,,,
153,6,Cakebread Cellars,unclassified food/bev mfr,,Rutherford,California,http://www.cakebread.com,2.1636934E7,60,Private,,312130,"Cakebread Cellars is primarily engaged in manufacturing wines, brandy, and brandy spirits. This industry also includes bonded wine cellars which are engaged in blending wines.",Jack Cakebread — Chief Executive Officer,3,3,,,,co-man status UNKNOWN — needs website check; 3 email(s) in Hoovers; mid-market size fit,not contacted,,,
154,6,"California Natural Products, LLC",unclassified food/bev mfr,,Lathrop,California,http://www.gehlfoodandbeverage.com,3.7758202E7,375,Private,"Gehl Foods, LLC",311999,"California Natural Products, Llc is primarily engaged in manufacturing prepared foods and miscellaneous food specialties, not elsewhere classified, such as baking powder, yeast, and other leavening co",Craig Lemieux — Chief Executive Officer,3,3,,,,co-man status UNKNOWN — needs website check; 3 email(s) in Hoovers; mid-market size fit,not contacted,,,
155,6,Cameron's Coffee and Distribution Company,unclassified food/bev mfr,,Shakopee,Minnesota,http://www.cameronscoffee.com,2.3378935E7,143,Private,Cameron's Coffee and Distribution Company,311920,"Cameron's Coffee And Distribution Company is primarily engaged in roasting coffee, and in manufacturing coffee concentrates and extracts in powdered, liquid, or frozen form, including freeze-dried.",Joshua Anderson — Chief Executive Officer,3,2,,,,co-man status UNKNOWN — needs website check; 2 email(s) in Hoovers; mid-market size fit,not contacted,,,
156,6,"Camino Real Foods, Inc.",unclassified food/bev mfr,,Los Angeles,California,http://www.caminorealkitchens.com,4.7911819E7,410,Private,"Camino Real Foods, Inc.",311999,"Camino Real Foods, Inc. is primarily engaged in manufacturing prepared foods and miscellaneous food specialties, not elsewhere classified, such as baking powder, yeast, and other leavening compounds; ",Rob Cross — President,3,2,,,,co-man status UNKNOWN — needs website check; 2 email(s) in Hoovers; mid-market size fit,not contacted,,,
157,6,"Camp Hill Confections, LLC",unclassified food/bev mfr,,York,Pennsylvania,http://www.warrellcorp.com,4.6426708E7,112,Private,"Wolfgang CHC, LLC",311351,"Warrell Corporation (dba Pennsylvania Dutch Candies)has plenty of sweet treats. The Pennsylvania confectioner's more than 1,000products include peanut brittle, butter and party mints, peanut-butter pi",Patricia Zwergel — President Acting Chief Executive Officer,3,3,,,,co-man status UNKNOWN — needs website check; 3 email(s) in Hoovers; mid-market size fit,not contacted,,,
158,6,"Campofrio Food Group - America, Inc.",unclassified food/bev mfr,,South Chesterfield,Virginia,http://www.fioruccifoods.com,2.4690378E7,175,Private,CAMPOFRIO FOOD GROUP SA,311611,"Fiorucci Foods brings traditional Italian deli meats to a US audience. The company produces and sells Italian specialty meats -- including salami, prosciutto, pepperoni, and pancetta -- along with its",Mark Bragelone — Vice President,3,1,,,,co-man status UNKNOWN — needs website check; 1 email(s) in Hoovers; mid-market size fit,not contacted,,,
159,6,Canada Dry Potomac Corporation,unclassified food/bev mfr,,Hyattsville,Maryland,http://www.cdpotomac.com,2.6908173E7,575,Private,Canada Dry Potomac Corporation,312111,Canada Dry Potomac Corporation is primarily engaged in manufacturing soft drinks and carbonated waters.,Marvin Goldstein — Vice President,3,1,,,,co-man status UNKNOWN — needs website check; 1 email(s) in Hoovers; mid-market size fit,not contacted,,,
160,6,"Carolina Canners, Inc.",unclassified food/bev mfr,,Cheraw,South Carolina,http://www.carolinacanners.com,4.2011497E7,335,Private,"Carolina Canners, Inc.",312111,"Carolina Canners, Inc. is primarily engaged in manufacturing soft drinks and carbonated waters.",Jeff Stevens — Chief Executive Officer,3,2,,,,co-man status UNKNOWN — needs website check; 2 email(s) in Hoovers; mid-market size fit,not contacted,,,
161,6,"Casper's Ice Cream, LLC",unclassified food/bev mfr,,Richmond,Utah,http://www.caspersicecream.com,3.2193607E7,96,Private,"MidOcean US Advisor, L.P.",311520,"Casper's Ice Cream, Llc is primarily engaged in manufacturing ice cream and other frozen desserts.",Tia Bailey — Executive Vice President Human Resources,3,3,,,,co-man status UNKNOWN — needs website check; 3 email(s) in Hoovers; mid-market size fit,not contacted,,,
162,6,Catallia Mexican Foods LLC,unclassified food/bev mfr,,Eagan,Minnesota,http://www.catallia.com,2.1074291E7,80,Private,,311830,"Catallia Mexican Foods Llc is primarily engaged in manufacturing prepared foods and miscellaneous food specialties, not elsewhere classified, such as baking powder, yeast, and other leavening compound",Isaiha Peralta — Principal,3,2,,,,co-man status UNKNOWN — needs website check; 2 email(s) in Hoovers; mid-market size fit,not contacted,,,
163,6,"Cereal Ingredients, Inc.",unclassified food/bev mfr,,Leavenworth,Kansas,http://www.ciifoods.com,4.0263935E7,210,Private,"Cereal Ingredients, Inc.",311930,"Cereal Ingredients, Inc. is primarily engaged in manufacturing flavoring extracts, syrups, powders, and related products, not elsewhere classified, for soda fountain use or for the manufacture of soft",John Waldron — Chief Operating Officer,3,1,,,,co-man status UNKNOWN — needs website check; 1 email(s) in Hoovers; mid-market size fit,not contacted,,,
164,6,"Champion Foods, L.L.C.",unclassified food/bev mfr,,New Boston,Michigan,http://www.championfoods.com,4.9006931E7,300,Private,"Ilitch Holdings, Inc.",311991,"Champion Foods, L.L.C. is primarily engaged in manufacturing prepared foods and miscellaneous food specialties, not elsewhere classified, such as baking powder, yeast, and other leavening compounds; p",Jonathan Buring — Executive Vice President,3,1,,,,co-man status UNKNOWN — needs website check; 1 email(s) in Hoovers; mid-market size fit,not contacted,,,
165,6,"Chattanooga Bakery, Inc.",unclassified food/bev mfr,,Chattanooga,Tennessee,http://www.moonpie.com,2.4689445E7,135,Private,"Chattanooga Bakery, Inc.",311821,"Chattanooga Bakery, Inc. is a privately held, family-owned business best known as the creator of the iconic Southern snack, the MoonPie. Founded in 1902 and now in its fourth generation of family owne",Thomas Murphy — Principal And Member Attorney,3,1,,,,co-man status UNKNOWN — needs website check; 1 email(s) in Hoovers; mid-market size fit,not contacted,,,
166,6,"Chef John Folse & Co.,  L.L.C.",unclassified food/bev mfr,,Gonzales,Louisiana,http://www.jfolse.com,2.4565405E7,320,Private,"Chef John Folse & Co.,  L.L.C.",311710,"Chef John Folse & Co.,  L.L.C. is primarily engaged in preparing fresh and raw or cooked frozen fish and other seafoods and seafood preparations, such as soups, stews, chowders, fishcakes, crabcakes, ",Robert Obrien — Principal,3,1,,,,co-man status UNKNOWN — needs website check; 1 email(s) in Hoovers; mid-market size fit,not contacted,,,
167,6,Chesapeake Spice Co. LLC,unclassified food/bev mfr,,Belcamp,Maryland,http://www.chesapeakespice.com,2.3512529E7,140,Private,Chesapeake Spice Co. LLC,311942,"Chesapeake Spice Co. Llc is primarily engaged in manufacturing prepared foods and miscellaneous food specialties, not elsewhere classified, such as baking powder, yeast, and other leavening compounds;",Sam Casale — Chief Financial Officer,3,2,,,,co-man status UNKNOWN — needs website check; 2 email(s) in Hoovers; mid-market size fit,not contacted,,,
168,6,"Choice U.S.A. Beverage, Inc.",unclassified food/bev mfr,,Lowell,North Carolina,http://www.choiceusabeverage.com,2.3193754E7,120,Private,"Choice U.S.A. Beverage, Inc.",312111,"Choice U.S.A. Beverage, Inc. is primarily engaged in manufacturing soft drinks and carbonated waters.",LINDA Medley — PRESIDENT,3,2,,,,co-man status UNKNOWN — needs website check; 2 email(s) in Hoovers; mid-market size fit,not contacted,,,
169,6,"Clougherty Packing, LLC",unclassified food/bev mfr,,Los Angeles,California,http://farmerjohn.sfdbrands.com,4.0386944E7,1300,Private,"Smithfield Foods, Inc.",311611,"Amid the concession game fare of peanuts and Cracker Jack, there is Clougherty Packing. The company sponsors the Los Angeles Dodgers professional baseball team and makes the Dodger Dog, a hot dog favo",Ernie Arauza — Vice President Human Resources,3,3,,,,co-man status UNKNOWN — needs website check; 3 email(s) in Hoovers; mid-market size fit,not contacted,,,
170,6,Clover Farms Dairy Company,unclassified food/bev mfr,,Reading,Pennsylvania,http://www.cloverfarms.com,4.8165928E7,285,Private,Clover Farms Dairy Company,312111,Clover Farms Dairy Company is primarily engaged in manufacturing soft drinks and carbonated waters.,John Rothenberger — Chief Financial Officer,3,2,,,,co-man status UNKNOWN — needs website check; 2 email(s) in Hoovers; mid-market size fit,not contacted,,,
171,6,Cloverdale Foods Company,unclassified food/bev mfr,,Mandan,North Dakota,http://www.cloverdalefoods.com,2.7939898E7,546,Private,,311612,"Cloverdale Foods Company is primarily engaged in manufacturing sausages, cured meats, smoked meats, canned meats, frozen meats, and other prepared meats and meat specialties, from purchased carcasses ",Scott Russell — Chief Executive Officer President,3,2,,,,co-man status UNKNOWN — needs website check; 2 email(s) in Hoovers; mid-market size fit,not contacted,,,
172,6,Cloverland Dairy Limited Partnership,unclassified food/bev mfr,,Baltimore,Maryland,http://www.cloverlanddairy.com,4.6527061E7,450,Partnership,,311511,"Cloverland Dairy Limited Partnership is primarily engaged in processing (e.g., pasteurizing, homogenizing, vitaminizing, bottling) fluid milk and cream, and related products, including cottage cheese,",James Cella — Vice President Dairy Operations,3,2,,,,co-man status UNKNOWN — needs website check; 2 email(s) in Hoovers; mid-market size fit,not contacted,,,
173,6,Coca Cola Bottling Co Of Shreveport Inc,unclassified food/bev mfr,,Dallas,Texas,http://www.coca-cola.com,3.753669E7,300,Private,"Coca-Cola Refreshments USA, LLC",312111,Coca Cola Bottling Co Of Shreveport Inc is primarily engaged in manufacturing soft drinks and carbonated waters.,Deidre Jones — Senior Vice President And Chief People Officer,3,1,,,,co-man status UNKNOWN — needs website check; 1 email(s) in Hoovers; mid-market size fit,not contacted,,,
174,6,"Coca-Cola Beverages Florida, LLC",unclassified food/bev mfr,,Tampa,Florida,http://www.cokeflorida.com,5.4950476E8,1000,Private,"Cardinal System Holdings, LLC",312111,"Coca-Cola Beverages Florida, Llc is primarily engaged in manufacturing soft drinks and carbonated waters.",Duane Still — Chief Financial Officer,3,1,,,,co-man status UNKNOWN — needs website check; 1 email(s) in Hoovers; mid-market size fit,not contacted,,,
175,6,"Coca-Cola Bottling Company of New York, Inc., The",unclassified food/bev mfr,,Atlanta,Georgia,http://www.cocacolaunited.com,4.3248196E8,164,Private,"Coca-Cola Refreshments USA, LLC",312111,"Coca-Cola Bottling Company Of New York, Inc., The is primarily engaged in manufacturing soft drinks and carbonated waters.",Rima Shehadeh — Principal Auditor,3,3,,,,co-man status UNKNOWN — needs website check; 3 email(s) in Hoovers; mid-market size fit,not contacted,,,
176,6,Coca-Cola Bottling Company of Wisconsin (del),unclassified food/bev mfr,,Niles,Illinois,http://www.reyescocacola.com,4.9520592E7,400,Private,"Coca-Cola Refreshments USA, LLC",312111,Coca-Cola Bottling Company Of Wisconsin (Del) is primarily engaged in manufacturing soft drinks and carbonated waters.,James McArthur — Senior Vice President Operations,3,2,,,,co-man status UNKNOWN — needs website check; 2 email(s) in Hoovers; mid-market size fit,not contacted,,,
177,6,Coca-Cola Business Services North America LLC,unclassified food/bev mfr,,Atlanta,Georgia,http://www.ccbss.com,5.544313E7,150,Private,Coca-Cola Bottlers' Sales & Services Company LLC,312111,Coca-Cola Business Services North America Llc is primarily engaged in manufacturing soft drinks and carbonated waters.,Robert Su — Chief Financial Officer,3,2,,,,co-man status UNKNOWN — needs website check; 2 email(s) in Hoovers; mid-market size fit,not contacted,,,
178,6,"Coleman Natural Foods, LLC",unclassified food/bev mfr,,Golden,Colorado,http://www.colemannatural.com,2.4631119E7,2300,Private,Perdue Farms Incorporated,311611,"Coleman Natural Foods raises some mighty healthy critters. The company serves up vegetarian-fed chicken, pork, and goat that's natural, organic, and antibiotic- and GM-free. It also offers chicken sau",Mark Hickman — Vice President Pork Operations,3,3,,,,co-man status UNKNOWN — needs website check; 3 email(s) in Hoovers; mid-market size fit,not contacted,,,
179,6,Commercial Creamery Co.,unclassified food/bev mfr,,Spokane,Washington,http://www.cheesepowder.com,2.2060547E7,120,Private,Commercial Creamery Co.,311514,"Say ""cheese"" and, poof!, you get the Commercial Creamery, a manufacturer of spray-dried food powders. The company's products include cheese and dairy powders, including cream and cheese powders, as we",William Gilmartin — Senior Vice President Of Operations,3,1,,,,co-man status UNKNOWN — needs website check; 1 email(s) in Hoovers; mid-market size fit,not contacted,,,
180,6,Cookietree LLC,unclassified food/bev mfr,,Salt Lake City,Utah,http://www.cookietree.com,2.3603968E7,136,Private,C.H. Guenther & Son LLC,311821,"Cookietree Llc is primarily engaged in manufacturing fresh cookies, crackers, pretzels, and similar ""dry"" bakery products.",Harold Rosemann — Chief Financial Officer Chief Operations Officer,3,3,,,,co-man status UNKNOWN — needs website check; 3 email(s) in Hoovers; mid-market size fit,not contacted,,,
181,6,"Copper River Seafoods, Inc.",unclassified food/bev mfr,,Anchorage,Alaska,http://www.copperriverseafoods.com,5.0149975E7,230,Private,"Copper River Seafoods, Inc.",311710,"Copper River Seafoods, Inc. is primarily engaged in cooking and canning fish, shrimp, oysters, clams, crabs, and other seafoods, including soups; and those engaged in smoking, salting, drying, or othe",Brandi Zeman — Chief Financial Officer,3,2,,,,co-man status UNKNOWN — needs website check; 2 email(s) in Hoovers; mid-market size fit,not contacted,,,
182,6,Corriere Quest Capital Co.,unclassified food/bev mfr,,Easton,Pennsylvania,http://www.keystonesnacks.com,2.2565132E7,150,Private,"Cheeze Kurls, LLC",311919,"Corriere Quest Capital Co. is primarily engaged in manufacturing potato chips, corn chips, and similar snacks.",William Corriere — Chief Executive Officer,3,1,,,,co-man status UNKNOWN — needs website check; 1 email(s) in Hoovers; mid-market size fit,not contacted,,,
183,6,"Cosmax NBT Usa, Inc.",unclassified food/bev mfr,,Plano,Texas,http://www.cosmaxnbtusa.com,2.0310816E7,63,Private,"COSMAX NBT, INC.",311514,"Cosmax Nbt Usa, Inc. is primarily engaged in manufacturing dry, condensed, and evaporated dairy products. This also includes manufacturing mixes for the preparation of frozen ice cream and ice milk an",Byung Lee — President,3,1,,,,co-man status UNKNOWN — needs website check; 1 email(s) in Hoovers; mid-market size fit,not contacted,,,
184,6,"Country Fresh Batter, Inc.",unclassified food/bev mfr,,King OF Prussia,Pennsylvania,http://www.hopescookies.com,2.1921892E7,60,Private,"Country Fresh Batter, Inc.",311821,"Country Fresh Batter, Inc. is primarily engaged in manufacturing fresh cookies, crackers, pretzels, and similar ""dry"" bakery products.",Hope Spivak — President,3,1,,,,co-man status UNKNOWN — needs website check; 1 email(s) in Hoovers; mid-market size fit,not contacted,,,
185,6,"Country Maid, Inc.",unclassified food/bev mfr,,West Bend,Iowa,http://www.countrymaid.net,4.0E7,90,Private,,311211,"Country Maid, Inc. is primarily engaged in milling flour or meal from grain, except rice. The products of flour mills may be sold plain or in the form of prepared mixes or doughs for specific purposes",Ken Banwart — President,3,3,,,,co-man status UNKNOWN — needs website check; 3 email(s) in Hoovers; mid-market size fit,not contacted,,,
186,6,"Crumbl Franchising, LLC",unclassified food/bev mfr,,Lindon,Utah,http://www.crumblcookies.com,1.5826564E8,139,Private,"Crumbl Foods, LLC",445291,"Crumbl Franchising, Llc is primarily engaged in the retail sale of bakery products. The products may be purchased from others or made on the premises.",Brian Howell — Franchise Owner Operator President,3,2,,,,co-man status UNKNOWN — needs website check; 2 email(s) in Hoovers; mid-market size fit,not contacted,,,
187,6,"Custom Culinary, Inc.",unclassified food/bev mfr,,Lombard,Illinois,http://www.customculinary.com,2.2935005E7,130,Private,Griffith Foods Inc.,311423,"Custom Culinary, Inc. is primarily engaged in sun drying or artificially dehydrating fruits and vegetables, or in manufacturing packaged soup mixes from dehydrated ingredients.",Daniel Schlesinger — Principal,3,2,,,,co-man status UNKNOWN — needs website check; 2 email(s) in Hoovers; mid-market size fit,not contacted,,,
188,6,Custom Foods of America Incorporated,unclassified food/bev mfr,,Knoxville,Tennessee,http://www.customfoods.net,2.7538307E7,300,Private,,311999,"Custom Foods Of America Incorporated is primarily engaged in manufacturing prepared foods and miscellaneous food specialties, not elsewhere classified, such as baking powder, yeast, and other leavenin",Graham Hunter — President,3,3,,,,co-man status UNKNOWN — needs website check; 3 email(s) in Hoovers; mid-market size fit,not contacted,,,
189,6,D.B.C. Corporation,unclassified food/bev mfr,,Madison,Mississippi,http://www.pirouline.com,2.4166662E7,186,Private,,311821,"D.B.C. Corporation is primarily engaged in manufacturing fresh cookies, crackers, pretzels, and similar ""dry"" bakery products.",Peter De Beukelaer — President,3,1,,,,co-man status UNKNOWN — needs website check; 1 email(s) in Hoovers; mid-market size fit,not contacted,,,
190,6,"DG FOODS, LLC",unclassified food/bev mfr,,Hazlehurst,Mississippi,http://www.dgfoods.net,4.1490002E7,500,Private,,311615,"Dg Foods, Llc is primarily engaged in slaughtering, dressing, packing, freezing, and canning poultry, rabbits, and other small game, or in manufacturing products from such meats, for their own account",Chris Carter — Chief Executive Officer,3,3,,,,co-man status UNKNOWN — needs website check; 3 email(s) in Hoovers; mid-market size fit,not contacted,,,
191,6,"DP BRANDS, INC",unclassified food/bev mfr,,Salem,Oregon,http://www.donpancho.com,2.4861164E7,101,Private,"Reser's Fine Foods, Inc.",311830,"Don Pancho Authentic Mexican Foods sets about satisfying the growing craving for Mexican and Tex-Mex foods in the US. Manufacturing some 2.5 million tortilla shells every day, the company provides reg",Phillip Puentes — Vice President,3,2,,,,co-man status UNKNOWN — needs website check; 2 email(s) in Hoovers; mid-market size fit,not contacted,,,
192,6,"DP CLOSING, LLC",unclassified food/bev mfr,,Yuma,Arizona,http://www.oasisdate.com,2.3500154E7,501,Private,,311423,"Dp Closing, Llc is primarily engaged in sun drying or artificially dehydrating fruits and vegetables, or in manufacturing packaged soup mixes from dehydrated ingredients.",Carl Padula — Chief Financial Officer,3,1,,,,co-man status UNKNOWN — needs website check; 1 email(s) in Hoovers; mid-market size fit,not contacted,,,
193,6,"Dalton's Best Maid Products, Incorporated",unclassified food/bev mfr,,Fort Worth,Texas,http://www.bestmaidpickles.com,3.0835499E7,250,Private,"Dalton's Best Maid Products, Incorporated",311421,"Best Maid Products is a company that enjoys being in a serious pickle. Founded in 1926 by the Dalton family, the company distributes a variety of pickles, sauces, dressings, and other condiments under",Brian Dalton — President And Chief Financial Officer,3,3,,,,co-man status UNKNOWN — needs website check; 3 email(s) in Hoovers; mid-market size fit,not contacted,,,
194,6,"De Wafelbakkers, LLC.",unclassified food/bev mfr,,North Little Rock,Arkansas,http://www.dewafelbakkers.com,3.1574579E7,150,Private,Hometown Food Company,311412,"De Wafelbakkers, Llc. is primarily engaged in manufacturing frozen food specialties, not elsewhere classified, such as frozen dinners and frozen pizza.",Tim Beeson — Vice President Of Operations,3,2,,,,co-man status UNKNOWN — needs website check; 2 email(s) in Hoovers; mid-market size fit,not contacted,,,
195,6,"DecoPac, Inc.",unclassified food/bev mfr,,Anoka,Minnesota,http://www.decopac.com,4.901136E7,373,Private,"DecoPac, Inc.",445291,"Decopac, Inc. is primarily engaged in the retail sale of bakery products. The products may be purchased from others or made on the premises.",Steven Twedell — Chief Financial Officer,3,3,,,,co-man status UNKNOWN — needs website check; 3 email(s) in Hoovers; mid-market size fit,not contacted,,,
196,6,Del Mar Food Products Corp.,unclassified food/bev mfr,,Watsonville,California,http://www.delmarfoods.com,2.306398E7,100,Private,,311421,"Del Mar Food Products Corp. is primarily engaged in canning fruits, vegetables, and fruit and vegetable juices; and in manufacturing catsup and similar tomato sauces, or natural and imitation preserve",Paul Mecozzi — Chief Executive Officer,3,3,,,,co-man status UNKNOWN — needs website check; 3 email(s) in Hoovers; mid-market size fit,not contacted,,,
197,6,"Del Monte Fresh Produce N.A., Inc.",unclassified food/bev mfr,,Coral Gables,Florida,http://www.freshdelmonte.com,5.1884375E8,1550,Private,Del Monte Fresh Produce Company,311421,"Del Monte Fresh Produce N.A., Inc. is primarily engaged in canning fruits, vegetables, and fruit and vegetable juices; and in manufacturing catsup and similar tomato sauces, or natural and imitation p",Rene Contreras — Principal,3,2,,,,co-man status UNKNOWN — needs website check; 2 email(s) in Hoovers; mid-market size fit,not contacted,,,
198,6,"Deschutes Brewery, Inc.",unclassified food/bev mfr,,Bend,Oregon,http://www.deschutesbrewery.com,4.0886143E7,270,Private,"Deschutes Brewery, Inc.",312120,"Named for a nearby river, Deschutes Brewery goes with the flow of its craft beer. Among its stable of beers are the Black Butte Porter, Obsidian Stout, and Big Rig brands. Headquartered in Bend, Orego",Lisa Swanston — Chief Financial Officer,3,2,,,,co-man status UNKNOWN — needs website check; 2 email(s) in Hoovers; mid-market size fit,not contacted,,,
199,6,"Destileria Serralles, Inc.",unclassified food/bev mfr,,Mercedita,Puerto Rico,http://www.donq.com,4.8400265E7,292,Private,"Destileria Serralles, Inc.",312140,"Destileria Serralles, Inc. is primarily engaged in manufacturing alcoholic liquors by distillation, and in manufacturing cordials and alcoholic cocktails by blending processes or by mixing liquors and",John Meisler — Vice President Sales Serralles Usa,3,1,,,,co-man status UNKNOWN — needs website check; 1 email(s) in Hoovers; mid-market size fit,not contacted,,,
200,6,"Diageo Americas, Inc.",unclassified food/bev mfr,,New York,New York,,1.25272E8,109,Private,DIAGEO PLC,312130,"Diageo Americas, Inc. is primarily engaged in manufacturing wines, brandy, and brandy spirits. This industry also includes bonded wine cellars which are engaged in blending wines.",,3,2,,,,co-man status UNKNOWN — needs website check; 2 email(s) in Hoovers; mid-market size fit; Northeast,not contacted,,,
201,6,"Diana's Mexican Food Products, Inc.",unclassified food/bev mfr,,Norwalk,California,http://www.dianas.net,2.3318909E7,300,Private,"Diana's Mexican Food Products, Inc.",311830,"Diana's Mexican Food Products, Inc. is primarily engaged in manufacturing prepared foods and miscellaneous food specialties, not elsewhere classified, such as baking powder, yeast, and other leavening",Hortensia Magana — Vice President,3,2,,,,co-man status UNKNOWN — needs website check; 2 email(s) in Hoovers; mid-market size fit,not contacted,,,
202,6,"Dieffenbach's Potato Chips, Inc.",unclassified food/bev mfr,,Womelsdorf,Pennsylvania,http://www.dieffenbachs.com,2.1297977E7,160,Private,"Dieffenbach's Potato Chips, Inc.",311919,"Dieffenbach's Potato Chips, Inc. is primarily engaged in manufacturing potato chips, corn chips, and similar snacks.",Nevin Dieffenbach — Chief Executive Officer,3,2,,,,co-man status UNKNOWN — needs website check; 2 email(s) in Hoovers; mid-market size fit,not contacted,,,
203,6,"Discoverfresh Foods, Inc.",unclassified food/bev mfr,,Greenville,South Carolina,http://www.dukesmayo.com,4.3332714E7,230,Private,"Discoverfresh Foods, Inc.",311513,"Discoverfresh Foods, Inc. is primarily engaged in manufacturing natural cheese (except cottage cheese), processed cheese, cheese foods, cheese spreads, and cheese analogs (imitations and substitutes).",Andrew Smart — Chief Executive Officer,3,1,,,,co-man status UNKNOWN — needs website check; 1 email(s) in Hoovers; mid-market size fit,not contacted,,,
204,6,"Diversified Foods and Seasonings, L.L.C.",unclassified food/bev mfr,,Covington,Louisiana,http://www.diversified-foods.com,4.0383595E7,231,Private,"Diversified Foods and Seasonings, L.L.C.",311423,"Diversified Foods And Seasonings, L.L.C. is primarily engaged in sun drying or artificially dehydrating fruits and vegetables, or in manufacturing packaged soup mixes from dehydrated ingredients.",James Joshua — Vice President Of Procurement,3,1,,,,co-man status UNKNOWN — needs website check; 1 email(s) in Hoovers; mid-market size fit,not contacted,,,
205,6,"Dole Fresh Vegetables, Inc.",unclassified food/bev mfr,,Monterey,California,http://www.dole.com,1.3168857E8,2000,Private,CHIQUITA HOLDINGS LIMITED,311999,"Dole Fresh Vegetables, Inc. is primarily engaged in manufacturing prepared foods and miscellaneous food specialties, not elsewhere classified, such as baking powder, yeast, and other leavening compoun",Timothy Escamilla — Chief Executive Officer,3,3,,,,co-man status UNKNOWN — needs website check; 3 email(s) in Hoovers; mid-market size fit,not contacted,,,
206,6,Drink Brez LLC,unclassified food/bev mfr,,West Palm Beach,Florida,,2.0E7,50,Private,,311999,"Drink Brez Llc is primarily engaged in manufacturing flavoring extracts, syrups, powders, and related products, not elsewhere classified, for soda fountain use or for the manufacture of soft drinks, a",Daniel Gelshteyn — Chief Operating Officer,3,3,,,,co-man status UNKNOWN — needs website check; 3 email(s) in Hoovers; mid-market size fit,not contacted,,,
207,6,"E & E Foods, Inc.",unclassified food/bev mfr,,Renton,Washington,http://www.eefoods.com,4.8399387E7,230,Private,"E & E Foods, Inc.",311710,"E & E Foods, Inc. is primarily engaged in preparing fresh and raw or cooked frozen fish and other seafoods and seafood preparations, such as soups, stews, chowders, fishcakes, crabcakes, and shrimp ca",Brad Momanski — President,3,3,,,,co-man status UNKNOWN — needs website check; 3 email(s) in Hoovers; mid-market size fit,not contacted,,,
208,6,"ESSENTIA BY-PRODUCT SOLUTIONS, LLC",unclassified food/bev mfr,,Arion,Iowa,http://www.lauridsengroupinc.com,4.5656921E7,225,Private,"The Lauridsen Group, Inc.",311999,"Essentia By-Product Solutions, Llc is primarily engaged in manufacturing prepared foods and miscellaneous food specialties, not elsewhere classified, such as baking powder, yeast, and other leavening ",Melissa Oborny — Vice President Finance,3,2,,,,co-man status UNKNOWN — needs website check; 2 email(s) in Hoovers; mid-market size fit,not contacted,,,
209,6,"Echo Lake Foods, LLC",unclassified food/bev mfr,,Burlington,Wisconsin,http://www.echolakefoods.com,4.8434879E7,200,Private,"THE ELKIN COMPANY, LLP",311230,"Echo Lake Foods, Llc is primarily engaged in manufacturing cereal breakfast foods and related preparations, except breakfast bars.",Dave Jordan — President,3,1,,,,co-man status UNKNOWN — needs website check; 1 email(s) in Hoovers; mid-market size fit,not contacted,,,
210,6,"Eden Foods, Inc.",unclassified food/bev mfr,,Clinton,Michigan,http://store.edenfoods.com,2.2978691E7,140,Private,"Eden Foods, Inc.",311999,"Known for its Edensoy organic soymilk, Eden Foods offers more than 300 organic food items. It's North America's oldest natural and organic food company and the largest independent manufacturer of dry ",Massimo Damore — Chief Executive Officer,3,2,,,,co-man status UNKNOWN — needs website check; 2 email(s) in Hoovers; mid-market size fit,not contacted,,,
211,6,Edward Marc Brands LLC,unclassified food/bev mfr,,Pittsburgh,Pennsylvania,http://www.edwardmarc.com,2.9961857E7,100,Private,Edward Marc Brands LLC,311340,"Edward Marc Brands Llc is primarily engaged in manufacturing candy, including chocolate candy, other confections, and related products.",Dana Edwards Manatos — Founder Ceo,3,2,,,,co-man status UNKNOWN — needs website check; 2 email(s) in Hoovers; mid-market size fit,not contacted,,,
212,6,"Egg Innovations, LLC",unclassified food/bev mfr,,Warsaw,Indiana,http://www.egginnovations.com,4.5768932E7,77,Private,"Egg Innovations, LLC",311999,"One company thinks its innovative methods areeggcellent. Egg Innovations is a leading producer of cage-free and organic eggs, packaging more than 15 million eggs each month from more than 30 family fa",Brian Klepke — Chief Operating Officer,3,3,,,,co-man status UNKNOWN — needs website check; 3 email(s) in Hoovers; mid-market size fit,not contacted,,,
213,6,"Egglife Foods, Inc.",unclassified food/bev mfr,,Wolcott,Indiana,http://www.egglifefoods.com,2.4619383E7,135,Private,,311999,"Egglife Foods, Inc. is primarily engaged in slaughtering, dressing, packing, freezing, and canning poultry, rabbits, and other small game, or in manufacturing products from such meats, for their own a",David Kroll — Chief Executive Officer,3,3,,,,co-man status UNKNOWN — needs website check; 3 email(s) in Hoovers; mid-market size fit,not contacted,,,
214,6,"El Encanto, Inc.",unclassified food/bev mfr,,Albuquerque,New Mexico,http://www.buenofoods.com,2.4616837E7,400,Private,"El Encanto, Inc.",311412,"El Encanto, Inc. is primarily engaged in manufacturing frozen food specialties, not elsewhere classified, such as frozen dinners and frozen pizza.",Velichko Baltashki — Business Owner,3,1,,,,co-man status UNKNOWN — needs website check; 1 email(s) in Hoovers; mid-market size fit,not contacted,,,
215,6,"Elmer Candy, LLC",unclassified food/bev mfr,,Ponchatoula,Louisiana,http://www.elmerchocolate.com,2.9420502E7,300,Private,,311351,"Elmer Candy Corporation makes Eastersweet. Although it has been in business since 1855,the companybegan focusing on seasonal (Christmas, Easter, and Valentine's Day)candy in the 1970s, following the i",Robert Nelson — Chief Executive Officer,3,2,,,,co-man status UNKNOWN — needs website check; 2 email(s) in Hoovers; mid-market size fit,not contacted,,,
216,6,"Enfield Farms, Inc.",unclassified food/bev mfr,,Lynden,Washington,http://www.enfieldfarms.com,2.3779278E7,107,Private,,311421,"Enfield Farms, Inc. is primarily engaged in canning fruits, vegetables, and fruit and vegetable juices; and in manufacturing catsup and similar tomato sauces, or natural and imitation preserves, jams,",Marvin Enfield — President,3,1,,,,co-man status UNKNOWN — needs website check; 1 email(s) in Hoovers; mid-market size fit,not contacted,,,
217,6,"Epic Enterprises, Inc.",unclassified food/bev mfr,,Ayer,Massachusetts,http://www.epicenterprisesinc.com,3.1140648E7,85,Private,"PepsiCo, Inc.",312111,"Epic Enterprises, Inc. is primarily engaged in manufacturing soft drinks and carbonated waters.",,3,1,,,,co-man status UNKNOWN — needs website check; 1 email(s) in Hoovers; mid-market size fit; Northeast,not contacted,,,
218,6,"Euro Foods, Inc.",unclassified food/bev mfr,,Freeland,Pennsylvania,http://usa.citterio.com,5.170052E7,250,Private,"Euro Foods, Inc.",311612,"Euro Foods, Inc. is primarily engaged in manufacturing sausages, cured meats, smoked meats, canned meats, frozen meats, and other prepared meats and meat specialties, from purchased carcasses and othe",Giorgio Albrieux — Chief Financial Officer,3,1,,,,co-man status UNKNOWN — needs website check; 1 email(s) in Hoovers; mid-market size fit,not contacted,,,
219,6,"Evans Foods, Inc.",unclassified food/bev mfr,,Chicago,Illinois,http://www.benestarbrands.com,4.7780426E7,100,Private,Evans Food Group Ltd.,311919,"Evans Food Products has something to oink about. The company manufactures pork rinds and pork cracklings under the Macs, La Tonita, Bills, and Porkie brand names. Its products are available at retaile",Alex Silva — Chief Executive Officer,3,2,,,,co-man status UNKNOWN — needs website check; 2 email(s) in Hoovers; mid-market size fit,not contacted,,,
220,6,F M Brown's Sons Incorporated,unclassified food/bev mfr,,Reading,Pennsylvania,http://www.fmbrown.com,3.1659817E7,200,Private,F M Brown's Sons Incorporated,311211,"F M Brown's Sons Incorporated is primarily engaged in milling flour or meal from grain, except rice. The products of flour mills may be sold plain or in the form of prepared mixes or doughs for specif",Ron Scheese — Chief Executive Officer,3,2,,,,co-man status UNKNOWN — needs website check; 2 email(s) in Hoovers; mid-market size fit,not contacted,,,
221,6,"F'real! Foods, LLC",unclassified food/bev mfr,,Emeryville,California,http://www.freal.com,2.1997345E7,100,Private,Rich Products Corporation,311514,"F'real! Foods, Llc is primarily engaged in manufacturing dry, condensed, and evaporated dairy products. This also includes manufacturing mixes for the preparation of frozen ice cream and ice milk and ",Mark Amparo — Principal,3,3,,,,co-man status UNKNOWN — needs website check; 3 email(s) in Hoovers; mid-market size fit,not contacted,,,
222,6,"F. B. Purnell Sausage Co., Inc.",unclassified food/bev mfr,,Simpsonville,Kentucky,http://www.itsgooo-od.com,2.4142372E7,80,Private,,311612,"F. B. Purnell Sausage manufactures processed meat products under the Old Folks brand name. The company operates a processing facility in Kentucky; its products, including frozen breakfast and dinner s",Fred Purnell — President,3,1,,,,co-man status UNKNOWN — needs website check; 1 email(s) in Hoovers; mid-market size fit,not contacted,,,
223,6,F. Korbel & Bros.,unclassified food/bev mfr,,Guerneville,California,http://www.korbel.com,4.2086529E7,256,Private,F. Korbel & Bros.,312130,Korbel produces champagnes and other wines from the fruit of its vineyards and the products of its winery and distillery that are situated along California's Russian River in western Sonoma County. Lo,Kathleen Faris — Principal,3,2,,,,co-man status UNKNOWN — needs website check; 2 email(s) in Hoovers; mid-market size fit,not contacted,,,
224,6,"FCH Enterprises, Inc.",unclassified food/bev mfr,,Honolulu,Hawaii,http://www.fchenterprises.com,2.9481607E7,2000,Private,"FCH Enterprises, Inc.",311999,"Fch Enterprises, Inc. is primarily engaged in manufacturing prepared foods and miscellaneous food specialties, not elsewhere classified, such as baking powder, yeast, and other leavening compounds; pe",Jason Higa — Chief Executive Officer,3,1,,,,co-man status UNKNOWN — needs website check; 1 email(s) in Hoovers; mid-market size fit,not contacted,,,
225,6,"FISCHER & WIESER SPECIALTY FOODS, INC.",unclassified food/bev mfr,,Fredericksburg,Texas,http://www.jelly.com,2.4900135E7,75,Private,"FISCHER & WIESER SPECIALTY FOODS, INC.",311412,"Fischer & Wieser Specialty Foods, Inc. is primarily engaged in manufacturing frozen food specialties, not elsewhere classified, such as frozen dinners and frozen pizza.",Case Fischer — President,3,3,,,,co-man status UNKNOWN — needs website check; 3 email(s) in Hoovers; mid-market size fit,not contacted,,,
226,6,"Fair Oaks Foods, L.L.C.",unclassified food/bev mfr,,Pleasant Prairie,Wisconsin,,4.8798988E7,550,Private,"Fair Oaks Foods, L.L.C.",311612,"Fair Oaks Farms produces a variety of fresh, ready-to-cook, and fully cooked beef, pork, and poultry products. The company distributesto restaurants and foodservice operators. Custom specialties inclu",Randy Levy — Chief Financial Officer,3,3,,,,co-man status UNKNOWN — needs website check; 3 email(s) in Hoovers; mid-market size fit,not contacted,,,
227,6,"Fairmont Foods, Inc.",unclassified food/bev mfr,,Fairmont,Minnesota,http://www.downsfoodgroup.com,4.9112225E7,255,Private,Tony Downs Foods Co.,311412,"Fairmont Foods, Inc. is primarily engaged in manufacturing frozen food specialties, not elsewhere classified, such as frozen dinners and frozen pizza.",John Heuer — Executive Vice President,3,3,,,,co-man status UNKNOWN — needs website check; 3 email(s) in Hoovers; mid-market size fit,not contacted,,,
228,6,Falcon Trading Company,unclassified food/bev mfr,,Royal Oaks,California,http://www.shopsunridgefarms.com,5.2024269E7,215,Private,Falcon Trading Company,311999,"Falcon Trading Company is primarily engaged in manufacturing prepared foods and miscellaneous food specialties, not elsewhere classified, such as baking powder, yeast, and other leavening compounds; p",Rick Loncarich — Chief Operating Officer,3,2,,,,co-man status UNKNOWN — needs website check; 2 email(s) in Hoovers; mid-market size fit,not contacted,,,
229,6,"Farbest Foods, Inc.",unclassified food/bev mfr,,Jasper,Indiana,http://www.farbestfoods.com,4.3761963E7,900,Private,,311615,"Farbest Foods, Inc. is primarily engaged in slaughtering, dressing, packing, freezing, and canning poultry, rabbits, and other small game, or in manufacturing products from such meats, for their own a",Jarod Morrison — Chief Financial Officer,3,1,,,,co-man status UNKNOWN — needs website check; 1 email(s) in Hoovers; mid-market size fit,not contacted,,,
230,6,"Farm Cut, LLC",unclassified food/bev mfr,,Lakeland,Florida,http://www.marjonspecialtyfoods.com,6.5E7,277,Private,,311999,"Farm Cut, Llc is primarily engaged in manufacturing prepared foods and miscellaneous food specialties, not elsewhere classified, such as baking powder, yeast, and other leavening compounds; peanut but",Christopher Butler — Principal,3,2,,,,co-man status UNKNOWN — needs website check; 2 email(s) in Hoovers; mid-market size fit,not contacted,,,
231,6,"Farmers Co-operative Society, Sioux Center, Iowa",unclassified food/bev mfr,,Sioux Center,Iowa,http://www.farmerscoopsociety.com,3.8E8,160,Private,"Farmers Co-operative Society, Sioux Center, Iowa",311119,"When farmers cooperate, society benefits. Through its seven centers in northwest Iowa, Farmers Cooperative Society offers its member/farmers a full range of agricultural growing and marketing products",John Mc Daniel — President,3,3,,,,co-man status UNKNOWN — needs website check; 3 email(s) in Hoovers; mid-market size fit,not contacted,,,
232,6,"Farmington Foods, Inc.",unclassified food/bev mfr,,Forest Park,Illinois,http://www.farmingtonfoods.com,2.2553007E7,310,Private,,311612,"Farmington Foods takes food from the farm, adds value, and sells the results. The company processes, markets, and distributes Value-added pork products, including pork loin, chops, and ribs. Its Lean ",Albert Lavalle — Principal,3,2,,,,co-man status UNKNOWN — needs website check; 2 email(s) in Hoovers; mid-market size fit,not contacted,,,
233,6,"Faygo Beverages, Inc.",unclassified food/bev mfr,,Detroit,Michigan,http://www.faygo.com,2.9539568E7,450,Private,"Newbevco, Inc.",312111,Faygo Beverages believes in flavor. Old-fashioned flavor --its products are made with cane sugar (rather thanhigh-fructose corn syrup) and are packaged in gen u ine glass bottles. The companymanufactu,Dan Trpevski — Executive Vice President,3,2,,,,co-man status UNKNOWN — needs website check; 2 email(s) in Hoovers; mid-market size fit,not contacted,,,
234,6,"Feihe International, Inc.",unclassified food/bev mfr,,San Marino,California,,8.8189667E7,4932,Private,"Feihe International, Inc.",311514,"Feihe International, Inc. is primarily engaged in manufacturing dry, condensed, and evaporated dairy products. This also includes manufacturing mixes for the preparation of frozen ice cream and ice mi",Hua Liu — Vice President,3,1,,,,co-man status UNKNOWN — needs website check; 1 email(s) in Hoovers; mid-market size fit,not contacted,,,
235,6,"Fiesta Canning Co., Inc.",unclassified food/bev mfr,,Mc Neal,Arizona,http://www.fiestacanning.org,3.0E7,75,Private,,311421,"Fiesta Canning Co., Inc. is primarily engaged in canning fruits, vegetables, and fruit and vegetable juices; and in manufacturing catsup and similar tomato sauces, or natural and imitation preserves, ",Bob Myers — Chief Financial Officer,3,1,,,,co-man status UNKNOWN — needs website check; 1 email(s) in Hoovers; mid-market size fit,not contacted,,,
236,6,FlavorSum LLC,unclassified food/bev mfr,,Kalamazoo,Michigan,http://www.flavorsum.com,2.1758812E7,80,Private,FlavorSum LLC,311930,"Flavorsum Llc is primarily engaged in manufacturing flavoring extracts, syrups, powders, and related products, not elsewhere classified, for soda fountain use or for the manufacture of soft drinks, an",Brian Briggs — Chief Executive Officer,3,2,,,,co-man status UNKNOWN — needs website check; 2 email(s) in Hoovers; mid-market size fit,not contacted,,,
237,6,Flavorchem Corporation,unclassified food/bev mfr,,Downers Grove,Illinois,http://www.flavorchem.com,4.7836693E7,135,Private,Flavorchem Corporation,311942,"Flavorchem Corporation is primarily engaged in manufacturing flavoring extracts, syrups, powders, and related products, not elsewhere classified, for soda fountain use or for the manufacture of soft d",James Evanoff — Chief Financial Officer,3,2,,,,co-man status UNKNOWN — needs website check; 2 email(s) in Hoovers; mid-market size fit,not contacted,,,
238,6,Florida Crystals Corporation,unclassified food/bev mfr,,West Palm Beach,Florida,http://www.floridacrystals.com,5.3215778E8,2000,Private,Fanjul Corp.,311314,"Florida Crystals is Florida's largest organic farmer and the only producer of Regenerative Organic Certified sugar that is grown and milled in the US, which is offered to consumers through the Florida",Christine Vanderpool — Vice President Chief Technology Officer,3,3,,,,co-man status UNKNOWN — needs website check; 3 email(s) in Hoovers; mid-market size fit,not contacted,,,
239,6,"Flowers Bakeries, LLC",unclassified food/bev mfr,,Thomasville,Georgia,http://www.canyonglutenfree.com,5.1408569E8,500,Private,"Flowers Foods, Inc.",311812,"Flowers Bakeries, Llc is primarily engaged in manufacturing fresh or frozen bread and bread-type rolls and fresh cakes, pies, pastries and other similar ""perishable"" bakery products.",Steve Avera — Principal,3,2,,,,co-man status UNKNOWN — needs website check; 2 email(s) in Hoovers; mid-market size fit,not contacted,,,
240,6,"Flowers Baking Co. of Bradenton, LLC",unclassified food/bev mfr,,Sarasota,Florida,http://www.flowersfoods.com,2.8892847E7,300,Private,"Flowers Foods, Inc.",311812,"Flowers Baking Co. Of Bradenton, Llc is primarily engaged in manufacturing fresh or frozen bread and bread-type rolls and fresh cakes, pies, pastries and other similar ""perishable"" bakery products.",Marta Turner — Executive Vice President Corporate Relations,3,1,,,,co-man status UNKNOWN — needs website check; 1 email(s) in Hoovers; mid-market size fit,not contacted,,,
241,6,"Flowers Baking Co. of Jamestown, LLC",unclassified food/bev mfr,,Jamestown,North Carolina,,2.5500345E7,182,Private,"Flowers Foods, Inc.",311812,"Flowers Baking Co. Of Jamestown, Llc is primarily engaged in manufacturing fresh or frozen bread and bread-type rolls and fresh cakes, pies, pastries and other similar ""perishable"" bakery products.",Adam Crozier — Market Vice President,3,3,,,,co-man status UNKNOWN — needs website check; 3 email(s) in Hoovers; mid-market size fit,not contacted,,,
242,6,"Flowers Baking Co. of Thomasville, LLC",unclassified food/bev mfr,,Thomasville,Georgia,http://www.ilovegoats.com,3.4351994E7,125,Private,"Flowers Bakeries, LLC",311812,"Flowers Baking Co. Of Thomasville, Llc is primarily engaged in manufacturing fresh or frozen bread and bread-type rolls and fresh cakes, pies, pastries and other similar ""perishable"" bakery products.",Dan Strassner — Principal,3,2,,,,co-man status UNKNOWN — needs website check; 2 email(s) in Hoovers; mid-market size fit,not contacted,,,
243,6,"Fona International, LLC",unclassified food/bev mfr,,Geneva,Illinois,http://www.mccormickfona.com,4.4186138E7,282,Private,"McCormick & Company, Incorporated",311942,"Fona International, Llc is primarily engaged in manufacturing flavoring extracts, syrups, powders, and related products, not elsewhere classified, for soda fountain use or for the manufacture of soft ",Luke Slawek — Chief Operating Officer,3,2,,,,co-man status UNKNOWN — needs website check; 2 email(s) in Hoovers; mid-market size fit,not contacted,,,
244,6,Fonterra (USA) INC,unclassified food/bev mfr,,Chicago,Illinois,http://www.fonterra.com,2.3537365E7,128,Private,FONTERRA CO-OPERATIVE GROUP LIMITED,311514,"Fonterra (Usa) Inc is primarily engaged in manufacturing dry, condensed, and evaporated dairy products. This also includes manufacturing mixes for the preparation of frozen ice cream and ice milk and ",Anna Palairet — Chief Operating Officer,3,3,,,,co-man status UNKNOWN — needs website check; 3 email(s) in Hoovers; mid-market size fit,not contacted,,,
245,6,"Food For Life Baking Co., Inc.",unclassified food/bev mfr,,Corona,California,http://www.foodforlife.com,2.7954144E7,120,Private,"Food For Life Baking Co., Inc.",311812,"Food For Life Baking Co., Inc. is primarily engaged in manufacturing fresh or frozen bread and bread-type rolls and fresh cakes, pies, pastries and other similar ""perishable"" bakery products.",Scott Kraus — Chief Financial Officer,3,1,,,,co-man status UNKNOWN — needs website check; 1 email(s) in Hoovers; mid-market size fit,not contacted,,,
246,6,"Food Source, Inc.",unclassified food/bev mfr,,Mc Kinney,Texas,http://www.blountfinefoods.com,2.4682415E7,130,Private,Blount Fine Foods Corp.,311412,"Food Source, Inc. is primarily engaged in manufacturing frozen food specialties, not elsewhere classified, such as frozen dinners and frozen pizza.",Gaetano Riccardi — Chief Executive Officer,3,3,,,,co-man status UNKNOWN — needs website check; 3 email(s) in Hoovers; mid-market size fit,not contacted,,,
247,6,"Forbidden Fruit Ciderhouse, LLC",unclassified food/bev mfr,,Corvallis,Oregon,http://www.2townsciderhouse.com,3.8574577E7,120,Private,,311999,"Forbidden Fruit Ciderhouse, Llc is primarily engaged in manufacturing prepared foods and miscellaneous food specialties, not elsewhere classified, such as baking powder, yeast, and other leavening com",Justin Vail — Chief Financial Officer,3,2,,,,co-man status UNKNOWN — needs website check; 2 email(s) in Hoovers; mid-market size fit,not contacted,,,
248,6,"Fred Usinger, Inc.",unclassified food/bev mfr,,Milwaukee,Wisconsin,http://www.usinger.com,2.3729677E7,140,Private,"Fred Usinger, Inc.",311612,"A dedicated beer town like Milwaukee needs some sausage to ""go with"" and that's where Usinger's comes in. Fred Usinger, Inc., is a city institution known for its Old World sausage and other prepared m",Allen Weidler — Vice President,3,2,,,,co-man status UNKNOWN — needs website check; 2 email(s) in Hoovers; mid-market size fit,not contacted,,,
249,6,Fresca Mexican Foods LLC,unclassified food/bev mfr,,Caldwell,Idaho,http://www.frescamex.com,2.1612289E7,150,Private,C.H. Guenther & Son LLC,311919,"Fresca Mexican Foods Llc is primarily engaged in manufacturing potato chips, corn chips, and similar snacks.",Kip Losey — Vice President Of Business Development,3,3,,,,co-man status UNKNOWN — needs website check; 3 email(s) in Hoovers; mid-market size fit,not contacted,,,
250,6,"Fresh Brew Group USA, L.P.",unclassified food/bev mfr,,Houston,Texas,http://www.freshbrewgroup.com,7.5E7,50,Partnership,,311920,"Fresh Brew Group Usa, L.P. is primarily engaged in roasting coffee, and in manufacturing coffee concentrates and extracts in powdered, liquid, or frozen form, including freeze-dried.",Fenton Allen — Chief Operating Officer,3,1,,,,co-man status UNKNOWN — needs website check; 1 email(s) in Hoovers; mid-market size fit,not contacted,,,
251,6,"Frick's Meat Products, Inc",unclassified food/bev mfr,,Washington,Missouri,http://www.fricksqualitymeats.com,2.5353449E7,280,Private,,311612,"Frick's Meat Products, Inc is primarily engaged in manufacturing sausages, cured meats, smoked meats, canned meats, frozen meats, and other prepared meats and meat specialties, from purchased carcasse",Earl Phillips — Chief Executive Officer,3,2,,,,co-man status UNKNOWN — needs website check; 2 email(s) in Hoovers; mid-market size fit,not contacted,,,
252,6,"Frozen Specialties, Inc.",unclassified food/bev mfr,,Archbold,Ohio,http://www.frozenspecialties.com,2.3753813E7,140,Private,"Bellisio Foods, Inc",311412,"Frozen Specialties' specialty arena lies in frozen pizza pies. The company makes private-label frozen pizzas (in value-priced, lean, and microwaveable variations) and a frozen pizza-flavored snack cal",Brian Replogle — Vice President Of Operations,3,3,,,,co-man status UNKNOWN — needs website check; 3 email(s) in Hoovers; mid-market size fit,not contacted,,,
253,6,"FruitSmart, Inc.",unclassified food/bev mfr,,Prosser,Washington,http://www.fruitsmart.com,2.611372E7,200,Private,Universal Corporation,311999,"Fruitsmart, Inc. is primarily engaged in manufacturing prepared foods and miscellaneous food specialties, not elsewhere classified, such as baking powder, yeast, and other leavening compounds; peanut ",Scott Evenson — Principal,3,2,,,,co-man status UNKNOWN — needs website check; 2 email(s) in Hoovers; mid-market size fit,not contacted,,,
254,6,Frutarom USA Inc.,unclassified food/bev mfr,,Cincinnati,Ohio,,3.2667431E7,125,Private,International Flavors & Fragrances Inc.,311942,"Frutarom Usa Inc. is primarily engaged in manufacturing prepared foods and miscellaneous food specialties, not elsewhere classified, such as baking powder, yeast, and other leavening compounds; peanut",James Chan — Vice President Of Business Development,3,3,,,,co-man status UNKNOWN — needs website check; 3 email(s) in Hoovers; mid-market size fit,not contacted,,,
255,6,"Fuchs North America, Inc.",unclassified food/bev mfr,,Hampstead,Maryland,http://www.fuchsna.com,3.1025274E7,185,Private,Fuchs GmbH & Co. KG,311942,"Fuchs North America, Inc. is primarily engaged in manufacturing prepared foods and miscellaneous food specialties, not elsewhere classified, such as baking powder, yeast, and other leavening compounds",Christopher Angler — Chief Financial Officer,3,1,,,,co-man status UNKNOWN — needs website check; 1 email(s) in Hoovers; mid-market size fit,not contacted,,,
256,6,"Fuji Food Products, Inc.",unclassified food/bev mfr,,Santa Fe Springs,California,http://www.fujifood.com,3.8100906E7,700,Private,"Fuji Food Products, Inc.",311999,"Fuji Food Products, Inc. is primarily engaged in manufacturing prepared foods and miscellaneous food specialties, not elsewhere classified, such as baking powder, yeast, and other leavening compounds;",Farrell Hirsch — Chief Executive Officer,3,2,,,,co-man status UNKNOWN — needs website check; 2 email(s) in Hoovers; mid-market size fit,not contacted,,,
257,6,"Furman Foods, Inc.",unclassified food/bev mfr,,Northumberland,Pennsylvania,http://www.furmanos.com,3.641798E7,250,Private,,311421,Furman Foods has firm ideas about tomatoes and other food products. The Pennsylvania company has built a business producing a complete line of canned tomatoes and tomato products. It also offers canne,Bill Lehman — Chief Financial Officer,3,2,,,,co-man status UNKNOWN — needs website check; 2 email(s) in Hoovers; mid-market size fit,not contacted,,,
258,6,Furst-Mcness Company,unclassified food/bev mfr,,Rockford,Illinois,http://www.mcness.com,3.4526221E8,219,Private,Easy USA Holdings Inc.,311119,"Furst-Mcness Company is primarily engaged in manufacturing prepared feeds and feed ingredients and adjuncts for animals and fowls, except dogs and cats. Included in this industry are poultry and lives",Matt Hartman — Chief Financial Officer,3,2,,,,co-man status UNKNOWN — needs website check; 2 email(s) in Hoovers; mid-market size fit,not contacted,,,
259,6,Future Meat Technologies Inc.,unclassified food/bev mfr,,Chicago,Illinois,http://www.believermeats.com,2.1684937E7,60,Private,,311612,"Future Meat Technologies Inc. is primarily engaged in manufacturing sausages, cured meats, smoked meats, canned meats, frozen meats, and other prepared meats and meat specialties, from purchased carca",Gustavo Burger — Chief Executive Officer,3,2,,,,co-man status UNKNOWN — needs website check; 2 email(s) in Hoovers; mid-market size fit,not contacted,,,
260,6,G.P.De Silva Spices Incorporation,unclassified food/bev mfr,,Pico Rivera,California,http://www.cinnamononline.com,2.1180008E7,90,Private,G.P.De Silva Spices Incorporation,311942,"G.P.De Silva Spices Incorporation is primarily engaged in manufacturing prepared foods and miscellaneous food specialties, not elsewhere classified, such as baking powder, yeast, and other leavening c",Ravi De Silva — President And Ceo,3,2,,,,co-man status UNKNOWN — needs website check; 2 email(s) in Hoovers; mid-market size fit,not contacted,,,
261,6,"GEO. PFAU'S SONS COMPANY, INC.",unclassified food/bev mfr,,Jeffersonville,Indiana,http://www.pfauoil.com,2.3311836E7,50,Private,,311613,"Geo. Pfau's Sons Company, Inc. is primarily engaged in manufacturing animal oils, including fish oil and other marine animal oils, and fish and animal meal; and those rendering inedible stearin, greas",Norman Pfau — President,3,1,,,,co-man status UNKNOWN — needs website check; 1 email(s) in Hoovers; mid-market size fit,not contacted,,,
262,6,"GFF, Inc.",unclassified food/bev mfr,,City OF Industry,California,http://www.girardsdressings.com,2.6414913E7,89,Private,HACO Holding AG,311941,"Gff, Inc. is primarily engaged in pickling and brining fruits and vegetables, and in manufacturing salad dressings, vegetable relishes, sauces, and seasonings.",Emanuel Marti — Chief Executive Officer,3,1,,,,co-man status UNKNOWN — needs website check; 1 email(s) in Hoovers; mid-market size fit,not contacted,,,
263,6,Galasso's Bakery,unclassified food/bev mfr,,Mira Loma,California,http://www.galassos.com,3.6043179E7,300,Private,Galasso's Bakery,311812,"Galasso's Bakery is primarily engaged in manufacturing fresh or frozen bread and bread-type rolls and fresh cakes, pies, pastries and other similar ""perishable"" bakery products.",Jeannette Galasso — President,3,2,,,,co-man status UNKNOWN — needs website check; 2 email(s) in Hoovers; mid-market size fit,not contacted,,,
264,6,Galliker Dairy Company,unclassified food/bev mfr,,Johnstown,Pennsylvania,http://www.gallikers.com,4.790192E7,365,Private,Galliker Dairy Company,311511,"Galliker Dairy Company is primarily engaged in processing (e.g., pasteurizing, homogenizing, vitaminizing, bottling) fluid milk and cream, and related products, including cottage cheese, yogurt (excep",Charles Price — President,3,2,,,,co-man status UNKNOWN — needs website check; 2 email(s) in Hoovers; mid-market size fit,not contacted,,,
265,6,Galloway Company,unclassified food/bev mfr,,Neenah,Wisconsin,http://www.gallowaycompany.com,4.512463E7,95,Private,Galloway Company,311514,"Galloway Company is primarily engaged in manufacturing dry, condensed, and evaporated dairy products. This also includes manufacturing mixes for the preparation of frozen ice cream and ice milk and da",Kevin Beauchamp — President And Chief Executive Officer,3,2,,,,co-man status UNKNOWN — needs website check; 2 email(s) in Hoovers; mid-market size fit,not contacted,,,
266,6,Geloso Beverage Group LLC,unclassified food/bev mfr,,Rochester,New York,http://www.gelosobeveragegroup.com,1.1E8,65,Private,,312120,Geloso Beverage Group Llc is primarily engaged in manufacturing malt beverages.,,3,1,,,,co-man status UNKNOWN — needs website check; 1 email(s) in Hoovers; mid-market size fit; Northeast,not contacted,,,
267,6,"Gielow Pickles, Inc.",unclassified food/bev mfr,,Croswell,Michigan,http://www.gielowpickles.com,2.8183887E7,300,Private,"Gielow Pickles, Inc.",311421,"Gielow Pickles, Inc. is primarily engaged in pickling and brining fruits and vegetables, and in manufacturing salad dressings, vegetable relishes, sauces, and seasonings.",Patti Gielow — Principal,3,3,,,,co-man status UNKNOWN — needs website check; 3 email(s) in Hoovers; mid-market size fit,not contacted,,,
268,6,Gold Coast Ingredients Inc.,unclassified food/bev mfr,,Commerce,California,http://www.goldcoastinc.com,2.0055298E7,53,Private,,311999,"Gold Coast Ingredients Inc. is primarily engaged in manufacturing prepared foods and miscellaneous food specialties, not elsewhere classified, such as baking powder, yeast, and other leavening compoun",E Kwaku Mensah — Founder Chief Executive Officer,3,1,,,,co-man status UNKNOWN — needs website check; 1 email(s) in Hoovers; mid-market size fit,not contacted,,,
269,6,"Gold Crust Baking Company, Inc.",unclassified food/bev mfr,,Landover,Maryland,http://www.goldcrust.com,2.1833368E7,110,Private,,311812,"Gold Crust Baking Company, Inc. is primarily engaged in manufacturing fresh or frozen bread and bread-type rolls and fresh cakes, pies, pastries and other similar ""perishable"" bakery products.",Bryan Gray — Vice President Of Transportation,3,2,,,,co-man status UNKNOWN — needs website check; 2 email(s) in Hoovers; mid-market size fit,not contacted,,,
270,6,"Gold Star Foods, Inc.",unclassified food/bev mfr,,Ontario,California,http://www.goldstarfoods.com,3.2925146E8,270,Private,"GS Foods Group, Inc.",311991,"Gold Star Foods, Inc. is primarily engaged in manufacturing prepared foods and miscellaneous food specialties, not elsewhere classified, such as baking powder, yeast, and other leavening compounds; pe",Lisa Dodge — Executive Vice President Of Finance,3,2,,,,co-man status UNKNOWN — needs website check; 2 email(s) in Hoovers; mid-market size fit,not contacted,,,
271,6,"Golding Farms Foods, Inc.",unclassified food/bev mfr,,Winston Salem,North Carolina,http://www.goldingblends.com,1.2854741000000001E8,150,Private,"Golding Farms Foods, Inc.",311999,"Golding Farms Foods, Inc. is primarily engaged in manufacturing prepared foods and miscellaneous food specialties, not elsewhere classified, such as baking powder, yeast, and other leavening compounds",Tom Clayton — Principal,3,1,,,,co-man status UNKNOWN — needs website check; 1 email(s) in Hoovers; mid-market size fit,not contacted,,,
272,6,"Goodman Food Products, Inc.",unclassified food/bev mfr,,Inglewood,California,http://www.donleefarms.com,4.9880566E7,256,Private,"Goodman Food Products, Inc.",311999,"Goodman Food Products, Inc. is primarily engaged in manufacturing prepared foods and miscellaneous food specialties, not elsewhere classified, such as baking powder, yeast, and other leavening compoun",Donald Goodman — Chief Executive Officer,3,2,,,,co-man status UNKNOWN — needs website check; 2 email(s) in Hoovers; mid-market size fit,not contacted,,,
273,6,"Gossner Foods, Inc.",unclassified food/bev mfr,,Logan,Utah,http://www.gossner.com,4.1750626E7,360,Private,"Gossner Foods, Inc.",311513,"Gossner Foods, Inc. is primarily engaged in manufacturing natural cheese (except cottage cheese), processed cheese, cheese foods, cheese spreads, and cheese analogs (imitations and substitutes). These",Dolores Wheeler — Chief Executive Officer,3,1,,,,co-man status UNKNOWN — needs website check; 1 email(s) in Hoovers; mid-market size fit,not contacted,,,
274,6,"Graceland Fruit, Inc.",unclassified food/bev mfr,,Frankfort,Michigan,http://www.gracelandfruit.com,2.7086826E7,180,Private,"Graceland Fruit, Inc.",311423,Graceland Fruit is one of the leading producer and global distributor of premium quality dried fruit ingredients for the food industry. The company makes dried and frozen fruit and fruit ingredients f,Dan Engler — Chief Operating Officer,3,3,,,,co-man status UNKNOWN — needs website check; 3 email(s) in Hoovers; mid-market size fit,not contacted,,,
275,6,"Grain Craft, LLC",unclassified food/bev mfr,,Chattanooga,Tennessee,http://www.graincraft.com,8.7465234E8,596,Private,"Grain Craft, LLC",311211,"Grain Craft, Llc is primarily engaged in milling flour or meal from grain, except rice. The products of flour mills may be sold plain or in the form of prepared mixes or doughs for specific purposes.",Pete Frederick — President Chief Executive Officer,3,3,,,,co-man status UNKNOWN — needs website check; 3 email(s) in Hoovers; mid-market size fit,not contacted,,,
276,6,"Grassland Dairy Products, Inc.",unclassified food/bev mfr,,Greenwood,Wisconsin,http://www.grassland.com,1.3911417E8,200,Private,"Grassland Dairy Products, Inc.",311512,"Grassland Dairy Products, Inc. is primarily engaged in manufacturing creamery butter.",Trevor Wuethrich — President,3,2,,,,co-man status UNKNOWN — needs website check; 2 email(s) in Hoovers; mid-market size fit,not contacted,,,
277,6,Great Western Malting Co.,unclassified food/bev mfr,,Vancouver,Washington,http://www.greatwesternmalting.com,7.7369362E7,150,Private,UNITED MALT GROUP PTY LIMITED,311213,Great Western Malting Co. is primarily engaged in manufacturing malt or malt byproducts from barley or other grains.,Kimball Hunt — Principal,3,2,,,,co-man status UNKNOWN — needs website check; 2 email(s) in Hoovers; mid-market size fit,not contacted,,,
278,6,"Grecian Delight Foods, Inc.",unclassified food/bev mfr,,Elk Grove Village,Illinois,http://www.greciandelight.com,4.7628654E7,180,Private,Kronos Foods Corp.,311812,"Grecian Delight Foods, Inc. is primarily engaged in manufacturing fresh or frozen bread and bread-type rolls and fresh cakes, pies, pastries and other similar ""perishable"" bakery products.",Michael Lerch — Chief Financial Officer,3,2,,,,co-man status UNKNOWN — needs website check; 2 email(s) in Hoovers; mid-market size fit,not contacted,,,
279,6,"H. J. Heinz Company, L.P.",unclassified food/bev mfr,,Pittsburgh,Pennsylvania,http://www.heinz.com,4.3473358E7,225,Partnership,Kraft Heinz Foods Company,311999,"H. J. Heinz Company, L.P. is primarily engaged in manufacturing prepared foods and miscellaneous food specialties, not elsewhere classified, such as baking powder, yeast, and other leavening compounds",Marion Findlay — Principal,3,2,,,,co-man status UNKNOWN — needs website check; 2 email(s) in Hoovers; mid-market size fit,not contacted,,,
280,6,"Hagoth Enterprises, Inc.",unclassified food/bev mfr,,Pendleton,Oregon,http://www.smithfrozenfoods.com,2.1520847E7,307,Private,,311411,"Getting food frozen is what fuels the fire of this company. Smith Frozen Foods is a processor and packager of frozen vegetables, including peas, corn, beans, and carrots. Purchasing most of its produc",Gordon Smith — President,3,1,,,,co-man status UNKNOWN — needs website check; 1 email(s) in Hoovers; mid-market size fit,not contacted,,,
281,6,Harrington Company,unclassified food/bev mfr,,Butte,Montana,http://www.harringtoncompany.com,2.2419952E7,170,Private,Harrington Company,312111,Harrington Company is primarily engaged in manufacturing soft drinks and carbonated waters.,John Francis — President,3,2,,,,co-man status UNKNOWN — needs website check; 2 email(s) in Hoovers; mid-market size fit,not contacted,,,
282,6,Harris Ranch Beef Company,unclassified food/bev mfr,,Selma,California,http://www.harrisranchbeef.com,2.4149054E7,700,Private,"Central Valley Meat Co., Inc.",311611,"Harris Ranch Beef Company is primarily engaged in the slaughtering, for their own account or on a contract basis for the trade, of cattle, hogs, sheep, lambs, and calves for meat to be sold or to be u",Kyle Wilken — Chief Operating Officer,3,3,,,,co-man status UNKNOWN — needs website check; 3 email(s) in Hoovers; mid-market size fit,not contacted,,,
283,6,Harrisburg Dairies Inc,unclassified food/bev mfr,,Harrisburg,Pennsylvania,http://www.harrisburgdairies.com,2.0882311E7,105,Private,,311511,"Harrisburg Dairies Inc is primarily engaged in processing (e.g., pasteurizing, homogenizing, vitaminizing, bottling) fluid milk and cream, and related products, including cottage cheese, yogurt (excep",Matt Zehring — Vice-President Operations,3,2,,,,co-man status UNKNOWN — needs website check; 2 email(s) in Hoovers; mid-market size fit,not contacted,,,
284,6,Hawaiian Host LLC,unclassified food/bev mfr,,Honolulu,Hawaii,http://www.hawaiianhost.com,4.7432335E7,414,Private,Hawaiian Host LLC,311340,"Hawaiian Host Llc is primarily engaged in manufacturing candy, including chocolate candy, other confections, and related products.",Keith Sakamoto — President,3,2,,,,co-man status UNKNOWN — needs website check; 2 email(s) in Hoovers; mid-market size fit,not contacted,,,
285,6,"Heartland Catfish Company, Inc.",unclassified food/bev mfr,,Itta Bena,Mississippi,http://www.heartlandcatfish.com,2.3883581E7,415,Private,,311710,"Heartland Catfish Company, Inc. is primarily engaged in preparing fresh and raw or cooked frozen fish and other seafoods and seafood preparations, such as soups, stews, chowders, fishcakes, crabcakes,",Danny Walker — Chief Executive Officer,3,3,,,,co-man status UNKNOWN — needs website check; 3 email(s) in Hoovers; mid-market size fit,not contacted,,,
286,6,"Heritage Distilling Company, Inc.",unclassified food/bev mfr,,Gig Harbor,Washington,http://www.heritagedistilling.com,3.4811592E7,185,Private,"Heritage Distilling Company, Inc.",312140,"Heritage Distilling Company, Inc. is primarily engaged in manufacturing alcoholic liquors by distillation, and in manufacturing cordials and alcoholic cocktails by blending processes or by mixing liqu",Michael Carrosino — Chief Financial Officer,3,2,,,,co-man status UNKNOWN — needs website check; 2 email(s) in Hoovers; mid-market size fit,not contacted,,,
287,6,Herman Seekamp Inc.,unclassified food/bev mfr,,Addison,Illinois,http://www.clydesdonuts.com,3.9139668E7,115,Private,Herman Seekamp Inc.,311821,"Herman Seekamp Inc. is primarily engaged in manufacturing fresh cookies, crackers, pretzels, and similar ""dry"" bakery products.",Kent Bickford — President,3,2,,,,co-man status UNKNOWN — needs website check; 2 email(s) in Hoovers; mid-market size fit,not contacted,,,
288,6,"High Desert Milk, Inc.",unclassified food/bev mfr,,Burley,Idaho,http://www.highdesertmilk.com,2.467535E7,150,Nonprofit,"High Desert Milk, Inc.",311511,"High Desert Milk, Inc. is primarily engaged in processing (e.g., pasteurizing, homogenizing, vitaminizing, bottling) fluid milk and cream, and related products, including cottage cheese, yogurt (excep",Steven Tarbet — chief financial officer,3,2,,,,co-man status UNKNOWN — needs website check; 2 email(s) in Hoovers; mid-market size fit,not contacted,,,
289,6,"Holly Poultry, Inc.",unclassified food/bev mfr,,Baltimore,Maryland,http://www.hollypoultry.com,3.576807E7,195,Private,"Holly Poultry, Inc.",311615,"Holly Poultry, Inc. is primarily engaged in slaughtering, dressing, packing, freezing, and canning poultry, rabbits, and other small game, or in manufacturing products from such meats, for their own a",Mike Fine — President,3,3,,,,co-man status UNKNOWN — needs website check; 3 email(s) in Hoovers; mid-market size fit,not contacted,,,
290,6,"Holmes Foods, Inc.",unclassified food/bev mfr,,Nixon,Texas,http://www.holmesfoods.com,2.3193169E7,275,Private,"Holmes Foods, Inc.",311615,"Holmes Foods, Inc. is primarily engaged in slaughtering, dressing, packing, freezing, and canning poultry, rabbits, and other small game, or in manufacturing products from such meats, for their own ac",Phillip Morris — President,3,1,,,,co-man status UNKNOWN — needs website check; 1 email(s) in Hoovers; mid-market size fit,not contacted,,,
291,6,"Holten Meat, LLC",unclassified food/bev mfr,,Sauget,Illinois,http://www.bih-us.com,2.3830324E7,90,Private,"Branding Iron Holdings, Inc.",311612,"Holten Meat pleases palates with its beef (including certified Angus), veal, and pork products. The company manufactures and distributes processed meat items, including steaks, patties, ribs, and brea",Rick Joyal — Vice President Of North American Sales,3,3,,,,co-man status UNKNOWN — needs website check; 3 email(s) in Hoovers; mid-market size fit,not contacted,,,
292,6,"Hoogwegt U.S., Inc.",unclassified food/bev mfr,,Lake Forest,Illinois,http://www.hoogwegt.com,2.7803074E7,62,Private,Hoogwegt Group B.V.,311512,"Hoogwegt U.S., Inc. is primarily engaged in manufacturing creamery butter.",Jeramy Fisher — Chief Executive Officer,3,2,,,,co-man status UNKNOWN — needs website check; 2 email(s) in Hoovers; mid-market size fit,not contacted,,,
293,6,"Houdini, Inc.",unclassified food/bev mfr,,Fullerton,California,http://www.winecountrygiftbaskets.com,3.186277E7,260,Private,"Houdini, Inc.",312130,"Houdini, Inc. is primarily engaged in manufacturing wines, brandy, and brandy spirits. This industry also includes bonded wine cellars which are engaged in blending wines.",Dan Maguire — Chief Financial Officer,3,2,,,,co-man status UNKNOWN — needs website check; 2 email(s) in Hoovers; mid-market size fit,not contacted,,,
294,6,"House of Flavors, Inc.",unclassified food/bev mfr,,Ludington,Michigan,http://www.houseofflavors.com,2.7998062E7,267,Private,Protein Holdings Inc.,311520,"House Of Flavors, Inc. is primarily engaged in manufacturing ice cream and other frozen desserts.",Dominic Garza — Chief Operating Officer,3,3,,,,co-man status UNKNOWN — needs website check; 3 email(s) in Hoovers; mid-market size fit,not contacted,,,
295,6,"Hudsonville Creamery And Ice Cream Company, LLC",unclassified food/bev mfr,,Holland,Michigan,http://www.hudsonvilleicecream.com,2.6273043E7,145,Private,,311520,"Hudsonville Creamery And Ice Cream Company, Llc is primarily engaged in manufacturing ice cream and other frozen desserts.",Tina Floyd — Chief Executive Officer,3,3,,,,co-man status UNKNOWN — needs website check; 3 email(s) in Hoovers; mid-market size fit,not contacted,,,
296,6,IPMF LLC,unclassified food/bev mfr,,Janesville,Wisconsin,http://www.naturpak.com,5.0812149E7,85,Private,PPC Investment Partners LP,311422,"Ipmf Llc is primarily engaged in canning specialty products, such as baby foods, nationality specialty foods, and soups, except seafood.",Iwona Marciniak — Chief Financial Officer,3,2,,,,co-man status UNKNOWN — needs website check; 2 email(s) in Hoovers; mid-market size fit,not contacted,,,
297,6,"Illes Food Ingredients, Ltd.",unclassified food/bev mfr,,Carrollton,Texas,http://www.illesfoods.com,2.4475977E7,92,Partnership,"Illes Food Ingredients, Ltd.",311930,"Illes Food Ingredients, Ltd. is primarily engaged in manufacturing flavoring extracts, syrups, powders, and related products, not elsewhere classified, for soda fountain use or for the manufacture of ",Greg Nystrom — Chief Financial Officer,3,3,,,,co-man status UNKNOWN — needs website check; 3 email(s) in Hoovers; mid-market size fit,not contacted,,,
298,6,"Imperial, L.L.C.",unclassified food/bev mfr,,Tulsa,Oklahoma,http://www.imperialco.com,3.1468861E7,800,Private,"Imperial, L.L.C.",311920,"Imperial, L.L.C. is primarily engaged in roasting coffee, and in manufacturing coffee concentrates and extracts in powdered, liquid, or frozen form, including freeze-dried.",Lance Whorton — President,3,1,,,,co-man status UNKNOWN — needs website check; 1 email(s) in Hoovers; mid-market size fit,not contacted,,,
299,6,"Incobrasa Industries, Ltd.",unclassified food/bev mfr,,Gilman,Illinois,http://www.incobrasa.com,4.0070015E7,219,Private,,311224,"Incobrasa Industries, Ltd. is primarily engaged in manufacturing soybean oil, cake, and meal, and soybean protein isolates and concentrates, or in processing purchased soybean oil other than into edib",Aluizio Ribeiro — President,3,2,,,,co-man status UNKNOWN — needs website check; 2 email(s) in Hoovers; mid-market size fit,not contacted,,,
300,6,"Indian Summer Cooperative, Inc.",unclassified food/bev mfr,,Ludington,Michigan,,2.5289555E7,400,Private,"Indian Summer Cooperative, Inc.",311421,"Indian Summer Cooperative, Inc. is primarily engaged in canning fruits, vegetables, and fruit and vegetable juices; and in manufacturing catsup and similar tomato sauces, or natural and imitation pres",Sheila Brennan — Principal Helen Hansen Elementary,3,1,,,,co-man status UNKNOWN — needs website check; 1 email(s) in Hoovers; mid-market size fit,not contacted,,,
301,6,"Infinity Foods, Inc.",unclassified food/bev mfr,,Plover,Wisconsin,http://www.infinityfoods.com,3.7587673E7,200,Private,"Mccain Foods USA, Inc.",311999,"Infinity Foods, Inc. is primarily engaged in manufacturing prepared foods and miscellaneous food specialties, not elsewhere classified, such as baking powder, yeast, and other leavening compounds; pea",Mark Arend — President,3,1,,,,co-man status UNKNOWN — needs website check; 1 email(s) in Hoovers; mid-market size fit,not contacted,,,
302,6,"Iowa Premium, LLC",unclassified food/bev mfr,,Tama,Iowa,http://www.iowapremium.com,2.1681473E7,800,Private,"National Beef Packing Company, LLC",311611,"Iowa Premium, Llc is primarily engaged in the slaughtering, for their own account or on a contract basis for the trade, of cattle, hogs, sheep, lambs, and calves for meat to be sold or to be used on t",Lucas Deppe — Vice President Sales And Marketing,3,2,,,,co-man status UNKNOWN — needs website check; 2 email(s) in Hoovers; mid-market size fit,not contacted,,,
303,6,"J & J Bagging, LLC",unclassified food/bev mfr,,Yazoo City,Mississippi,http://www.jandjbagging.com,4.6430565E7,75,Private,,311119,"J & J Bagging, Llc is primarily engaged in manufacturing prepared feeds and feed ingredients and adjuncts for animals and fowls, except dogs and cats. Included in this industry are poultry and livesto",Joseph Mohamed — President,3,1,,,,co-man status UNKNOWN — needs website check; 1 email(s) in Hoovers; mid-market size fit,not contacted,,,
304,6,J & J Snack Foods Corp. Of California,unclassified food/bev mfr,,Los Angeles,California,http://www.jjsnack.com,8.9674568E7,380,Private,J&J Snack Foods Corp.,311919,"J & J Snack Foods Corp. Of California is primarily engaged in manufacturing fresh cookies, crackers, pretzels, and similar ""dry"" bakery products.",Ken Plunk — Senior Vice President Chief Financial Officer,3,2,,,,co-man status UNKNOWN — needs website check; 2 email(s) in Hoovers; mid-market size fit,not contacted,,,
305,6,"JBR, Inc.",unclassified food/bev mfr,,Lincoln,California,http://www.sfbaycoffee.com,2.0739561E7,230,Private,"JBR, Inc.",311920,"Jbr, Inc. is primarily engaged in roasting coffee, and in manufacturing coffee concentrates and extracts in powdered, liquid, or frozen form, including freeze-dried.",Ashley Rogers — Chief Executive Officer And CoFounder,3,1,,,,co-man status UNKNOWN — needs website check; 1 email(s) in Hoovers; mid-market size fit,not contacted,,,
306,6,"JSL Foods, Inc.",unclassified food/bev mfr,,Los Angeles,California,http://www.jslfoods.com,6.3255264E7,120,Private,"JSL Foods, Inc.",311999,"Jsl Foods, Inc. is primarily engaged in manufacturing prepared foods and miscellaneous food specialties, not elsewhere classified, such as baking powder, yeast, and other leavening compounds; peanut b",Koji Kawana — Executive Vice President,3,2,,,,co-man status UNKNOWN — needs website check; 2 email(s) in Hoovers; mid-market size fit,not contacted,,,
307,6,"Jack Daniel Distillery, Lem Motlow, Prop., Inc.",unclassified food/bev mfr,,Lynchburg,Tennessee,http://www.jackdaniels.com,4.5239162E7,365,Private,Brown-Forman Corporation,312140,"Jack Daniel Distillery, Lem Motlow, Prop., Inc. is primarily engaged in manufacturing alcoholic liquors by distillation, and in manufacturing cordials and alcoholic cocktails by blending processes or ",Donna Willis — Vice President Director Technical Services,3,3,,,,co-man status UNKNOWN — needs website check; 3 email(s) in Hoovers; mid-market size fit,not contacted,,,
308,6,"Jessie Lord Bakery, LLC",unclassified food/bev mfr,,Torrance,California,http://www.jessielordbakery.com,2.3277441E7,50,Private,,445291,"Jessie Lord Bakery, Llc is primarily engaged in the retail sale of bakery products. The products may be purchased from others or made on the premises.",Matthew Bennett — Owner,3,3,,,,co-man status UNKNOWN — needs website check; 3 email(s) in Hoovers; mid-market size fit,not contacted,,,
309,6,Johanna Beverage Company LLC,unclassified food/bev mfr,,Spokane,Washington,http://www.johannabeverage.com,2.4923424E7,65,Private,"Johanna Foods, Inc.",312111,Johanna Beverage Company Llc is primarily engaged in manufacturing soft drinks and carbonated waters.,Robert Facchina — President,3,1,,,,co-man status UNKNOWN — needs website check; 1 email(s) in Hoovers; mid-market size fit,not contacted,,,
310,6,"John Soules Acquisitions, LLC",unclassified food/bev mfr,,Gainesville,Georgia,,2.2692162E7,718,Private,"John Soules Foods, Inc.",311615,"John Soules Acquisitions, Llc is primarily engaged in slaughtering, dressing, packing, freezing, and canning poultry, rabbits, and other small game, or in manufacturing products from such meats, for t",John Soules — CoChief Executive Officer,6,2,,,,co-man status UNKNOWN — needs website check; 2 email(s) in Hoovers; mid-market size fit,not contacted,,,
311,6,"John Volpi & Company, Inc.",unclassified food/bev mfr,,Saint Louis,Missouri,http://www.volpifoods.com,2.359367E7,212,Private,"John Volpi & Company, Inc.",311612,"John Volpi & Company, Inc. is primarily engaged in manufacturing sausages, cured meats, smoked meats, canned meats, frozen meats, and other prepared meats and meat specialties, from purchased carcasse",Dale Rees — Chief Financial Officer,3,2,,,,co-man status UNKNOWN — needs website check; 2 email(s) in Hoovers; mid-market size fit,not contacted,,,
312,6,Jones Dairy Farm,unclassified food/bev mfr,,Fort Atkinson,Wisconsin,http://www.jonesdairyfarm.com,4.233379E7,350,Private,Jones Dairy Farm,311612,"Jones Dairy Farm is a seventh-generation, privately held, family-owned and operated food company based in Fort Atkinson, Wisconsin. For over 135 years, the company has produced a range of all-natural ",Ryan Robinson — President,3,2,,,,co-man status UNKNOWN — needs website check; 2 email(s) in Hoovers; mid-market size fit,not contacted,,,
313,6,"Jones Popcorn, Inc.",unclassified food/bev mfr,,New Albany,Indiana,http://www.clarksnacks.com,2.0E7,85,Private,,311999,"Jones Popcorn, Inc. is primarily engaged in manufacturing prepared foods and miscellaneous food specialties, not elsewhere classified, such as baking powder, yeast, and other leavening compounds; pean",Ryan Jones — President,3,3,,,,co-man status UNKNOWN — needs website check; 3 email(s) in Hoovers; mid-market size fit,not contacted,,,
314,6,Juanita's Foods,unclassified food/bev mfr,,Wilmington,California,http://www.juanitas.com,4.495134E7,285,Private,Juanita's Foods,311422,"Mexican soup is the spice of life for this company. Juanita's Foods is a Mexican food maker and the world's largest manufacturer of menudo, a spicy soup made with tripe (the stomach lining of thepig o",Aaron De La Torre — Business Owner,3,3,,,,co-man status UNKNOWN — needs website check; 3 email(s) in Hoovers; mid-market size fit,not contacted,,,
315,6,"Kagome Foods, Inc.",unclassified food/bev mfr,,Osceola,Arkansas,http://www.kagomeusa.com,4.4121086E7,230,Private,Kagome Inc.,311225,"Kagome Foods, Inc. is primarily engaged in manufacturing shortening, table oils, margarine, and other edible fats and oils, not elsewhere classified.",James McGinnis — Vice President,3,2,,,,co-man status UNKNOWN — needs website check; 2 email(s) in Hoovers; mid-market size fit,not contacted,,,
316,6,"Karlsburger Foods, Inc.",unclassified food/bev mfr,,Monticello,Minnesota,http://www.karlsburger.com,2.5835438E7,82,Private,"Karlsburger Foods, Inc.",311942,"Karlsburger Foods, Inc. is primarily engaged in manufacturing prepared foods and miscellaneous food specialties, not elsewhere classified, such as baking powder, yeast, and other leavening compounds; ",Michael Maher — Chief Executive Officer,3,1,,,,co-man status UNKNOWN — needs website check; 1 email(s) in Hoovers; mid-market size fit,not contacted,,,
317,6,"Kate Farms, Inc.",unclassified food/bev mfr,,Goleta,California,http://www.katefarms.com,2.739916E7,123,Private,,311991,"Kate Farms, Inc. is primarily engaged in manufacturing prepared foods and miscellaneous food specialties, not elsewhere classified, such as baking powder, yeast, and other leavening compounds; peanut ",Tom Beecher — Chief Executive Officer,3,3,,,,co-man status UNKNOWN — needs website check; 3 email(s) in Hoovers; mid-market size fit,not contacted,,,
318,6,Kaytee Products Incorporated,unclassified food/bev mfr,,Chilton,Wisconsin,http://www.kaytee.com,2.392536E7,500,Private,Central Garden & Pet Company,311119,"Kaytee Products Incorporated is primarily engaged in manufacturing prepared feeds and feed ingredients and adjuncts for animals and fowls, except dogs and cats. Included in this industry are poultry a",Steve Parker — Vice President Manufacturing,3,3,,,,co-man status UNKNOWN — needs website check; 3 email(s) in Hoovers; mid-market size fit,not contacted,,,
319,6,"Kent Quality Foods, Inc.",unclassified food/bev mfr,,Hudsonville,Michigan,http://www.kqf.com,2.3805561E7,145,Private,,311611,"Kent Quality Foods, Inc. is primarily engaged in the slaughtering, for their own account or on a contract basis for the trade, of cattle, hogs, sheep, lambs, and calves for meat to be sold or to be us",Mark Buggia — Chief Financial Officer,3,2,,,,co-man status UNKNOWN — needs website check; 2 email(s) in Hoovers; mid-market size fit,not contacted,,,
320,6,"Kewpie Americas, Inc.",unclassified food/bev mfr,,Irwindale,California,http://www.kewpieshop.com,4.855431E7,320,Private,KEWPIE CORPORATION,311999,"Kewpie Americas, Inc. is primarily engaged in slaughtering, dressing, packing, freezing, and canning poultry, rabbits, and other small game, or in manufacturing products from such meats, for their own",Kuniaki Ishikaiwa — President,3,3,,,,co-man status UNKNOWN — needs website check; 3 email(s) in Hoovers; mid-market size fit,not contacted,,,
321,6,"Kikkoman Foods, Inc.",unclassified food/bev mfr,,Walworth,Wisconsin,http://www.kikkomanusa.com,1.0038513E8,190,Private,KIKKOMAN CORPORATION,311941,"Kikkoman Foods, Inc. is primarily engaged in pickling and brining fruits and vegetables, and in manufacturing salad dressings, vegetable relishes, sauces, and seasonings.",KARL Keane — Vice President Finance,3,1,,,,co-man status UNKNOWN — needs website check; 1 email(s) in Hoovers; mid-market size fit,not contacted,,,
322,6,Kiolbassa Provision Company,unclassified food/bev mfr,,San Antonio,Texas,http://www.kiolbassa.com,2.4067389E7,260,Private,,311612,"Kiolbassa Provision Company is primarily engaged in manufacturing sausages, cured meats, smoked meats, canned meats, frozen meats, and other prepared meats and meat specialties, from purchased carcass",Bill Wagner — President,3,2,,,,co-man status UNKNOWN — needs website check; 2 email(s) in Hoovers; mid-market size fit,not contacted,,,
323,6,"Kodiak Cakes, LLC",unclassified food/bev mfr,,Park City,Utah,http://www.kodiakcakes.com,4.1726604E7,50,Private,Catterton Partners Corporation,311824,"Kodiak Cakes, Llc is primarily engaged in preparing flour mixes or doughs from purchased flour.",Nick Simmons — Senior Vice President,3,2,,,,co-man status UNKNOWN — needs website check; 2 email(s) in Hoovers; mid-market size fit,not contacted,,,
324,6,Kona Brewery LLC,unclassified food/bev mfr,,Kailua Kona,Hawaii,http://www.konabrewinghawaii.com,2.0032084E7,142,Private,Kona Brewery LLC,312120,"Beer lovers hanging ten on the big island can pull up a chair at the Kona Brewing Company, which operates three pubs -- two on Hawaii's big island and the second in Hawaii Kai, Oahu. Kona Brewing prod",Jennifer Busch — Principal,3,2,,,,co-man status UNKNOWN — needs website check; 2 email(s) in Hoovers; mid-market size fit,not contacted,,,
325,6,"Kormondy Enterprises, Inc.",unclassified food/bev mfr,,Owasso,Oklahoma,http://www.nationalsteak.com,2.4036013E7,325,Private,,311615,"Kormondy Enterprises, Inc. is primarily engaged in slaughtering, dressing, packing, freezing, and canning poultry, rabbits, and other small game, or in manufacturing products from such meats, for thei",Dave Albright — Chief Executive Officer,3,1,,,,co-man status UNKNOWN — needs website check; 1 email(s) in Hoovers; mid-market size fit,not contacted,,,
326,6,"Kowalski Companies, Inc.",unclassified food/bev mfr,,Detroit,Michigan,http://www.kowality.com,2.233708E7,182,Private,"Kowalski Companies, Inc.",311612,"Kowalski Companies, Inc. is primarily engaged in manufacturing sausages, cured meats, smoked meats, canned meats, frozen meats, and other prepared meats and meat specialties, from purchased carcasses ",Brian Ochocki — Chief Financial Officer,3,1,,,,co-man status UNKNOWN — needs website check; 1 email(s) in Hoovers; mid-market size fit,not contacted,,,
327,6,"Kreamer Feed, Inc.",unclassified food/bev mfr,,Kreamer,Pennsylvania,http://www.kreamerfeed.com,2.2340528E7,144,Private,,311119,"Kreamer Feed, Inc. is primarily engaged in manufacturing prepared feeds and feed ingredients and adjuncts for animals and fowls, except dogs and cats. Included in this industry are poultry and livesto",Jason Robinson — President,3,2,,,,co-man status UNKNOWN — needs website check; 2 email(s) in Hoovers; mid-market size fit,not contacted,,,
328,6,"Kruger Foods, Inc.",unclassified food/bev mfr,,Stockton,California,http://www.krugerfoods.com,3.8573299E7,155,Private,,311421,"Kruger Foods, Inc. is primarily engaged in pickling and brining fruits and vegetables, and in manufacturing salad dressings, vegetable relishes, sauces, and seasonings.",Leslie Kruger — Chief Operating Officer,3,2,,,,co-man status UNKNOWN — needs website check; 2 email(s) in Hoovers; mid-market size fit,not contacted,,,
329,6,"Kt's Kitchens, Inc.",unclassified food/bev mfr,,Carson,California,http://www.ktskitchens.com,2.0318384E7,250,Private,,311991,"Pizza and a salad makes mealat K.T.'s Kitchens. The company manufactures salad dressings,sauces, and frozen pizzas.Its salad dressings and sauces, sold under the Bob's Big Boy brand name, are availabl",Jose Ruelas — Plant Manager,3,2,,,,co-man status UNKNOWN — needs website check; 2 email(s) in Hoovers; mid-market size fit,not contacted,,,
330,6,"Kunzler & Company, Inc.",unclassified food/bev mfr,,Hatfield,Pennsylvania,http://www.kunzler.com,2.3522535E7,500,Private,"Clemens Food Group, LLC",311611,"Kunzler & Company, Inc. is primarily engaged in the slaughtering, for their own account or on a contract basis for the trade, of cattle, hogs, sheep, lambs, and calves for meat to be sold or to be use",David Grazier — Vice President General Manager,3,3,,,,co-man status UNKNOWN — needs website check; 3 email(s) in Hoovers; mid-market size fit,not contacted,,,
331,6,LY Brothers Corporation,unclassified food/bev mfr,,Hayward,California,http://www.sugarbowlbakery.com,6.1152412E7,260,Private,LY Brothers Corporation,311812,"Ly Brothers Corporation is primarily engaged in manufacturing fresh or frozen bread and bread-type rolls and fresh cakes, pies, pastries and other similar ""perishable"" bakery products.",Joel Feldman — Chief Executive Officer,3,2,,,,co-man status UNKNOWN — needs website check; 2 email(s) in Hoovers; mid-market size fit,not contacted,,,
332,6,"La Tortilleria, LLC",unclassified food/bev mfr,,Winston Salem,North Carolina,http://www.purplecrow.com,4.6344688E7,190,Private,,311830,"La Tortilleria, Llc is primarily engaged in manufacturing prepared foods and miscellaneous food specialties, not elsewhere classified, such as baking powder, yeast, and other leavening compounds; pean",Nathaniel Calhoun — PRINCIPAL,3,1,,,,co-man status UNKNOWN — needs website check; 1 email(s) in Hoovers; mid-market size fit,not contacted,,,
333,6,"Lake Foods, Inc.",unclassified food/bev mfr,,Hartwell,Georgia,http://www.brakebush.com,2.0135044E7,675,Private,"Brakebush Brothers, Inc.",311615,"Lake Foods, Inc. is primarily engaged in slaughtering, dressing, packing, freezing, and canning poultry, rabbits, and other small game, or in manufacturing products from such meats, for their own acco",David Strawn — Chief Executive Officer,3,1,,,,co-man status UNKNOWN — needs website check; 1 email(s) in Hoovers; mid-market size fit,not contacted,,,
334,6,"Lala U.S., Inc.",unclassified food/bev mfr,,Dallas,Texas,http://www.lala-us.com,2.2955835E7,289,Private,"Grupo Lala, S.A.B. de C.V.",311511,"Lala U.S., Inc. is primarily engaged in processing (e.g., pasteurizing, homogenizing, vitaminizing, bottling) fluid milk and cream, and related products, including cottage cheese, yogurt (except froze",Jorge Ramos — Chief Executive Officer,3,1,,,,co-man status UNKNOWN — needs website check; 1 email(s) in Hoovers; mid-market size fit,not contacted,,,
335,6,"Laura Chenel's Chevre, Inc.",unclassified food/bev mfr,,Sonoma,California,http://www.laurachenel.com,2.3048237E7,68,Private,LAITERIES H. TRIBALLAT,311511,"Laura Chenel's Chevre, Inc. is primarily engaged in processing (e.g., pasteurizing, homogenizing, vitaminizing, bottling) fluid milk and cream, and related products, including cottage cheese, yogurt (",Pierre Girier — Chief Operating Officer,3,1,,,,co-man status UNKNOWN — needs website check; 1 email(s) in Hoovers; mid-market size fit,not contacted,,,
336,6,Lavoi Corporation,unclassified food/bev mfr,,Atlanta,Georgia,http://www.epibreads.com,1.0431341E8,280,Private,Lavoi Corporation,311824,Lavoi Corporation is primarily engaged in preparing flour mixes or doughs from purchased flour.,Phil Jones — Chief Executive Officer,3,2,,,,co-man status UNKNOWN — needs website check; 2 email(s) in Hoovers; mid-market size fit,not contacted,,,
337,6,"Lawrence Foods, Inc.",unclassified food/bev mfr,,Elk Grove Village,Illinois,http://www.lawrencefoods.com,5.0826832E7,250,Private,,311421,"Lawrence Foods, Inc. is primarily engaged in canning fruits, vegetables, and fruit and vegetable juices; and in manufacturing catsup and similar tomato sauces, or natural and imitation preserves, jams",Paul Ferenchick — President,3,2,,,,co-man status UNKNOWN — needs website check; 2 email(s) in Hoovers; mid-market size fit,not contacted,,,
338,6,"Le Pafe, Inc.",unclassified food/bev mfr,,Montebello,California,http://www.lechef-mobile.com,2.5191587E7,170,Private,"Le Pafe, Inc.",445291,"Le Pafe, Inc. is primarily engaged in the retail sale of bakery products. The products may be purchased from others or made on the premises.",Simon Tam — Chief Financial Officer,3,2,,,,co-man status UNKNOWN — needs website check; 2 email(s) in Hoovers; mid-market size fit,not contacted,,,
339,6,"Leon's Fine Foods, Inc.",unclassified food/bev mfr,,McKinney,Texas,http://www.texascuisine.com,2.185494E7,245,Private,"Leon's Fine Foods, Inc.",311999,"Leon's Fine Foods, Inc. is primarily engaged in manufacturing prepared foods and miscellaneous food specialties, not elsewhere classified, such as baking powder, yeast, and other leavening compounds; ",Glenda Parrish — Executive Assistant President Owner,3,3,,,,co-man status UNKNOWN — needs website check; 3 email(s) in Hoovers; mid-market size fit,not contacted,,,
340,6,Leonard Holding Company,unclassified food/bev mfr,,San Antonio,Texas,http://www.leonardhc.com,1.0373917E8,260,Private,The Leonard Family Corporation,311612,"Leonard Holding Company is primarily engaged in manufacturing sausages, cured meats, smoked meats, canned meats, frozen meats, and other prepared meats and meat specialties, from purchased carcasses a",Kenneth Leonard — President,3,2,,,,co-man status UNKNOWN — needs website check; 2 email(s) in Hoovers; mid-market size fit,not contacted,,,
341,6,Let's Do Lunch,unclassified food/bev mfr,,Gardena,California,http://www.integratedfoodservice.com,2.2939344E7,300,Private,,311991,"Let's Do Lunch is primarily engaged in manufacturing prepared foods and miscellaneous food specialties, not elsewhere classified, such as baking powder, yeast, and other leavening compounds; peanut bu",Jay Schumacher — Chief Operating Officer,3,2,,,,co-man status UNKNOWN — needs website check; 2 email(s) in Hoovers; mid-market size fit,not contacted,,,
342,6,"Liberty Fruit Company, Inc.",unclassified food/bev mfr,,Kansas City,Kansas,http://www.libertyfruit.com,2.4045773E7,406,Private,"Russ Davis Wholesale, Inc.",311421,"Liberty Fruit Company, Inc. is a wholesale distributor of fresh produce based in Kansas City, Kansas. The company serves a variety of customers, including government agencies like the Defense Commissa",Michael Logan — Chief Operating Officer,3,1,,,,co-man status UNKNOWN — needs website check; 1 email(s) in Hoovers; mid-market size fit,not contacted,,,
343,6,Lindt & Sprungli (North America) Inc.,unclassified food/bev mfr,,Kansas City,Missouri,http://careers.lindtnorthamerica.com,6.0479588E7,62,Private,Chocoladefabriken Lindt & Sprüngli AG,311351,"Lindt & Sprungli (North America) Inc. is primarily engaged in shelling, roasting, and grinding cacao beans for the purpose of making chocolate liquor, from which cocoa powder and cocoa butter are deri",Jessica Haefele — Vice President Legal North America,3,2,,,,co-man status UNKNOWN — needs website check; 2 email(s) in Hoovers; mid-market size fit,not contacted,,,
344,6,Lindt & Sprungli (USA) Inc.,unclassified food/bev mfr,,Stratham,New Hampshire,http://www.lindtusa.com,8.2680066E8,650,Private,Chocoladefabriken Lindt & Sprüngli AG,311351,"Lindt & Sprungli (Usa) Inc. is primarily engaged in shelling, roasting, and grinding cacao beans for the purpose of making chocolate liquor, from which cocoa powder and cocoa butter are derived, and i",,3,3,,,,co-man status UNKNOWN — needs website check; 3 email(s) in Hoovers; mid-market size fit; Northeast,not contacted,,,
345,6,"Lion Nathan USA, Inc.",unclassified food/bev mfr,,Dundee,Oregon,http://www.argylewinery.com,1.7516399E8,270,Private,LION PTY LTD,312130,"Lion Nathan Usa, Inc. is primarily engaged in manufacturing wines, brandy, and brandy spirits. This industry also includes bonded wine cellars which are engaged in blending wines.",Brian Croser — Principal,3,1,,,,co-man status UNKNOWN — needs website check; 1 email(s) in Hoovers; mid-market size fit,not contacted,,,
346,6,"Louisa Food Products, Inc.",unclassified food/bev mfr,,Saint Louis,Missouri,http://www.louisafoods.com,2.7360844E7,200,Private,"Louisa Food Products, Inc.",311999,"Louisa Food Products, Inc. is primarily engaged in manufacturing prepared foods and miscellaneous food specialties, not elsewhere classified, such as baking powder, yeast, and other leavening compound",John Russell — Chief Financial Officer,3,2,,,,co-man status UNKNOWN — needs website check; 2 email(s) in Hoovers; mid-market size fit,not contacted,,,
347,6,"Louisiana Sugar Refining, LLC",unclassified food/bev mfr,,Gramercy,Louisiana,http://www.lsrsugar.com,3.5546192E7,300,Private,,311313,"Louisiana Sugar Refining, Llc is primarily engaged in manufacturing sugar from sugar beets.",Larry Faucheux — Mng Member Chief Executive Officer,3,2,,,,co-man status UNKNOWN — needs website check; 2 email(s) in Hoovers; mid-market size fit,not contacted,,,
348,6,"Lynchburg Organic Baking Co., LLC",unclassified food/bev mfr,,Lynchburg,Virginia,,3.1119923E7,200,Private,"Flowers Foods, Inc.",311812,"Lynchburg Organic Baking Co., Llc is primarily engaged in manufacturing fresh or frozen bread and bread-type rolls and fresh cakes, pies, pastries and other similar ""perishable"" bakery products.",Michelle Trainum — Principal,3,1,,,,co-man status UNKNOWN — needs website check; 1 email(s) in Hoovers; mid-market size fit,not contacted,,,
349,6,"Lyrical Foods, Inc.",unclassified food/bev mfr,,Hayward,California,http://www.kite-hill.com,2.4642206E7,108,Private,,311999,"Lyrical Foods, Inc. is primarily engaged in manufacturing prepared foods and miscellaneous food specialties, not elsewhere classified, such as baking powder, yeast, and other leavening compounds; pean",John Haugen — Chief Executive Officer,3,1,,,,co-man status UNKNOWN — needs website check; 1 email(s) in Hoovers; mid-market size fit,not contacted,,,
350,6,"M.A. Patout & Son Limited, L.L.C.",unclassified food/bev mfr,,Jeanerette,Louisiana,http://www.mapatout.com,4.7330517E7,413,Private,"M.A. Patout & Son Limited, L.L.C.",311314,"Owned and operated by the seventh generation of the Patout family, M.A. Patout & Son is the oldest family-owned and operated raw sugar manufacturer in the US. The Louisiana-based company processes sug",Randall Romero — Chief Financial Officer,3,2,,,,co-man status UNKNOWN — needs website check; 2 email(s) in Hoovers; mid-market size fit,not contacted,,,
351,6,"MCSHARES, INC.",unclassified food/bev mfr,,Salina,Kansas,http://www.repcoworld.com,2.279394E7,113,Private,"MCSHARES, INC.",311211,"Mcshares, Inc. is primarily engaged in milling flour or meal from grain, except rice. The products of flour mills may be sold plain or in the form of prepared mixes or doughs for specific purposes.",Jason Creed — President Chief Financial Officer,3,1,,,,co-man status UNKNOWN — needs website check; 1 email(s) in Hoovers; mid-market size fit,not contacted,,,
352,6,"Magic Seasoning Blends, LLC",unclassified food/bev mfr,,New Orleans,Louisiana,http://www.magicseasoningblends.com,2.3225307E7,120,Private,"Magic Seasoning Blends, LLC",311942,"Magic Seasoning Blends, owned by celebrity Louisiana chef Paul Prudhomme, wants to add some magical bayou spice to family meals. The company, which makes packaged seasonings, dehydrated mixes, sauces,",Shawn McBribe — President,3,1,,,,co-man status UNKNOWN — needs website check; 1 email(s) in Hoovers; mid-market size fit,not contacted,,,
353,6,Mahaska Bottling Company,unclassified food/bev mfr,,Oskaloosa,Iowa,http://www.mahaska.com,2.0696487E7,500,Private,Mahaska Bottling Company,312111,Mahaska Bottling Company is primarily engaged in manufacturing soft drinks and carbonated waters.,Darel Baxter — Principal,3,3,,,,co-man status UNKNOWN — needs website check; 3 email(s) in Hoovers; mid-market size fit,not contacted,,,
354,6,"Maple Donuts, LLC",unclassified food/bev mfr,,York,Pennsylvania,http://www.mapledonuts.com,9.951638E7,250,Private,"Maple Donuts, LLC",311812,"Maple Donuts, Llc is primarily engaged in manufacturing fresh or frozen bread and bread-type rolls and fresh cakes, pies, pastries and other similar ""perishable"" bakery products.",Greg Somerville — Chief Executive Officer,3,3,,,,co-man status UNKNOWN — needs website check; 3 email(s) in Hoovers; mid-market size fit,not contacted,,,
355,6,"Marcho Farms, Inc.",unclassified food/bev mfr,,Souderton,Pennsylvania,http://www.marchofarms.com,2.0545523E7,140,Private,,311611,"Marcho Farms, Inc. is primarily engaged in the slaughtering, for their own account or on a contract basis for the trade, of cattle, hogs, sheep, lambs, and calves for meat to be sold or to be used on ",Brian Friesen — President,3,2,,,,co-man status UNKNOWN — needs website check; 2 email(s) in Hoovers; mid-market size fit,not contacted,,,
356,6,Mariah Foods Corp.,unclassified food/bev mfr,,Columbus,Indiana,http://www.peerfoods.com,2.0334621E7,150,Private,"Peer Foods Group, Inc.",311611,"Mariah Foods Corp. is primarily engaged in the slaughtering, for their own account or on a contract basis for the trade, of cattle, hogs, sheep, lambs, and calves for meat to be sold or to be used on ",Larry Connell — President,3,3,,,,co-man status UNKNOWN — needs website check; 3 email(s) in Hoovers; mid-market size fit,not contacted,,,
357,6,"Mars Retail Group, LLC",unclassified food/bev mfr,,Henderson,Nevada,http://www.mms.com,3.7231037E7,450,Private,"Mars, Incorporated",311351,"Mars Retail Group, Llc is primarily engaged in shelling, roasting, and grinding cacao beans for the purpose of making chocolate liquor, from which cocoa powder and cocoa butter are derived, and in the",Patrice De Talhouet — Principal,3,2,,,,co-man status UNKNOWN — needs website check; 2 email(s) in Hoovers; mid-market size fit,not contacted,,,
358,6,"Martin's Famous Pastry Shoppe, Inc.",unclassified food/bev mfr,,Chambersburg,Pennsylvania,http://www.potatorolls.com,9.7041565E7,464,Private,"Martin's Famous Pastry Shoppe, Inc.",311812,"Martin's Famous Pastry Shoppe, Inc. is primarily engaged in manufacturing fresh or frozen bread and bread-type rolls and fresh cakes, pies, pastries and other similar ""perishable"" bakery products.",Ronald Gipe — Vice President,3,1,,,,co-man status UNKNOWN — needs website check; 1 email(s) in Hoovers; mid-market size fit,not contacted,,,
359,6,Mastertaste Inc.,unclassified food/bev mfr,,Clark,New Jersey,,2.3318716E7,249,Private,Kerry Inc.,311930,"Mastertaste Inc. is primarily engaged in manufacturing flavoring extracts, syrups, powders, and related products, not elsewhere classified, for soda fountain use or for the manufacture of soft drinks,",,3,2,,,,co-man status UNKNOWN — needs website check; 2 email(s) in Hoovers; mid-market size fit; Northeast,not contacted,,,
360,6,"Mccormick Distilling Co., Inc.",unclassified food/bev mfr,,Weston,Missouri,http://www.mccormickdistilling.com,2.4801001E7,152,Private,"Mccormick Distilling Co., Inc.",312140,"McCormick Distilling is a well-known company that specializes in producing and importing a variety of distilled spirits, such as vodka, gin, rum, bourbon, and whiskey. Its most famous product is the s",Codie Welsh — Chief Financial Officer,3,2,,,,co-man status UNKNOWN — needs website check; 2 email(s) in Hoovers; mid-market size fit,not contacted,,,
361,6,Mcilhenny Company,unclassified food/bev mfr,,Avery Island,Louisiana,http://www.tabasco.com,2.2110535E7,205,Private,"Mc Ilhenny's, E Son Corporation",311941,"Tabasco is hot. Created in 1868 by Edmund McIlhenny, the popular pepper sauce is still made at the original site by McIlhenny Company on Avery Island, Louisiana. Tabasco created the pepper-sauce indus",Harold Osborn — President,3,2,,,,co-man status UNKNOWN — needs website check; 2 email(s) in Hoovers; mid-market size fit,not contacted,,,
362,6,"Meduri Farms, Inc.",unclassified food/bev mfr,,Dallas,Oregon,http://www.medurifarms.com,3.9123146E7,275,Private,"Meduri Farms, Inc.",311423,"Meduri Farms, Inc. is primarily engaged in sun drying or artificially dehydrating fruits and vegetables, or in manufacturing packaged soup mixes from dehydrated ingredients.",Daniel Black — Chief Financial Officer,3,3,,,,co-man status UNKNOWN — needs website check; 3 email(s) in Hoovers; mid-market size fit,not contacted,,,
363,6,Meherrin Agricultural & Chemical Company,unclassified food/bev mfr,,Severn,North Carolina,http://www.meherrinag.com,5.064906E8,1000,Private,Meherrin Agricultural & Chemical Company,311911,"Meherrin AG is a family-run business across eight states that supports farmers to produce millions of acres of high-quality, high-yield corn, peanuts, soybeans, wheat, and sorghum. Farm supplies offer",Wells Caviness — Vice President Human Resources,3,3,,,,co-man status UNKNOWN — needs website check; 3 email(s) in Hoovers; mid-market size fit,not contacted,,,
364,6,"Melitta USA, Inc.",unclassified food/bev mfr,,Clearwater,Florida,http://www.melitta.com,2.5039221E7,120,Private,"Melitta North America, Inc.",311920,"Melitta Usa, Inc. is primarily engaged in roasting coffee, and in manufacturing coffee concentrates and extracts in powdered, liquid, or frozen form, including freeze-dried.",Jeffery Bordinat — Principal,3,1,,,,co-man status UNKNOWN — needs website check; 1 email(s) in Hoovers; mid-market size fit,not contacted,,,
365,6,"Mercer Foods, LLC",unclassified food/bev mfr,,Modesto,California,http://www.thrivefoods.com,1.0049023E8,281,Private,"Mercer Foods, LLC",311423,"Mercer Foods, Llc is primarily engaged in sun drying or artificially dehydrating fruits and vegetables, or in manufacturing packaged soup mixes from dehydrated ingredients.",Brett Kirkham — Chief Financial Officer,3,1,,,,co-man status UNKNOWN — needs website check; 1 email(s) in Hoovers; mid-market size fit,not contacted,,,
366,6,"MeriCal, LLC",unclassified food/bev mfr,,Anaheim,California,http://www.merical.com,3.84352E7,570,Private,Linden Capital Partners II LP,311514,"Merical, Llc is primarily engaged in manufacturing dry, condensed, and evaporated dairy products. This also includes manufacturing mixes for the preparation of frozen ice cream and ice milk and dairy ",Ken Vargha — President Chief Commercial Officer,3,3,,,,co-man status UNKNOWN — needs website check; 3 email(s) in Hoovers; mid-market size fit,not contacted,,,
367,6,Miceli Dairy Products Co.,unclassified food/bev mfr,,Cleveland,Ohio,http://www.miceli-dairy.com,4.1677372E7,190,Private,Miceli Dairy Products Co.,311513,"Miceli Dairy Products Co. is primarily engaged in manufacturing natural cheese (except cottage cheese), processed cheese, cheese foods, cheese spreads, and cheese analogs (imitations and substitutes).",John Miceli — Executive Vice President,3,1,,,,co-man status UNKNOWN — needs website check; 1 email(s) in Hoovers; mid-market size fit,not contacted,,,
368,6,"Michigan Turkey Producers Cooperative, Inc.",unclassified food/bev mfr,,Grand Rapids,Michigan,http://www.miturkey.com,4.2129642E7,575,Private,"Michigan Turkey Producers Cooperative, Inc.",311615,"Michigan Turkey Producers Cooperative, Inc. is primarily engaged in slaughtering, dressing, packing, freezing, and canning poultry, rabbits, and other small game, or in manufacturing products from suc",Dan Lennon — President,3,2,,,,co-man status UNKNOWN — needs website check; 2 email(s) in Hoovers; mid-market size fit,not contacted,,,
369,6,"Mid-America Pet Food, L.L.C.",unclassified food/bev mfr,,Mount Pleasant,Texas,http://www.mapf.com,2.0869085E7,50,Private,,311111,"Mid-America Pet Food, L.L.C. is primarily engaged in manufacturing dog and cat food from cereal, meat, and other ingredients. These preparations may be canned, frozen, or dry.",Gregory Cyr — Ceo President Board Member,3,1,,,,co-man status UNKNOWN — needs website check; 1 email(s) in Hoovers; mid-market size fit,not contacted,,,
370,6,Milk Specialties Company,unclassified food/bev mfr,,Eden Prairie,Minnesota,http://www.milkspecialties.com,1.0E9,740,Private,Milk Specialties Company,311511,"Actus Nutrition (formerly Milk Specialties Global) is a leading manufacturer of nutritional ingredients, specializing in upcycling dairy byproducts like whey into high-quality proteins. The company se",Dan Nisser — Chief Financial Officer,3,2,,,,co-man status UNKNOWN — needs website check; 2 email(s) in Hoovers; mid-market size fit,not contacted,,,
371,6,"Minnie Marie Bakers, Inc.",unclassified food/bev mfr,,Bay City,Michigan,http://www.awrey.com,2.1787891E7,120,Private,,311813,"Minnie Marie Bakers, Inc. is primarily engaged in manufacturing frozen bakery products, except bread and bread-type rolls.",Thomas Awrey — President,3,1,,,,co-man status UNKNOWN — needs website check; 1 email(s) in Hoovers; mid-market size fit,not contacted,,,
372,6,Miracapo Pizza Company LLC,unclassified food/bev mfr,,Elk Grove Village,Illinois,http://miracapopizza.com,1.071717E8,420,Private,BRYNWOOD MANAGEMENT IX L.P.,311412,This Little Lady serves up man-sized portions of frozen food. Little Lady Foods is a leading supplier of frozen food products for the foodservice and retail food industries. With facilities in the gre,John Leboutillier — Chief Executive Officer,3,1,,,,co-man status UNKNOWN — needs website check; 1 email(s) in Hoovers; mid-market size fit,not contacted,,,
373,6,"Mistica Foods, LLC",unclassified food/bev mfr,,Addison,Illinois,http://www.misticafoods.com,3.3698833E7,740,Private,"Mistica Foods, LLC",311612,"Mistica Foods, Llc is primarily engaged in manufacturing sausages, cured meats, smoked meats, canned meats, frozen meats, and other prepared meats and meat specialties, from purchased carcasses and ot",Edward Bleka — CoPresident,3,3,,,,co-man status UNKNOWN — needs website check; 3 email(s) in Hoovers; mid-market size fit,not contacted,,,
374,6,Mojave Foods Corporation,unclassified food/bev mfr,,Los Angeles,California,,2.3843508E7,200,Private,"McCormick & Company, Incorporated",311999,"Mojave Foods Corporation is primarily engaged in manufacturing prepared foods and miscellaneous food specialties, not elsewhere classified, such as baking powder, yeast, and other leavening compounds;",Gregory Whitescarver — Founder And Chief Executive Officer,3,1,,,,co-man status UNKNOWN — needs website check; 1 email(s) in Hoovers; mid-market size fit,not contacted,,,
375,6,"Morasch Meats, Inc.",unclassified food/bev mfr,,Portland,Oregon,http://www.moraschmeats.com,2.6672541E7,170,Private,"Morasch Meats, Inc.",311612,"Morasch Meats, Inc. is primarily engaged in manufacturing sausages, cured meats, smoked meats, canned meats, frozen meats, and other prepared meats and meat specialties, from purchased carcasses and o",Michael Morasch — President,3,3,,,,co-man status UNKNOWN — needs website check; 3 email(s) in Hoovers; mid-market size fit,not contacted,,,
376,6,"Mother Murphy's Laboratories, Inc.",unclassified food/bev mfr,,Greensboro,North Carolina,http://www.mothermurphys.com,2.6333157E7,120,Private,"Mother Murphy's Laboratories, Inc.",311942,"This Mother Murphy does her cooking in an industrial-strength kitchen. Mother Murphy's Laboratories develops and manufactures dry and liquid, natural and synthetic flavorings and extracts for the bake",Ashley Sutton — Chief Financial Officer,3,3,,,,co-man status UNKNOWN — needs website check; 3 email(s) in Hoovers; mid-market size fit,not contacted,,,
377,6,Mountain Meadows Lamb Corporation,unclassified food/bev mfr,,Denver,Colorado,http://www.superiorfarms.com,2.4948166E7,308,Private,"Transhumance Holding Company, Inc.",311611,"Mountain Meadows Lamb Corporation is primarily engaged in the slaughtering, for their own account or on a contract basis for the trade, of cattle, hogs, sheep, lambs, and calves for meat to be sold or",Jerry Dotson — President,3,2,,,,co-man status UNKNOWN — needs website check; 2 email(s) in Hoovers; mid-market size fit,not contacted,,,
378,6,"Musco Olive Products, Inc.",unclassified food/bev mfr,,Tracy,California,http://www.olives.com,4.7528625E7,300,Private,"Musco Olive Products, Inc.",311421,The Musco Family Olive Co. is one of the nation's leading purveyors of canned and brined olives. The company sells its products primarily under its flagship Pearls brand. It also sells olives under th,Felix Musco — Chief Executive Officer,3,1,,,,co-man status UNKNOWN — needs website check; 1 email(s) in Hoovers; mid-market size fit,not contacted,,,
379,6,Nackard Bottling Company,unclassified food/bev mfr,,Flagstaff,Arizona,http://www.nackard.com,2.1675829E7,128,Private,Nackard Bottling Company,312111,Nackard Bottling Company is primarily engaged in manufacturing soft drinks and carbonated waters.,Nicholas Joiner — Vice President Chief Financial Officer,3,2,,,,co-man status UNKNOWN — needs website check; 2 email(s) in Hoovers; mid-market size fit,not contacted,,,
380,6,"Nation Pizza Products, L.P.",unclassified food/bev mfr,,Schaumburg,Illinois,http://www.nationpizza.com,4.5731869E7,700,Partnership,,311412,"Nation Pizza Products, L.P. is primarily engaged in manufacturing frozen food specialties, not elsewhere classified, such as frozen dinners and frozen pizza.",Joe Giglio — Chief Financial Officer,3,2,,,,co-man status UNKNOWN — needs website check; 2 email(s) in Hoovers; mid-market size fit,not contacted,,,
381,6,"National Meat & Provision, LLC",unclassified food/bev mfr,,Reserve,Louisiana,http://www.natcofs.com,5.6027576E7,66,Private,"Performance Food Group, Inc.",311612,"National Meat & Provision, Llc is primarily engaged in manufacturing sausages, cured meats, smoked meats, canned meats, frozen meats, and other prepared meats and meat specialties, from purchased carc",Martim Castillo — President,3,3,,,,co-man status UNKNOWN — needs website check; 3 email(s) in Hoovers; mid-market size fit,not contacted,,,
382,6,Naturalife Eco Vite Laboratories,unclassified food/bev mfr,,Torrance,California,http://www.paragonlabsusa.com,2.0272905E7,100,Private,,311514,"Naturalife Eco Vite Laboratories is primarily engaged in manufacturing dry, condensed, and evaporated dairy products. This also includes manufacturing mixes for the preparation of frozen ice cream and",Jay Kaufman — PRESIDENT,3,2,,,,co-man status UNKNOWN — needs website check; 2 email(s) in Hoovers; mid-market size fit,not contacted,,,
383,6,"Nature's Touch Frozen Foods, LLC",unclassified food/bev mfr,,Front Royal,Virginia,http://www.naturestouchfrozenfoods.com,3.471027E7,172,Private,Aliments Congelés Nature's Touch Inc,311411,"Nature's Touch Frozen Foods, Llc is primarily engaged in freezing fruits, fruit juices, and vegetables. These establishments also produce important byproducts such as fresh or dried citrus pulp.",Paul Bruns — Vice President Operations,3,2,,,,co-man status UNKNOWN — needs website check; 2 email(s) in Hoovers; mid-market size fit,not contacted,,,
384,6,"Nestle Regional Globe Office North America, Inc.",unclassified food/bev mfr,,Arlington,Virginia,http://www.nestlejobs.com,4.9458393E7,61,Private,Nestlé S.A.,311111,"Nestle Regional Globe Office North America, Inc. is primarily engaged in manufacturing dog and cat food from cereal, meat, and other ingredients. These preparations may be canned, frozen, or dry.",Mark Brunson — Vice President,3,3,,,,co-man status UNKNOWN — needs website check; 3 email(s) in Hoovers; mid-market size fit,not contacted,,,
385,6,"New Angus, LLC",unclassified food/bev mfr,,Aberdeen,South Dakota,http://www.demkotaranchbeef.com,2.402035E7,124,Private,,311612,"New Angus, Llc is primarily engaged in manufacturing sausages, cured meats, smoked meats, canned meats, frozen meats, and other prepared meats and meat specialties, from purchased carcasses and other ",Adam Bode — Chief Executive Officer,3,1,,,,co-man status UNKNOWN — needs website check; 1 email(s) in Hoovers; mid-market size fit,not contacted,,,
386,6,"New Belgium Brewing Company, Inc.",unclassified food/bev mfr,,Fort Collins,Colorado,http://www.newbelgium.com,1.0783727E8,210,Private,"Lion Nathan USA, Inc.",312120,"New Belgium Brewing Company is a leading US premium adult beverage company with an iconic portfolio and a unique approach to business. The company is known for Voodoo Ranger IPA, Fat Tire Ale, Lightst",Kim Jordan — Ceo CoFounder,3,3,,,,co-man status UNKNOWN — needs website check; 3 email(s) in Hoovers; mid-market size fit,not contacted,,,
387,6,"New Horizons Baking Company, LLC",unclassified food/bev mfr,,Norwalk,Ohio,http://www.newhorizonsbaking.com,4.9006016E7,350,Private,"New Horizons Baking Company, LLC",311812,"New Horizons Baking Company, Llc is primarily engaged in manufacturing fresh or frozen bread and bread-type rolls and fresh cakes, pies, pastries and other similar ""perishable"" bakery products.",Trina Bediako — Chief Executive Officer,3,2,,,,co-man status UNKNOWN — needs website check; 2 email(s) in Hoovers; mid-market size fit,not contacted,,,
388,6,"New York Frozen Foods, Inc.",unclassified food/bev mfr,,Bedford,Ohio,,2.216728E7,320,Private,T.Marzetti Company,311812,"New York Frozen Foods, Inc. is primarily engaged in manufacturing fresh or frozen bread and bread-type rolls and fresh cakes, pies, pastries and other similar ""perishable"" bakery products.",Larry Linhart — Principal,3,1,,,,co-man status UNKNOWN — needs website check; 1 email(s) in Hoovers; mid-market size fit,not contacted,,,
389,6,Nichols Pistachio,unclassified food/bev mfr,,Hanford,California,http://www.nicholsfarms.com,2.4235188E7,200,Private,,311911,"Nichols Pistachio is primarily engaged in manufacturing salted, roasted, dried, cooked, or canned nuts or in processing grains or seeds in a similar manner for snack purposes.",Jared Lorraine — President And Chief Operations Officer,3,1,,,,co-man status UNKNOWN — needs website check; 1 email(s) in Hoovers; mid-market size fit,not contacted,,,
390,6,"Nordic Naturals, Inc.",unclassified food/bev mfr,,Watsonville,California,http://www.nordic.com,4.6618927E7,150,Private,"Nordic Naturals, Inc.",311710,"Nordic Naturals, Inc. is primarily engaged in manufacturing animal oils, including fish oil and other marine animal oils, and fish and animal meal; and those rendering inedible stearin, grease, and ta",Jason Puett — Chief Financial Officer,3,3,,,,co-man status UNKNOWN — needs website check; 3 email(s) in Hoovers; mid-market size fit,not contacted,,,
391,6,"Norman W. Fries, Inc.",unclassified food/bev mfr,,Claxton,Georgia,http://www.claxtonpoultry.com,4.216777E7,1700,Private,,311615,"Norman W. Fries, Inc. is primarily engaged in slaughtering, dressing, packing, freezing, and canning poultry, rabbits, and other small game, or in manufacturing products from such meats, for their own",Doris Fries — Chief Executive Officer,3,2,,,,co-man status UNKNOWN — needs website check; 2 email(s) in Hoovers; mid-market size fit,not contacted,,,
392,6,North Dakota Mill & Elevator Association,unclassified food/bev mfr,,Grand Forks,North Dakota,http://www.ndmill.com,4.1032309E8,132,Private,,311821,"The North Dakota Mill and Elevator Association is a state-owned enterprise of North Dakota and the largest flour mill in the US. It operates as a value-added agricultural processing facility, purchasi",Brent Massmann — Vice President,3,2,,,,co-man status UNKNOWN — needs website check; 2 email(s) in Hoovers; mid-market size fit,not contacted,,,
393,6,Nutiva,unclassified food/bev mfr,,Richmond,California,http://www.nutiva.com,2.3829517E7,115,Private,,311999,"Nutiva is primarily engaged in manufacturing prepared foods and miscellaneous food specialties, not elsewhere classified, such as baking powder, yeast, and other leavening compounds; peanut butter; pa",Steven Naccarato — Chief Executive Officer,3,1,,,,co-man status UNKNOWN — needs website check; 1 email(s) in Hoovers; mid-market size fit,not contacted,,,
394,6,"Nutritional Resources, Inc.",unclassified food/bev mfr,,Grovetown,Georgia,http://www.healthwisenri.com,2.1072802E7,164,Private,"Nutritional Resources, Inc.",311999,"Nutritional Resources, Inc. is primarily engaged in manufacturing prepared foods and miscellaneous food specialties, not elsewhere classified, such as baking powder, yeast, and other leavening compoun",Michael Welsh — Chief Financial Officer,3,1,,,,co-man status UNKNOWN — needs website check; 1 email(s) in Hoovers; mid-market size fit,not contacted,,,
395,6,"O & H Danish Bakery, Inc.",unclassified food/bev mfr,,Racine,Wisconsin,http://www.ohdanishbakery.com,2.1649136E7,150,Private,"O & H Danish Bakery, Inc.",445291,"O & H Danish Bakery, Inc. is primarily engaged in the retail sale of bakery products. The products may be purchased from others or made on the premises.",Peter Olesen — President,3,2,,,,co-man status UNKNOWN — needs website check; 2 email(s) in Hoovers; mid-market size fit,not contacted,,,
396,6,"Ocala Breeders Sales Company, Inc.",unclassified food/bev mfr,,Ocala,Florida,http://www.obssales.com,2.1718821E7,100,Private,"Ocala Breeders Sales Company, Inc.",311119,"Ocala Breeders Sales Company, Inc. is primarily engaged in manufacturing prepared feeds and feed ingredients and adjuncts for animals and fowls, except dogs and cats. Included in this industry are pou",Thomas Ventura — President,3,2,,,,co-man status UNKNOWN — needs website check; 2 email(s) in Hoovers; mid-market size fit,not contacted,,,
397,6,Old Orchard Brands LLC,unclassified food/bev mfr,,Sparta,Michigan,http://www.oldorchard.com,3.9911865E7,95,Private,Lassonde Industries Inc,311421,"Old Orchard Brands processes and sells bottledfruit juices, frozen juice concentrates, juice blends, nectars, and nonalcoholic drink mixers. Flavors offered by the company include apple, cranberry, fr",Morgan Noble — Principal,3,2,,,,co-man status UNKNOWN — needs website check; 2 email(s) in Hoovers; mid-market size fit,not contacted,,,
398,6,"Ole Smoky Distillery, LLC",unclassified food/bev mfr,,Gatlinburg,Tennessee,http://www.olesmoky.com,3.9356216E7,125,Private,"Ole Smoky Distillery, LLC",312140,"Ole Smoky Distillery, Llc is primarily engaged in manufacturing alcoholic liquors by distillation, and in manufacturing cordials and alcoholic cocktails by blending processes or by mixing liquors and ",Michael Bender — President,3,1,,,,co-man status UNKNOWN — needs website check; 1 email(s) in Hoovers; mid-market size fit,not contacted,,,
399,6,"Ole' Mexican Foods, Inc.",unclassified food/bev mfr,,Norcross,Georgia,http://www.olemex.com,2.3734215E8,1200,Private,"Ole' Mexican Foods, Inc.",311830,"Its a wrap at Ol Mexican Foods. The company makes Mexican-American foods, inducing tortillas and taco shells, under brand names La Banderita, La Centroamericana, Ol, and Verol. The company also produc",Paul Thomas — Vice President Finance,3,1,,,,co-man status UNKNOWN — needs website check; 1 email(s) in Hoovers; mid-market size fit,not contacted,,,
400,6,"Open Kitchens, Inc.",unclassified food/bev mfr,,Chicago,Illinois,http://www.openkitchens.com,2.3488989E7,250,Private,"Open Kitchens, Inc.",311999,"Open Kitchens, Inc. is primarily engaged in manufacturing prepared foods and miscellaneous food specialties, not elsewhere classified, such as baking powder, yeast, and other leavening compounds; pean",Wilberto Saez — Principal,3,3,,,,co-man status UNKNOWN — needs website check; 3 email(s) in Hoovers; mid-market size fit,not contacted,,,
401,6,"Oppenheimer Companies, Inc.",unclassified food/bev mfr,,Boise,Idaho,http://www.oppcos.com,4.2808678E7,101,Private,"Oppenheimer Companies, Inc.",311411,"Oppenheimer Companies, Inc. is primarily engaged in freezing fruits, fruit juices, and vegetables. These establishments also produce important byproducts such as fresh or dried citrus pulp.",Douglas Oppenheimer — President,3,2,,,,co-man status UNKNOWN — needs website check; 2 email(s) in Hoovers; mid-market size fit,not contacted,,,
402,6,Oregon Fruit Products LLC,unclassified food/bev mfr,,Salem,Oregon,http://www.oregonfruit.com,4.0784336E7,90,Private,,311411,"Oregon Fruit Products Llc is primarily engaged in freezing fruits, fruit juices, and vegetables. These establishments also produce important byproducts such as fresh or dried citrus pulp.",Joe Peterson — Chief Executive Officer,3,2,,,,co-man status UNKNOWN — needs website check; 2 email(s) in Hoovers; mid-market size fit,not contacted,,,
403,6,"Organicgirl, LLC",unclassified food/bev mfr,,Salinas,California,http://www.iloveorganicgirl.com,4.397937E7,650,Private,,311991,"Organicgirl, Llc is primarily engaged in manufacturing prepared foods and miscellaneous food specialties, not elsewhere classified, such as baking powder, yeast, and other leavening compounds; peanut ",Erica Sabin — Chief Financial Officer,3,3,,,,co-man status UNKNOWN — needs website check; 3 email(s) in Hoovers; mid-market size fit,not contacted,,,
404,6,Orlando Baking Company,unclassified food/bev mfr,,Cleveland,Ohio,http://www.orlandobaking.com,2.4415455E7,350,Private,Orlando Baking Company,311812,"Orlando Baking Company is primarily engaged in manufacturing fresh or frozen bread and bread-type rolls and fresh cakes, pies, pastries and other similar ""perishable"" bakery products.",Chester Orlando — President,3,2,,,,co-man status UNKNOWN — needs website check; 2 email(s) in Hoovers; mid-market size fit,not contacted,,,
405,6,Ornua (Wisconsin) Ingredients LLC,unclassified food/bev mfr,,Hilbert,Wisconsin,http://www.ornua.com,4.1153915E7,300,Private,Ornua Co-Operative Limited,311513,"Ornua (Wisconsin) Ingredients Llc is primarily engaged in manufacturing natural cheese (except cottage cheese), processed cheese, cheese foods, cheese spreads, and cheese analogs (imitations and subst",Martha Richey — Chief Financial Officer,3,3,,,,co-man status UNKNOWN — needs website check; 3 email(s) in Hoovers; mid-market size fit,not contacted,,,
406,6,"Osceola Foods, Inc.",unclassified food/bev mfr,,Osceola,Iowa,http://www.osceolaiowa.com,2.8888422E7,100,Private,Hormel Foods Corporation,311611,"Osceola Foods, Inc. is primarily engaged in the slaughtering, for their own account or on a contract basis for the trade, of cattle, hogs, sheep, lambs, and calves for meat to be sold or to be used on",Tyler Hulsebus — Vice President,3,3,,,,co-man status UNKNOWN — needs website check; 3 email(s) in Hoovers; mid-market size fit,not contacted,,,
407,6,PATCO Products LLC,unclassified food/bev mfr,,Overland Park,Kansas,http://www.patcoproducts.com,9.4845093E7,150,Private,"Kingswood Capital Management, L.P.",311999,"Patco Products Llc is primarily engaged in manufacturing prepared foods and miscellaneous food specialties, not elsewhere classified, such as baking powder, yeast, and other leavening compounds; peanu",Elina Hildebrand — Commercial Vice President,3,3,,,,co-man status UNKNOWN — needs website check; 3 email(s) in Hoovers; mid-market size fit,not contacted,,,
408,6,"PGP International, Inc.",unclassified food/bev mfr,,Woodland,California,http://www.pgpint.com,4.5377056E7,333,Private,ABF INGREDIENTS LIMITED,311999,"Pgp International, Inc. is primarily engaged in manufacturing prepared foods and miscellaneous food specialties, not elsewhere classified, such as baking powder, yeast, and other leavening compounds; ",Karl Gormley — Vice President Operations,3,3,,,,co-man status UNKNOWN — needs website check; 3 email(s) in Hoovers; mid-market size fit,not contacted,,,
409,6,"PHILLY'S BEST STEAK COMPANY, INC.",unclassified food/bev mfr,,Lansdowne,Pennsylvania,http://www.phillysbeststeak.com,2.4204573E7,175,Private,,311611,"Philly's Best Steak Company, Inc. is primarily engaged in the slaughtering, for their own account or on a contract basis for the trade, of cattle, hogs, sheep, lambs, and calves for meat to be sold or",Zafeiris Akranis — President,3,2,,,,co-man status UNKNOWN — needs website check; 2 email(s) in Hoovers; mid-market size fit,not contacted,,,
410,6,"POST FOODS, LLC",unclassified food/bev mfr,,Lakeville,Minnesota,http://www.postconsumerbrands.com,2.5650152E7,1600,Partnership,"Post Holdings, Inc.",311211,"Post Foods, Llc is primarily engaged in milling flour or meal from grain, except rice. The products of flour mills may be sold plain or in the form of prepared mixes or doughs for specific purposes.",Bob Olson — Finance Vice President,3,1,,,,co-man status UNKNOWN — needs website check; 1 email(s) in Hoovers; mid-market size fit,not contacted,,,
411,6,"PYCO Industries, Inc.",unclassified food/bev mfr,,Lubbock,Texas,http://www.pycoindustries.com,2.7001493E7,160,Private,"PYCO Industries, Inc.",311224,"Ginning upbusiness is the secret to this vegetable oil producer's success. PYCO Industries issaid to be the largest cotton seed co-op to serve the southern US.The Texas-based cooperative,comprising mo",Ronnie Gilbert — Senior Vice President,3,1,,,,co-man status UNKNOWN — needs website check; 1 email(s) in Hoovers; mid-market size fit,not contacted,,,
412,6,"Pacific American Fish Co., Inc.",unclassified food/bev mfr,,Vernon,California,http://www.pafco.net,4.8010914E7,300,Private,"Pacific American Fish Co., Inc.",311710,"Pacific American Fish Co., Inc. is primarily engaged in cooking and canning fish, shrimp, oysters, clams, crabs, and other seafoods, including soups; and those engaged in smoking, salting, drying, or ",Shoichiro Akiyama — Chief Financial Officer,3,3,,,,co-man status UNKNOWN — needs website check; 3 email(s) in Hoovers; mid-market size fit,not contacted,,,
413,6,"Pacific Spice Company, Inc.",unclassified food/bev mfr,,Commerce,California,http://www.pacificspice.com,2.3101828E7,130,Private,,311942,"Pacific Spice Company, Inc. is primarily engaged in manufacturing prepared foods and miscellaneous food specialties, not elsewhere classified, such as baking powder, yeast, and other leavening compoun",Gershon Schlussel — Chief Executive Officer,3,2,,,,co-man status UNKNOWN — needs website check; 2 email(s) in Hoovers; mid-market size fit,not contacted,,,
414,6,"Palmetto Gourmet Foods, Inc.",unclassified food/bev mfr,,Saluda,South Carolina,http://www.palmettogf.com,4.8437561E7,350,Private,Borealis Foods Inc,311999,"Palmetto Gourmet Foods, Inc. is primarily engaged in manufacturing prepared foods and miscellaneous food specialties, not elsewhere classified, such as baking powder, yeast, and other leavening compou",Reza Soltanzadeh — President,3,2,,,,co-man status UNKNOWN — needs website check; 2 email(s) in Hoovers; mid-market size fit,not contacted,,,
415,6,"Pan American Grain Company, Inc.",unclassified food/bev mfr,,Guaynabo,Puerto Rico,http://www.panamericangrain.com,6.8636642E7,198,Private,Pan American Grain Manufacturing Co. Inc.,311119,"Pan American Grain Company, Inc. is primarily engaged in manufacturing prepared feeds and feed ingredients and adjuncts for animals and fowls, except dogs and cats. Included in this industry are poult",Eduardo Fernandez — Executive Vice President,3,1,,,,co-man status UNKNOWN — needs website check; 1 email(s) in Hoovers; mid-market size fit,not contacted,,,
416,6,Pan American Grain Manufacturing Co. Inc.,unclassified food/bev mfr,,Guaynabo,Puerto Rico,http://www.panamericangrain.com,9.0883156E7,395,Private,Pan American Grain Manufacturing Co. Inc.,311999,"Pan American Grain Manufacturing Co. Inc. is primarily engaged in manufacturing prepared foods and miscellaneous food specialties, not elsewhere classified, such as baking powder, yeast, and other lea",Alberto Fernandez — Executive VicePresident,3,1,,,,co-man status UNKNOWN — needs website check; 1 email(s) in Hoovers; mid-market size fit,not contacted,,,
417,6,"Pasta Montana, L.L.C.",unclassified food/bev mfr,,Great Falls,Montana,http://www.pastamontana.com,2.3136139E7,110,Private,NIPPN CORPORATION,311999,"Pasta Montana, L.L.C. is primarily engaged in manufacturing prepared foods and miscellaneous food specialties, not elsewhere classified, such as baking powder, yeast, and other leavening compounds; pe",Dan Bateman — Chief Financial Officer,3,1,,,,co-man status UNKNOWN — needs website check; 1 email(s) in Hoovers; mid-market size fit,not contacted,,,
418,6,"Pasteleria Cidrines, Inc.",unclassified food/bev mfr,,Arecibo,Puerto Rico,http://www.cidrines.com,2.7701748E7,120,Private,"Pasteleria Cidrines, Inc.",311211,"Pasteleria Cidrines, Inc. is primarily engaged in milling flour or meal from grain, except rice. The products of flour mills may be sold plain or in the form of prepared mixes or doughs for specific p",Mari Cidre — President,3,3,,,,co-man status UNKNOWN — needs website check; 3 email(s) in Hoovers; mid-market size fit,not contacted,,,
419,6,Peco Foods Inc.,unclassified food/bev mfr,,Gordo,Alabama,http://www.pecofoods.com,2.9675278E7,609,Private,"Peco Foods, Inc.",311615,"Peco Foods Inc. is primarily engaged in slaughtering, dressing, packing, freezing, and canning poultry, rabbits, and other small game, or in manufacturing products from such meats, for their own accou",Benny Bishop — PRINCIPAL,3,1,,,,co-man status UNKNOWN — needs website check; 1 email(s) in Hoovers; mid-market size fit,not contacted,,,
420,6,"Peerless Coffee Company, Inc.",unclassified food/bev mfr,,Oakland,California,http://www.peerlesscoffee.com,2.2583221E7,85,Private,,311920,"Peerless Coffee Company, Inc. is primarily engaged in roasting coffee, and in manufacturing coffee concentrates and extracts in powdered, liquid, or frozen form, including freeze-dried.",George Vukasin — PRESIDENT MASTER,3,1,,,,co-man status UNKNOWN — needs website check; 1 email(s) in Hoovers; mid-market size fit,not contacted,,,
421,6,"Pennant Ingredients, Inc.",unclassified food/bev mfr,,Rochester,New York,http://www.pennant-ingredients.com,3.6221691E7,180,Private,Puratos Corporation,311942,"Pennant Ingredients, Inc. is primarily engaged in manufacturing prepared foods and miscellaneous food specialties, not elsewhere classified, such as baking powder, yeast, and other leavening compounds",,3,2,,,,co-man status UNKNOWN — needs website check; 2 email(s) in Hoovers; mid-market size fit; Northeast,not contacted,,,
422,6,"Penobscot McCrum, LLC",unclassified food/bev mfr,,Washburn,Maine,http://www.penobscotmccrum.com,2.3271959E7,175,Private,,311411,"Penobscot McCrum, which does business as Penobscot Frozen Foods, is a leading producer of frozen potato products. It makes such items as potato rounds, potato skins, and potato wedges, as well as froz",,3,1,,,,co-man status UNKNOWN — needs website check; 1 email(s) in Hoovers; mid-market size fit; Northeast,not contacted,,,
423,6,"Peppers Unlimited Of Louisiana, Inc.",unclassified food/bev mfr,,Saint Martinville,Louisiana,http://www.peppersunlimitedofla.com,6.546288300000001E7,155,Private,,311941,"Peppers Unlimited Of Louisiana, Inc. is primarily engaged in pickling and brining fruits and vegetables, and in manufacturing salad dressings, vegetable relishes, sauces, and seasonings.",Peggy Marler — Chief Financial Officer,3,2,,,,co-man status UNKNOWN — needs website check; 2 email(s) in Hoovers; mid-market size fit,not contacted,,,
424,6,"Pepsi Cola Of Florence, LLC",unclassified food/bev mfr,,Florence,South Carolina,http://www.pepsi-florence.com,2.1542019E7,230,Private,"Pepsi Cola Of Florence, LLC",312111,"Pepsi Cola Of Florence, Llc is primarily engaged in manufacturing soft drinks and carbonated waters.",Jeff Stevens — Chief Executive Officer,3,2,,,,co-man status UNKNOWN — needs website check; 2 email(s) in Hoovers; mid-market size fit,not contacted,,,
425,6,Pepsi Midamerica Co.,unclassified food/bev mfr,,Marion,Illinois,http://www.pepsimidamerica.com,2.2376532E7,1390,Private,Pepsi Midamerica Co.,312111,"Pepsi MidAmerica serves the thirsty American heartland. The company is a leading distributor of beverages and from PepsiCo, including bottled water, soft drinks, and other thirst quenchers, as well as",Donald Wall — Principal,3,2,,,,co-man status UNKNOWN — needs website check; 2 email(s) in Hoovers; mid-market size fit,not contacted,,,
426,6,Pepsico,unclassified food/bev mfr,,Indianapolis,Indiana,http://www.pepsico.com,2.1815344E7,50,Private,"PepsiCo, Inc.",312111,Pepsico is primarily engaged in manufacturing soft drinks and carbonated waters.,Bob Harper — Principal,3,2,,,,co-man status UNKNOWN — needs website check; 2 email(s) in Hoovers; mid-market size fit,not contacted,,,
427,6,"Pepsico Caribbean, Inc.",unclassified food/bev mfr,,Guaynabo,Puerto Rico,,9.5628372E7,600,Private,"PepsiCo, Inc.",311612,"Pepsico Caribbean, Inc. is primarily engaged in manufacturing sausages, cured meats, smoked meats, canned meats, frozen meats, and other prepared meats and meat specialties, from purchased carcasses a",Amneris Marrero — Chief Financial Officer Public Relations,3,1,,,,co-man status UNKNOWN — needs website check; 1 email(s) in Hoovers; mid-market size fit,not contacted,,,
428,6,"Perfect Pasta, Inc.",unclassified food/bev mfr,,Addison,Illinois,http://www.perfectpastainc.com,4.0E7,150,Private,"Perfect Pasta, Inc.",311999,"Perfect Pasta, Inc. is primarily engaged in manufacturing prepared foods and miscellaneous food specialties, not elsewhere classified, such as baking powder, yeast, and other leavening compounds; pean",Luigi Bucaro — President,3,3,,,,co-man status UNKNOWN — needs website check; 3 email(s) in Hoovers; mid-market size fit,not contacted,,,
429,6,"Petiq Mfg, LLC",unclassified food/bev mfr,,Springville,Utah,http://ballardmfg.weebly.com,2.3586069E7,200,Private,"PetIQ, LLC",311119,"Petiq Mfg, Llc is primarily engaged in manufacturing prepared feeds and feed ingredients and adjuncts for animals and fowls, except dogs and cats. Included in this industry are poultry and livestock f",Jeremy Christensen — Chief Operating Officer,3,1,,,,co-man status UNKNOWN — needs website check; 1 email(s) in Hoovers; mid-market size fit,not contacted,,,
430,6,"Phil's Cake Box Bakeries, Inc.",unclassified food/bev mfr,,Tampa,Florida,http://www.alessibakery.com,2.0881598E7,180,Private,"Phil's Cake Box Bakeries, Inc.",445291,"Phil's Cake Box Bakeries, Inc. is primarily engaged in the retail sale of bakery products. The products may be purchased from others or made on the premises.",Philip Alessi — President,3,2,,,,co-man status UNKNOWN — needs website check; 2 email(s) in Hoovers; mid-market size fit,not contacted,,,
431,6,"Pierre's Ice Cream Company, Inc.",unclassified food/bev mfr,,Cleveland,Ohio,http://www.pierres.com,4.2E7,80,Private,,311520,"Pierre's Ice Cream Company, Inc. is primarily engaged in manufacturing ice cream and other frozen desserts.",Doug Smith — Chief Executive Officer,3,1,,,,co-man status UNKNOWN — needs website check; 1 email(s) in Hoovers; mid-market size fit,not contacted,,,
432,6,Pine Manor Inc,unclassified food/bev mfr,,Orland,Indiana,http://www.millerpoultry.com,2.3970959E7,500,Private,"Crystal Valley Farms, LLC",311119,"Pine Manor Inc is primarily engaged in manufacturing prepared feeds and feed ingredients and adjuncts for animals and fowls, except dogs and cats. Included in this industry are poultry and livestock f",Ursula Miller — Vice President,3,2,,,,co-man status UNKNOWN — needs website check; 2 email(s) in Hoovers; mid-market size fit,not contacted,,,
433,6,"Pine Ridge Farms, LLC",unclassified food/bev mfr,,Des Moines,Iowa,,2.6045048E7,400,Private,"Smithfield Foods, Inc.",311611,"Pine Ridge Farms, Llc is primarily engaged in the slaughtering, for their own account or on a contract basis for the trade, of cattle, hogs, sheep, lambs, and calves for meat to be sold or to be used ",Michael Patak — Executive Vice President Operations,3,3,,,,co-man status UNKNOWN — needs website check; 3 email(s) in Hoovers; mid-market size fit,not contacted,,,
434,6,"Pioneer Frozen Foods, Inc.",unclassified food/bev mfr,,Duncanville,Texas,http://www.chg.com,2.8920628E7,750,Private,C.H. Guenther & Son LLC,311999,"Pioneer Frozen Foods, Inc. is primarily engaged in manufacturing prepared foods and miscellaneous food specialties, not elsewhere classified, such as baking powder, yeast, and other leavening compound",Chris Redkey — Senior Vice President Of Operations,3,1,,,,co-man status UNKNOWN — needs website check; 1 email(s) in Hoovers; mid-market size fit,not contacted,,,
435,6,Pocino Foods Company,unclassified food/bev mfr,,City OF Industry,California,http://www.pocinofoods.com,2.3957264E7,100,Private,"ZENSHO HOLDINGS CO., LTD.",311612,"Pocino Foods Company is primarily engaged in manufacturing sausages, cured meats, smoked meats, canned meats, frozen meats, and other prepared meats and meat specialties, from purchased carcasses and ",Jim Pierson — Vice President Sales,3,1,,,,co-man status UNKNOWN — needs website check; 1 email(s) in Hoovers; mid-market size fit,not contacted,,,
436,6,"Pompeian, Inc.",unclassified food/bev mfr,,Baltimore,Maryland,http://www.pompeian.com,2.4107574E7,100,Private,"Pompeian, Inc.",311225,"Pompeian, Inc. is primarily engaged in manufacturing shortening, table oils, margarine, and other edible fats and oils, not elsewhere classified.",Jim Casey — Chief Financial Officer Corporate Officer,3,3,,,,co-man status UNKNOWN — needs website check; 3 email(s) in Hoovers; mid-market size fit,not contacted,,,
437,6,Precept Brands LLC,unclassified food/bev mfr,,Seattle,Washington,http://www.preceptwine.com,6.943116E7,300,Private,Precept Brands LLC,312130,"Precept Brands Llc is primarily engaged in manufacturing wines, brandy, and brandy spirits. This industry also includes bonded wine cellars which are engaged in blending wines.",Scott Bassin — Chief Executive Designer,3,2,,,,co-man status UNKNOWN — needs website check; 2 email(s) in Hoovers; mid-market size fit,not contacted,,,
438,6,"Premium Iowa Pork, L.L.C.",unclassified food/bev mfr,,Hospers,Iowa,http://www.premiumiowapork.com,2.0757549E7,85,Private,,311611,"Premium Iowa Pork, L.L.C. is primarily engaged in the slaughtering, for their own account or on a contract basis for the trade, of cattle, hogs, sheep, lambs, and calves for meat to be sold or to be u",Dan Paquin — President Premium Iowa Pork,3,3,,,,co-man status UNKNOWN — needs website check; 3 email(s) in Hoovers; mid-market size fit,not contacted,,,
439,6,"Prestage Foods Of Iowa, LLC",unclassified food/bev mfr,,Eagle Grove,Iowa,http://www.prestagefoods.com,2.6659197E7,1000,Private,"Prestage Farms, Inc.",311611,"Prestage Foods Of Iowa, Llc is primarily engaged in the slaughtering, for their own account or on a contract basis for the trade, of cattle, hogs, sheep, lambs, and calves for meat to be sold or to be",Hank Dalbec — Vice President,3,2,,,,co-man status UNKNOWN — needs website check; 2 email(s) in Hoovers; mid-market size fit,not contacted,,,
440,6,"Prestage Foods, Inc.",unclassified food/bev mfr,,Saint Pauls,North Carolina,http://www.prestagefarms.com,4.3757183E7,350,Private,"Prestage Farms, Inc.",311615,"Prestage Foods, Inc. is primarily engaged in slaughtering, dressing, packing, freezing, and canning poultry, rabbits, and other small game, or in manufacturing products from such meats, for their own ",John Hott — Chief Executive Officer,3,2,,,,co-man status UNKNOWN — needs website check; 2 email(s) in Hoovers; mid-market size fit,not contacted,,,
441,6,"Prime Beverage Group, LLC",unclassified food/bev mfr,,Huntersville,North Carolina,http://www.primebev.com,4.3930347E7,250,Private,"Prime Beverage Group, LLC",311999,"Prime Beverage Group, Llc is primarily engaged in manufacturing flavoring extracts, syrups, powders, and related products, not elsewhere classified, for soda fountain use or for the manufacture of sof",Bill Sims — Vice President Finance,3,3,,,,co-man status UNKNOWN — needs website check; 3 email(s) in Hoovers; mid-market size fit,not contacted,,,
442,6,Primrose Candy Co.,unclassified food/bev mfr,,Chicago,Illinois,http://www.primrosecandy.com,2.3315865E7,103,Private,,311340,"Primrose Candy Co. is primarily engaged in manufacturing candy, including chocolate candy, other confections, and related products.",Jeffrey Puch — Vice President,3,2,,,,co-man status UNKNOWN — needs website check; 2 email(s) in Hoovers; mid-market size fit,not contacted,,,
443,6,"Pro-Form Manufacturing, LLC",unclassified food/bev mfr,,Benicia,California,http://inwmfg.com,3.234774E7,200,Private,INW MANUFACTURING LLC,311999,"Pro-Form Manufacturing, Llc is primarily engaged in manufacturing prepared foods and miscellaneous food specialties, not elsewhere classified, such as baking powder, yeast, and other leavening compoun",Ann Chen — Vice President Finance,3,3,,,,co-man status UNKNOWN — needs website check; 3 email(s) in Hoovers; mid-market size fit,not contacted,,,
444,6,"Probar, LLC",unclassified food/bev mfr,,Salt Lake City,Utah,http://www.theprobar.com,2.2943989E7,100,Private,"Probar, LLC",311991,"Probar, Llc is primarily engaged in manufacturing prepared foods and miscellaneous food specialties, not elsewhere classified, such as baking powder, yeast, and other leavening compounds; peanut butte",Arthur Eggertsen — Owner,3,1,,,,co-man status UNKNOWN — needs website check; 1 email(s) in Hoovers; mid-market size fit,not contacted,,,
445,6,"Probi USA, Inc.",unclassified food/bev mfr,,Redmond,Washington,http://www.probi.com,5.360025E7,99,Private,Symrise AG,311514,"Probi Usa, Inc. is primarily engaged in manufacturing dry, condensed, and evaporated dairy products. This also includes manufacturing mixes for the preparation of frozen ice cream and ice milk and dai",Richard Marriott — Chief Financial Officer,3,3,,,,co-man status UNKNOWN — needs website check; 3 email(s) in Hoovers; mid-market size fit,not contacted,,,
446,6,"Proven Partners Group, LLC",unclassified food/bev mfr,,Elgin,Illinois,http://www.provenpartnersgroup.com,4.7382687E7,250,Private,"Proven Partners Group, LLC",311999,"Proven Partners Group, Llc is primarily engaged in manufacturing prepared foods and miscellaneous food specialties, not elsewhere classified, such as baking powder, yeast, and other leavening compound",Kevin Sims — Chief Operating Officer,3,2,,,,co-man status UNKNOWN — needs website check; 2 email(s) in Hoovers; mid-market size fit,not contacted,,,
447,6,"Q & B Foods, Inc.",unclassified food/bev mfr,,Irwindale,California,http://www.qbfoods.com,2.2069319E7,70,Private,"Kewpie Americas, Inc.",311941,"Q & B Foods, Inc. is primarily engaged in pickling and brining fruits and vegetables, and in manufacturing salad dressings, vegetable relishes, sauces, and seasonings.",Akio Okumura — Chief Executive Officer,3,2,,,,co-man status UNKNOWN — needs website check; 2 email(s) in Hoovers; mid-market size fit,not contacted,,,
448,6,Quaker Maid Meats Inc.,unclassified food/bev mfr,,Reading,Pennsylvania,http://www.quakermaidmeats.com,2.2509007E7,162,Private,,311611,"Quaker Maid Meats Inc. is primarily engaged in the slaughtering, for their own account or on a contract basis for the trade, of cattle, hogs, sheep, lambs, and calves for meat to be sold or to be used",Charles Lumis — Chief Financial Officer,3,2,,,,co-man status UNKNOWN — needs website check; 2 email(s) in Hoovers; mid-market size fit,not contacted,,,
449,6,"Quality Pork International, Inc.",unclassified food/bev mfr,,Omaha,Nebraska,http://www.qpii.com,4.8685223E7,400,Private,"Quality Pork International, Inc.",311611,"Quality Pork International, Inc. is primarily engaged in the slaughtering, for their own account or on a contract basis for the trade, of cattle, hogs, sheep, lambs, and calves for meat to be sold or ",Katie McNamara — Chief Financial Officer,3,2,,,,co-man status UNKNOWN — needs website check; 2 email(s) in Hoovers; mid-market size fit,not contacted,,,
450,6,"Quality Pork Processors, Inc.",unclassified food/bev mfr,,Austin,Minnesota,http://www.qppinc.net,2.3208736E7,1100,Private,,311611,"Quality Pork Processors, Inc. is primarily engaged in the slaughtering, for their own account or on a contract basis for the trade, of cattle, hogs, sheep, lambs, and calves for meat to be sold or to ",Kelly Wadding — PRESIDENT,3,3,,,,co-man status UNKNOWN — needs website check; 3 email(s) in Hoovers; mid-market size fit,not contacted,,,
451,6,"Quality Sausage Company, Inc.",unclassified food/bev mfr,,Dallas,Texas,http://www.qualitysausage.com,3.0099203E7,280,Private,"Quality Sausage Company, Inc.",311612,"Not that someone would, but anyone looking for substandard sausage and pizza toppings won't find it here. The Quality Sausage Company makes pizza toppings, meatballs and other pre-cooked meat products",Rob Tyrrell — Chief Operating Officer,3,3,,,,co-man status UNKNOWN — needs website check; 3 email(s) in Hoovers; mid-market size fit,not contacted,,,
452,6,"R. Torre & Company, Inc.",unclassified food/bev mfr,,San Leandro,California,http://www.torani.com,1.0190962E8,160,Private,"R. Torre & Company, Inc.",311930,"R. Torre blends flavored syrups, which it sells to food and specialty retailers under the Torani brand name. Its products, which include regular and sugar-free syrups in flavors such as amaretto, butt",Melanie Dulbecco — Chief Executive Officer,3,2,,,,co-man status UNKNOWN — needs website check; 2 email(s) in Hoovers; mid-market size fit,not contacted,,,
453,6,"ROGER WOOD FOODS, LLC",unclassified food/bev mfr,,Savannah,Georgia,http://www.rogerwoodfoods.com,2.1442884E7,250,Private,,311612,Roger Wood Foods is a third-generation family-owned and -operated food processing company with a primary emphasis on great tasting smoked sausage and savory smoked meats. The company's products are av,David Solana — President,3,1,,,,co-man status UNKNOWN — needs website check; 1 email(s) in Hoovers; mid-market size fit,not contacted,,,
454,6,Rahr Corporation,unclassified food/bev mfr,,Shakopee,Minnesota,http://www.rahr.com,2.1820407E8,155,Private,Rahr Corporation,312120,Rahr Corporation is primarily engaged in manufacturing malt beverages.,Aleksandr Onchanu — company owner,3,2,,,,co-man status UNKNOWN — needs website check; 2 email(s) in Hoovers; mid-market size fit,not contacted,,,
455,6,"Ralco Nutrition, Inc.",unclassified food/bev mfr,,Marshall,Minnesota,http://www.ralcoagriculture.com,2.2548269E7,200,Private,"Ralco Nutrition, Inc.",311119,"Ralco Nutrition, Inc. is primarily engaged in manufacturing prepared feeds and feed ingredients and adjuncts for animals and fowls, except dogs and cats. Included in this industry are poultry and live",Glenn Bader — President Chief Executive Officer,3,1,,,,co-man status UNKNOWN — needs website check; 1 email(s) in Hoovers; mid-market size fit,not contacted,,,
456,6,Rantoul Foods LLC,unclassified food/bev mfr,,Rantoul,Illinois,http://www.rantoulfoods.com,2.3765287E7,400,Private,,311611,"Rantoul Foods Llc is primarily engaged in the slaughtering, for their own account or on a contract basis for the trade, of cattle, hogs, sheep, lambs, and calves for meat to be sold or to be used on t",Jim Jendruczek — President Managing Partner,3,2,,,,co-man status UNKNOWN — needs website check; 2 email(s) in Hoovers; mid-market size fit,not contacted,,,
457,6,"Raymundos Food Group, LLC",unclassified food/bev mfr,,Bedford Park,Illinois,http://www.raymundos.com,9.8599998E7,169,Private,,311999,"Raymundos Food Group, Llc is primarily engaged in manufacturing prepared foods and miscellaneous food specialties, not elsewhere classified, such as baking powder, yeast, and other leavening compounds",Maya Glinberg — Chief Financial Officer,3,2,,,,co-man status UNKNOWN — needs website check; 2 email(s) in Hoovers; mid-market size fit,not contacted,,,
458,6,Reckitt Benckiser LLC,unclassified food/bev mfr,,Nutley,New Jersey,http://www.reckittprofessional.com,8.1058459E8,1600,Private,RECKITT BENCKISER GROUP PLC,311941,"Reckitt Benckiser, a subsidiary of UK-based Reckitt Benckiser Group PLC, makes and markets household, cleaning, and food products for sale in North America. Some of Reckitt Benckiser's household and c",,3,3,,,,co-man status UNKNOWN — needs website check; 3 email(s) in Hoovers; mid-market size fit; Northeast,not contacted,,,
459,6,"Red Collar Pet Foods, Inc.",unclassified food/bev mfr,,Franklin,Tennessee,http://www.redcollarpet.com,4.5119263E7,700,Private,Nestle Purina Petcare Company,311111,"Red Collar Pet Foods, Inc. is primarily engaged in manufacturing dog and cat food from cereal, meat, and other ingredients. These preparations may be canned, frozen, or dry.",Phil Bruyn — Vice President Procurement,3,1,,,,co-man status UNKNOWN — needs website check; 1 email(s) in Hoovers; mid-market size fit,not contacted,,,
460,6,"Red Monkey Foods, Inc.",unclassified food/bev mfr,,Springfield,Missouri,http://www.redmonkeyfoods.com,6.3883415E7,165,Private,"Red Monkey Foods, Inc.",311942,"Red Monkey Foods, Inc. is primarily engaged in manufacturing prepared foods and miscellaneous food specialties, not elsewhere classified, such as baking powder, yeast, and other leavening compounds; p",Jeff Brinkhoff — President,3,2,,,,co-man status UNKNOWN — needs website check; 2 email(s) in Hoovers; mid-market size fit,not contacted,,,
461,6,"Reed Food Technology, Inc.",unclassified food/bev mfr,,Pearl,Mississippi,http://www.reedfood.com,3.6E7,120,Private,"Reed Food Technology, Inc.",311211,"Reed Food Technology, Inc. is primarily engaged in milling flour or meal from grain, except rice. The products of flour mills may be sold plain or in the form of prepared mixes or doughs for specific ",Jeffrey Reed — Chief Operating Officer,3,1,,,,co-man status UNKNOWN — needs website check; 1 email(s) in Hoovers; mid-market size fit,not contacted,,,
462,6,"Refresco Florida, Inc.",unclassified food/bev mfr,,Lakeland,Florida,,2.4134962E7,180,Private,"Refresco US, Inc.",311421,"Refresco Florida, Inc. is primarily engaged in canning fruits, vegetables, and fruit and vegetable juices; and in manufacturing catsup and similar tomato sauces, or natural and imitation preserves, ja",J Grady — Principal,3,2,,,,co-man status UNKNOWN — needs website check; 2 email(s) in Hoovers; mid-market size fit,not contacted,,,
463,6,"Reyes Coca-Cola Bottling, L.L.C.",unclassified food/bev mfr,,Irvine,California,http://www.reyescocacola.com,4.3288751E8,4200,Private,"Reyes Coca-Cola Bottling, L.L.C.",312111,"This company can't help but show a little sparkle. Coca-Cola Bottling Company of Southern California (CCBCSC), part of Coca-Cola Refreshments USA, sells sparkling soft drinks and ""still"" beverages, su",Greg Geane — Chief Operating Officer,6,3,,,,co-man status UNKNOWN — needs website check; 3 email(s) in Hoovers; mid-market size fit,not contacted,,,
464,6,"Ricetec, Inc.",unclassified food/bev mfr,,Alvin,Texas,http://www.ricetec.com,2.4143618E7,200,Private,"Ricetec, Inc.",311212,"While the company is known for its aromatic rice products, RiceTec has built a business with seeds. The company has been researching, developing, and marketing hybrid rice seed for use in North and So",Van McNeely — President Head Of Us,3,1,,,,co-man status UNKNOWN — needs website check; 1 email(s) in Hoovers; mid-market size fit,not contacted,,,
465,6,"Rio Grande Valley Sugar Growers, Inc.",unclassified food/bev mfr,,Santa Rosa,Texas,http://www.rgvsugar.com,2.4953339E7,500,Nonprofit,,311314,"Rio Grande Valley Sugar Growers, Inc. is primarily engaged in manufacturing raw sugar, syrup, or finished (granulated or clarified) cane sugar from sugarcane.",Sean Brashear — President And Chief Executive Officer,3,1,,,,co-man status UNKNOWN — needs website check; 1 email(s) in Hoovers; mid-market size fit,not contacted,,,
466,6,"Rite Stuff Foods, Inc.",unclassified food/bev mfr,,Jerome,Idaho,http://www.ritestuff.com,2.5430794E7,230,Private,frostkrone Tiefkühlkost GmbH,311919,"Rite Stuff Foods, Inc. is primarily engaged in manufacturing potato chips, corn chips, and similar snacks.",Curt Snyder — Chief Executive Officer,3,3,,,,co-man status UNKNOWN — needs website check; 3 email(s) in Hoovers; mid-market size fit,not contacted,,,
467,6,"Romero's Food Products, Incorporated",unclassified food/bev mfr,,Santa Fe Springs,California,http://www.romerosfood.com,2.1865036E7,150,Private,"Romero's Food Products, Incorporated",311830,"Romero's Food Products, Incorporated is primarily engaged in manufacturing prepared foods and miscellaneous food specialties, not elsewhere classified, such as baking powder, yeast, and other leavenin",Leon Romero — Chief Executive Officer,3,3,,,,co-man status UNKNOWN — needs website check; 3 email(s) in Hoovers; mid-market size fit,not contacted,,,
468,6,"Royal Ridge Fruit & Cold Storage, LLC",unclassified food/bev mfr,,Royal City,Washington,http://www.royalridgefruits.com,2.4752026E7,125,Private,"Royal Ridge Fruit & Cold Storage, LLC",311423,"Royal Ridge Fruit & Cold Storage, Llc is primarily engaged in sun drying or artificially dehydrating fruits and vegetables, or in manufacturing packaged soup mixes from dehydrated ingredients.",Terry Ihnen — Chief Financial Officer,3,2,,,,co-man status UNKNOWN — needs website check; 2 email(s) in Hoovers; mid-market size fit,not contacted,,,
469,6,"Rubix Foods, LLC",unclassified food/bev mfr,,Jacksonville,Florida,http://www.rubixfoods.com,3.1244499E7,85,Private,,311511,Darifair Foods creates a festival of dairy delights. The company manufactures and distributes dairy products and dairy-based ingredients for the food-manufacturing and foodservice industries. The comp,David Perez — Chief Financial Officer,3,2,,,,co-man status UNKNOWN — needs website check; 2 email(s) in Hoovers; mid-market size fit,not contacted,,,
470,6,"Rudi's Organic Bakery, Inc.",unclassified food/bev mfr,,Boulder,Colorado,http://www.rudisbakery.com,3.3349628000000004E7,120,Private,"The Hain Celestial Group, Inc.",311812,Rudi's Organic Bakery is on a natural roll. The company produces organic artisan breads in flavors such as Country French and Tuscan Roasted Garlic and sandwich bread in low-carb and whole grain varie,Kaan Dagalti — Chief Operating Officer,3,2,,,,co-man status UNKNOWN — needs website check; 2 email(s) in Hoovers; mid-market size fit,not contacted,,,
471,6,"Rutter Bros. Dairy, Inc.",unclassified food/bev mfr,,York,Pennsylvania,http://www.ruttersdairy.com,2.1718439E7,135,Private,"Rutter Bros. Dairy, Inc.",311511,"Rutter Bros. Dairy, Inc. is primarily engaged in processing (e.g., pasteurizing, homogenizing, vitaminizing, bottling) fluid milk and cream, and related products, including cottage cheese, yogurt (exc",Todd Rutter — President,3,2,,,,co-man status UNKNOWN — needs website check; 2 email(s) in Hoovers; mid-market size fit,not contacted,,,
472,6,"S&E Gourmet Cuts, Inc.",unclassified food/bev mfr,,San Bernardino,California,http://www.countryarcher.com,5.4156498E7,200,Private,"S&E Gourmet Cuts, Inc.",311612,"S&E Gourmet Cuts, Inc. is primarily engaged in manufacturing sausages, cured meats, smoked meats, canned meats, frozen meats, and other prepared meats and meat specialties, from purchased carcasses an",Eugene Kang — Chief Executive Officer Founder,3,3,,,,co-man status UNKNOWN — needs website check; 3 email(s) in Hoovers; mid-market size fit,not contacted,,,
473,6,S. Martinelli & Company,unclassified food/bev mfr,,Watsonville,California,http://www.martinellis.com,7.7161369E7,195,Private,S. Martinelli & Company,311999,"S. Martinelli & Company is primarily engaged in manufacturing prepared foods and miscellaneous food specialties, not elsewhere classified, such as baking powder, yeast, and other leavening compounds; ",Stephen Martinelli — President,3,2,,,,co-man status UNKNOWN — needs website check; 2 email(s) in Hoovers; mid-market size fit,not contacted,,,
474,6,"STX Beef Company, LLC",unclassified food/bev mfr,,Corpus Christi,Texas,http://www.stxbeef.com,4.2481804E7,750,Private,"JDH Capital, LLC",311611,"Stx Beef Company, Llc is primarily engaged in the slaughtering, for their own account or on a contract basis for the trade, of cattle, hogs, sheep, lambs, and calves for meat to be sold or to be used ",Scott Hardiman — President,3,3,,,,co-man status UNKNOWN — needs website check; 3 email(s) in Hoovers; mid-market size fit,not contacted,,,
475,6,"SVZ USA Washington, Inc.",unclassified food/bev mfr,,Othello,Washington,http://www.svz.com,2.4894846E7,50,Private,S.V.Z. Industrial Products B.V.,311421,"Svz Usa Washington, Inc. is primarily engaged in canning fruits, vegetables, and fruit and vegetable juices; and in manufacturing catsup and similar tomato sauces, or natural and imitation preserves, ",Jenny Billups — PRESIDENT,3,2,,,,co-man status UNKNOWN — needs website check; 2 email(s) in Hoovers; mid-market size fit,not contacted,,,
476,6,"Saint Louis Brewery, LLC",unclassified food/bev mfr,,Saint Louis,Missouri,http://www.schlafly.com,2.2705627E7,100,Private,"Saint Louis Brewery, LLC",312120,"Saint Louis Brewery, Llc is primarily engaged in manufacturing malt beverages.",Joe Allison — Vice President,3,3,,,,co-man status UNKNOWN — needs website check; 3 email(s) in Hoovers; mid-market size fit,not contacted,,,
477,6,"San Antonio Winery, Inc.",unclassified food/bev mfr,,Los Angeles,California,http://www.sanantoniowinery.com,2.479933E7,150,Private,"San Antonio Winery, Inc.",312130,"San Antonio Winery, Inc. is primarily engaged in manufacturing wines, brandy, and brandy spirits. This industry also includes bonded wine cellars which are engaged in blending wines.",Cathy Riboli — Chief Financial Officer,3,2,,,,co-man status UNKNOWN — needs website check; 2 email(s) in Hoovers; mid-market size fit,not contacted,,,
478,6,"Sanders Candy, LLC",unclassified food/bev mfr,,Clinton Township,Michigan,http://www.sanderscandy.com,3.5712379E7,172,Private,"KNPC Holdco, LLC",311340,"Sanders Candy, Llc is primarily engaged in manufacturing candy, including chocolate candy, other confections, and related products.",Karen Jefferson — Vice President Of Sales,3,2,,,,co-man status UNKNOWN — needs website check; 2 email(s) in Hoovers; mid-market size fit,not contacted,,,
479,6,"Sarris Candies, Inc.",unclassified food/bev mfr,,Canonsburg,Pennsylvania,http://www.sarriscandies.com,2.4202389E7,300,Private,,722513,"Sarris Candies, Inc. is primarily engaged in the retail sale of prepared food and drinks for on-premise or immediate consumption. Caterers and industrial and institutional food service establishments ",Bill Sarris — President Chief Executive Officer,3,1,,,,co-man status UNKNOWN — needs website check; 1 email(s) in Hoovers; mid-market size fit,not contacted,,,
480,6,"Savannah Food Company, LLC",unclassified food/bev mfr,,Savannah,Tennessee,http://www.savannahclassics.com,2.2612726E7,85,Private,,311999,"Savannah Food Company, Llc is primarily engaged in manufacturing prepared foods and miscellaneous food specialties, not elsewhere classified, such as baking powder, yeast, and other leavening compound",John Bryan — President,3,3,,,,co-man status UNKNOWN — needs website check; 3 email(s) in Hoovers; mid-market size fit,not contacted,,,
481,6,"Savor Street Foods, Inc.",unclassified food/bev mfr,,Reading,Pennsylvania,http://www.savorstreet.com,2.2960239E7,120,Private,"Savor Street Foods, Inc.",311999,"Savor Street Foods, Inc. is primarily engaged in manufacturing prepared foods and miscellaneous food specialties, not elsewhere classified, such as baking powder, yeast, and other leavening compounds;",Scott Carpenter — Chief Executive Officer,3,3,,,,co-man status UNKNOWN — needs website check; 3 email(s) in Hoovers; mid-market size fit,not contacted,,,
482,6,"Sazerac North America, Inc.",unclassified food/bev mfr,,Owensboro,Kentucky,http://www.sazerac.com,2.3677761E7,180,Private,"Sazerac Company, Inc.",312140,"Sazerac North America, Inc. is primarily engaged in manufacturing alcoholic liquors by distillation, and in manufacturing cordials and alcoholic cocktails by blending processes or by mixing liquors an",John Goldring — PRESIDENT,3,2,,,,co-man status UNKNOWN — needs website check; 2 email(s) in Hoovers; mid-market size fit,not contacted,,,
483,6,"Scavuzzo's, Inc.",unclassified food/bev mfr,,Kansas City,Kansas,http://www.scavuzzos.com,2.5307283E7,70,Private,,311412,"Scavuzzo's, Inc. is primarily engaged in manufacturing frozen food specialties, not elsewhere classified, such as frozen dinners and frozen pizza.",Troy Pruter — Vice President Of Sales,3,3,,,,co-man status UNKNOWN — needs website check; 3 email(s) in Hoovers; mid-market size fit,not contacted,,,
484,6,"Scenic Fruit Company, LLC",unclassified food/bev mfr,,Gresham,Oregon,http://www.scenicfruit.com,2.5350758E7,200,Private,"Scenic Fruit Company, LLC",311411,"Scenic Fruit Company, Llc is primarily engaged in freezing fruits, fruit juices, and vegetables. These establishments also produce important byproducts such as fresh or dried citrus pulp.",Derek Eisele — President,3,3,,,,co-man status UNKNOWN — needs website check; 3 email(s) in Hoovers; mid-market size fit,not contacted,,,
485,6,"Schell & Kampeter, Inc.",unclassified food/bev mfr,,Meta,Missouri,http://www.diamondpet.com,1.0577679E8,300,Private,"Schell & Kampeter, Inc.",311111,"Schell & Kampeter, Inc. is primarily engaged in manufacturing dog and cat food from cereal, meat, and other ingredients. These preparations may be canned, frozen, or dry.",Chris Foucheaux — Chief Financial Officer,3,2,,,,co-man status UNKNOWN — needs website check; 2 email(s) in Hoovers; mid-market size fit,not contacted,,,
486,6,"Schmidt Baking Company, Incorporated",unclassified food/bev mfr,,Baltimore,Maryland,http://www.schmidtoldtyme.com,4.6519371E7,650,Private,"Schmidt Baking Company, Incorporated",311812,"Schmidt Baking Company, Incorporated is primarily engaged in manufacturing fresh or frozen bread and bread-type rolls and fresh cakes, pies, pastries and other similar ""perishable"" bakery products.",Edgar Flores — Independent Owner,3,2,,,,co-man status UNKNOWN — needs website check; 2 email(s) in Hoovers; mid-market size fit,not contacted,,,
487,6,Schulze and Burch Biscuit Co.,unclassified food/bev mfr,,Chicago,Illinois,http://www.schulzeburch.co,1.0247778E8,350,Private,Schulze and Burch Biscuit Co.,311812,"Schulze and Burch Biscuit Company's 100-year history is a rich one filled with innovation, historic accomplishments, and wholesome snacks. The company offers the Flavor Kist name which was born after ",Kevin Boyle — President,3,1,,,,co-man status UNKNOWN — needs website check; 1 email(s) in Hoovers; mid-market size fit,not contacted,,,
488,6,Sconza Candy Company,unclassified food/bev mfr,,Oakdale,California,http://www.sconza.com,3.1684681E7,100,Private,,311340,"Sconza Candy Company is primarily engaged in manufacturing candy, including chocolate candy, other confections, and related products.",Jeff Brown — Chief Operating Officer,3,2,,,,co-man status UNKNOWN — needs website check; 2 email(s) in Hoovers; mid-market size fit,not contacted,,,
489,6,"Sensapure, INC.",unclassified food/bev mfr,,Salt Lake City,Utah,http://sensapure.com,3.3947712E7,140,Private,"Sensapure, INC.",311930,"Sensapure, Inc. is primarily engaged in manufacturing flavoring extracts, syrups, powders, and related products, not elsewhere classified, for soda fountain use or for the manufacture of soft drinks, ",Shayne Howell — President,3,1,,,,co-man status UNKNOWN — needs website check; 1 email(s) in Hoovers; mid-market size fit,not contacted,,,
490,6,"Shasta Beverages, Inc.",unclassified food/bev mfr,,Hayward,California,http://www.shastapop.com,9.2859711E7,600,Private,"Newbevco, Inc.",312111,"Shasta Beverages, Inc. is primarily engaged in manufacturing soft drinks and carbonated waters.",Miguel Abril — Vice President,3,2,,,,co-man status UNKNOWN — needs website check; 2 email(s) in Hoovers; mid-market size fit,not contacted,,,
491,6,"Shoreline Fruit, LLC",unclassified food/bev mfr,,Traverse City,Michigan,http://www.shorelinefruit.com,2.5980831E7,180,Private,"Shoreline Fruit, LLC",311423,"Shoreline Fruit Growers manufactures dried fruit and frozen fruit products, including apples, blueberries, cherries, cranberries, and strawberries.The company'sproducts are distributed through special",Ken Swanson — Chief Executive Officer,3,3,,,,co-man status UNKNOWN — needs website check; 3 email(s) in Hoovers; mid-market size fit,not contacted,,,
492,6,"Silocaf Of New Orleans, Inc.",unclassified food/bev mfr,,New Orleans,Louisiana,,4.5179665E7,85,Private,B. PACORINI SPA,311920,"Silocaf Of New Orleans, Inc. is primarily engaged in roasting coffee, and in manufacturing coffee concentrates and extracts in powdered, liquid, or frozen form, including freeze-dried.",Maurizio Zaves — President,3,1,,,,co-man status UNKNOWN — needs website check; 1 email(s) in Hoovers; mid-market size fit,not contacted,,,
493,6,"Silver Spring Foods, Inc.",unclassified food/bev mfr,,Eau Claire,Wisconsin,http://www.silverspringfoods.com,2.3394808E7,150,Private,"Huntsinger Farms, Inc.",311941,"Silver Spring Foods has sprung up to become something big. Thecompany is the world's top grower and processor of prepared horseradish and horseradish sauces. It also makes mustards, tartar sauces, and",Shawn Kapanke — Vice President Of Manufacturing Operations,3,3,,,,co-man status UNKNOWN — needs website check; 3 email(s) in Hoovers; mid-market size fit,not contacted,,,
494,6,"Simmons Animal Nutrition, Inc.",unclassified food/bev mfr,,Siloam Springs,Arkansas,http://www.simmonsfoods.com,4.4697948E7,157,Private,"Simmons Foods, Inc.",311119,"Simmons Animal Nutrition, Inc. is primarily engaged in manufacturing prepared feeds and feed ingredients and adjuncts for animals and fowls, except dogs and cats. Included in this industry are poultry",Kerry Hairston — Senior Vice President Of Finance Treasurer,3,2,,,,co-man status UNKNOWN — needs website check; 2 email(s) in Hoovers; mid-market size fit,not contacted,,,
495,6,"Simple Mills, Inc.",unclassified food/bev mfr,,Chicago,Illinois,http://www.simplemills.com,3.7200832E7,100,Private,"Purposeful Foods Holdings, Inc.",311999,"Simple Mills, Inc. is primarily engaged in manufacturing prepared foods and miscellaneous food specialties, not elsewhere classified, such as baking powder, yeast, and other leavening compounds; peanu",Michelle Lorge — President,3,3,,,,co-man status UNKNOWN — needs website check; 3 email(s) in Hoovers; mid-market size fit,not contacted,,,
496,6,"Simply Good Foods USA, Inc.",unclassified food/bev mfr,,Denver,Colorado,http://www.thesimplygoodfoodscompany.com,6.6287865E7,225,Private,The Simply Good Foods Company,311999,"Atkins is first and foremost, a whole foods program. It offers meal plans, over 1,600 recipes, carb counters, quick-start guides, a new Eat Right, Not Less Guidebook, a mobile app that's free to sign ",Caroline Ford — Principal Ecologist,3,2,,,,co-man status UNKNOWN — needs website check; 2 email(s) in Hoovers; mid-market size fit,not contacted,,,
497,6,Smithfield Packaged Meats Corp.,unclassified food/bev mfr,,Smithfield,Virginia,,4.3922223E8,6565,Private,"Smithfield Foods, Inc.",311611,"John Morrell is one of the top names in meat. A leading producer of processed-meat and fresh-pork products, John Morrell & Co. makes bacon, fresh pork, hams, and sausage, as well as cold cuts and lunc",Aminta Enrique — Founder,3,1,,,,co-man status UNKNOWN — needs website check; 1 email(s) in Hoovers; mid-market size fit,not contacted,,,
498,6,"Smucker Natural Foods, Inc.",unclassified food/bev mfr,,Chico,California,,4.0774006E7,2000,Private,The J. M. Smucker Company,312111,"Smucker Natural Foods, Inc. is primarily engaged in manufacturing soft drinks and carbonated waters.",Steven Oakland — Principal,3,1,,,,co-man status UNKNOWN — needs website check; 1 email(s) in Hoovers; mid-market size fit,not contacted,,,
499,6,"South Dakota Soybean Processors, LLC",unclassified food/bev mfr,,Volga,South Dakota,http://www.sdsbp.com,5.0381512E8,139,Public,"South Dakota Soybean Processors, LLC",311224,"Things are ""soy-good"" at South Dakota Soybean Processors. The agricultural cooperative turns the more than 145 million bushels per year of soybeans from its 2,200 farmer/members into soybean oil, soyb",Carl Odde — Chief Operating Officer,3,1,,,,co-man status UNKNOWN — needs website check; 1 email(s) in Hoovers; mid-market size fit,not contacted,,,
500,6,Southern Tea Company LLC,unclassified food/bev mfr,,Marietta,Georgia,http://www.southernbreezesweettea.com,2.207737E7,170,Private,"Tata Consumer Products US, Inc.",311920,"Southern Tea Company Llc is primarily engaged in manufacturing prepared foods and miscellaneous food specialties, not elsewhere classified, such as baking powder, yeast, and other leavening compounds;",Eileen Lauth — Vice President Quality Assurance And Regulatory Affairs,3,2,,,,co-man status UNKNOWN — needs website check; 2 email(s) in Hoovers; mid-market size fit,not contacted,,,
501,6,"Southwind Foods, LLC",unclassified food/bev mfr,,Carson,California,http://www.southwindfoods.com,1.0499845E8,250,Private,"Southwind Foods, LLC",311710,"Southwind Foods, Llc is primarily engaged in cooking and canning fish, shrimp, oysters, clams, crabs, and other seafoods, including soups; and those engaged in smoking, salting, drying, or otherwise c",Jim Lee — Chief Financial Officer,3,2,,,,co-man status UNKNOWN — needs website check; 2 email(s) in Hoovers; mid-market size fit,not contacted,,,
502,6,"Spice World, LLC",unclassified food/bev mfr,,Orlando,Florida,http://www.spiceworldinc.com,2.5246679E7,134,Private,"Spice World, LLC",311999,"Spice World, Llc is primarily engaged in manufacturing prepared foods and miscellaneous food specialties, not elsewhere classified, such as baking powder, yeast, and other leavening compounds; peanut ",John Kalal — Chief Operating Officer,3,1,,,,co-man status UNKNOWN — needs website check; 1 email(s) in Hoovers; mid-market size fit,not contacted,,,
503,6,Sprinkles Cupcakes Inc.,unclassified food/bev mfr,,Beverly Hills,California,http://www.sprinkles.com,4.338607E7,1000,Private,Sprinkles Cupcakes Inc.,445291,Sprinkles Cupcakes Inc. is primarily engaged in the retail sale of bakery products. The products may be purchased from others or made on the premises.,Bobby Nelson — Chief Financial Officer,3,2,,,,co-man status UNKNOWN — needs website check; 2 email(s) in Hoovers; mid-market size fit,not contacted,,,
504,6,"Square H Brands, Inc.",unclassified food/bev mfr,,Los Angeles,California,http://www.squarehbrands.com,2.278233E7,150,Private,"Square H Brands, Inc.",311612,"Square H Brands, Inc. is primarily engaged in manufacturing sausages, cured meats, smoked meats, canned meats, frozen meats, and other prepared meats and meat specialties, from purchased carcasses and",Henry Haskell — Chief Executive Officer,3,2,,,,co-man status UNKNOWN — needs website check; 2 email(s) in Hoovers; mid-market size fit,not contacted,,,
505,6,"St. Clair Foods, Inc.",unclassified food/bev mfr,,Memphis,Tennessee,http://www.stclair.com,2.28703E7,125,Private,"Reser's Fine Foods, Inc.",311991,"St. Clair Foods, Inc. is primarily engaged in manufacturing prepared foods and miscellaneous food specialties, not elsewhere classified, such as baking powder, yeast, and other leavening compounds; pe",Brian Edmonds — Vice President,3,2,,,,co-man status UNKNOWN — needs website check; 2 email(s) in Hoovers; mid-market size fit,not contacted,,,
506,6,Stanislaus Food Products Company,unclassified food/bev mfr,,Modesto,California,http://www.stanislaus.com,1.0248277E8,105,Private,Stanislaus Food Products Company,311421,"Stanislaus Food Products Company is primarily engaged in canning fruits, vegetables, and fruit and vegetable juices; and in manufacturing catsup and similar tomato sauces, or natural and imitation pre",Thomas Cortopassi — Chief Executive Officer,3,1,,,,co-man status UNKNOWN — needs website check; 1 email(s) in Hoovers; mid-market size fit,not contacted,,,
507,6,Star Milling Co.,unclassified food/bev mfr,,Perris,California,http://www.starmilling.com,2.0387032E7,99,Private,,311119,"Star Milling Co. is primarily engaged in manufacturing prepared feeds and feed ingredients and adjuncts for animals and fowls, except dogs and cats. Included in this industry are poultry and livestock",Greg Carls — Chief Financial Officer,3,2,,,,co-man status UNKNOWN — needs website check; 2 email(s) in Hoovers; mid-market size fit,not contacted,,,
508,6,"Sterling Foods, LLC",unclassified food/bev mfr,,San Antonio,Texas,http://www.sterling-fd.com,1.1897618E8,250,Private,"Sterling Foods II, Inc.",311812,"The smell ofbaked goods keeps 'em coming back to Sterling Foods for more. The company produces a variety of specialty baked goods for national restaurant and supermarket chains, weight-management comp",John Likovich — Chairman And Chief Executive Officer,3,2,,,,co-man status UNKNOWN — needs website check; 2 email(s) in Hoovers; mid-market size fit,not contacted,,,
509,6,Stevison Ham Company,unclassified food/bev mfr,,Portland,Tennessee,http://www.stevisons.com,2.4454823E7,100,Private,,311611,"Stevison Ham Company is primarily engaged in the slaughtering, for their own account or on a contract basis for the trade, of cattle, hogs, sheep, lambs, and calves for meat to be sold or to be used o",Jerry Anderson — Chief Financial Officer,3,3,,,,co-man status UNKNOWN — needs website check; 3 email(s) in Hoovers; mid-market size fit,not contacted,,,
510,6,"Stillwater Milling Company, LLC",unclassified food/bev mfr,,Stillwater,Oklahoma,http://www.stillwatermill.com,2.8475666E7,169,Private,"Stillwater Milling Company, LLC",311119,"Stillwater Milling Company, Llc is primarily engaged in manufacturing prepared feeds and feed ingredients and adjuncts for animals and fowls, except dogs and cats. Included in this industry are poultr",David Fairbanks — President,3,2,,,,co-man status UNKNOWN — needs website check; 2 email(s) in Hoovers; mid-market size fit,not contacted,,,
511,6,"Subco Foods, Inc.",unclassified food/bev mfr,,West Chicago,Illinois,http://www.subcofoods.com,3.0222994E7,200,Private,"Subco Foods, Inc.",311999,"Subco Foods, Inc. is primarily engaged in manufacturing prepared foods and miscellaneous food specialties, not elsewhere classified, such as baking powder, yeast, and other leavening compounds; peanut",Masroor Khan — Chief Executive Officer,3,1,,,,co-man status UNKNOWN — needs website check; 1 email(s) in Hoovers; mid-market size fit,not contacted,,,
512,6,Sugar Cane Growers Cooperative Of Florida,unclassified food/bev mfr,,Belle Glade,Florida,http://www.scgc.org,9.2837357E7,500,Nonprofit,Sugar Cane Growers Cooperative Of Florida,311314,How sweet it is. The Sugar Cane Growers Cooperative of Florida (SCGC) is a 54-member sugar farmers' cooperative that offers its members help with farms administration and provides agricultural and pla,Matthew Hoffman — President And Chief Executive Officer,3,1,,,,co-man status UNKNOWN — needs website check; 1 email(s) in Hoovers; mid-market size fit,not contacted,,,
513,6,Summit Brewing Company,unclassified food/bev mfr,,Saint Paul,Minnesota,http://www.summitbrewing.com,2.4856594E7,65,Private,Summit Brewing Company,312120,Summit Brewing Company is primarily engaged in manufacturing malt beverages.,Kelly Larsen — Chief Financial Officer,3,2,,,,co-man status UNKNOWN — needs website check; 2 email(s) in Hoovers; mid-market size fit,not contacted,,,
514,6,SunOpta Grains and Foods Inc.,unclassified food/bev mfr,,Eden Prairie,Minnesota,http://www.sunopta.com,9.9322784E7,185,Private,SunOpta LLC,311211,"Sunopta Grains And Foods Inc. is primarily engaged in milling flour or meal from grain, except rice. The products of flour mills may be sold plain or in the form of prepared mixes or doughs for specif",Peter Reinecke — Vice President Marketing,3,2,,,,co-man status UNKNOWN — needs website check; 2 email(s) in Hoovers; mid-market size fit,not contacted,,,
515,6,Sunny Delight Beverages Co.,unclassified food/bev mfr,,Cincinnati,Ohio,http://www.sunnyd.com,2.2470908E8,553,Private,"Harvest Hill Holdings, LLC",312111,"Sunny Delight Beverages Co. (SDBC) is an American favorite juice brand featuring the bold, one-of-a-kind, tangy orange flavor. SunnyD is a refreshing fruit-flavored beverage that has 100% of the daily",Rick Zimmerman — Senior Vice President,3,1,,,,co-man status UNKNOWN — needs website check; 1 email(s) in Hoovers; mid-market size fit,not contacted,,,
516,6,"Sunnyvalley Smoked Meats, Inc.",unclassified food/bev mfr,,Manteca,California,http://www.sunnyvalleysmokedmeats.com,1.4788235E8,250,Private,JBS Prepared Foods Inc.,311612,"Sunnyvalley Smoked Meats, Inc. is primarily engaged in manufacturing sausages, cured meats, smoked meats, canned meats, frozen meats, and other prepared meats and meat specialties, from purchased carc",Treva Andreetta — Vice President,3,3,,,,co-man status UNKNOWN — needs website check; 3 email(s) in Hoovers; mid-market size fit,not contacted,,,
517,6,"Supplying Demand, Inc.",unclassified food/bev mfr,,Los Angeles,California,http://www.liquiddeath.com,2.5364819E7,218,Private,,312112,"Supplying Demand, Inc. is primarily engaged in manufacturing soft drinks and carbonated waters.",Ricky Khetarpaul — Chief Financial Officer,3,1,,,,co-man status UNKNOWN — needs website check; 1 email(s) in Hoovers; mid-market size fit,not contacted,,,
518,6,Surlean Meat Company,unclassified food/bev mfr,,San Antonio,Texas,http://www.surleanfoods.com,1.0373917E8,119,Private,Leonard Holding Company,311612,"Surlean Meat Company is primarily engaged in manufacturing sausages, cured meats, smoked meats, canned meats, frozen meats, and other prepared meats and meat specialties, from purchased carcasses and ",Karrie Menz — Vice President Of Quality,3,3,,,,co-man status UNKNOWN — needs website check; 3 email(s) in Hoovers; mid-market size fit,not contacted,,,
519,6,"Suzanna's Kitchen, Inc.",unclassified food/bev mfr,,Duluth,Georgia,http://www.suzannaskitchen.com,5.1046955E7,75,Private,,311615,"Suzanna's Kitchen, Inc. is primarily engaged in slaughtering, dressing, packing, freezing, and canning poultry, rabbits, and other small game, or in manufacturing products from such meats, for their o",Bradley Howard — Chief Executive Officer,3,3,,,,co-man status UNKNOWN — needs website check; 3 email(s) in Hoovers; mid-market size fit,not contacted,,,
520,6,"Swaggerty Sausage Co., Inc.",unclassified food/bev mfr,,Kodak,Tennessee,http://www.swaggertys.com,2.4049896E7,90,Private,,311611,"Swaggerty Sausage Co., Inc. is primarily engaged in the slaughtering, for their own account or on a contract basis for the trade, of cattle, hogs, sheep, lambs, and calves for meat to be sold or to be",Candi Reed — Chief Financial Officer,3,3,,,,co-man status UNKNOWN — needs website check; 3 email(s) in Hoovers; mid-market size fit,not contacted,,,
521,6,"Synergy Flavors, Inc.",unclassified food/bev mfr,,Wauconda,Illinois,http://www.synergytaste.com,1.5358426E8,76,Private,CARBERY CREAMERIES LTD,311942,"Synergy Flavors, Inc. is primarily engaged in manufacturing flavoring extracts, syrups, powders, and related products, not elsewhere classified, for soda fountain use or for the manufacture of soft dr",William Marchetti — Vise President,3,2,,,,co-man status UNKNOWN — needs website check; 2 email(s) in Hoovers; mid-market size fit,not contacted,,,
522,6,T W Garner Food Company,unclassified food/bev mfr,,Winston Salem,North Carolina,http://www.garnerfoods.com,2.3613575E7,155,Private,T W Garner Food Company,311421,"T W Garner Food Company is primarily engaged in canning fruits, vegetables, and fruit and vegetable juices; and in manufacturing catsup and similar tomato sauces, or natural and imitation preserves, j",Matt Mccollum — Chief Executive Officer,3,2,,,,co-man status UNKNOWN — needs website check; 2 email(s) in Hoovers; mid-market size fit,not contacted,,,
523,6,T. Hasegawa U.S.A. Inc.,unclassified food/bev mfr,,Cerritos,California,http://www.thasegawa.com,5.7096409E7,135,Private,"T.HASEGAWA CO., LTD.",311942,"T. Hasegawa U.S.A. Inc. is primarily engaged in manufacturing flavoring extracts, syrups, powders, and related products, not elsewhere classified, for soda fountain use or for the manufacture of soft ",Kim Burnett — Chief Financial Officer,3,1,,,,co-man status UNKNOWN — needs website check; 1 email(s) in Hoovers; mid-market size fit,not contacted,,,
524,6,T.Marzetti Company,unclassified food/bev mfr,,Westerville,Ohio,http://www.tmarzetticompany.com,9.2701428E8,1706,Private,The Marzetti Company,311941,"T. Marzetti is one of the leading manufacturers and marketers of specialty food products for the retail and foodservice markets. It makes salad dressings, slaw dressings, crunchy croutons, dips, and o",Luis Viso Csco — Principal,3,1,,,,co-man status UNKNOWN — needs website check; 1 email(s) in Hoovers; mid-market size fit,not contacted,,,
525,6,"TH Foods, Inc.",unclassified food/bev mfr,,Loves Park,Illinois,http://www.thfoods.com,8.4745934E7,300,Private,"KAMEDA SEIKA CO.,LTD.",311821,"Th Foods, Inc. is primarily engaged in manufacturing fresh cookies, crackers, pretzels, and similar ""dry"" bakery products.",Steve Polonowski — Executive Vice President Growth And Innovation,3,3,,,,co-man status UNKNOWN — needs website check; 3 email(s) in Hoovers; mid-market size fit,not contacted,,,
526,6,THE FIRST DISTRICT ASSOCIATION (FDA),unclassified food/bev mfr,,Litchfield,Minnesota,http://www.firstdistrict.com,4.580962E7,150,Private,THE FIRST DISTRICT ASSOCIATION (FDA),311514,"The First District Association (Fda) is primarily engaged in manufacturing dry, condensed, and evaporated dairy products. This also includes manufacturing mixes for the preparation of frozen ice cream",Clinton Fall — Chief Executive Officer,3,2,,,,co-man status UNKNOWN — needs website check; 2 email(s) in Hoovers; mid-market size fit,not contacted,,,
527,6,"THE HONEST KITCHEN, INC.",unclassified food/bev mfr,,La Jolla,California,http://www.thehonestkitchen.com,2.068095E7,73,Private,,311111,"The Honest Kitchen, Inc. is primarily engaged in manufacturing dog and cat food from cereal, meat, and other ingredients. These preparations may be canned, frozen, or dry.",Will Lisman — Chief Executive Officer,3,3,,,,co-man status UNKNOWN — needs website check; 3 email(s) in Hoovers; mid-market size fit,not contacted,,,
528,6,TRILOGY FOODS LLC,unclassified food/bev mfr,,Gainesville,Georgia,http://www.trilogyfoodsllc.com,2.1832516E7,150,Private,,311615,"Trilogy Foods Llc is primarily engaged in slaughtering, dressing, packing, freezing, and canning poultry, rabbits, and other small game, or in manufacturing products from such meats, for their own acc",Adam Bryant — Chief Financial Officer,3,1,,,,co-man status UNKNOWN — needs website check; 1 email(s) in Hoovers; mid-market size fit,not contacted,,,
529,6,TableTrust Brands LLC,unclassified food/bev mfr,,Mifflintown,Pennsylvania,http://www.freebirdchicken.com,4.3384548E7,1000,Partnership,TableTrust Brands LLC,311615,"Tabletrust Brands Llc is primarily engaged in slaughtering, dressing, packing, freezing, and canning poultry, rabbits, and other small game, or in manufacturing products from such meats, for their own",John Miller — Chief Financial Officer,3,3,,,,co-man status UNKNOWN — needs website check; 3 email(s) in Hoovers; mid-market size fit,not contacted,,,
530,6,"Tampico Beverages, Inc.",unclassified food/bev mfr,,Chicago,Illinois,http://www.tampico.com,2.5326105E7,129,Private,"Houchens Food Group, Inc.",311930,"Tampico Beverages manufactures refrigeratedjuice drinks and punches under the Tampico brand name.They are available in a variety of serving sizes and an array of fruit flavors, including mango, kiwi-s",Andre Dube — Executive Vice President Of Operations,3,3,,,,co-man status UNKNOWN — needs website check; 3 email(s) in Hoovers; mid-market size fit,not contacted,,,
531,6,"Taylor Shellfish Company, Inc.",unclassified food/bev mfr,,Shelton,Washington,http://www.taylorshellfishfarms.com,4.678825E7,315,Private,"Taylor United, Inc.",311710,"Taylor Shellfish Company, Inc. is primarily engaged in preparing fresh and raw or cooked frozen fish and other seafoods and seafood preparations, such as soups, stews, chowders, fishcakes, crabcakes, ",Bill Lalor — Vice President,3,3,,,,co-man status UNKNOWN — needs website check; 3 email(s) in Hoovers; mid-market size fit,not contacted,,,
532,6,Texas Farm Products Company,unclassified food/bev mfr,,Nacogdoches,Texas,http://www.tfpnutrition.com,4.6762531E7,165,Private,Texas Farm Products Company,311111,"Whether it's forlawns or pets, Texas Farm Products has something to feed 'em and help keep them healthy. The family-owned company makes pet foods, livestock feeds, and lawn and garden fertilizers and ",Royal Witcher — Chief Operating Officer,3,2,,,,co-man status UNKNOWN — needs website check; 2 email(s) in Hoovers; mid-market size fit,not contacted,,,
533,6,Teys (USA) Inc.,unclassified food/bev mfr,,Chicago,Illinois,http://us.teysgroup.com,2.3477402E7,50,Private,"Cargill, Incorporated",311611,"Teys (Usa) Inc. is primarily engaged in the slaughtering, for their own account or on a contract basis for the trade, of cattle, hogs, sheep, lambs, and calves for meat to be sold or to be used on the",Raven Kropf — President,3,1,,,,co-man status UNKNOWN — needs website check; 1 email(s) in Hoovers; mid-market size fit,not contacted,,,
534,6,"The Chef's Garden, Inc.",unclassified food/bev mfr,,Huron,Ohio,http://www.chefs-garden.com,2.3673714E7,130,Private,,311991,"The Chef's Garden, Inc. is primarily engaged in manufacturing prepared foods and miscellaneous food specialties, not elsewhere classified, such as baking powder, yeast, and other leavening compounds; ",Andrea Lenyo — Chief Financial Officer,3,1,,,,co-man status UNKNOWN — needs website check; 1 email(s) in Hoovers; mid-market size fit,not contacted,,,
535,6,"The Father's Table, L.L.C.",unclassified food/bev mfr,,Sanford,Florida,http://www.thefatherstable.com,4.3713806E7,300,Private,"The Father's Table, L.L.C.",311999,"The Father's Table, L.L.C. is primarily engaged in manufacturing prepared foods and miscellaneous food specialties, not elsewhere classified, such as baking powder, yeast, and other leavening compound",Jeff Liddy — President,3,1,,,,co-man status UNKNOWN — needs website check; 1 email(s) in Hoovers; mid-market size fit,not contacted,,,
536,6,The Fremont Company,unclassified food/bev mfr,,Fremont,Ohio,http://www.fremontcompany.com,5.1176994E7,180,Private,The Fremont Company,311421,"Studies concluding that sauerkraut has healing properties are great news for the folks who tot up the sales atThe Fremont Company. Fremont makes canned, jarred, and baggedsauerkraut, as well as sauerk",James Kroner — Chief Financial Officer,3,1,,,,co-man status UNKNOWN — needs website check; 1 email(s) in Hoovers; mid-market size fit,not contacted,,,
537,6,The Garmon Corporation,unclassified food/bev mfr,,Temecula,California,http://www.garmoncorp.com,2.6833412E7,120,Private,The Garmon Corporation,311119,"The Garmon Corporation is primarily engaged in manufacturing prepared feeds and feed ingredients and adjuncts for animals and fowls, except dogs and cats. Included in this industry are poultry and liv",Scott Garmon — President Chief Executive Officer,3,2,,,,co-man status UNKNOWN — needs website check; 2 email(s) in Hoovers; mid-market size fit,not contacted,,,
538,6,The Great Lakes Brewing Co.,unclassified food/bev mfr,,Cleveland,Ohio,http://www.greatlakesbrewing.com,2.4217438E7,185,Private,The Great Lakes Brewing Co.,312120,The Great Lakes Brewing Co. is primarily engaged in manufacturing malt beverages.,Mark King — Chief Executive Officer,3,3,,,,co-man status UNKNOWN — needs website check; 3 email(s) in Hoovers; mid-market size fit,not contacted,,,
539,6,"The Lauridsen Group, Inc.",unclassified food/bev mfr,,Ankeny,Iowa,http://www.apcproteins.com,5.1267352000000006E8,750,Private,"The Lauridsen Group, Inc.",311119,"The Lauridsen Group, Inc. is primarily engaged in manufacturing prepared feeds and feed ingredients and adjuncts for animals and fowls, except dogs and cats. Included in this industry are poultry and ",Dawn Kucera — Executive Vice President Cfo,3,1,,,,co-man status UNKNOWN — needs website check; 1 email(s) in Hoovers; mid-market size fit,not contacted,,,
540,6,"The Lion Brewery, Inc.",unclassified food/bev mfr,,Wilkes Barre,Pennsylvania,http://www.lionbrewery.com,4.5091499E7,135,Private,"The Lion Brewery, Inc.",312120,"The Lion Brewery brews and bottles lager-style beer,ale,and soft drinks. Its beer brands include Lionshead, Stegmaier, and Pocono; under the Old Philadelphia name, the company markets a variety of cre",Michael Clarke — Vice President And Chief Financial Officer,3,2,,,,co-man status UNKNOWN — needs website check; 2 email(s) in Hoovers; mid-market size fit,not contacted,,,
541,6,"The Little Potato Company Usa, Inc.",unclassified food/bev mfr,,Deforest,Wisconsin,http://www.littlepotatoes.com,2.3382275E7,52,Private,The Little Potato Company Ltd,311411,"The Little Potato Company Usa, Inc. is primarily engaged in freezing fruits, fruit juices, and vegetables. These establishments also produce important byproducts such as fresh or dried citrus pulp.",Angela Santiago — Co Founder,3,3,,,,co-man status UNKNOWN — needs website check; 3 email(s) in Hoovers; mid-market size fit,not contacted,,,
542,6,"The Masterson Company, Inc.",unclassified food/bev mfr,,Milwaukee,Wisconsin,http://www.mastersonfoods.com,4.6454338E7,200,Private,,311999,"The Masterson Company, Inc. is primarily engaged in manufacturing flavoring extracts, syrups, powders, and related products, not elsewhere classified, for soda fountain use or for the manufacture of s",Jenelle Roberts — Vice President Of Finance Administration Treasurer,3,3,,,,co-man status UNKNOWN — needs website check; 3 email(s) in Hoovers; mid-market size fit,not contacted,,,
543,6,The Mushroom Company,unclassified food/bev mfr,,Cambridge,Maryland,http://www.southmill.com,2.8726936E7,75,Private,South Mill Mushroom LLC,311999,"The Mushroom Company does more than grow in dark places. The Maryland company raises, processes, markets, and distributes all manner of the familiar fungi.It makes quick-blanched refrigerated, frozen,",Ruth Newhard — Vice President Of Sales,3,2,,,,co-man status UNKNOWN — needs website check; 2 email(s) in Hoovers; mid-market size fit,not contacted,,,
544,6,The Noel Corporation,unclassified food/bev mfr,,Yakima,Washington,http://www.noelcorp.com,2.4699549E7,255,Private,The Noel Corporation,312111,The Noel Corporation is primarily engaged in manufacturing soft drinks and carbonated waters.,J Noel — Vice President,3,2,,,,co-man status UNKNOWN — needs website check; 2 email(s) in Hoovers; mid-market size fit,not contacted,,,
545,6,The Olds Products Co. Of Illinois,unclassified food/bev mfr,,Pleasant Prairie,Wisconsin,http://www.oldsproducts.com,2.4929155E7,80,Private,The Olds Products Co. Of Illinois,311941,"The Olds Products Co. Of Illinois is primarily engaged in pickling and brining fruits and vegetables, and in manufacturing salad dressings, vegetable relishes, sauces, and seasonings.",Timothy Mc Avoy — Sales Vice President,3,1,,,,co-man status UNKNOWN — needs website check; 1 email(s) in Hoovers; mid-market size fit,not contacted,,,
546,6,"The Wine Group, Inc.",unclassified food/bev mfr,,Ripon,California,http://www.thewinegroup.com,9.5971626E7,250,Private,The Wine Group LLC,312130,"One of the largest wine producers in the world, The Wine Group (TWG) offers bargain and premium table wines (bottled and boxed). The company takes pride in producing award-winning, quality wine for al",Aren Korte — Executive Vice President,3,3,,,,co-man status UNKNOWN — needs website check; 3 email(s) in Hoovers; mid-market size fit,not contacted,,,
547,6,Thistle Health Inc.,unclassified food/bev mfr,,Vacaville,California,http://www.thistle.co,2.4486755E7,400,Private,,311999,"Thistle Health Inc. is primarily engaged in manufacturing prepared foods and miscellaneous food specialties, not elsewhere classified, such as baking powder, yeast, and other leavening compounds; pean",Ashwin Cheriyan — Chief Executive Officer CoFounder,3,3,,,,co-man status UNKNOWN — needs website check; 3 email(s) in Hoovers; mid-market size fit,not contacted,,,
548,6,Tortilla King LLC,unclassified food/bev mfr,,Moundridge,Kansas,http://www.mamalupes.com,4.5280334E7,140,Private,Flagship Food Group LLC,311830,"Tortilla King Llc is primarily engaged in manufacturing prepared foods and miscellaneous food specialties, not elsewhere classified, such as baking powder, yeast, and other leavening compounds; peanut",Robert Ratzlaff — Principal,3,1,,,,co-man status UNKNOWN — needs website check; 1 email(s) in Hoovers; mid-market size fit,not contacted,,,
549,6,"Tropicale Foods, LLC",unclassified food/bev mfr,,Ontario,California,http://www.tropicalefoods.com,1.1994543E8,150,Private,"Tropicale Foods, LLC",311520,"Tropicale Foods, Llc is primarily engaged in manufacturing ice cream and other frozen desserts.",Steven Schiller — Chief Executive Officer,3,2,,,,co-man status UNKNOWN — needs website check; 2 email(s) in Hoovers; mid-market size fit,not contacted,,,
550,6,"Tropicana Products Sales, Inc.",unclassified food/bev mfr,,Chicago,Illinois,,2.308206E7,158,Private,"Tropicana Products, Inc.",312111,"Tropicana Products Sales, Inc. is primarily engaged in manufacturing soft drinks and carbonated waters.",Glen Walter — Chief Executive Officer,3,1,,,,co-man status UNKNOWN — needs website check; 1 email(s) in Hoovers; mid-market size fit,not contacted,,,
551,6,"Tru Fru, LLC",unclassified food/bev mfr,,Salt Lake City,Utah,http://www.trufru.com,2.7886089E7,72,Private,"Mars, Incorporated",311352,"Tru Fru, Llc is primarily engaged in manufacturing candy, including chocolate candy, other confections, and related products.",Rachel Lewis — Vice President Of Brand Management,3,1,,,,co-man status UNKNOWN — needs website check; 1 email(s) in Hoovers; mid-market size fit,not contacted,,,
552,6,"Tuffy's Pet Foods, Inc.",unclassified food/bev mfr,,Perham,Minnesota,http://www.klnfamilybrands.com,2.4054014E7,500,Private,"KLN Enterprises, Inc.",311111,"Tuffy's Pet Foods, Inc. is primarily engaged in manufacturing dog and cat food from cereal, meat, and other ingredients. These preparations may be canned, frozen, or dry.",Jayne Adamson — Vice President Of Sales,3,3,,,,co-man status UNKNOWN — needs website check; 3 email(s) in Hoovers; mid-market size fit,not contacted,,,
553,6,"Turkey Valley Farms, LLC",unclassified food/bev mfr,,Marshall,Minnesota,http://www.turkeyvalleyfarms.com,2.7819958E7,450,Private,,311615,"Turkey Valley Farms, Llc is primarily engaged in slaughtering, dressing, packing, freezing, and canning poultry, rabbits, and other small game, or in manufacturing products from such meats, for their ",Beth Wosmek — Chief Financial Officer,3,3,,,,co-man status UNKNOWN — needs website check; 3 email(s) in Hoovers; mid-market size fit,not contacted,,,
554,6,"Turner Dairy Farms, Inc.",unclassified food/bev mfr,,Pittsburgh,Pennsylvania,http://www.turnerdairy.net,4.8297657E7,219,Private,"Turner Dairy Farms, Inc.",311513,"Turner Dairy Farms, Inc. is primarily engaged in manufacturing natural cheese (except cottage cheese), processed cheese, cheese foods, cheese spreads, and cheese analogs (imitations and substitutes). ",Robert Garofalo — Chief Financial Officer,3,2,,,,co-man status UNKNOWN — needs website check; 2 email(s) in Hoovers; mid-market size fit,not contacted,,,
555,6,"Turri's Italian Foods, Inc.",unclassified food/bev mfr,,Roseville,Michigan,http://www.turrisitalianfoods.com,5.1539326E7,390,Private,"Benford Capital Partners, LLC",311412,"Turri's Italian Foods, Inc. is primarily engaged in manufacturing frozen food specialties, not elsewhere classified, such as frozen dinners and frozen pizza.",Jason Carnago — Chief Financial Officer,3,1,,,,co-man status UNKNOWN — needs website check; 1 email(s) in Hoovers; mid-market size fit,not contacted,,,
556,6,"Tyson Farms, Inc.",unclassified food/bev mfr,,Springdale,Arkansas,http://www.tysonfoods.com,1.1684889E8,114,Private,"Tyson Foods, Inc.",311611,"Tyson Farms, Inc. is primarily engaged in the slaughtering, for their own account or on a contract basis for the trade, of cattle, hogs, sheep, lambs, and calves for meat to be sold or to be used on t",Regina Villines — vice president credit,3,3,,,,co-man status UNKNOWN — needs website check; 3 email(s) in Hoovers; mid-market size fit,not contacted,,,
557,6,Tyson Foods,unclassified food/bev mfr,,Chicago,Illinois,http://www.tyson.com,2.1637259E7,250,Private,The Hillshire Brands Company,311612,"Tyson Foods is primarily engaged in manufacturing sausages, cured meats, smoked meats, canned meats, frozen meats, and other prepared meats and meat specialties, from purchased carcasses and other mat",Jim Conley — Principal,3,2,,,,co-man status UNKNOWN — needs website check; 2 email(s) in Hoovers; mid-market size fit,not contacted,,,
558,6,Tyson Sales and Distribution Inc.,unclassified food/bev mfr,,Springdale,Arkansas,http://www.tysonfoods.com,2.508152E7,112,Private,"Tyson Foods, Inc.",311615,"Tyson Sales And Distribution Inc. is primarily engaged in slaughtering, dressing, packing, freezing, and canning poultry, rabbits, and other small game, or in manufacturing products from such meats, f",Kurt Suther — Vice President,3,1,,,,co-man status UNKNOWN — needs website check; 1 email(s) in Hoovers; mid-market size fit,not contacted,,,
559,6,UMPQUA Dairy Products Co.,unclassified food/bev mfr,,Roseburg,Oregon,http://www.umpquadairy.com,4.6712471E7,243,Private,UMPQUA Dairy Products Co.,311511,"Umpqua Dairy Products Co. is primarily engaged in processing (e.g., pasteurizing, homogenizing, vitaminizing, bottling) fluid milk and cream, and related products, including cottage cheese, yogurt (ex",Steven Feldkamp — Executive Vice President,3,1,,,,co-man status UNKNOWN — needs website check; 1 email(s) in Hoovers; mid-market size fit,not contacted,,,
560,6,"UTZ Quality Foods, LLC",unclassified food/bev mfr,,Hanover,Pennsylvania,http://www.dirtys.com,7.3229755E8,1800,Private,"UTZ Brands, Inc.",311919,"Utz manufactures a diverse portfolio of savory snacks through popular brands including Utz, On The Border Chips & Dips, Zapp's, and Boulder Canyon, among others. After about a century with strong fami",Theresa Acappellano — Principal,3,2,,,,co-man status UNKNOWN — needs website check; 2 email(s) in Hoovers; mid-market size fit,not contacted,,,
561,6,Uncle John's Pride LLC,unclassified food/bev mfr,,Tampa,Florida,http://www.unclejohnspride.com,2.3452042E7,72,Private,Blue Planet Holdings LLC,311612,"Uncle John's Pride Llc is primarily engaged in manufacturing sausages, cured meats, smoked meats, canned meats, frozen meats, and other prepared meats and meat specialties, from purchased carcasses an",Bryan Beswick — Principal,3,3,,,,co-man status UNKNOWN — needs website check; 3 email(s) in Hoovers; mid-market size fit,not contacted,,,
562,6,United States Distilled Products Co.,unclassified food/bev mfr,,Princeton,Minnesota,http://www.phillipsdistilling.com,4.6046291E7,550,Private,United States Distilled Products Co.,312140,"United States Distilled Products Co. is primarily engaged in manufacturing alcoholic liquors by distillation, and in manufacturing cordials and alcoholic cocktails by blending processes or by mixing l",Patricia Pelzer — Chief Financial Officer,3,1,,,,co-man status UNKNOWN — needs website check; 1 email(s) in Hoovers; mid-market size fit,not contacted,,,
563,6,"V & V Supremo Foods, Inc.",unclassified food/bev mfr,,Chicago,Illinois,http://www.vvsupremo.com,2.8333309E7,250,Private,"V & V Supremo Foods, Inc.",311513,"V & V Supremo Foods, Inc. is primarily engaged in manufacturing natural cheese (except cottage cheese), processed cheese, cheese foods, cheese spreads, and cheese analogs (imitations and substitutes).",Rich Wright — Chief Financial Officer,3,2,,,,co-man status UNKNOWN — needs website check; 2 email(s) in Hoovers; mid-market size fit,not contacted,,,
564,6,"Valentine Enterprises, Inc.",unclassified food/bev mfr,,Lawrenceville,Georgia,http://www.veiusa.com,5.0182148E7,168,Private,"Valentine Enterprises, Inc.",311999,"Valentine Enterprises, Inc. is primarily engaged in manufacturing prepared foods and miscellaneous food specialties, not elsewhere classified, such as baking powder, yeast, and other leavening compoun",Peter Valentine — Principal,3,2,,,,co-man status UNKNOWN — needs website check; 2 email(s) in Hoovers; mid-market size fit,not contacted,,,
565,6,"Valley Fine Foods Company, LLC",unclassified food/bev mfr,,Benicia,California,http://valleyfine.com,4.7912853E7,375,Private,"Valley Fine Foods Company, LLC",311211,"Valley Fine Foods Company, Llc is primarily engaged in milling flour or meal from grain, except rice. The products of flour mills may be sold plain or in the form of prepared mixes or doughs for speci",Brian Cullen — Chief Financial Officer,3,3,,,,co-man status UNKNOWN — needs website check; 3 email(s) in Hoovers; mid-market size fit,not contacted,,,
566,6,"Vets Plus, Inc.",unclassified food/bev mfr,,Menomonie,Wisconsin,http://www.vetsplus.com,4.1373535E7,170,Private,,311111,"Vets Plus, Inc. is primarily engaged in manufacturing dog and cat food from cereal, meat, and other ingredients. These preparations may be canned, frozen, or dry.",Paul Hays — Chief Executive Officer,3,1,,,,co-man status UNKNOWN — needs website check; 1 email(s) in Hoovers; mid-market size fit,not contacted,,,
567,6,Vie-Del Company,unclassified food/bev mfr,,Fresno,California,http://www.vie-del.com,2.6642212E7,99,Private,Vie-Del Company,311421,"Vie-Del Company is primarily engaged in canning fruits, vegetables, and fruit and vegetable juices; and in manufacturing catsup and similar tomato sauces, or natural and imitation preserves, jams, and",Richard Wattson — Chief Executive Officer,3,2,,,,co-man status UNKNOWN — needs website check; 2 email(s) in Hoovers; mid-market size fit,not contacted,,,
568,6,Vigo Importing Company,unclassified food/bev mfr,,Tampa,Florida,http://www.vigo-alessi.com,2.4696096E7,187,Private,,311999,"Vigo Importing Company is primarily engaged in manufacturing prepared foods and miscellaneous food specialties, not elsewhere classified, such as baking powder, yeast, and other leavening compounds; p",Bendy Mike — Chairwoman Chief Executive Officer,3,2,,,,co-man status UNKNOWN — needs website check; 2 email(s) in Hoovers; mid-market size fit,not contacted,,,
569,6,"Virginia Poultry Growers Cooperative, Inc.",unclassified food/bev mfr,,Hinton,Virginia,http://www.vapoultrygrowers.com,4.7438599E7,550,Private,,311615,"Virginia Poultry Growers Cooperative, Inc. is primarily engaged in slaughtering, dressing, packing, freezing, and canning poultry, rabbits, and other small game, or in manufacturing products from such",Jim Mason — President,3,1,,,,co-man status UNKNOWN — needs website check; 1 email(s) in Hoovers; mid-market size fit,not contacted,,,
570,6,Vita-pakt Citrus Products LLC,unclassified food/bev mfr,,Bakersfield,California,http://www.vita-pakt.com,4.3863171E7,100,Private,Vita-pakt Citrus Products LLC,311421,"Vita-Pakt Citrus Products Llc is primarily engaged in canning fruits, vegetables, and fruit and vegetable juices; and in manufacturing catsup and similar tomato sauces, or natural and imitation preser",James Boyles — Chief Executive Officer,3,2,,,,co-man status UNKNOWN — needs website check; 2 email(s) in Hoovers; mid-market size fit,not contacted,,,
571,6,"Wehah Farm, Inc.",unclassified food/bev mfr,,Richvale,California,http://www.lundberg.com,3.885804E7,255,Private,"Wehah Farm, Inc.",311212,"Wehah Farm, Inc. is primarily engaged in cleaning and polishing rice, and in manufacturing rice flour or meal. Other important products of this industry include brown rice, milled rice (including poli",Cheryl Balkenhol — Chief Financial Officer,3,2,,,,co-man status UNKNOWN — needs website check; 2 email(s) in Hoovers; mid-market size fit,not contacted,,,
572,6,"Wellington Foods, Inc.",unclassified food/bev mfr,,Corona,California,http://www.wellingtonfoods.com,2.3691231E7,148,Private,"Wellington Foods, Inc.",311514,"Wellington Foods, Inc. is primarily engaged in manufacturing dry, condensed, and evaporated dairy products. This also includes manufacturing mixes for the preparation of frozen ice cream and ice milk ",Tony Harnack — Chief Executive Officer,3,2,,,,co-man status UNKNOWN — needs website check; 2 email(s) in Hoovers; mid-market size fit,not contacted,,,
573,6,"West Point Dairy Products, LLC",unclassified food/bev mfr,,West Point,Nebraska,http://www.westpointdairy.com,2.0117546E7,140,Private,"Grassland Dairy Products, Inc.",311512,"West Point Dairy Products, Llc is primarily engaged in manufacturing creamery butter.",Ben Quellhorst — Plant Manager,3,2,,,,co-man status UNKNOWN — needs website check; 2 email(s) in Hoovers; mid-market size fit,not contacted,,,
574,6,Western Bagel Baking Corporation,unclassified food/bev mfr,,Van Nuys,California,http://www.westernbagel.com,4.9343723E7,425,Private,Western Bagel Baking Corporation,445291,Western Bagel Baking Corporation is primarily engaged in the retail sale of bakery products. The products may be purchased from others or made on the premises.,Danielle Cooper — Chief Financial Officer Director Of Human Resources,3,3,,,,co-man status UNKNOWN — needs website check; 3 email(s) in Hoovers; mid-market size fit,not contacted,,,
575,6,"Western Foods, LLC",unclassified food/bev mfr,,Woodland,California,http://www.westernfoodsco.com,3.2954006E7,120,Private,"Western Milling, LLC",311999,"Western Foods, Llc is primarily engaged in manufacturing prepared foods and miscellaneous food specialties, not elsewhere classified, such as baking powder, yeast, and other leavening compounds; peanu",Shan Staka — Chief Financial Officer,3,2,,,,co-man status UNKNOWN — needs website check; 2 email(s) in Hoovers; mid-market size fit,not contacted,,,
576,6,"Western Group Packaging, LLC",unclassified food/bev mfr,,North Las Vegas,Nevada,http://www.wgpco.com,2.3281078E7,150,Private,,311411,"Western Group Packaging, Llc is primarily engaged in freezing fruits, fruit juices, and vegetables. These establishments also produce important byproducts such as fresh or dried citrus pulp.",Franco Rastelli — Chief Financial Officer,3,1,,,,co-man status UNKNOWN — needs website check; 1 email(s) in Hoovers; mid-market size fit,not contacted,,,
577,6,"Westrock Coffee Roasting, LLC",unclassified food/bev mfr,,North Little Rock,Arkansas,http://www.westrockcoffee.com,2.4179731E7,200,Private,Westrock Coffee Company,311920,"Westrock Coffee Roasting, Llc is primarily engaged in roasting coffee, and in manufacturing coffee concentrates and extracts in powdered, liquid, or frozen form, including freeze-dried.",Elizabeth McLaughlin — Executive Vice President Sales,2,2,,,,co-man status UNKNOWN — needs website check; 2 email(s) in Hoovers; mid-market size fit,not contacted,,,
578,6,Wheypro Holdings LLC,unclassified food/bev mfr,,New Lisbon,Wisconsin,http://www.millhavenfoods.com,5.1378681E7,70,Private,"Select Milk Producers, Inc.",311514,"Wheypro Holdings Llc is primarily engaged in manufacturing dry, condensed, and evaporated dairy products. This also includes manufacturing mixes for the preparation of frozen ice cream and ice milk an",Brian Slater — Chief Executive Officer Owner,3,3,,,,co-man status UNKNOWN — needs website check; 3 email(s) in Hoovers; mid-market size fit,not contacted,,,
579,6,"Whitebridge Pet Brands, LLC",unclassified food/bev mfr,,Chesterfield,Missouri,http://www.cloudstar.com,5.3449745E7,80,Private,"General Mills, Inc.",311111,"Whitebridge Pet Brands, Llc is primarily engaged in manufacturing dog and cat food from cereal, meat, and other ingredients. These preparations may be canned, frozen, or dry.",Mary Czapeczka — Chief Financial Officer,3,2,,,,co-man status UNKNOWN — needs website check; 2 email(s) in Hoovers; mid-market size fit,not contacted,,,
580,6,"Williams Sausage Company, Inc.",unclassified food/bev mfr,,Union City,Tennessee,http://www.williams-sausage.com,4.1558998E7,490,Private,"Tyson Foods, Inc.",311612,"Union City, Tennessee-headquartered Williams Sausage is a regional meat processor that makes sausage, ham, and bacon products for both retail and wholesale food customers. Its product lines include se",Lesley Anderson — Vice President Of Foodservice Sales,3,2,,,,co-man status UNKNOWN — needs website check; 2 email(s) in Hoovers; mid-market size fit,not contacted,,,
581,6,"Wisconsin Spice, Inc.",unclassified food/bev mfr,,Berlin,Wisconsin,http://www.wisconsinspice.com,2.067107E7,55,Private,,311942,"Wisconsin Spice, Inc. is primarily engaged in manufacturing prepared foods and miscellaneous food specialties, not elsewhere classified, such as baking powder, yeast, and other leavening compounds; pe",Allen Sass — President,3,3,,,,co-man status UNKNOWN — needs website check; 3 email(s) in Hoovers; mid-market size fit,not contacted,,,
582,6,"Woodland Foods, LLC",unclassified food/bev mfr,,Waukegan,Illinois,http://www.woodlandfoods.com,8.9832748E7,250,Private,"Woodland Foods, LLC",311423,"Woodland Foods, Llc is primarily engaged in sun drying or artificially dehydrating fruits and vegetables, or in manufacturing packaged soup mixes from dehydrated ingredients.",Dan Kucera — Chief Financial Officer,3,3,,,,co-man status UNKNOWN — needs website check; 3 email(s) in Hoovers; mid-market size fit,not contacted,,,
583,6,"World's Finest Chocolate, Inc.",unclassified food/bev mfr,,Chicago,Illinois,http://www.worldsfinestchocolate.com,5.4847946E7,400,Private,"World's Finest Chocolate, Inc.",311351,"World's Finest Chocolate, Inc. is a leading American chocolate manufacturer that has specialized in fundraising programs for over 70 years. Primarily serving the US market, the company helps schools, ",Donal Chappelear — Independent Business Owner,3,1,,,,co-man status UNKNOWN — needs website check; 1 email(s) in Hoovers; mid-market size fit,not contacted,,,
584,6,"YAKIMA CHIEF HOPS, INC.",unclassified food/bev mfr,,Yakima,Washington,http://www.yakimachief.com,4.194994E7,86,Private,"YAKIMA CHIEF HOPS, INC.",312120,"Yakima Chief Hops, Inc. is primarily engaged in manufacturing malt beverages.",Howard Allred — Chief Financial Officer,3,2,,,,co-man status UNKNOWN — needs website check; 2 email(s) in Hoovers; mid-market size fit,not contacted,,,
585,6,"Zeeland Farm Services, Inc.",unclassified food/bev mfr,,Zeeland,Michigan,http://www.zfsinc.com,5.5555233E7,135,Private,"Zeeland Farm Services, Inc.",311224,"Zeeland Farm Services (ZFS) is a family-owned and operated business with seven decades of service to the agricultural and transportation industries. It provides grain, seed, soya, food, ingredients, e",Robb Meeuwsen — Vice President Oil Marketing,3,3,,,,co-man status UNKNOWN — needs website check; 3 email(s) in Hoovers; mid-market size fit,not contacted,,,
586,6,Zentis North America Holding LLC,unclassified food/bev mfr,,Plymouth,Indiana,http://www.zentis.de,3.0394409E7,190,Private,Zentis Fruchtwelt GmbH & Co. KG,311421,"Zentis North America Holding Llc is primarily engaged in canning fruits, vegetables, and fruit and vegetable juices; and in manufacturing catsup and similar tomato sauces, or natural and imitation pre",Nico Stobinski — President Chief Executive Officer,3,1,,,,co-man status UNKNOWN — needs website check; 1 email(s) in Hoovers; mid-market size fit,not contacted,,,
587,6,Zevia LLC,unclassified food/bev mfr,,Encino,California,http://www.zevia.com,2.03E8,87,Private,Zevia PBC,312111,Zevia Llc is primarily engaged in manufacturing soft drinks and carbonated waters.,Cerveceria Dominicana — Principal,3,3,,,,co-man status UNKNOWN — needs website check; 3 email(s) in Hoovers; mid-market size fit,not contacted,,,
588,5,"AAK USA K1, LLC",unclassified food/bev mfr,,Louisville,Kentucky,http://www.aak.com,3.5959427E7,150,Private,Aak Denmark Holding A/S,311225,"Aak Usa K1, Llc is primarily engaged in manufacturing shortening, table oils, margarine, and other edible fats and oils, not elsewhere classified.",,2,1,,,,co-man status UNKNOWN — needs website check; 1 email(s) in Hoovers; mid-market size fit,not contacted,,,
589,5,ABP Corporation,unclassified food/bev mfr,,Boston,Massachusetts,http://www.aubonpain.com,3.9426792E7,1500,Private,ABP Corporation,445291,"The American Board of Pediatrics (ABP) is an independent, nonprofit organization that certifies pediatricians and pediatric subspecialists in the United States. Its certification is recognized globall",Susan Morelli — President,3,0,,,,"co-man status UNKNOWN — needs website check; 3 contact(s), no email flag; mid-market size fit; Northeast",not contacted,,,
590,5,"AMERIPEC, INC.",unclassified food/bev mfr,,Buena Park,California,http://www.ameripec.com,2.6200506E7,150,Private,President Global Corporation,312111,"Ameripec, Inc. is primarily engaged in manufacturing soft drinks and carbonated waters.",,3,2,,,,co-man status UNKNOWN — needs website check; 2 email(s) in Hoovers; mid-market size fit,not contacted,,,
591,5,"Abbyland Foods, Inc.",unclassified food/bev mfr,,Abbotsford,Wisconsin,http://www.abbyland.com,4.4794651E7,500,Private,"Abbyland Foods, Inc.",311612,"Abbyland Foods, Inc. is primarily engaged in manufacturing sausages, cured meats, smoked meats, canned meats, frozen meats, and other prepared meats and meat specialties, from purchased carcasses and ",,3,3,,,,co-man status UNKNOWN — needs website check; 3 email(s) in Hoovers; mid-market size fit,not contacted,,,
592,5,"Agri-mark, Inc.",unclassified food/bev mfr,,Andover,Massachusetts,http://www.agrimark.net,3.0586121E8,900,Private,"Agri-mark, Inc.",311511,"Cheese lovers who make a habit of Cabot ought to know about Agri-Mark.The northeastern US dairy cooperativemakes Cabot-brand Vermont cheddar cheese, butter, and cultured dairy products, as well as McC",Dan Serna — Chief Financial Officer,3,0,,,,"co-man status UNKNOWN — needs website check; 3 contact(s), no email flag; mid-market size fit; Northeast",not contacted,,,
593,5,"Angie's Artisan Treats, LLC",unclassified food/bev mfr,,North Mankato,Minnesota,,2.2816311E7,100,Partnership,"Conagra Brands, Inc.",311919,"Angie's Artisan Treats, Llc is primarily engaged in manufacturing potato chips, corn chips, and similar snacks.",,3,3,,,,co-man status UNKNOWN — needs website check; 3 email(s) in Hoovers; mid-market size fit,not contacted,,,
594,5,Arthur Schuman Inc.,unclassified food/bev mfr,,Fairfield,New Jersey,http://www.schumancheese.com,1.811489E8,350,Private,Arthur Schuman Inc.,311513,"Arthur Schuman Inc. is primarily engaged in manufacturing natural cheese (except cottage cheese), processed cheese, cheese foods, cheese spreads, and cheese analogs (imitations and substitutes). These",Shawn T Condon — Chief Operating Officer,3,0,,,,"co-man status UNKNOWN — needs website check; 3 contact(s), no email flag; mid-market size fit; Northeast",not contacted,,,
595,5,Baldi Candy Co.,unclassified food/bev mfr,,Chicago,Illinois,http://www.arwayconfections.com,2.6800243E7,110,Private,Baldi Candy Co.,311340,"Baldi Candy Co. is primarily engaged in manufacturing candy, including chocolate candy, other confections, and related products.",,3,1,,,,co-man status UNKNOWN — needs website check; 1 email(s) in Hoovers; mid-market size fit,not contacted,,,
596,5,"Birds Eye Foods, Inc.",unclassified food/bev mfr,,Cherry Hill,New Jersey,,4.0600452E7,1585,Private,"Birds Eye Foods, Inc.",311919,"The view at Birds Eye Foods is on vegetables and a healthy bottom line. The company's namesake packaged frozen vegetables, whether boxed and bagged, are the #1 brand in the US frozen vegetable industr",Chris Puma — Chief Financial Officer,3,0,,,,"co-man status UNKNOWN — needs website check; 3 contact(s), no email flag; mid-market size fit; Northeast",not contacted,,,
597,5,"Blue Buffalo Company, Ltd.",unclassified food/bev mfr,,Wilton,Connecticut,http://www.bluebuffalo.com,4.8057568E8,1300,Private,"Blue Buffalo Pet Products, Inc.",311111,"Blue Buffalo Company, Ltd. is primarily engaged in manufacturing dog and cat food from cereal, meat, and other ingredients. These preparations may be canned, frozen, or dry.",Sally Radka — Principal,3,0,,,,"co-man status UNKNOWN — needs website check; 3 contact(s), no email flag; mid-market size fit; Northeast",not contacted,,,
598,5,Boston Beer Corporation,unclassified food/bev mfr,,Boston,Massachusetts,http://www.brewbound.com,1.2306552E8,1000,Private,Boston Brewing Co Inc,312120,Boston Beer Corporation is primarily engaged in manufacturing malt beverages.,Robert Pagano — Vice President Brand Development,2,0,,,,"co-man status UNKNOWN — needs website check; 2 contact(s), no email flag; mid-market size fit; Northeast",not contacted,,,
599,5,"Brady Enterprises, Inc.",unclassified food/bev mfr,,Billerica,Massachusetts,http://www.bradyenterprises.com,2.3477959E7,90,Private,,311942,"Brady Enterprises, Inc. is primarily engaged in manufacturing prepared foods and miscellaneous food specialties, not elsewhere classified, such as baking powder, yeast, and other leavening compounds; ",Jan Brady — Chief Executive Officer,3,0,,,,"co-man status UNKNOWN — needs website check; 3 contact(s), no email flag; mid-market size fit; Northeast",not contacted,,,
600,5,Byrne Dairy Inc.,unclassified food/bev mfr,,La Fayette,New York,http://www.byrnedairystores.com,1.1223289E8,620,Private,Byrne Dairy Inc.,311520,Byrne Dairy Inc. is primarily engaged in manufacturing ice cream and other frozen desserts.,Christopher Byrne — Small Business Owner,3,0,,,,"co-man status UNKNOWN — needs website check; 3 contact(s), no email flag; mid-market size fit; Northeast",not contacted,,,
601,5,"C&H Sugar Company, Inc.",unclassified food/bev mfr,,Crockett,California,http://www.asr-group.com,3.3426516999999996E7,550,Private,"American Sugar Refining, Inc.",311313,"C&H Sugar's products go hand-in-hand with baked sweets and candy treats. The company processes about 700,000 tons of cane sugar per year, turning the canes into both sugar and molasses. It makes more ",,3,3,,,,co-man status UNKNOWN — needs website check; 3 email(s) in Hoovers; mid-market size fit,not contacted,,,
602,5,"CFC, Inc.",unclassified food/bev mfr,,Des Plaines,Illinois,http://www.cvoils.com,8.9961639E7,100,Private,"CFC, Inc.",311225,"Cfc, Inc. is primarily engaged in manufacturing shortening, table oils, margarine, and other edible fats and oils, not elsewhere classified.",,3,3,,,,co-man status UNKNOWN — needs website check; 3 email(s) in Hoovers; mid-market size fit,not contacted,,,
603,5,"Campofresco, Corp.",unclassified food/bev mfr,,Santa Isabel,Puerto Rico,http://www.campofresco.com,2.8921675E7,150,Private,,311421,"Campofresco, Corp. is primarily engaged in canning fruits, vegetables, and fruit and vegetable juices; and in manufacturing catsup and similar tomato sauces, or natural and imitation preserves, jams, ",,3,3,,,,co-man status UNKNOWN — needs website check; 3 email(s) in Hoovers; mid-market size fit,not contacted,,,
604,5,Carlos Bakery Inc.,unclassified food/bev mfr,,Jersey City,New Jersey,http://www.carlosbakery.com,1.1008679E8,1050,Private,Carlos Bakery Inc.,445291,Carlos Bakery Inc. is primarily engaged in the retail sale of bakery products. The products may be purchased from others or made on the premises.,VINCENT TUBITO — Chief Financial Officer,3,0,,,,"co-man status UNKNOWN — needs website check; 3 contact(s), no email flag; mid-market size fit; Northeast",not contacted,,,
605,5,"Carolina Ingredients, LLC",unclassified food/bev mfr,,Rock Hill,South Carolina,http://www.carolinaingredients.com,2.4002439E7,60,Private,"Mitsubishi International Food Ingredients, Inc.",311999,"Carolina Ingredients, Llc is primarily engaged in manufacturing prepared foods and miscellaneous food specialties, not elsewhere classified, such as baking powder, yeast, and other leavening compounds",,3,3,,,,co-man status UNKNOWN — needs website check; 3 email(s) in Hoovers; mid-market size fit,not contacted,,,
606,5,"Central Coca-Cola Bottling Company, Inc.",unclassified food/bev mfr,,Elmsford,New York,http://www.coca-cola.com,8.4910042E7,2100,Private,"Coca-Cola Refreshments USA, LLC",312111,"Central Coca-Cola Bottling Company, Inc. is primarily engaged in manufacturing soft drinks and carbonated waters.",Palmer Vicki — Executive Vice President,3,0,,,,"co-man status UNKNOWN — needs website check; 3 contact(s), no email flag; mid-market size fit; Northeast",not contacted,,,
607,5,"Cherryfield Foods, Inc.",unclassified food/bev mfr,,Cherryfield,Maine,http://www.oxfordfrozenfoods.com,2.3569273E7,75,Private,Oxford Frozen Foods Limited,311421,"Cherryfield Foods, Inc. is primarily engaged in canning fruits, vegetables, and fruit and vegetable juices; and in manufacturing catsup and similar tomato sauces, or natural and imitation preserves, j",John Bragg — Chief Executive Officer,3,0,,,,"co-man status UNKNOWN — needs website check; 3 contact(s), no email flag; mid-market size fit; Northeast",not contacted,,,
608,5,"Chobani Global Holdings, LLC",unclassified food/bev mfr,,New Berlin,New York,http://www.chobani.com,7.4823474E8,2450,Private,"Chobani Global Holdings, LLC",311511,"Chobani Global Holdings, Llc is primarily engaged in processing (e.g., pasteurizing, homogenizing, vitaminizing, bottling) fluid milk and cream, and related products, including cottage cheese, yogurt ",Kyle Obrien — Executive Vice President Of Sales,3,2,,,,co-man status UNKNOWN — needs website check; 2 email(s) in Hoovers; large; Northeast,not contacted,,,
609,5,"Chobani, LLC",unclassified food/bev mfr,,New Berlin,New York,http://www.chobani.com,7.3066949E8,2450,Private,"Chobani Global Holdings, LLC",311511,"Chobani, Llc is primarily engaged in processing (e.g., pasteurizing, homogenizing, vitaminizing, bottling) fluid milk and cream, and related products, including cottage cheese, yogurt (except frozen),",Tarkan Gurkan — Chief Financial Officer,3,3,,,,co-man status UNKNOWN — needs website check; 3 email(s) in Hoovers; large; Northeast,not contacted,,,
610,5,"Clemens Food Group, LLC",unclassified food/bev mfr,,Hatfield,Pennsylvania,http://www.clemensfoodgroup.com,1.040817E8,500,Private,"Pleasant Valley Foods, LLC",311611,"Clemens Food Group, Llc is primarily engaged in the slaughtering, for their own account or on a contract basis for the trade, of cattle, hogs, sheep, lambs, and calves for meat to be sold or to be use",,3,1,,,,co-man status UNKNOWN — needs website check; 1 email(s) in Hoovers; mid-market size fit,not contacted,,,
611,5,"Columbus Manufacturing, Inc.",unclassified food/bev mfr,,Hayward,California,http://www.columbuscraftmeats.com,2.1734133E7,250,Private,Hormel Foods Corporation,311612,"Columbus Manufacturing, Inc. is primarily engaged in manufacturing sausages, cured meats, smoked meats, canned meats, frozen meats, and other prepared meats and meat specialties, from purchased carcas",,3,1,,,,co-man status UNKNOWN — needs website check; 1 email(s) in Hoovers; mid-market size fit,not contacted,,,
612,5,"Compania Cervecera De Puerto Rico, Inc.",unclassified food/bev mfr,,Mayaguez,Puerto Rico,http://www.cerveceradepr.com,2.5481211E7,275,Private,"Compania Cervecera De Puerto Rico, Inc.",312120,"Compania Cervecera De Puerto Rico, Inc. is primarily engaged in manufacturing malt beverages.",,3,3,,,,co-man status UNKNOWN — needs website check; 3 email(s) in Hoovers; mid-market size fit,not contacted,,,
613,5,"Crystal Farms, Inc.",unclassified food/bev mfr,,Oakwood,Georgia,,2.1796488E7,130,Private,"Wincorp Properties, Inc.",311615,"Crystal Farms, Inc. is primarily engaged in slaughtering, dressing, packing, freezing, and canning poultry, rabbits, and other small game, or in manufacturing products from such meats, for their own a",,3,1,,,,co-man status UNKNOWN — needs website check; 1 email(s) in Hoovers; mid-market size fit,not contacted,,,
614,5,"Daddy Ray's, Inc.",unclassified food/bev mfr,,Moscow Mills,Missouri,http://www.jjsnack.com,2.4706509E7,200,Private,J&J Snack Foods Corp.,311821,"Daddy Ray's, Inc. is primarily engaged in manufacturing fresh cookies, crackers, pretzels, and similar ""dry"" bakery products.",,3,2,,,,co-man status UNKNOWN — needs website check; 2 email(s) in Hoovers; mid-market size fit,not contacted,,,
615,5,Daniele International LLC,unclassified food/bev mfr,,Mapleville,Rhode Island,http://www.delducafood.com,6.7224915E7,600,Private,Daniele International LLC,311612,"Daniele International Llc is primarily engaged in manufacturing sausages, cured meats, smoked meats, canned meats, frozen meats, and other prepared meats and meat specialties, from purchased carcasses",Tim Shanley — PresidentCeo,3,0,,,,"co-man status UNKNOWN — needs website check; 3 contact(s), no email flag; mid-market size fit; Northeast",not contacted,,,
616,5,"Dave's Killer Bread, Inc.",unclassified food/bev mfr,,Portland,Oregon,http://www.daveskillerbread.com,2.3252947E7,300,Private,"Flowers Foods, Inc.",311812,"Dave's Killer Bread, Inc. is primarily engaged in manufacturing fresh or frozen bread and bread-type rolls and fresh cakes, pies, pastries and other similar ""perishable"" bakery products.",,3,2,,,,co-man status UNKNOWN — needs website check; 2 email(s) in Hoovers; mid-market size fit,not contacted,,,
617,5,Dean Holding Company,unclassified food/bev mfr,,Dallas,Texas,http://www.dfamilk.com,1.4804149E8,10080,Private,Dean Foods Company,311514,"Dean Holding Company is primarily engaged in manufacturing dry, condensed, and evaporated dairy products. This also includes manufacturing mixes for the preparation of frozen ice cream and ice milk an",,3,2,,,,co-man status UNKNOWN — needs website check; 2 email(s) in Hoovers; mid-market size fit,not contacted,,,
618,5,Deb El Food Products LLC,unclassified food/bev mfr,,Newark,New Jersey,http://www.debelfoods.com,1.0815278E8,400,Private,Deb El Food Products LLC,311999,"Deb El Food Products Llc is primarily engaged in slaughtering, dressing, packing, freezing, and canning poultry, rabbits, and other small game, or in manufacturing products from such meats, for their ",Itchie Deutsch — Chief Financial Officer,3,0,,,,"co-man status UNKNOWN — needs website check; 3 contact(s), no email flag; mid-market size fit; Northeast",not contacted,,,
619,5,"Demakes Enterprises, LLC",unclassified food/bev mfr,,Lynn,Massachusetts,http://www.oldneighborhoodfoods.com,4.9654091E7,350,Private,"Demakes Enterprises, LLC",311612,"Demakes Enterprises, Llc is primarily engaged in manufacturing sausages, cured meats, smoked meats, canned meats, frozen meats, and other prepared meats and meat specialties, from purchased carcasses ",Jeremy Hmura — Chief Financial Officer,3,0,,,,"co-man status UNKNOWN — needs website check; 3 contact(s), no email flag; mid-market size fit; Northeast",not contacted,,,
620,5,"Diageo North America, Inc.",unclassified food/bev mfr,,New York,New York,http://diageo.com,4.822377E8,8040,Private,DIAGEO PLC,312130,Diageo North America is a global leader in beverage alcohol with an outstanding collection of brands across spirits and beer. The North American subsidiary of distiller giant Diageo plc markets and se,Alden Schacher — Vice President Government Relations,3,0,,,,"co-man status UNKNOWN — needs website check; 3 contact(s), no email flag; mid-market size fit; Northeast",not contacted,,,
621,5,"Diana Food, Inc.",unclassified food/bev mfr,,Silverton,Oregon,http://www.diana-food.com,2.277849E7,100,Private,Symrise AG,311423,"Diana Food, Inc. is primarily engaged in sun drying or artificially dehydrating fruits and vegetables, or in manufacturing packaged soup mixes from dehydrated ingredients.",,1,1,,,,co-man status UNKNOWN — needs website check; 1 email(s) in Hoovers; mid-market size fit,not contacted,,,
622,5,Dogfish Head Craft Brewery LLC,unclassified food/bev mfr,,Milton,Delaware,http://www.dogfish.com,2.7306618E7,220,Private,Boston Beer Corporation,312120,Dogfish Head Craft Brewery Llc is primarily engaged in manufacturing malt beverages.,,3,3,,,,co-man status UNKNOWN — needs website check; 3 email(s) in Hoovers; mid-market size fit,not contacted,,,
623,5,Dorada Poultry LLC,unclassified food/bev mfr,,Oklahoma City,Oklahoma,http://www.lopezfoods.com,2.8344309E7,900,Private,Dorada Poultry LLC,311615,"Dorada Poultry Llc is primarily engaged in slaughtering, dressing, packing, freezing, and canning poultry, rabbits, and other small game, or in manufacturing products from such meats, for their own ac",,3,2,,,,co-man status UNKNOWN — needs website check; 2 email(s) in Hoovers; mid-market size fit,not contacted,,,
624,5,"Drinkpak II, LLC",unclassified food/bev mfr,,Fort Worth,Texas,http://drinkpak.com,3.2E7,275,Private,,312111,"Drinkpak Ii, Llc is primarily engaged in manufacturing soft drinks and carbonated waters.",,1,1,,,,co-man status UNKNOWN — needs website check; 1 email(s) in Hoovers; mid-market size fit,not contacted,,,
625,5,"Dunkin' Brands, Inc.",unclassified food/bev mfr,,Canton,Massachusetts,http://www.dunkindonuts.com,4.0286435E8,1075,Private,"Dunkin' Brands Group, Inc.",445291,"Dunkin' Brands, Inc. is primarily engaged in the retail sale of bakery products. The products may be purchased from others or made on the premises.",Lawrence Harris — Principal,3,0,,,,"co-man status UNKNOWN — needs website check; 3 contact(s), no email flag; mid-market size fit; Northeast",not contacted,,,
626,5,"Emmi Roth USA, Inc.",unclassified food/bev mfr,,Stoughton,Wisconsin,http://www.emmiroth.com,8.9038658E7,231,Private,Emmi Schweiz AG,311513,"Emmi Roth Usa, Inc. is primarily engaged in manufacturing natural cheese (except cottage cheese), processed cheese, cheese foods, cheese spreads, and cheese analogs (imitations and substitutes). These",,3,3,,,,co-man status UNKNOWN — needs website check; 3 email(s) in Hoovers; mid-market size fit,not contacted,,,
627,5,"Europastry USA, Inc.",unclassified food/bev mfr,,Ronkonkoma,New York,http://www.europastry.com,9.8539093E7,425,Private,"Europastry USA, Inc.",311812,"Europastry Usa, Inc. is primarily engaged in manufacturing fresh or frozen bread and bread-type rolls and fresh cakes, pies, pastries and other similar ""perishable"" bakery products.",Jeanfrancois Duquesne — Chief Executive Officer,3,0,,,,"co-man status UNKNOWN — needs website check; 3 contact(s), no email flag; mid-market size fit; Northeast",not contacted,,,
628,5,Fairfield Gourmet Food Corp.,unclassified food/bev mfr,,Cedar Grove,New Jersey,http://www.davidscookies.com,4.3451303E8,2970,Private,Fairfield Gourmet Food Corp.,311821,"Fairfield Gourmet Food Corp. is primarily engaged in manufacturing fresh cookies, crackers, pretzels, and similar ""dry"" bakery products.",Ari Margulies — president,3,0,,,,"co-man status UNKNOWN — needs website check; 3 contact(s), no email flag; mid-market size fit; Northeast",not contacted,,,
629,5,Ferrara Candy Company,unclassified food/bev mfr,,Chicago,Illinois,http://www.ferrara.com,7.0030853E8,1100,Private,FERRERO INTERNATIONAL S.A.,311340,"Ferrara Candy Company is primarily engaged in manufacturing candy, including chocolate candy, other confections, and related products.",,3,3,,,,co-man status UNKNOWN — needs website check; 3 email(s) in Hoovers; mid-market size fit,not contacted,,,
630,5,Fieldbrook Foods Corporation,unclassified food/bev mfr,,Dunkirk,New York,http://www.wellsenterprisesinc.com,4.6231384E7,350,Private,"Wells Enterprises, Inc.",311520,Fieldbrook Foods Corporation is primarily engaged in manufacturing ice cream and other frozen desserts.,Norma Pulci — Executive Administrative Assistant To President,3,0,,,,"co-man status UNKNOWN — needs website check; 3 contact(s), no email flag; mid-market size fit; Northeast",not contacted,,,
631,5,"Finlay Extracts & Ingredients USA, Inc.",unclassified food/bev mfr,,Lincoln,Rhode Island,http://www.finlays.net,1.2580228E8,336,Private,"James Finlay International, Inc.",311920,"Finlay Extracts & Ingredients Usa, Inc. is primarily engaged in roasting coffee, and in manufacturing coffee concentrates and extracts in powdered, liquid, or frozen form, including freeze-dried.",Art Lopez — Vice President Of Marketing,3,0,,,,"co-man status UNKNOWN — needs website check; 3 contact(s), no email flag; mid-market size fit; Northeast",not contacted,,,
632,5,"Firestone Walker, Inc.",unclassified food/bev mfr,,Paso Robles,California,http://www.firestonewalker.com,4.7395897E7,500,Private,"Firestone Walker, Inc.",312120,"Firestone Walker, Inc. is primarily engaged in manufacturing malt beverages.",,3,3,,,,co-man status UNKNOWN — needs website check; 3 email(s) in Hoovers; mid-market size fit,not contacted,,,
633,5,"Flowers Baking Co. of Batesville, LLC",unclassified food/bev mfr,,Batesville,Arkansas,http://www.fbcbatesville.org,2.4793203E7,185,Private,"Flowers Foods, Inc.",311812,"Flowers Baking Co. Of Batesville, Llc is primarily engaged in manufacturing fresh or frozen bread and bread-type rolls and fresh cakes, pies, pastries and other similar ""perishable"" bakery products.",,2,2,,,,co-man status UNKNOWN — needs website check; 2 email(s) in Hoovers; mid-market size fit,not contacted,,,
634,5,"Food Ingredients Technology Company, L.L.C.",unclassified food/bev mfr,,Anniston,Alabama,,2.4979452E7,153,Partnership,,311119,"Food Ingredients Technology Company, L.L.C. is primarily engaged in manufacturing prepared feeds and feed ingredients and adjuncts for animals and fowls, except dogs and cats. Included in this industr",,3,1,,,,co-man status UNKNOWN — needs website check; 1 email(s) in Hoovers; mid-market size fit,not contacted,,,
635,5,Fort Peck Assiniboine & Sioux Tribes,unclassified food/bev mfr,,Poplar,Montana,http://www.fortpecktribes.org,2.6158457E7,466,Private,Fort Peck Assiniboine & Sioux Tribes,311611,"Fort Peck Assiniboine & Sioux Tribes is primarily engaged in the slaughtering, for their own account or on a contract basis for the trade, of cattle, hogs, sheep, lambs, and calves for meat to be sold",,3,3,,,,co-man status UNKNOWN — needs website check; 3 email(s) in Hoovers; mid-market size fit,not contacted,,,
636,5,"Fuji Specialties, Inc.",unclassified food/bev mfr,,Savannah,Georgia,,2.1915991E7,105,Private,"FUJI OIL CO., LTD.",311999,"Fuji Specialties, Inc. is primarily engaged in manufacturing prepared foods and miscellaneous food specialties, not elsewhere classified, such as baking powder, yeast, and other leavening compounds; p",,1,1,,,,co-man status UNKNOWN — needs website check; 1 email(s) in Hoovers; mid-market size fit,not contacted,,,
637,5,"Global Trading Enterprises, LLC",unclassified food/bev mfr,,Swedesboro,New Jersey,,2.3881771E7,150,Private,MIDDLE EAST FOODSTUFF COMPANY,311999,"Global Trading Enterprises, Llc is primarily engaged in manufacturing prepared foods and miscellaneous food specialties, not elsewhere classified, such as baking powder, yeast, and other leavening com",Luis Villalobos — Chief Operating Officer,3,0,,,,"co-man status UNKNOWN — needs website check; 3 contact(s), no email flag; mid-market size fit; Northeast",not contacted,,,
638,5,"Gold Medal Bakery, Inc.",unclassified food/bev mfr,,Fall River,Massachusetts,http://www.goldmedalbakery.com,9.2920364E7,500,Private,"Gold Medal Bakery, Inc.",311812,"Gold Medal Bakery, Inc. is primarily engaged in manufacturing fresh or frozen bread and bread-type rolls and fresh cakes, pies, pastries and other similar ""perishable"" bakery products.",Roland Lecomte — Chief Executive Officer,3,0,,,,"co-man status UNKNOWN — needs website check; 3 contact(s), no email flag; mid-market size fit; Northeast",not contacted,,,
639,5,Gorton's Inc.,unclassified food/bev mfr,,Gloucester,Massachusetts,http://www.gortons.com,3.2542282E8,975,Private,"Nissui USA, Inc.",311710,"Gorton's of Gloucester, a subsidiary of Japanese seafood conglomerate Nissui, is a leading producer of frozen seafood for the US retail market. It holds the #1 market share in the US household prepare",Susan Weeks — Principal,3,0,,,,"co-man status UNKNOWN — needs website check; 3 contact(s), no email flag; mid-market size fit; Northeast",not contacted,,,
640,5,"Goya De Puerto Rico, Inc.",unclassified food/bev mfr,,Bayamon,Puerto Rico,http://www.goyapr.com,2.4632078E7,500,Private,"Goya Foods, Inc.",311421,"Goya De Puerto Rico, Inc. is primarily engaged in canning fruits, vegetables, and fruit and vegetable juices; and in manufacturing catsup and similar tomato sauces, or natural and imitation preserves,",,1,1,,,,co-man status UNKNOWN — needs website check; 1 email(s) in Hoovers; mid-market size fit,not contacted,,,
641,5,"H.j. Heinz Company, L.p.",unclassified food/bev mfr,,Massillon,Ohio,,2.2941175E7,600,Partnership,Kraft Heinz Foods Company,311411,"H.J. Heinz Company, L.P. is primarily engaged in freezing fruits, fruit juices, and vegetables. These establishments also produce important byproducts such as fresh or dried citrus pulp.",,3,1,,,,co-man status UNKNOWN — needs website check; 1 email(s) in Hoovers; mid-market size fit,not contacted,,,
642,5,HDS Retail North America L.P.,unclassified food/bev mfr,,New York,New York,http://www.paradieslagardere.com,4.5851044E8,4506,Private,HDS Retail North America L.P.,445291,Hds Retail North America L.P. is primarily engaged in the retail sale of bakery products. The products may be purchased from others or made on the premises.,Gregg Paradies — President And Ceo,3,0,,,,"co-man status UNKNOWN — needs website check; 3 contact(s), no email flag; mid-market size fit; Northeast",not contacted,,,
643,5,Harney & Sons Tea Corp.,unclassified food/bev mfr,,Millerton,New York,http://www.harney.com,3.3113106000000004E7,200,Private,Harney & Sons Tea Corp.,311920,"Harney & Sons Tea Corp. is primarily engaged in manufacturing prepared foods and miscellaneous food specialties, not elsewhere classified, such as baking powder, yeast, and other leavening compounds; ",Paul Harney — Vice President,3,0,,,,"co-man status UNKNOWN — needs website check; 3 contact(s), no email flag; mid-market size fit; Northeast",not contacted,,,
644,5,"House of Raeford Farms of Louisiana, L.L.C.",unclassified food/bev mfr,,Arcadia,Louisiana,http://www.houseofraeford.com,9.6890335E7,700,Private,"Nash Johnson & Sons` Farms, Inc.",311615,"House Of Raeford Farms Of Louisiana, L.L.C. is primarily engaged in slaughtering, dressing, packing, freezing, and canning poultry, rabbits, and other small game, or in manufacturing products from suc",,3,3,,,,co-man status UNKNOWN — needs website check; 3 email(s) in Hoovers; mid-market size fit,not contacted,,,
645,5,"Huntsinger Farms, Inc.",unclassified food/bev mfr,,Eau Claire,Wisconsin,http://www.huntsingerfarms.com,4.9042553E7,200,Private,"Huntsinger Farms, Inc.",311941,"Huntsinger Farms, Inc. is primarily engaged in pickling and brining fruits and vegetables, and in manufacturing salad dressings, vegetable relishes, sauces, and seasonings.",,3,3,,,,co-man status UNKNOWN — needs website check; 3 email(s) in Hoovers; mid-market size fit,not contacted,,,
646,5,"International Grains and Cereal, LLC",unclassified food/bev mfr,,Greenville,Texas,http://www.internationalgrainsandcereal.com,2.4128508E7,50,Private,Alimentos Polar International Inc.,311221,"International Grains And Cereal, Llc is primarily engaged in milling corn or sorghum grain (milo) by the wet process, and producing starch, syrup, oil, sugar, and by-products, such as gluten feed and ",,3,1,,,,co-man status UNKNOWN — needs website check; 1 email(s) in Hoovers; mid-market size fit,not contacted,,,
647,5,"JBS Packerland, Inc.",unclassified food/bev mfr,,Green Bay,Wisconsin,http://www.jbsfoodsgroup.com,3.1972647E7,1000,Private,Packerland Holdings Inc,311611,"Jbs Packerland, Inc. is primarily engaged in the slaughtering, for their own account or on a contract basis for the trade, of cattle, hogs, sheep, lambs, and calves for meat to be sold or to be used o",,3,3,,,,co-man status UNKNOWN — needs website check; 3 email(s) in Hoovers; mid-market size fit,not contacted,,,
648,5,"JBS Plainwell, Inc.",unclassified food/bev mfr,,Plainwell,Michigan,http://www.jbsfoodsgroup.com,2.4415388E7,250,Private,JBS USA Food Company,311611,"Jbs Plainwell, Inc. is primarily engaged in the slaughtering, for their own account or on a contract basis for the trade, of cattle, hogs, sheep, lambs, and calves for meat to be sold or to be used on",,3,3,,,,co-man status UNKNOWN — needs website check; 3 email(s) in Hoovers; mid-market size fit,not contacted,,,
649,5,"JBS Souderton, Inc.",unclassified food/bev mfr,,Souderton,Pennsylvania,http://www.mopac.com,4.5933113E7,1550,Private,JBS S/A,311611,"Jbs Souderton, Inc. is primarily engaged in the slaughtering, for their own account or on a contract basis for the trade, of cattle, hogs, sheep, lambs, and calves for meat to be sold or to be used on",,3,3,,,,co-man status UNKNOWN — needs website check; 3 email(s) in Hoovers; mid-market size fit,not contacted,,,
650,5,"JBS Tolleson, Inc.",unclassified food/bev mfr,,Tolleson,Arizona,,3.1972647E7,475,Private,"JBS Packerland, Inc.",311611,"Jbs Tolleson, Inc. is primarily engaged in the slaughtering, for their own account or on a contract basis for the trade, of cattle, hogs, sheep, lambs, and calves for meat to be sold or to be used on ",,3,1,,,,co-man status UNKNOWN — needs website check; 1 email(s) in Hoovers; mid-market size fit,not contacted,,,
651,5,"Kerr Concentrates, Inc.",unclassified food/bev mfr,,Salem,Oregon,http://www.kerrbyingredion.com,2.1839609E7,85,Private,Ingredion Incorporated,311930,"Kerr Concentrates, Inc. is primarily engaged in manufacturing flavoring extracts, syrups, powders, and related products, not elsewhere classified, for soda fountain use or for the manufacture of soft ",,3,2,,,,co-man status UNKNOWN — needs website check; 2 email(s) in Hoovers; mid-market size fit,not contacted,,,
652,5,Kerry Inc.,unclassified food/bev mfr,,Beloit,Wisconsin,http://www.kerry.com,9.826355E8,1800,Private,Kerry Holding Co.,311999,"Kerry Inc. is primarily engaged in manufacturing prepared foods and miscellaneous food specialties, not elsewhere classified, such as baking powder, yeast, and other leavening compounds; peanut butter",,3,2,,,,co-man status UNKNOWN — needs website check; 2 email(s) in Hoovers; mid-market size fit,not contacted,,,
653,5,Koch Foods LLC,unclassified food/bev mfr,,Chattanooga,Tennessee,http://www.kochfoods.com,5.7768944E7,103,Private,"Koch Meat Co., Inc.",311615,"Koch Foods Llc is primarily engaged in slaughtering, dressing, packing, freezing, and canning poultry, rabbits, and other small game, or in manufacturing products from such meats, for their own accoun",,3,2,,,,co-man status UNKNOWN — needs website check; 2 email(s) in Hoovers; mid-market size fit,not contacted,,,
654,5,Koch Foods Of Alabama LLC,unclassified food/bev mfr,,Montgomery,Alabama,,2.1403236E7,131,Private,,311615,"Koch Foods Of Alabama Llc is primarily engaged in slaughtering, dressing, packing, freezing, and canning poultry, rabbits, and other small game, or in manufacturing products from such meats, for their",,3,3,,,,co-man status UNKNOWN — needs website check; 3 email(s) in Hoovers; mid-market size fit,not contacted,,,
655,5,Kraft Foods Group Exports LLC,unclassified food/bev mfr,,Chicago,Illinois,http://www.kraftheinzcompany.com,4.9311771E7,222,Private,The Kraft Heinz Company,311421,"Kraft Foods Group Exports Llc is primarily engaged in canning fruits, vegetables, and fruit and vegetable juices; and in manufacturing catsup and similar tomato sauces, or natural and imitation preser",,3,3,,,,co-man status UNKNOWN — needs website check; 3 email(s) in Hoovers; mid-market size fit,not contacted,,,
656,5,"Lallemand Specialties, Inc.",unclassified food/bev mfr,,Milwaukee,Wisconsin,http://www.lallemand.com,2.4321283E7,165,Private,Lallemand Inc.,311999,"Lallemand Specialties, Inc. is primarily engaged in manufacturing prepared foods and miscellaneous food specialties, not elsewhere classified, such as baking powder, yeast, and other leavening compoun",,3,3,,,,co-man status UNKNOWN — needs website check; 3 email(s) in Hoovers; mid-market size fit,not contacted,,,
657,5,"Lassonde Pappas And Company, Inc.",unclassified food/bev mfr,,Cherry Hill,New Jersey,http://www.lassondepappas.com,9.4809097E7,600,Private,"Pappas Lassonde Holdings, Inc.",311421,"The Lassonde Pappas is one of the nation's leading producers of store-brand ready-to-drink fruit juices and drinks and a major maker of cranberry juices, drinks, and sauces. The company markets its pr",Brian Larson — Principal,3,0,,,,"co-man status UNKNOWN — needs website check; 3 contact(s), no email flag; mid-market size fit; Northeast",not contacted,,,
658,5,"Latino Enterprises, Inc.",unclassified food/bev mfr,,Atlanta,Georgia,http://www.lachiquitatortilla.com,3.8003712E7,150,Private,"Latino Enterprises, Inc.",311830,"Latino Enterprises, Inc. is primarily engaged in manufacturing prepared foods and miscellaneous food specialties, not elsewhere classified, such as baking powder, yeast, and other leavening compounds;",,3,2,,,,co-man status UNKNOWN — needs website check; 2 email(s) in Hoovers; mid-market size fit,not contacted,,,
659,5,M.G. Waldbaum Company,unclassified food/bev mfr,,Hopkins,Minnesota,http://www.michaelfoods.com,4.963093E8,2694,Private,"Michael Foods of Delaware, Inc.",311999,"M.G. Waldbaum Company is primarily engaged in slaughtering, dressing, packing, freezing, and canning poultry, rabbits, and other small game, or in manufacturing products from such meats, for their own",,3,1,,,,co-man status UNKNOWN — needs website check; 1 email(s) in Hoovers; mid-market size fit,not contacted,,,
660,5,"Maruchan Virginia, Inc.",unclassified food/bev mfr,,Richmond,Virginia,,2.2960352E7,185,Private,"Maruchan, Inc.",311824,"Maruchan Virginia, Inc. is primarily engaged in manufacturing dry macaroni, spaghetti, vermicelli, and noodles.",,3,2,,,,co-man status UNKNOWN — needs website check; 2 email(s) in Hoovers; mid-market size fit,not contacted,,,
661,5,Mayer Bros. Apple Products Inc.,unclassified food/bev mfr,,West Seneca,New York,http://www.mayerbros.com,4.1159248E7,150,Private,Mayer Bros. Apple Products Inc.,311421,"Mayer Bros. Apple Products Inc. is primarily engaged in canning fruits, vegetables, and fruit and vegetable juices; and in manufacturing catsup and similar tomato sauces, or natural and imitation pres",Garrett Mayer — Chief Executive Officer,3,0,,,,"co-man status UNKNOWN — needs website check; 3 contact(s), no email flag; mid-market size fit; Northeast",not contacted,,,
662,5,"Mayfield Dairy Farms, LLC",unclassified food/bev mfr,,Athens,Tennessee,http://www.mayfielddairy.com,2.564712E7,1700,Private,Dean Holding Company,311511,"Mayfield has kept on ""moo-ving"" for more than a century. Founded in 1910, Mayfield Dairy Farms produces and distributes milk (including buttermilk, chocolate milk, half-and-half, and egg nog), ice cre",,3,1,,,,co-man status UNKNOWN — needs website check; 1 email(s) in Hoovers; mid-market size fit,not contacted,,,
663,5,"Milkco, Inc.",unclassified food/bev mfr,,Asheville,North Carolina,http://www.milkco.com,5.0104141E7,265,Private,"Ingles Markets, Incorporated",311511,"Milkco, Inc. is primarily engaged in processing (e.g., pasteurizing, homogenizing, vitaminizing, bottling) fluid milk and cream, and related products, including cottage cheese, yogurt (except frozen),",,3,3,,,,co-man status UNKNOWN — needs website check; 3 email(s) in Hoovers; mid-market size fit,not contacted,,,
664,5,"Mirabito Holdings, Inc.",unclassified food/bev mfr,,Binghamton,New York,http://www.mirabito.com,1.0177427E8,375,Private,"Mirabito Holdings, Inc.",445291,"Seeking to fuel all the people, all the time, Mirabito Fuel serves clients in upstate New York with heating oil, propane, natural gas, gasoline and diesel fuels, kerosene, and lubricants. Its petroleu",Brett Hughes — Vice President Of Real Estate Business Development,3,0,,,,"co-man status UNKNOWN — needs website check; 3 contact(s), no email flag; mid-market size fit; Northeast",not contacted,,,
665,5,"Mizkan America, Inc.",unclassified food/bev mfr,,Schaumburg,Illinois,http://www.mizkan.com,5.2169714E8,1798,Private,"Mizkan America Holdings, Inc.",311942,"Mizkan America, Inc. is primarily engaged in manufacturing prepared foods and miscellaneous food specialties, not elsewhere classified, such as baking powder, yeast, and other leavening compounds; pea",,3,2,,,,co-man status UNKNOWN — needs website check; 2 email(s) in Hoovers; mid-market size fit,not contacted,,,
666,5,"Model Dairy, LLC",unclassified food/bev mfr,,Reno,Nevada,http://www.modeldairy.com,2.6174503E7,324,Private,Dean Foods Company,311511,"Model Dairy, Llc is primarily engaged in processing (e.g., pasteurizing, homogenizing, vitaminizing, bottling) fluid milk and cream, and related products, including cottage cheese, yogurt (except froz",,3,3,,,,co-man status UNKNOWN — needs website check; 3 email(s) in Hoovers; mid-market size fit,not contacted,,,
667,5,"Monogram Appetizers, LLC",unclassified food/bev mfr,,Memphis,Tennessee,http://www.monogramfoods.com,3.0152958E7,600,Private,"Monogram Food Solutions, LLC",311612,"Monogram Appetizers, Llc is primarily engaged in manufacturing sausages, cured meats, smoked meats, canned meats, frozen meats, and other prepared meats and meat specialties, from purchased carcasses ",,3,3,,,,co-man status UNKNOWN — needs website check; 3 email(s) in Hoovers; mid-market size fit,not contacted,,,
668,5,"Mountain View Brewery, LLC",unclassified food/bev mfr,,Lexington,Virginia,http://www.dbbrewingcompany.com,2.4663906E7,200,Private,,312120,"Mountain View Brewery, Llc is primarily engaged in manufacturing malt beverages.",,3,3,,,,co-man status UNKNOWN — needs website check; 3 email(s) in Hoovers; mid-market size fit,not contacted,,,
669,5,Navajo Agricultural Products Industry,unclassified food/bev mfr,,Farmington,New Mexico,http://napi.navajopride.com,2.3596886E7,1200,Nonprofit,The Navajo Nation Tribal Government,311211,"Navajo Agricultural Products Industry is primarily engaged in milling flour or meal from grain, except rice. The products of flour mills may be sold plain or in the form of prepared mixes or doughs fo",,3,3,,,,co-man status UNKNOWN — needs website check; 3 email(s) in Hoovers; mid-market size fit,not contacted,,,
670,5,"Nestle Pizza Company, Inc.",unclassified food/bev mfr,,Glenview,Illinois,http://www.kraftheinz.com,3.9708424E7,1500,Private,Nestlé S.A.,311412,"Nestle Pizza Company, Inc. is primarily engaged in manufacturing frozen food specialties, not elsewhere classified, such as frozen dinners and frozen pizza.",,3,2,,,,co-man status UNKNOWN — needs website check; 2 email(s) in Hoovers; mid-market size fit,not contacted,,,
671,5,Nortera Foods USA Inc.,unclassified food/bev mfr,,Brockport,New York,http://www.norterafoods.com,4.0351196E8,3000,Private,Nortera Foods USA Inc.,311421,"Nortera Foods Usa Inc. is primarily engaged in canning fruits, vegetables, and fruit and vegetable juices; and in manufacturing catsup and similar tomato sauces, or natural and imitation preserves, ja",Daniel Vielfaure — President,3,0,,,,"co-man status UNKNOWN — needs website check; 3 contact(s), no email flag; mid-market size fit; Northeast",not contacted,,,
672,5,North Coast Sea-Foods Corp.,unclassified food/bev mfr,,Boston,Massachusetts,http://www.northcoastseafoods.com,4.7410057E7,200,Private,North Coast Sea-Foods Corp.,311710,"North Coast Sea-Foods Corp. is primarily engaged in preparing fresh and raw or cooked frozen fish and other seafoods and seafood preparations, such as soups, stews, chowders, fishcakes, crabcakes, and",James Stavis — President,3,0,,,,"co-man status UNKNOWN — needs website check; 3 contact(s), no email flag; mid-market size fit; Northeast",not contacted,,,
673,5,Northwest Dairy Association,unclassified food/bev mfr,,Seattle,Washington,http://www.darigold.com,9.3269568E8,1300,Nonprofit,Northwest Dairy Association,311514,"Northwest Dairy Association (NDA) members milk a lot of cows. The dairy cooperative's 550-plus member/farmers ship 7.2 billion pounds of milk annually, which is processed by the co-op's subsidiary Dar",,3,3,,,,co-man status UNKNOWN — needs website check; 3 email(s) in Hoovers; mid-market size fit,not contacted,,,
674,5,"Northwest Frozen, LLC",unclassified food/bev mfr,,Seatac,Washington,,4.430331E7,200,Private,,311412,"Northwest Frozen, Llc is primarily engaged in manufacturing frozen food specialties, not elsewhere classified, such as frozen dinners and frozen pizza.",,3,2,,,,co-man status UNKNOWN — needs website check; 2 email(s) in Hoovers; mid-market size fit,not contacted,,,
675,5,"Nuovo Pasta Productions, Ltd.",unclassified food/bev mfr,,Stratford,Connecticut,http://www.nuovopasta.com,5.7328175E7,300,Private,"Nuovo Pasta Productions, Ltd.",311999,"Nuovo Pasta Productions, Ltd. is primarily engaged in manufacturing prepared foods and miscellaneous food specialties, not elsewhere classified, such as baking powder, yeast, and other leavening compo",Carl Zuanelli — President,3,0,,,,"co-man status UNKNOWN — needs website check; 3 contact(s), no email flag; mid-market size fit; Northeast",not contacted,,,
676,5,"Nutrivo, LLC",unclassified food/bev mfr,,Aurora,Illinois,http://www.nutrivo.com,2.3069862E7,145,Private,"Nutrivo, LLC",311999,"Nutrivo, Llc is primarily engaged in manufacturing prepared foods and miscellaneous food specialties, not elsewhere classified, such as baking powder, yeast, and other leavening compounds; peanut butt",,3,2,,,,co-man status UNKNOWN — needs website check; 2 email(s) in Hoovers; mid-market size fit,not contacted,,,
677,5,"OBS SMOKED & DISTRIBUTION, LLC",unclassified food/bev mfr,,Renton,Washington,http://www.oceanbeauty.com,8.1679474E7,300,Private,"OBS SMOKED & DISTRIBUTION, LLC",311710,"Obs Smoked & Distribution, Llc is primarily engaged in cooking and canning fish, shrimp, oysters, clams, crabs, and other seafoods, including soups; and those engaged in smoking, salting, drying, or o",,3,2,,,,co-man status UNKNOWN — needs website check; 2 email(s) in Hoovers; mid-market size fit,not contacted,,,
678,5,"Oasis Trading Company, LLC",unclassified food/bev mfr,,Hillside,New Jersey,,5.3403866E7,150,Private,Stratas Foods LLC,311225,"Oasis Trading Company, Llc is primarily engaged in manufacturing shortening, table oils, margarine, and other edible fats and oils, not elsewhere classified.",Anthony Alves — Chief Executive Officer,3,0,,,,"co-man status UNKNOWN — needs website check; 3 contact(s), no email flag; mid-market size fit; Northeast",not contacted,,,
679,5,"Ocean Direct, LLC",unclassified food/bev mfr,,Gardena,California,http://www.oceandirect.com,4.0925129E7,239,Private,"Richmond Wholesale Meat, LLC",311710,"Ocean Direct, Llc is primarily engaged in preparing fresh and raw or cooked frozen fish and other seafoods and seafood preparations, such as soups, stews, chowders, fishcakes, crabcakes, and shrimp ca",,3,3,,,,co-man status UNKNOWN — needs website check; 3 email(s) in Hoovers; mid-market size fit,not contacted,,,
680,5,"Ocean Gold Seafoods, Inc",unclassified food/bev mfr,,Westport,Washington,http://www.oceancos.com,2.4162836E7,150,Private,,311710,"Ocean Gold Seafoods, Inc is primarily engaged in cooking and canning fish, shrimp, oysters, clams, crabs, and other seafoods, including soups; and those engaged in smoking, salting, drying, or otherwi",,3,1,,,,co-man status UNKNOWN — needs website check; 1 email(s) in Hoovers; mid-market size fit,not contacted,,,
681,5,"PEPSI-COLA BOTTLING CO. OF WORCESTER, INC.",unclassified food/bev mfr,,Holden,Massachusetts,http://www.pepsiworcester.com,2.2654142E7,130,Private,"PEPSI-COLA BOTTLING CO. OF WORCESTER, INC.",312111,"Pepsi-Cola Bottling Co. Of Worcester, Inc. is primarily engaged in manufacturing soft drinks and carbonated waters.",Fer Mco — Chief Executive Officer,3,0,,,,"co-man status UNKNOWN — needs website check; 3 contact(s), no email flag; mid-market size fit; Northeast",not contacted,,,
682,5,"Pacifica Foods, LLC",unclassified food/bev mfr,,Fullerton,California,http://www.stirfoods.com,6.0E7,140,Private,Corona-Orange Foods Intermediate Holdings LLC,311941,"Pacifica Foods, Llc is primarily engaged in pickling and brining fruits and vegetables, and in manufacturing salad dressings, vegetable relishes, sauces, and seasonings.",,3,3,,,,co-man status UNKNOWN — needs website check; 3 email(s) in Hoovers; mid-market size fit,not contacted,,,
683,5,"Patrick Cudahy, LLC",unclassified food/bev mfr,,Cudahy,Wisconsin,http://patrickcudahy.sfdbrands.com,2.8250608E7,1900,Private,"Smithfield Foods, Inc.",311612,"Patrick Cudahy, established in 1888, calls itself the ""Home of Sweet Apple Wood Smoked Flavor,"" and that says it all. The company makes sliced ham, salami, and specialty Italian and deli meats for san",,3,2,,,,co-man status UNKNOWN — needs website check; 2 email(s) in Hoovers; mid-market size fit,not contacted,,,
684,5,"Pepperidge Farm, Incorporated",unclassified food/bev mfr,,Camden,New Jersey,http://www.pepperidgefarm.com,8.3348724E8,2399,Private,The Campbell's Company,311999,"Pepperidge Farm is a leading brand of premium quality snacks, fresh bakery products, and frozen foods. The Pepperidge Farm brand includes crackers, cookies, fresh baked breads and frozen puff pastry, ",Jennifer Madalena smith — Regional Vice President Southeast,3,2,,,,co-man status UNKNOWN — needs website check; 2 email(s) in Hoovers; large; Northeast,not contacted,,,
685,5,Pepsi Cola Company,unclassified food/bev mfr,,Tulsa,Oklahoma,http://www.pepsico.com,2.4077986E7,425,Private,"PepsiCo, Inc.",312111,Pepsi Cola Company is primarily engaged in manufacturing soft drinks and carbonated waters.,,3,2,,,,co-man status UNKNOWN — needs website check; 2 email(s) in Hoovers; mid-market size fit,not contacted,,,
686,5,Pepsi NorthWest Beverages LLC,unclassified food/bev mfr,,Tumwater,Washington,http://www.pepsico.com,4.8972672E7,300,Private,"Pepsi-Cola Metropolitan Bottling Company, Inc.",312111,Pepsi Northwest Beverages Llc is primarily engaged in manufacturing soft drinks and carbonated waters.,,3,3,,,,co-man status UNKNOWN — needs website check; 3 email(s) in Hoovers; mid-market size fit,not contacted,,,
687,5,Pharmachem Laboratories LLC,unclassified food/bev mfr,,Kearny,New Jersey,http://www.pharmachem.com,3.9049503E7,285,Private,Pharmachem Laboratories LLC,311999,"Pharmachem Laboratories Llc is primarily engaged in manufacturing prepared foods and miscellaneous food specialties, not elsewhere classified, such as baking powder, yeast, and other leavening compoun",Jeff Rogers — Chief Executive Officer,3,0,,,,"co-man status UNKNOWN — needs website check; 3 contact(s), no email flag; mid-market size fit; Northeast",not contacted,,,
688,5,PlantBased Innovations LLC,unclassified food/bev mfr,,Leominster,Massachusetts,http://www.plantbasedinnovations.com,7.6720764E7,110,Private,,311511,"Plantbased Innovations Llc is primarily engaged in processing (e.g., pasteurizing, homogenizing, vitaminizing, bottling) fluid milk and cream, and related products, including cottage cheese, yogurt (e",Dharm Khalsa — Chief Financial Officer,2,0,,,,"co-man status UNKNOWN — needs website check; 2 contact(s), no email flag; mid-market size fit; Northeast",not contacted,,,
689,5,"Ralph And Paul Adams, Inc.",unclassified food/bev mfr,,Bridgeville,Delaware,http://www.rapascrapple.com,2.314485E7,350,Private,Jones Dairy Farm,311612,"Ralph And Paul Adams, Inc. is primarily engaged in manufacturing sausages, cured meats, smoked meats, canned meats, frozen meats, and other prepared meats and meat specialties, from purchased carcasse",,3,3,,,,co-man status UNKNOWN — needs website check; 3 email(s) in Hoovers; mid-market size fit,not contacted,,,
690,5,Reckitt Benckiser North America Inc.,unclassified food/bev mfr,,Parsippany,New Jersey,http://www.reckitt.com,1.3081508E8,1600,Private,RECKITT BENCKISER HOLDINGS (USA) LIMITED,311941,"Reckitt Benckiser North America Inc. is primarily engaged in pickling and brining fruits and vegetables, and in manufacturing salad dressings, vegetable relishes, sauces, and seasonings.",Bill Cardinell — Principal,3,0,,,,"co-man status UNKNOWN — needs website check; 3 contact(s), no email flag; mid-market size fit; Northeast",not contacted,,,
691,5,"Reynaldo's Mexican Food Company, LLC",unclassified food/bev mfr,,Vernon,California,http://www.sabrosurafoods.com,2.6212074E7,165,Private,"Reynaldo's Mexican Food Company, LLC",311999,"Reynaldo's Mexican Food Company, Llc is primarily engaged in manufacturing prepared foods and miscellaneous food specialties, not elsewhere classified, such as baking powder, yeast, and other leavenin",,3,2,,,,co-man status UNKNOWN — needs website check; 2 email(s) in Hoovers; mid-market size fit,not contacted,,,
692,5,"Rochelle Foods, LLC",unclassified food/bev mfr,,Rochelle,Illinois,http://rochellefoodsbadworkplace.blogspot.com,2.320068E7,700,Partnership,Hormel Foods Corporation,311612,"Rochelle Foods, Llc is primarily engaged in manufacturing sausages, cured meats, smoked meats, canned meats, frozen meats, and other prepared meats and meat specialties, from purchased carcasses and o",,3,2,,,,co-man status UNKNOWN — needs website check; 2 email(s) in Hoovers; mid-market size fit,not contacted,,,
693,5,"Rombauer Vineyards, LLC",unclassified food/bev mfr,,Saint Helena,California,http://www.rombauer.com,2.4205839E7,142,Private,E. & J. Gallo Winery,312130,"Rombauer Vineyards, Llc is primarily engaged in manufacturing wines, brandy, and brandy spirits. This industry also includes bonded wine cellars which are engaged in blending wines.",,3,3,,,,co-man status UNKNOWN — needs website check; 3 email(s) in Hoovers; mid-market size fit,not contacted,,,
694,5,Rovira Biscuit Corporation,unclassified food/bev mfr,,Ponce,Puerto Rico,http://www.rovirabiscuits.com,3.1388351E7,270,Private,Rovira Biscuit Corporation,311821,"Rovira Biscuit Corporation is primarily engaged in manufacturing fresh cookies, crackers, pretzels, and similar ""dry"" bakery products.",,3,3,,,,co-man status UNKNOWN — needs website check; 3 email(s) in Hoovers; mid-market size fit,not contacted,,,
695,5,"Sabra Dipping Company, LLC",unclassified food/bev mfr,,White Plains,New York,http://www.sabra.com,1.7012498E8,900,Private,"PepsiCo, Inc.",311999,"Sabra Dipping Company, Llc is primarily engaged in manufacturing prepared foods and miscellaneous food specialties, not elsewhere classified, such as baking powder, yeast, and other leavening compound",Tomer Harpaz — Chief Executive Officer,3,0,,,,"co-man status UNKNOWN — needs website check; 3 contact(s), no email flag; mid-market size fit; Northeast",not contacted,,,
696,5,"Santini Foods, Inc.",unclassified food/bev mfr,,San Lorenzo,California,http://www.santinifoods.com,4.3025166E7,133,Private,,311514,"Santini Foods, Inc. is primarily engaged in manufacturing dry, condensed, and evaporated dairy products. This also includes manufacturing mixes for the preparation of frozen ice cream and ice milk and",,3,3,,,,co-man status UNKNOWN — needs website check; 3 email(s) in Hoovers; mid-market size fit,not contacted,,,
697,5,"Schneider's Dairy, Inc.",unclassified food/bev mfr,,Pittsburgh,Pennsylvania,http://www.schneidersdairy.com,2.7198233E7,286,Private,"Schneider's Dairy Holdings, Inc.",312111,"Schneider's Dairy, Inc. is primarily engaged in manufacturing soft drinks and carbonated waters.",,3,1,,,,co-man status UNKNOWN — needs website check; 1 email(s) in Hoovers; mid-market size fit,not contacted,,,
698,5,"Schwan's MaMa Rosas's, LLC",unclassified food/bev mfr,,Sidney,Ohio,,3.9693851E7,250,Private,Schwan's Company,311412,"Schwan's Mama Rosas's, Llc is primarily engaged in manufacturing frozen food specialties, not elsewhere classified, such as frozen dinners and frozen pizza.",,3,1,,,,co-man status UNKNOWN — needs website check; 1 email(s) in Hoovers; mid-market size fit,not contacted,,,
699,5,"Seaboard Triumph Foods, LLC",unclassified food/bev mfr,,Sioux City,Iowa,http://www.seaboardtriumphfoods.com,2.7601629E7,457,Private,Seaboard Corporation,311611,"Seaboard Triumph Foods, Llc is primarily engaged in the slaughtering, for their own account or on a contract basis for the trade, of cattle, hogs, sheep, lambs, and calves for meat to be sold or to be",,3,3,,,,co-man status UNKNOWN — needs website check; 3 email(s) in Hoovers; mid-market size fit,not contacted,,,
700,5,Sensient Colors LLC,unclassified food/bev mfr,,Saint Louis,Missouri,http://www.sensientpharma.com,1.1676983E8,350,Private,Sensient Technologies Corporation,311930,"Sensient Colors can color your world any color you want. The company makes natural and synthetic colors and dyes for food, beverage, pharmaceutical, cosmetic, personal, and home care product manufactu",,3,1,,,,co-man status UNKNOWN — needs website check; 1 email(s) in Hoovers; mid-market size fit,not contacted,,,
701,5,Sioux-Preme Packing Co.,unclassified food/bev mfr,,Sioux Center,Iowa,,2.0808599E7,330,Private,Perdue Farms Incorporated,311611,Sioux-Preme Packing is a midsized pork processor that specializes in custom cuts for niche markets. It operates two plants offering cuts of naturally raised pork to grocery retailers and food manufact,,3,1,,,,co-man status UNKNOWN — needs website check; 1 email(s) in Hoovers; mid-market size fit,not contacted,,,
702,5,"Spreckels Sugar Company, Inc.",unclassified food/bev mfr,,Renville,Minnesota,http://www.spreckelssugar.com,2.3876688E7,260,Private,Southern Minnesota Beet Sugar Cooperative,311313,"Spreckels Sugar Company, Inc. is primarily engaged in manufacturing sugar from sugar beets.",,3,2,,,,co-man status UNKNOWN — needs website check; 2 email(s) in Hoovers; mid-market size fit,not contacted,,,
703,5,Star of the West Milling Company,unclassified food/bev mfr,,Frankenmuth,Michigan,http://www.starofthewest.com,7.143692E7,239,Private,Star of the West Milling Company,311211,"All hands are on the mill floor at Star of the West Milling. The company operates five flour mills in four US states an about 10 storage elevators. The mills and elevators store and process wheat, cor",,3,3,,,,co-man status UNKNOWN — needs website check; 3 email(s) in Hoovers; mid-market size fit,not contacted,,,
704,5,"Stonewall Kitchen, LLC",unclassified food/bev mfr,,York,Maine,http://www.stonewallkitchen.com,1.0668858E8,402,Private,"Stonewall Kitchen, LLC",311421,"Stonewall Kitchen, Llc is primarily engaged in canning fruits, vegetables, and fruit and vegetable juices; and in manufacturing catsup and similar tomato sauces, or natural and imitation preserves, ja",Carrie McDermott — Chief Executive Officer,3,0,,,,"co-man status UNKNOWN — needs website check; 3 contact(s), no email flag; mid-market size fit; Northeast",not contacted,,,
705,5,"Sunnygem, LLC",unclassified food/bev mfr,,Wasco,California,http://www.sunnygem.com,4.1446968E7,300,Private,"Sunnygem, LLC",311421,"Sunnygem, Llc is primarily engaged in canning fruits, vegetables, and fruit and vegetable juices; and in manufacturing catsup and similar tomato sauces, or natural and imitation preserves, jams, and j",,3,2,,,,co-man status UNKNOWN — needs website check; 2 email(s) in Hoovers; mid-market size fit,not contacted,,,
706,5,"TOPPLING GOLIATH, INC.",unclassified food/bev mfr,,Decorah,Iowa,http://www.tgbrews.com,2.2562483E7,160,Private,,312120,"Toppling Goliath, Inc. is primarily engaged in manufacturing malt beverages.",,3,2,,,,co-man status UNKNOWN — needs website check; 2 email(s) in Hoovers; mid-market size fit,not contacted,,,
707,5,"Taylor Farms Illinois, Inc.",unclassified food/bev mfr,,Chicago,Illinois,http://www.taylorfarmsdeli.com,3.1289816E7,300,Private,"Taylor Fresh Foods, Inc.",311999,"Taylor Farms Illinois, Inc. is primarily engaged in manufacturing prepared foods and miscellaneous food specialties, not elsewhere classified, such as baking powder, yeast, and other leavening compoun",,3,1,,,,co-man status UNKNOWN — needs website check; 1 email(s) in Hoovers; mid-market size fit,not contacted,,,
708,5,"The Bazooka Companies, LLC",unclassified food/bev mfr,,New York,New York,http://www.bazookajoe.com,4.9743145E7,350,Private,"The Bazooka Companies, LLC",311340,"The Bazooka Companies, Llc is primarily engaged in manufacturing candy, including chocolate candy, other confections, and related products.",John Kleinfelter — Vice President Operations Transformation,3,0,,,,"co-man status UNKNOWN — needs website check; 3 contact(s), no email flag; mid-market size fit; Northeast",not contacted,,,
709,5,The French's Food Company LLC,unclassified food/bev mfr,,Springfield,Missouri,http://www.mccormick.com,3.0901236E7,350,Private,"McCormick & Company, Incorporated",311942,"The French's Food Company Llc is primarily engaged in manufacturing prepared foods and miscellaneous food specialties, not elsewhere classified, such as baking powder, yeast, and other leavening compo",,3,3,,,,co-man status UNKNOWN — needs website check; 3 email(s) in Hoovers; mid-market size fit,not contacted,,,
710,5,The Guida-Seibert Dairy Company,unclassified food/bev mfr,,New Britain,Connecticut,http://www.garelickfarms.com,4.4840141E7,275,Private,"Dairy Farmers of America, Inc.",311511,"Guida's tells you up front what they do best: Milk & Ice Cream. And while that's true, the company also distributes other dairy products, fruit juices, and spring water, but milk and ice cream are its",Michael Guida — Vice President,3,0,,,,"co-man status UNKNOWN — needs website check; 3 contact(s), no email flag; mid-market size fit; Northeast",not contacted,,,
711,5,Tim Hortons Usa Inc.,unclassified food/bev mfr,,Miami,Florida,http://www.timhortons.com,2.8220259E7,170,Private,The TDL Group Corp,445291,Tim Hortons Usa Inc. is primarily engaged in the retail sale of bakery products. The products may be purchased from others or made on the premises.,,3,3,,,,co-man status UNKNOWN — needs website check; 3 email(s) in Hoovers; mid-market size fit,not contacted,,,
712,5,"To-Ricos, Ltd",unclassified food/bev mfr,,Aibonito,Puerto Rico,,3.8282162E7,375,Private,Pilgrim's Pride Corporation,311615,"To-Ricos, Ltd is primarily engaged in slaughtering, dressing, packing, freezing, and canning poultry, rabbits, and other small game, or in manufacturing products from such meats, for their own account",,2,1,,,,co-man status UNKNOWN — needs website check; 1 email(s) in Hoovers; mid-market size fit,not contacted,,,
713,5,"Tropical Cheese Industries, LLC",unclassified food/bev mfr,,Perth Amboy,New Jersey,http://www.tropicalcheese.com,1.0438142E8,775,Private,"Tropical Cheese Industries, LLC",311513,"Queso ? Si, Tropical Cheese Industries manufactures specialty dairy products under the Paisano, El Molino Rojoand Tropical brand namesto satisfy the specialty fresh cheese needs of Caribbean and Hispa",Orlando Rodriguez — Chief Operating Officer,3,0,,,,"co-man status UNKNOWN — needs website check; 3 contact(s), no email flag; mid-market size fit; Northeast",not contacted,,,
714,5,True West Beef LLC,unclassified food/bev mfr,,Boise,Idaho,http://www.truewestbeef.com,2.2516754E7,1471,Private,True West Beef LLC,311611,"True West Beef Llc is primarily engaged in the slaughtering, for their own account or on a contract basis for the trade, of cattle, hogs, sheep, lambs, and calves for meat to be sold or to be used on ",,3,2,,,,co-man status UNKNOWN — needs website check; 2 email(s) in Hoovers; mid-market size fit,not contacted,,,
715,5,"Tyson Mexican Original, Inc.",unclassified food/bev mfr,,Springdale,Arkansas,http://www.tysonfoods.com,2.5282211E7,76,Private,"Tyson Foods, Inc.",311422,"Tyson Mexican Original, Inc. is primarily engaged in canning specialty products, such as baby foods, nationality specialty foods, and soups, except seafood.",,1,1,,,,co-man status UNKNOWN — needs website check; 1 email(s) in Hoovers; mid-market size fit,not contacted,,,
716,5,"Tyson Poultry, Inc.",unclassified food/bev mfr,,Springdale,Arkansas,http://www.tysonfoods.com,1.1820417E8,248,Private,"Tyson Foods, Inc.",311615,"Tyson Poultry, Inc. is primarily engaged in slaughtering, dressing, packing, freezing, and canning poultry, rabbits, and other small game, or in manufacturing products from such meats, for their own a",,3,2,,,,co-man status UNKNOWN — needs website check; 2 email(s) in Hoovers; mid-market size fit,not contacted,,,
717,5,"WP Beverages, LLC",unclassified food/bev mfr,,Windsor,Wisconsin,http://www.wpbpepsi.com,2.6816885E7,300,Private,"Wis - Pak, Inc.",312111,"Wp Beverages, Llc is primarily engaged in manufacturing soft drinks and carbonated waters.",,3,3,,,,co-man status UNKNOWN — needs website check; 3 email(s) in Hoovers; mid-market size fit,not contacted,,,
718,5,"Wellness Pet, LLC",unclassified food/bev mfr,,Burlington,Massachusetts,http://www.wellnesspet.com,9.0552254E7,400,Private,"Wellness Pet, LLC",311111,"Wellness Pet Company is a major player in the premium pet food market, offering natural and science-backed food and treats for dogs and cats worldwide. Its portfolio includes well-known brands such as",Sanjay Singh — Chief Financial Officer,3,0,,,,"co-man status UNKNOWN — needs website check; 3 contact(s), no email flag; mid-market size fit; Northeast",not contacted,,,
719,5,"White Oak Pastures, Inc.",unclassified food/bev mfr,,Bluffton,Georgia,http://www.whiteoakpastures.com,2.1846409E7,164,Private,,311615,"White Oak Pastures, Inc. is primarily engaged in slaughtering, dressing, packing, freezing, and canning poultry, rabbits, and other small game, or in manufacturing products from such meats, for their ",,3,3,,,,co-man status UNKNOWN — needs website check; 3 email(s) in Hoovers; mid-market size fit,not contacted,,,
720,5,"Wholestone Farms II, LLC",unclassified food/bev mfr,,Fremont,Nebraska,http://www.wholestonefarms.com,2.4648699E7,106,Private,,311611,"Wholestone Farms Ii, Llc is primarily engaged in the slaughtering, for their own account or on a contract basis for the trade, of cattle, hogs, sheep, lambs, and calves for meat to be sold or to be us",,3,2,,,,co-man status UNKNOWN — needs website check; 2 email(s) in Hoovers; mid-market size fit,not contacted,,,
721,5,Williams Foods LLC,unclassified food/bev mfr,,Lenexa,Kansas,http://www.williamsfoods.com,3.3961853E7,220,Private,C.H. Guenther & Son LLC,311942,"Williams Foods Llc is primarily engaged in manufacturing prepared foods and miscellaneous food specialties, not elsewhere classified, such as baking powder, yeast, and other leavening compounds; peanu",,3,1,,,,co-man status UNKNOWN — needs website check; 1 email(s) in Hoovers; mid-market size fit,not contacted,,,
722,4,4C Foods Corp.,unclassified food/bev mfr,,Brooklyn,New York,http://www.4c.com,4.601733E7,157,Private,4C Foods Corp.,311513,"4C Foods Corp. is primarily engaged in manufacturing natural cheese (except cottage cheese), processed cheese, cheese foods, cheese spreads, and cheese analogs (imitations and substitutes). These esta",,1,0,,,,"co-man status UNKNOWN — needs website check; 1 contact(s), no email flag; mid-market size fit; Northeast",not contacted,,,
723,4,"ACH Food Companies, Inc.",unclassified food/bev mfr,,Oakbrook Terrace,Illinois,http://www.achfood.com,4.8038699E8,842,Private,ASSOCIATED BRITISH FOODS PLC,311225,"ACH Food Companies is a leading marketer of core ingredients long-valued by those who cook with care. The company manufactures and sells a variety of cooking oils and other food ingredients, such as c",Allan Langley — Principal,3,0,,,,"co-man status UNKNOWN — needs website check; 3 contact(s), no email flag; mid-market size fit",not contacted,,,
724,4,ADM Milling Co.,unclassified food/bev mfr,,Decatur,Illinois,http://www.adm.com,5.1006113E8,1500,Private,Archer-Daniels-Midland Company,311211,"Adm Milling Co. is primarily engaged in milling flour or meal from grain, except rice. The products of flour mills may be sold plain or in the form of prepared mixes or doughs for specific purposes.",Loren Urquhart — Vice President,3,0,,,,"co-man status UNKNOWN — needs website check; 3 contact(s), no email flag; mid-market size fit",not contacted,,,
725,4,"ADVANCEPIERRE FOODS HOLDINGS, INC.",unclassified food/bev mfr,,West Chester,Ohio,http://www.advancefoodcompany.com,9.336767E8,4500,Private,"Tyson Foods, Inc.",311991,"Advancepierre Foods Holdings, Inc. is primarily engaged in manufacturing prepared foods and miscellaneous food specialties, not elsewhere classified, such as baking powder, yeast, and other leavening ",Tom Corrick — Group Vice President Process Division Food Service,3,3,,,,co-man status UNKNOWN — needs website check; 3 email(s) in Hoovers; large,not contacted,,,
726,4,Admiral Beverage Corporation,unclassified food/bev mfr,,Worland,Wyoming,http://www.admiralbeverage.com,3.048595E8,815,Private,Admiral Beverage Corporation,312111,Admiral Beverage Corporation is primarily engaged in manufacturing soft drinks and carbonated waters.,Keith Hartnett — Chief Financial Officer,3,0,,,,"co-man status UNKNOWN — needs website check; 3 contact(s), no email flag; mid-market size fit",not contacted,,,
727,4,"AdvancePierre Foods, Inc.",unclassified food/bev mfr,,West Chester,Ohio,http://www.advancepierrefood.com,6.1244574E8,4085,Private,"ADVANCEPIERRE FOODS HOLDINGS, INC.",311612,"Advancepierre Foods Holdings, Inc. is a nationally recognized supplier of value-added proteins and sandwich products to foodservice, retail, schools and convenience channels across the United States. ",Robert Vidican — Principal,3,3,,,,co-man status UNKNOWN — needs website check; 3 email(s) in Hoovers; large,not contacted,,,
728,4,Agropur Inc.,unclassified food/bev mfr,,Appleton,Wisconsin,http://www.agropur.com,3.6275858E8,319,Private,Agropur Cooperative,311513,"Agropur Inc. is primarily engaged in manufacturing natural cheese (except cottage cheese), processed cheese, cheese foods, cheese spreads, and cheese analogs (imitations and substitutes). These establ",Bill Diedrich — Chief Financial Officer,3,0,,,,"co-man status UNKNOWN — needs website check; 3 contact(s), no email flag; mid-market size fit",not contacted,,,
729,4,"Albanese Confectionery Group, Inc.",unclassified food/bev mfr,,Merrillville,Indiana,http://www.albanesecandy.com,1.2044714E8,900,Private,"Albanese Confectionery Group, Inc.",311340,"Albanese Confectionery Group, Inc. is primarily engaged in manufacturing candy, including chocolate candy, other confections, and related products.",Bethany Albanese — President,3,0,,,,"co-man status UNKNOWN — needs website check; 3 contact(s), no email flag; mid-market size fit",not contacted,,,
730,4,"Alfred Nickles Bakery, Inc.",unclassified food/bev mfr,,Navarre,Ohio,http://www.nicklesbakery.com,8.9606415E7,1600,Private,"Alfred Nickles Bakery, Inc.",445291,"One of the largest independently owned bakeries in the US, Alfred Nickles Bakery manufactures and distributes a variety of baked goods. Its products include breads, buns, cakes, donuts, and pastries. ",Christine Gardner — President,3,0,,,,"co-man status UNKNOWN — needs website check; 3 contact(s), no email flag; mid-market size fit",not contacted,,,
731,4,"AmeriQual Group, LLC",unclassified food/bev mfr,,Evansville,Indiana,http://www.ameriqual.com,2.5389201E8,690,Private,Ameriqual Group Holdings LLC,311991,"Ameriqual Group, Llc is primarily engaged in manufacturing prepared foods and miscellaneous food specialties, not elsewhere classified, such as baking powder, yeast, and other leavening compounds; pea",John Knapp — Executive Vice President Marketing Business Development,3,0,,,,"co-man status UNKNOWN — needs website check; 3 contact(s), no email flag; mid-market size fit",not contacted,,,
732,4,American Beverage Corporation,unclassified food/bev mfr,,Verona,Pennsylvania,http://www.americanbeverage.org,9.1108299E7,550,Private,Harvest Hill Beverage Company,311421,"American Beverage Corporation (ABC) keeps American consumers well supplied with beverages of their choice. The company is a manufacturer and marketer of ready-to-drink cocktails, non-alcoholic cocktai",Kevin Keane — Executive Vice President Chief Financial Officer,3,0,,,,"co-man status UNKNOWN — needs website check; 3 contact(s), no email flag; mid-market size fit",not contacted,,,
733,4,"American Beverage Crafts, LLC",unclassified food/bev mfr,,Atlanta,Georgia,,5.7677808E8,974,Private,"Tilray Brands, Inc.",312111,"American Beverage Crafts, Llc is primarily engaged in manufacturing soft drinks and carbonated waters.",Paul Mulligan — Founder Chief Executive Officer,3,0,,,,"co-man status UNKNOWN — needs website check; 3 contact(s), no email flag; mid-market size fit",not contacted,,,
734,4,American Italian Pasta Company,unclassified food/bev mfr,,Excelsior Springs,Missouri,http://treehousefoods2023rb.q4web.com,9.9277252E7,243,Private,"Winland Foods, Inc.",311999,"American Italian Pasta Company (AIPC) uses its noodle in many ways. The company is one of the biggest makers of dry pasta in North America, by volume, offering some 300 different pasta shapes and 3,10",Kristy Waterman — Vice President General Counsel Corporate Secretary,3,0,,,,"co-man status UNKNOWN — needs website check; 3 contact(s), no email flag; mid-market size fit",not contacted,,,
735,4,"Amy's Kitchen, Inc.",unclassified food/bev mfr,,Petaluma,California,http://www.amys.com,4.664068E8,860,Private,"Amy's Kitchen, Inc.",311412,"Amy's Kitchen, Inc. is a family-owned and privately held company specializing in organic and vegetarian prepared foods. Based in Petaluma, California, it is a leading manufacturer in its sector, produ",Leanne Molter — Chief Financial Officer,3,0,,,,"co-man status UNKNOWN — needs website check; 3 contact(s), no email flag; mid-market size fit",not contacted,,,
736,4,Anita's Mexican Foods Corp.,unclassified food/bev mfr,,San Bernardino,California,http://www.anitasmfc.com,4.9192329E7,350,Private,Anita's Mexican Foods Corp.,311919,"Anita's Mexican Foods Corp. is primarily engaged in manufacturing potato chips, corn chips, and similar snacks.",Ricardo Alvarez — President,3,0,,,,"co-man status UNKNOWN — needs website check; 3 contact(s), no email flag; mid-market size fit",not contacted,,,
737,4,"Annie's, Inc.",unclassified food/bev mfr,,Berkeley,California,http://www.annies.com,2.2712292E7,169,Private,"General Mills, Inc.",311999,"While doing what it loves, Annie's also wouldn't mind taking a bite out of Kraft's business. An organic and natural food producer, Annie's makes about 145 products consisting of pastas, cereals, dress",Angelia Christensen — Principal,3,0,,,,"co-man status UNKNOWN — needs website check; 3 contact(s), no email flag; mid-market size fit",not contacted,,,
738,4,"Arcobasso Foods, Inc.",unclassified food/bev mfr,,Hazelwood,Missouri,,2.2071297E7,90,Private,"Golding Farms Foods, Inc.",311941,"Arcobasso Foods, Inc. is primarily engaged in pickling and brining fruits and vegetables, and in manufacturing salad dressings, vegetable relishes, sauces, and seasonings.",Amanda Maretta — Vice President Of Culinary And Business Development,3,0,,,,"co-man status UNKNOWN — needs website check; 3 contact(s), no email flag; mid-market size fit",not contacted,,,
739,4,"Ardent Mills, LLC",unclassified food/bev mfr,,Denver,Colorado,http://www.ardentmills.com,3.4166397E8,1030,Private,"Ardent Mills, LLC",311211,Horizon Milling is a leading producer of durum and semolina wheat flours with about 20 production facilities throughout the US and in Canada.The companymakes bakery flours and other specialty products,John Barton — Chief Financial Officer,3,0,,,,"co-man status UNKNOWN — needs website check; 3 contact(s), no email flag; mid-market size fit",not contacted,,,
740,4,"Arizona Canning Company, LLC",unclassified food/bev mfr,,Tucson,Arizona,http://www.faribaultfoods.com,3.4759548E7,150,Private,"La Costena USA, Inc.",311421,"Arizona Canning Company, Llc is primarily engaged in canning fruits, vegetables, and fruit and vegetable juices; and in manufacturing catsup and similar tomato sauces, or natural and imitation preserv",Gary Kindseth — Executive Vice President,3,0,,,,"co-man status UNKNOWN — needs website check; 3 contact(s), no email flag; mid-market size fit",not contacted,,,
741,4,"Atlantic Bottling Company, LLC",unclassified food/bev mfr,,Atlantic,Iowa,http://www.atlanticbottling.com,3.9965832E7,800,Private,"Atlantic Bottling Company, LLC",312111,"Atlantic Bottling Company, Llc is primarily engaged in manufacturing soft drinks and carbonated waters.",Kristine Martins — Chief Financial Officer,3,0,,,,"co-man status UNKNOWN — needs website check; 3 contact(s), no email flag; mid-market size fit",not contacted,,,
742,4,Austin Coca-Cola Bottling Company,unclassified food/bev mfr,,San Antonio,Texas,http://www.cocacolaswb.com,5.06987E7,2000,Private,Austin Coca-Cola Bottling Company,312111,Austin Coca-Cola Bottling Company is primarily engaged in manufacturing soft drinks and carbonated waters.,Joshua Chiem — Principal Tax Accountant,3,0,,,,"co-man status UNKNOWN — needs website check; 3 contact(s), no email flag; mid-market size fit",not contacted,,,
743,4,"Azteca Milling, L.P.",unclassified food/bev mfr,,Irving,Texas,http://www.gruma.com,7.1333305E7,403,Partnership,Gruma Corporation,311211,"Azteca Milling, L.P. is primarily engaged in milling flour or meal from grain, except rice. The products of flour mills may be sold plain or in the form of prepared mixes or doughs for specific purpos",Barry Runyon — Chief Operating Officer,3,0,,,,"co-man status UNKNOWN — needs website check; 3 contact(s), no email flag; mid-market size fit",not contacted,,,
744,4,"BAKE-N-JOY FOODS, INC.",unclassified food/bev mfr,,North Andover,Massachusetts,http://www.bakenjoy.com,4.6993679E7,140,Private,"BAKE-N-JOY FOODS, INC.",311813,"Bake'n Joy Foods is a leading manufacturer of top quality bakery products. It manufactures frozen batters, pre-deposited batters, cookies, dry mixes, Boston Coffee Cakes, and dry mixes for the baking ",,1,0,,,,"co-man status UNKNOWN — needs website check; 1 contact(s), no email flag; mid-market size fit; Northeast",not contacted,,,
745,4,BLOMMER CHOCOLATE COMPANY,unclassified food/bev mfr,,Chicago,Illinois,http://www.blommer.com,3.1788239E8,358,Private,"FUJI OIL CO., LTD.",311351,"Blommer Chocolate Company is primarily engaged in shelling, roasting, and grinding cacao beans for the purpose of making chocolate liquor, from which cocoa powder and cocoa butter are derived, and in ",Neal Murphy — Vice President And Chief Financial Officer,3,0,,,,"co-man status UNKNOWN — needs website check; 3 contact(s), no email flag; mid-market size fit",not contacted,,,
746,4,"Baird's, Mrs Bakeries Business Trust",unclassified food/bev mfr,,Fort Worth,Texas,http://www.mrsbairds.com,3.5547234E7,3400,Private,"Baird's, Mrs Bakeries Business Trust",445291,"Baird's, Mrs Bakeries Business Trust is primarily engaged in the retail sale of bakery products. The products may be purchased from others or made on the premises.",Juan Muldoon — President,2,0,,,,"co-man status UNKNOWN — needs website check; 2 contact(s), no email flag; mid-market size fit",not contacted,,,
747,4,"Baker Commodities, Inc.",unclassified food/bev mfr,,Vernon,California,http://www.bakercommodities.com,1.5362849E8,700,Private,"Baker Commodities, Inc.",311613,"This Baker is somewhere between a butcher and a candlestick maker. Baker Commoditiesis a rendering company that takes unused animal byproducts from meat processing plants, supermarkets, restaurants, a",Zewdie Birzo — Principal,3,0,,,,"co-man status UNKNOWN — needs website check; 3 contact(s), no email flag; mid-market size fit",not contacted,,,
748,4,Bar-S Foods Co.,unclassified food/bev mfr,,Scottsdale,Arizona,http://www.bar-s.com,4.9185541E8,1600,Private,SIGMA ALIMENTOS EXTERIOR SLU,311612,"When it comes to selling hot dogs, Bar-S Foods is serious about being top dog. The company manufactures hot dogs, corn dogs, bacon, lunch meat, smoked sausage, and hot links primarily under the Bar-S ",Robert Kopriva — Principal,3,0,,,,"co-man status UNKNOWN — needs website check; 3 contact(s), no email flag; mid-market size fit",not contacted,,,
749,4,"Barber Foods, LLC",unclassified food/bev mfr,,Portland,Maine,http://www.barberfoods.com,2.197271E7,653,Private,"AdvancePierre Foods, Inc.",311615,"Barber Foods doesn't produce mullets, Mohawks, or crew cuts. It specializes in developing and producing meal-sized portions of chicken. The company offers some 500 value-added poultry products, includ",,1,0,,,,"co-man status UNKNOWN — needs website check; 1 contact(s), no email flag; mid-market size fit; Northeast",not contacted,,,
750,4,"Bartels Packing, Inc.",unclassified food/bev mfr,,Eugene,Oregon,http://www.bartelsnw.com,9.7277206E7,161,Private,"Bartels Packing, Inc.",311611,"Bartels Packing, Inc. is primarily engaged in the slaughtering, for their own account or on a contract basis for the trade, of cattle, hogs, sheep, lambs, and calves for meat to be sold or to be used ",Christopher Bartels — President,3,0,,,,"co-man status UNKNOWN — needs website check; 3 contact(s), no email flag; mid-market size fit",not contacted,,,
751,4,Beam Global Spirits & Wine LLC,unclassified food/bev mfr,,Chicago,Illinois,http://www.beamsuntory.com,3.7210178E8,1789,Private,Suntory Global Spirits Inc.,312140,"Beam Global Spirits & Wine Llc is primarily engaged in manufacturing alcoholic liquors by distillation, and in manufacturing cordials and alcoholic cocktails by blending processes or by mixing liquors",Drew Hester — North America Chief Financial Officer,3,0,,,,"co-man status UNKNOWN — needs website check; 3 contact(s), no email flag; mid-market size fit",not contacted,,,
752,4,"Bell-Carter Olive Packing Company, Inc.",unclassified food/bev mfr,,Walnut Creek,California,http://www.bellcarter.com,9.3972099E7,450,Private,"Bell-Carter Olive Packing Company, Inc.",311421,"Founded in 1912, Bell-Carter Foods is the largest table olive producer in the US and the second largest in the world. The California company manufactures and markets canned and jarred black and green ",Paul Adcock — Chief Financial Officer,3,0,,,,"co-man status UNKNOWN — needs website check; 3 contact(s), no email flag; mid-market size fit",not contacted,,,
753,4,"Ben & Jerry's Homemade, Inc.",unclassified food/bev mfr,,South Burlington,Vermont,http://www.benjerry.com,4.7825607E7,841,Private,UNILEVER PLC,311520,"Not yet ready for a scoop of Dulce Delish? Don't worry, Ben & Jerry's is still Ben & Jerry's Homemade: a top maker of super-premium ice cream (along with rival Nestl's Hagen-Dazs). Founded in 1978, th",,1,0,,,,"co-man status UNKNOWN — needs website check; 1 contact(s), no email flag; mid-market size fit; Northeast",not contacted,,,
754,4,"Bernatello's Pizza, Inc.",unclassified food/bev mfr,,Maple Lake,Minnesota,http://www.bernatellos.com,1.1279572E8,470,Private,"Bernatello's Pizza, Inc.",311412,"This company feeds your frozen pizza amore, Bernatello's Pizza is a leading frozen-pizza maker in the US's Northeast, Midwest, and Rocky Mountain regions,marketing its pies under the Bernatello's and ",Jayme Woehl — Chief Financial Officer,3,0,,,,"co-man status UNKNOWN — needs website check; 3 contact(s), no email flag; mid-market size fit",not contacted,,,
755,4,"BestCo Holdings, Inc.",unclassified food/bev mfr,,Mooresville,North Carolina,http://www.thetrinkogroup.com,2.3168056E7,424,Private,,311340,"Bestco Holdings, Inc. is primarily engaged in manufacturing candy, including chocolate candy, other confections, and related products.",Tim Condron — President,3,0,,,,"co-man status UNKNOWN — needs website check; 3 contact(s), no email flag; mid-market size fit",not contacted,,,
756,4,"Better Nutritionals, LLC",unclassified food/bev mfr,,Norco,California,,2.5960918E7,960,Private,"Better Nutritionals, LLC",311514,"Better Nutritionals, Llc is primarily engaged in manufacturing dry, condensed, and evaporated dairy products. This also includes manufacturing mixes for the preparation of frozen ice cream and ice mil",Paul Anton — Chief Financial Officer,3,0,,,,"co-man status UNKNOWN — needs website check; 3 contact(s), no email flag; mid-market size fit",not contacted,,,
757,4,"Big Heart Pet Brands, Inc.",unclassified food/bev mfr,,San Francisco,California,,4.2639285E8,2500,Private,The J. M. Smucker Company,311111,"If you are feeding your pet anything other than table scraps, you've likely come across Big Heart Pet Brands. Formerly Del Monte Corporation, the company is the leading provider of branded pet food an",Robert Ferguson — senior vice president supply chain,3,0,,,,"co-man status UNKNOWN — needs website check; 3 contact(s), no email flag; mid-market size fit",not contacted,,,
758,4,Biscomerica Corp.,unclassified food/bev mfr,,Rialto,California,http://www.biscomericacorp.com,4.3858788E7,252,Private,,311821,"Biscomerica Corp. is primarily engaged in manufacturing fresh cookies, crackers, pretzels, and similar ""dry"" bakery products.",Ayad Fargo — President,3,0,,,,"co-man status UNKNOWN — needs website check; 3 contact(s), no email flag; mid-market size fit",not contacted,,,
759,4,"Bodeans Wafer Company, LLC",unclassified food/bev mfr,,Le Mars,Iowa,http://www.bodeansbaking.com,2.2047075E7,121,Private,"BoDeans Baking Holding Company, LLC",311821,"Bodeans Wafer Company, Llc is primarily engaged in manufacturing fresh cookies, crackers, pretzels, and similar ""dry"" bakery products.",Scott Kalmanek — Vice President,1,0,,,,"co-man status UNKNOWN — needs website check; 1 contact(s), no email flag; mid-market size fit",not contacted,,,
760,4,"Bowman Andros Products, LLC",unclassified food/bev mfr,,Mount Jackson,Virginia,http://www.androsna.com,1.9718852E8,500,Private,ANDROS,311421,"Bowman Andros Products, Llc is primarily engaged in canning fruits, vegetables, and fruit and vegetable juices; and in manufacturing catsup and similar tomato sauces, or natural and imitation preserve",THIERRY Jean — Vice President,3,0,,,,"co-man status UNKNOWN — needs website check; 3 contact(s), no email flag; mid-market size fit",not contacted,,,
761,4,"Branch Properties, Inc.",unclassified food/bev mfr,,Ocala,Florida,http://www.seminolefeed.com,2.560622E7,97,Private,"Branch Properties, Inc.",311119,"Branch Properties, Inc. is primarily engaged in manufacturing prepared feeds and feed ingredients and adjuncts for animals and fowls, except dogs and cats. Included in this industry are poultry and li",Richard De Simone — Vice President,3,0,,,,"co-man status UNKNOWN — needs website check; 3 contact(s), no email flag; mid-market size fit",not contacted,,,
762,4,"Bridgetown Natural Foods, LLC",unclassified food/bev mfr,,Portland,Oregon,http://www.bridgetownnaturalfoods.com,1.124958E8,425,Private,"Bridgetown Natural Foods, LLC",311340,"Bridgetown Natural Foods, Llc is primarily engaged in manufacturing candy, including chocolate candy, other confections, and related products.",Kelly Klock — Founder,3,0,,,,"co-man status UNKNOWN — needs website check; 3 contact(s), no email flag; mid-market size fit",not contacted,,,
763,4,"Brill, Inc.",unclassified food/bev mfr,,Tucker,Georgia,http://www.risebakingcompany.com,5.0034821E7,1500,Private,"Rise Baking Company, LLC",311812,"Brill, Inc. is primarily engaged in manufacturing fresh or frozen bread and bread-type rolls and fresh cakes, pies, pastries and other similar ""perishable"" bakery products.",Chris McCammon — Chief Financial Officer,3,0,,,,"co-man status UNKNOWN — needs website check; 3 contact(s), no email flag; mid-market size fit",not contacted,,,
764,4,"Brown Packing Co., Inc.",unclassified food/bev mfr,,Gaffney,South Carolina,http://www.brownpacking.com,4.5E8,575,Private,,311611,"Brown Packing Co., Inc. is primarily engaged in the slaughtering, for their own account or on a contract basis for the trade, of cattle, hogs, sheep, lambs, and calves for meat to be sold or to be use",James Brown — President,3,0,,,,"co-man status UNKNOWN — needs website check; 3 contact(s), no email flag; mid-market size fit",not contacted,,,
765,4,"Bruegger's Enterprises, Inc.",unclassified food/bev mfr,,Lakewood,Colorado,http://www.brueggers.com,3.877383E7,2400,Private,Coffee & Bagel Brands,445291,"Bruegger's Enterprises operates and franchises about 180 locations in around 20 states nationwide. The eateries feature fresh, New York-style bagels that are kettle-boiled and available in a variety o",Scott Berkman — Vice President,3,0,,,,"co-man status UNKNOWN — needs website check; 3 contact(s), no email flag; mid-market size fit",not contacted,,,
766,4,"Burnette Foods, Inc.",unclassified food/bev mfr,,Elk Rapids,Michigan,http://www.burnettefoods.com,1.5E8,430,Private,"Burnette Foods, Inc.",311421,"Burnette Foods, Inc. is primarily engaged in canning fruits, vegetables, and fruit and vegetable juices; and in manufacturing catsup and similar tomato sauces, or natural and imitation preserves, jams",William Sherman — President,3,0,,,,"co-man status UNKNOWN — needs website check; 3 contact(s), no email flag; mid-market size fit",not contacted,,,
767,4,Bush Brothers & Company,unclassified food/bev mfr,,Knoxville,Tennessee,http://www.bushbeans.com,1.0008308E8,650,Private,Bush Brothers & Company,311421,Bush Brothers & Company is a family-owned food processing company best known for its Bush's Best brand canned baked beans. The company manufactures and distributes a wide variety of bean products and ,Al Williams — Chief Financial Officer,3,0,,,,"co-man status UNKNOWN — needs website check; 3 contact(s), no email flag; mid-market size fit",not contacted,,,
768,4,C.H. Guenther & Son LLC,unclassified food/bev mfr,,San Antonio,Texas,http://www.chg.com,8.5401709E8,3650,Private,C.H. Guenther & Son LLC,311211,"Business is a grind for C.H. Guenther & Son; the flour mill produces the Pioneer brand of pancake, biscuit and gravy mixes, as well as the White Wings, Peter Pan, and Morrison brand name flours, torti",Rod Hepponstall — President Chief Executive Officer Board Member,3,2,,,,co-man status UNKNOWN — needs website check; 2 email(s) in Hoovers; large,not contacted,,,
769,4,"CIRKUL, INC.",unclassified food/bev mfr,,Tampa,Florida,http://www.drinkcirkul.com,1.051348E8,614,Private,"CIRKUL, INC.",311930,"Cirkul, Inc. is primarily engaged in manufacturing flavoring extracts, syrups, powders, and related products, not elsewhere classified, for soda fountain use or for the manufacture of soft drinks, and",J Getman — Chief Financial Officer Interim,3,0,,,,"co-man status UNKNOWN — needs website check; 3 contact(s), no email flag; mid-market size fit",not contacted,,,
770,4,"CJ Foodville USA, Inc.",unclassified food/bev mfr,,Buena Park,California,http://cj.net,3.178697E7,200,Private,"CJ Foodville USA, Inc.",311812,"Cj Foodville Usa, Inc. is primarily engaged in manufacturing fresh or frozen bread and bread-type rolls and fresh cakes, pies, pastries and other similar ""perishable"" bakery products.",Demian Kim — Chief Financial Officer,3,0,,,,"co-man status UNKNOWN — needs website check; 3 contact(s), no email flag; mid-market size fit",not contacted,,,
771,4,"COLUMBIA FARMS OF GEORGIA, INC.",unclassified food/bev mfr,,Oglethorpe,Georgia,,3.6405079E7,1800,Private,"Nash Johnson & Sons` Farms, Inc.",311615,"Columbia Farms Of Georgia, Inc. is primarily engaged in slaughtering, dressing, packing, freezing, and canning poultry, rabbits, and other small game, or in manufacturing products from such meats, for",Dennis Beasley — Vice President,3,0,,,,"co-man status UNKNOWN — needs website check; 3 contact(s), no email flag; mid-market size fit",not contacted,,,
772,4,"CONTINENTAL MILLS, INC.",unclassified food/bev mfr,,Tukwila,Washington,http://www.thekrusteazcompany.com,4.412991E8,985,Private,"CONTINENTAL MILLS, INC.",311824,"Continental Mills, Inc. is primarily engaged in preparing flour mixes or doughs from purchased flour.",Keith Neumann — Principal,3,0,,,,"co-man status UNKNOWN — needs website check; 3 contact(s), no email flag; mid-market size fit",not contacted,,,
773,4,"CTI Foods, LLC",unclassified food/bev mfr,,Southlake,Texas,http://www.ctifoods.com,2.6537842E8,520,Private,"CTI Foods Holding Co., LLC",311612,"Cti Foods, Llc is primarily engaged in manufacturing sausages, cured meats, smoked meats, canned meats, frozen meats, and other prepared meats and meat specialties, from purchased carcasses and other ",Jeffrey Hyde — Vice President,3,0,,,,"co-man status UNKNOWN — needs website check; 3 contact(s), no email flag; mid-market size fit",not contacted,,,
774,4,"Cafe Valley, Inc.",unclassified food/bev mfr,,Phoenix,Arizona,http://www.cafevalley.com,1.092128E8,1580,Private,"Cafe Valley, Inc.",311999,"Cafe Valley, Inc. is primarily engaged in manufacturing prepared foods and miscellaneous food specialties, not elsewhere classified, such as baking powder, yeast, and other leavening compounds; peanut",Francis Haren — Chief Financial Officer,3,0,,,,"co-man status UNKNOWN — needs website check; 3 contact(s), no email flag; mid-market size fit",not contacted,,,
775,4,"California Dairies, Inc.",unclassified food/bev mfr,,Visalia,California,http://www.californiadairies.com,3.5390714E8,716,Private,"California Dairies, Inc.",311511,Herding dairies together makes California Dairies the largest dairy processing cooperative in the US. Its 410 member/farmers provide the co-op with more than 18 billion pounds of milk a year. Its plan,Brad Anderson — Chief Executive Officer,3,0,,,,"co-man status UNKNOWN — needs website check; 3 contact(s), no email flag; mid-market size fit",not contacted,,,
776,4,"Canyon Bakehouse, LLC",unclassified food/bev mfr,,Johnstown,Colorado,http://www.canyonglutenfree.com,3.3695099E7,145,Private,"Flowers Foods, Inc.",311812,"Canyon Bakehouse, Llc is primarily engaged in manufacturing fresh or frozen bread and bread-type rolls and fresh cakes, pies, pastries and other similar ""perishable"" bakery products.",Christopher Burgin — Principal,3,0,,,,"co-man status UNKNOWN — needs website check; 3 contact(s), no email flag; mid-market size fit",not contacted,,,
777,4,"Cargill Cocoa & Chocolate, Inc.",unclassified food/bev mfr,,Wayzata,Minnesota,http://www.cargill.com,5.6609734E7,426,Private,"Cargill, Incorporated",311351,"Cargill Cocoa & Chocolate, Inc. is primarily engaged in shelling, roasting, and grinding cacao beans for the purpose of making chocolate liquor, from which cocoa powder and cocoa butter are derived, a",Patrick Locken — Vice PresidentFinance,3,0,,,,"co-man status UNKNOWN — needs website check; 3 contact(s), no email flag; mid-market size fit",not contacted,,,
778,4,"Cargill Kitchen Solutions, Inc.",unclassified food/bev mfr,,Monticello,Minnesota,http://www.sunnyfresh.com,4.9631149E7,700,Private,"Cargill, Incorporated",311999,People at this company will definitely tell you it's the egg that comes first. Cargill Kitchen Solutions (formerly Sunny Fresh Foods) is a leading manufacturer of value-added processed egg products fo,James Guyre — Vice President,3,0,,,,"co-man status UNKNOWN — needs website check; 3 contact(s), no email flag; mid-market size fit",not contacted,,,
779,4,Carl Buddig and Company,unclassified food/bev mfr,,Tinley Park,Illinois,http://www.buddig.com,1.9687346E8,500,Private,Carl Buddig and Company,311612,"Carl Buddig and Company is a family-owned business specializing in sliced deli meats. Founded in 1943 and based in Homewood, Illinois, the company has been a staple in its industry for over 75 years. ",Peter Maciejewski — Chief Financial Officer,3,0,,,,"co-man status UNKNOWN — needs website check; 3 contact(s), no email flag; mid-market size fit",not contacted,,,
780,4,"Case Foods, Inc.",unclassified food/bev mfr,,Troutman,North Carolina,http://www.casefarms.com,1.1432036E8,6253,Private,"Case Foods, Inc.",311615,"Case Foods, Inc. is primarily engaged in slaughtering, dressing, packing, freezing, and canning poultry, rabbits, and other small game, or in manufacturing products from such meats, for their own acco",Thomas Shelton — President,3,0,,,,"co-man status UNKNOWN — needs website check; 3 contact(s), no email flag; mid-market size fit",not contacted,,,
781,4,"Celestial Seasonings, Inc.",unclassified food/bev mfr,,Boulder,Colorado,http://www.celestialseasonings.com,2.2957785E7,221,Private,"The Hain Celestial Group, Inc.",311920,"Celestial Seasonings, Inc. is primarily engaged in manufacturing prepared foods and miscellaneous food specialties, not elsewhere classified, such as baking powder, yeast, and other leavening compound",Mike Bloom — Vice President Marketing,3,0,,,,"co-man status UNKNOWN — needs website check; 3 contact(s), no email flag; mid-market size fit",not contacted,,,
782,4,"Central Valley Meat Co., Inc.",unclassified food/bev mfr,,Hanford,California,http://www.centralvalleymeat.com,8.7581154E7,900,Private,"Central Valley Meat Co., Inc.",311611,"Central Valley Meat Co., Inc. is primarily engaged in the slaughtering, for their own account or on a contract basis for the trade, of cattle, hogs, sheep, lambs, and calves for meat to be sold or to ",Brian Coelho — President CEO,3,0,,,,"co-man status UNKNOWN — needs website check; 3 contact(s), no email flag; mid-market size fit",not contacted,,,
783,4,Chelsea Milling Company,unclassified food/bev mfr,,Chelsea,Michigan,http://www.jiffymix.com,5.3538879E7,325,Private,Chelsea Milling Company,311211,Old school is the new cool at Chelsea Milling. The company hasn't significantly changed its Jiffy-brand blue-and-white graphic boxes in more than 50 years. It produces more than 20 flour mixes of cake,Howard Holmes — President Ceo,3,0,,,,"co-man status UNKNOWN — needs website check; 3 contact(s), no email flag; mid-market size fit",not contacted,,,
784,4,Cheryl & Co.,unclassified food/bev mfr,,Westerville,Ohio,http://www.cheryls.com,2.5007595E7,300,Private,"1-800-Flowers.com, Inc.",311821,"Cheryl & Co. is primarily engaged in manufacturing fresh cookies, crackers, pretzels, and similar ""dry"" bakery products.",Maribel Garcia — Principal,3,0,,,,"co-man status UNKNOWN — needs website check; 3 contact(s), no email flag; mid-market size fit",not contacted,,,
785,4,Chesterman Co.,unclassified food/bev mfr,,Sioux City,Iowa,http://www.chesterman.com,2.7349466E8,900,Private,Chesterman Co.,312111,Chesterman Co. is primarily engaged in manufacturing soft drinks and carbonated waters.,Darin Cook — chief operating officer,3,0,,,,"co-man status UNKNOWN — needs website check; 3 contact(s), no email flag; mid-market size fit",not contacted,,,
786,4,"Chicago Meat Authority, Inc.",unclassified food/bev mfr,,Chicago,Illinois,http://www.chicagomeat.com,5.3494263E7,330,Private,,311611,"When Chicago needs meat, it turns to an authority. Chicago Meat Authority (CMA) processes beef and pork into a variety of sizes and cuts and sells its products not only inChicago, but worldwide.The co",Jordan Dorfman — President,3,0,,,,"co-man status UNKNOWN — needs website check; 3 contact(s), no email flag; mid-market size fit",not contacted,,,
787,4,"Citrosuco North America, Inc.",unclassified food/bev mfr,,Lake Wales,Florida,http://www.citrosuco.com,2.4934359E7,200,Private,Citrosuco Europe,311411,"Citrosuco North America, Inc. is primarily engaged in freezing fruits, fruit juices, and vegetables. These establishments also produce important byproducts such as fresh or dried citrus pulp.",Dennis Helms — Chief Financial Officer,3,0,,,,"co-man status UNKNOWN — needs website check; 3 contact(s), no email flag; mid-market size fit",not contacted,,,
788,4,"Citrus Systems, Inc.",unclassified food/bev mfr,,Hopkins,Minnesota,http://www.citrussystems.com,2.4919504E7,50,Private,,311411,"Citrus Systems, Inc. is primarily engaged in freezing fruits, fruit juices, and vegetables. These establishments also produce important byproducts such as fresh or dried citrus pulp.",Thomas Boehland — Chief Executive Officer,3,0,,,,"co-man status UNKNOWN — needs website check; 3 contact(s), no email flag; mid-market size fit",not contacted,,,
789,4,Coca-cola Bottling Company High Country,unclassified food/bev mfr,,Rapid City,South Dakota,http://www.coca-colahighcountry.com,5.9251114E7,205,Private,Coca-Cola Bottlers' Sales & Services Company LLC,312111,Coca-Cola Bottling Company High Country is primarily engaged in manufacturing soft drinks and carbonated waters.,Drake Messinger — Vice President Of Sales,3,0,,,,"co-man status UNKNOWN — needs website check; 3 contact(s), no email flag; mid-market size fit",not contacted,,,
790,4,"Coca-cola Bottling Company United, Inc.",unclassified food/bev mfr,,Birmingham,Alabama,http://www.cocacolaunited.com,2.3572943E8,8281,Private,"Coca-cola Bottling Company United, Inc.",312111,Coca-Cola Bottling Co. United is one of the second largest privately-held Coca-Cola bottlers in North America and the third largest bottler of Coca-Cola products in the US. The company is no slouch wh,Robert McPherson — Principal,3,0,,,,"co-man status UNKNOWN — needs website check; 3 contact(s), no email flag; mid-market size fit",not contacted,,,
791,4,Coffee & Bagel Brands,unclassified food/bev mfr,,Minneapolis,Minnesota,http://www.brueggers.com,2.7338248E8,4649,Private,Coffee & Bagel Brands,445291,Coffee & Bagel Brands is primarily engaged in the retail sale of bakery products. The products may be purchased from others or made on the premises.,Sarah Spiegel — Chief Executive Officer,3,0,,,,"co-man status UNKNOWN — needs website check; 3 contact(s), no email flag; mid-market size fit",not contacted,,,
792,4,"Columbia Nutritional, LLC",unclassified food/bev mfr,,Vancouver,Washington,http://www.columbianutritional.com,2.2628868E7,275,Private,,311514,"Columbia Nutritional, Llc is primarily engaged in manufacturing dry, condensed, and evaporated dairy products. This also includes manufacturing mixes for the preparation of frozen ice cream and ice mi",Randy Massie — Business Owner,3,0,,,,"co-man status UNKNOWN — needs website check; 3 contact(s), no email flag; mid-market size fit",not contacted,,,
793,4,"Community Coffee Company, L.L.C.",unclassified food/bev mfr,,Baton Rouge,Louisiana,http://www.communitycoffee.com,1.3288788E8,800,Private,"Community Coffee Company, L.L.C.",311920,Community Coffee is one of the largest family-owned retail coffee brand (Community Coffee) in the US. There's more brewing: around 25 CC's Coffee Houses have sprung up in Louisiana since the original ,Thomas Corley — PresidentCeo,3,0,,,,"co-man status UNKNOWN — needs website check; 3 contact(s), no email flag; mid-market size fit",not contacted,,,
794,4,"Cooper Farms, Inc.",unclassified food/bev mfr,,Oakwood,Ohio,http://www.cooperfarms.com,4.7535126E7,140,Private,"Cooper Farms, Inc.",311119,"Cooper Farms, Inc. is primarily engaged in manufacturing prepared feeds and feed ingredients and adjuncts for animals and fowls, except dogs and cats. Included in this industry are poultry and livesto",Gary Cooper — Vice President,3,0,,,,"co-man status UNKNOWN — needs website check; 3 contact(s), no email flag; mid-market size fit",not contacted,,,
795,4,Cooperative Regions Of Organic Producer Pools,unclassified food/bev mfr,,La Farge,Wisconsin,http://www.organicvalley.coop,4.5293976E8,764,Private,Cooperative Regions Of Organic Producer Pools,311411,"Cooperative Regions of Organic Producer Pools, known as Organic Valley, is the largest farmer-owned organic cooperative in the United States and the #1 brand of premium organic dairy. As a private coo",Shawna Nelson — Chief Executive Officer,3,0,,,,"co-man status UNKNOWN — needs website check; 3 contact(s), no email flag; mid-market size fit",not contacted,,,
796,4,"Cornfields, LLC",unclassified food/bev mfr,,Waukegan,Illinois,http://www.cornfieldsinc.com,2.4348068E7,120,Private,Eagle Family Foods Group LLC,311999,"Cornfields, Llc is primarily engaged in manufacturing prepared foods and miscellaneous food specialties, not elsewhere classified, such as baking powder, yeast, and other leavening compounds; peanut b",Claire Cretors — President,3,0,,,,"co-man status UNKNOWN — needs website check; 3 contact(s), no email flag; mid-market size fit",not contacted,,,
797,4,"Country Pure Foods Topco, LLC",unclassified food/bev mfr,,Akron,Ohio,http://www.countrypure.com,4.9084375E8,705,Private,"Peterson Brands, LLC",311421,"Country Pure Foods, Inc., a subsidiary of Petersonbrands, is a leading US manufacturer and supplier of beverages. The company offers a wide range of products, including portioned and multi-serve juice",Aaron Peterson — Chief Executive Officer,3,0,,,,"co-man status UNKNOWN — needs website check; 3 contact(s), no email flag; mid-market size fit",not contacted,,,
798,4,"Craft Brew Alliance, Inc.",unclassified food/bev mfr,,Saint Louis,Missouri,http://www.anheuser-busch.com,4.7552074E7,674,Private,"American Beverage Crafts, LLC",312120,"Competing with the big boys is more effective in an alliance. The Craft Brew Alliance brings together Redhook Ale Brewery (Seattle), Widmer Brothers Brewing (Portland), and Kona Brewing (Kona, Hawaii)",Christine Perich — Executive Vice President,3,0,,,,"co-man status UNKNOWN — needs website check; 3 contact(s), no email flag; mid-market size fit",not contacted,,,
799,4,"Crider, Inc.",unclassified food/bev mfr,,Stillmore,Georgia,http://www.criderfoods.com,9.4039886E7,750,Private,,311999,They may not know why the chicken crossed the road but the folks at Crider apparently have figured out how to get them to climb inside its cans. The company is a leading chicken canner in the US and m,Abby Walden — Chief Financial Officer,3,0,,,,"co-man status UNKNOWN — needs website check; 3 contact(s), no email flag; mid-market size fit",not contacted,,,
800,4,"Crystal Valley Farms, LLC",unclassified food/bev mfr,,Orland,Indiana,http://www.millerpoultry.com,7.9055603E7,560,Private,"Crystal Valley Farms, LLC",311615,"Crystal Valley Farms, Llc is primarily engaged in slaughtering, dressing, packing, freezing, and canning poultry, rabbits, and other small game, or in manufacturing products from such meats, for their",Stuart Blackburn — Chief Financial Officer,3,0,,,,"co-man status UNKNOWN — needs website check; 3 contact(s), no email flag; mid-market size fit",not contacted,,,
801,4,"Culpeper Farmers' Cooperative, Incorporated",unclassified food/bev mfr,,Culpeper,Virginia,http://www.cfcfarmhome.com,2.7222334E7,140,Private,"Culpeper Farmers' Cooperative, Incorporated",311119,"Culpeper Farmers' Cooperative, Incorporated is primarily engaged in manufacturing prepared feeds and feed ingredients and adjuncts for animals and fowls, except dogs and cats. Included in this industr",W Spillman — President,3,0,,,,"co-man status UNKNOWN — needs website check; 3 contact(s), no email flag; mid-market size fit",not contacted,,,
802,4,"Curation Foods, Inc.",unclassified food/bev mfr,,Santa Maria,California,,4.8682716E7,458,Private,"Lifecore Biomedical, Inc.",311999,"Curation Foods, Inc. is primarily engaged in manufacturing prepared foods and miscellaneous food specialties, not elsewhere classified, such as baking powder, yeast, and other leavening compounds; pea",Bill Kirth — Executive Vice President And Investor,3,0,,,,"co-man status UNKNOWN — needs website check; 3 contact(s), no email flag; mid-market size fit",not contacted,,,
803,4,"CytoSport, Inc.",unclassified food/bev mfr,,Walnut Creek,California,http://www.musclemilk.com,2.0753098E7,190,Private,"PepsiCo, Inc.",311514,"Cytosport, Inc. is primarily engaged in manufacturing dry, condensed, and evaporated dairy products. This also includes manufacturing mixes for the preparation of frozen ice cream and ice milk and dai",Chris Running — Executive Vice President,3,0,,,,"co-man status UNKNOWN — needs website check; 3 contact(s), no email flag; mid-market size fit",not contacted,,,
804,4,D F Stauffer Biscuit Co Inc,unclassified food/bev mfr,,York,Pennsylvania,http://www.meijiamerica.com,1.6800012E8,650,Private,"MEIJI CO., LTD.",311821,"D.F. Stauffer Biscuit is a wholly owned subsidiary of Meiji America Inc. and is best recognized for its Original Animal Crackers. Its products include packaged animal crackers, assorted flavored cooki",James Wilson — Chief Operating Officer,3,0,,,,"co-man status UNKNOWN — needs website check; 3 contact(s), no email flag; mid-market size fit",not contacted,,,
805,4,"D&B US Fabricated Company 114, Inc.",unclassified food/bev mfr,,Short Hills,New Jersey,,2.525E8,250,Private,"D&B US Fabricated Company 113, Inc.",311225,"D&B Us Fabricated Company 114, Inc. is primarily engaged in manufacturing shortening, table oils, margarine, and other edible fats and oils, not elsewhere classified.",,1,0,,,,"co-man status UNKNOWN — needs website check; 1 contact(s), no email flag; mid-market size fit; Northeast",not contacted,,,
806,4,"DELICATO VINEYARDS, LLC",unclassified food/bev mfr,,Manteca,California,http://www.delicato.com,4.910719E8,1200,Private,"DELICATO VINEYARDS, LLC",312130,"Delicato Family Vineyards owns and operates 10,000 acres of vineyards in Monterey, Lodi, and Manteca, California. The company, also known as DFV Wines, produces a variety of red and white wines, inclu",Stacy Harban — Principal,3,0,,,,"co-man status UNKNOWN — needs website check; 3 contact(s), no email flag; mid-market size fit",not contacted,,,
807,4,"DFA Dairy Brands, LLC",unclassified food/bev mfr,,Kansas City,Kansas,http://www.dfaingredients.com,9.7557904E8,6821,Private,"Dairy Farmers of America, Inc.",311513,"Dfa Dairy Brands, Llc is primarily engaged in manufacturing natural cheese (except cottage cheese), processed cheese, cheese foods, cheese spreads, and cheese analogs (imitations and substitutes). The",Meg Callahan — Vice President Of Sales,3,1,,,,co-man status UNKNOWN — needs website check; 1 email(s) in Hoovers; large,not contacted,,,
808,4,"DairiConcepts, L.P.",unclassified food/bev mfr,,Springfield,Missouri,http://www.dfaingredients.com,2.9985577E8,658,Partnership,"Dairy Farmers of America, Inc.",311513,"Dairiconcepts, L.P. is primarily engaged in manufacturing natural cheese (except cottage cheese), processed cheese, cheese foods, cheese spreads, and cheese analogs (imitations and substitutes). These",Kris Clements — Vice President Strategic Development,3,0,,,,"co-man status UNKNOWN — needs website check; 3 contact(s), no email flag; mid-market size fit",not contacted,,,
809,4,"Daisy Brand, LLC",unclassified food/bev mfr,,Dallas,Texas,http://www.daisybrand.com,9.4272804E7,938,Private,"Daisy Brand, LLC",311511,"Daisy Brand, Llc is primarily engaged in processing (e.g., pasteurizing, homogenizing, vitaminizing, bottling) fluid milk and cream, and related products, including cottage cheese, yogurt (except froz",Scott Berry — Chief Financial Officer,3,0,,,,"co-man status UNKNOWN — needs website check; 3 contact(s), no email flag; mid-market size fit",not contacted,,,
810,4,"Dakota Provisions, LLC",unclassified food/bev mfr,,Huron,South Dakota,http://www.dakotaprovisions.com,8.9480827E7,600,Private,"Dakota Provisions, LLC",311615,"Dakota Provisions, Llc is primarily engaged in slaughtering, dressing, packing, freezing, and canning poultry, rabbits, and other small game, or in manufacturing products from such meats, for their ow",Jerry Harger — Vice President Supply Chain,3,0,,,,"co-man status UNKNOWN — needs website check; 3 contact(s), no email flag; mid-market size fit",not contacted,,,
811,4,"Danone US, Inc.",unclassified food/bev mfr,,Broomfield,Colorado,http://www.danonenorthamerica.com,4.6090607E8,500,Private,"Danone US, LLC",311514,"Danone North America is one of the largest food and beverage companies in North America. Its portfolio of brands includes Activia, DanActive, Danimals, Dannon, Horizon Organic, International Delight, ",Susan Anderson — Principal,3,0,,,,"co-man status UNKNOWN — needs website check; 3 contact(s), no email flag; mid-market size fit",not contacted,,,
812,4,"Danone US, LLC",unclassified food/bev mfr,,White Plains,New York,http://www.danonenorthamerica.com,9.5115704E8,2400,Private,DANONE,311511,"The Dannon is a yogurt company that supplies a wide array of flavors, styles, and sizes of yogurts, in regular, low-fat, and nonfat varieties, as well as in liquid, ""drinkable"" and smoothie forms. Dan",,3,3,,,,co-man status UNKNOWN — needs website check; 3 email(s) in Hoovers; large; Northeast,not contacted,,,
813,4,"Dawn Food Products, Inc.",unclassified food/bev mfr,,Jackson,Michigan,http://www.dawnfoods.com,2.9596051E8,2570,Private,"Dawn Foods, Inc.",311824,Dawn Food Products is a global leader in bakery manufacturing and ingredient distribution. The company provides high-quality bakery solutions to customers around the globe. It offers a comprehensive p,Nikki Lewis — Principal,3,0,,,,"co-man status UNKNOWN — needs website check; 3 contact(s), no email flag; mid-market size fit",not contacted,,,
814,4,Dessert Holdings US Co.,unclassified food/bev mfr,,Saint Paul,Minnesota,http://www.dessertholdings.com,5.5425987E7,1347,Private,Dessert Holdings US Co.,311813,"Dessert Holdings Us Co. is primarily engaged in manufacturing frozen bakery products, except bread and bread-type rolls.",Chris Rogers — Chief Financial Officer,3,0,,,,"co-man status UNKNOWN — needs website check; 3 contact(s), no email flag; mid-market size fit",not contacted,,,
815,4,"Diamond Foods, LLC",unclassified food/bev mfr,,Stockton,California,http://www.diamondnuts.com,4.4006531E8,1696,Private,"Diamond Foods, LLC",311911,"Diamond Foods is a major culinary nut company with the leading share in the US branded nut market. Through Diamond of California, the company offers fresh, high-quality, and great-tasting nuts for eve",Desiree Champaco — Vice President Of Information Technology Supply Chain,3,0,,,,"co-man status UNKNOWN — needs website check; 3 contact(s), no email flag; mid-market size fit",not contacted,,,
816,4,"Dietz & Watson, Inc.",unclassified food/bev mfr,,Philadelphia,Pennsylvania,http://www.dietzandwatson.com,9.9551094E7,900,Private,"Dietz & Watson, Inc.",311611,"Dietz & Watson, Inc. is primarily engaged in the slaughtering, for their own account or on a contract basis for the trade, of cattle, hogs, sheep, lambs, and calves for meat to be sold or to be used o",Kanubhai Patel — Principal,3,0,,,,"co-man status UNKNOWN — needs website check; 3 contact(s), no email flag; mid-market size fit",not contacted,,,
817,4,"Dole Packaged Foods, LLC",unclassified food/bev mfr,,Westlake Village,California,http://www.dolesunshine.com,2.5693072999999997E8,1100,Private,ITOCHU CORPORATION,311411,"Dole Packaged Foods, Llc is primarily engaged in freezing fruits, fruit juices, and vegetables. These establishments also produce important byproducts such as fresh or dried citrus pulp.",Juan Torres — Principal,3,0,,,,"co-man status UNKNOWN — needs website check; 3 contact(s), no email flag; mid-market size fit",not contacted,,,
818,4,"Dr Pepper/Seven Up, Inc.",unclassified food/bev mfr,,Frisco,Texas,http://www.drpepper.com,6.3517406E7,1869,Private,Keurig Dr Pepper Inc.,311930,"Dr Pepper/Seven Up, Inc. is primarily engaged in manufacturing flavoring extracts, syrups, powders, and related products, not elsewhere classified, for soda fountain use or for the manufacture of soft",Carl Gilman — Senior Vice President Sales And Marketing,3,0,,,,"co-man status UNKNOWN — needs website check; 3 contact(s), no email flag; mid-market size fit",not contacted,,,
819,4,E. A. Sween Company,unclassified food/bev mfr,,Eden Prairie,Minnesota,http://www.deliexpress.com,2.4207828E8,900,Private,E. A. Sween Company,311991,"E. A. Sween Company is primarily engaged in manufacturing prepared foods and miscellaneous food specialties, not elsewhere classified, such as baking powder, yeast, and other leavening compounds; pean",Thomas Hans Sween — Chief Executive Officer,3,0,,,,"co-man status UNKNOWN — needs website check; 3 contact(s), no email flag; mid-market size fit",not contacted,,,
820,4,"EFCO Products, Inc.",unclassified food/bev mfr,,Poughkeepsie,New York,http://www.efcoproducts.com,2.269404E7,70,Private,,311999,"Efco Products, Inc. is primarily engaged in manufacturing prepared foods and miscellaneous food specialties, not elsewhere classified, such as baking powder, yeast, and other leavening compounds; pean",,1,0,,,,"co-man status UNKNOWN — needs website check; 1 contact(s), no email flag; mid-market size fit; Northeast",not contacted,,,
821,4,"Eastern Shore Poultry Company, Inc",unclassified food/bev mfr,,Georgetown,Delaware,http://www.easternshorepoultry.com,2.0335068E7,356,Private,,311615,"Eastern Shore Poultry Company, Inc is primarily engaged in slaughtering, dressing, packing, freezing, and canning poultry, rabbits, and other small game, or in manufacturing products from such meats, ",Harry Dukes — President,3,0,,,,"co-man status UNKNOWN — needs website check; 3 contact(s), no email flag; mid-market size fit",not contacted,,,
822,4,"Eastern Tea, LLC",unclassified food/bev mfr,,Monroe Township,New Jersey,http://www.bromleytea.com,2.5608408E7,50,Private,"Eastern Tea Holdco, Inc.",311920,"Eastern Tea, Llc is primarily engaged in manufacturing prepared foods and miscellaneous food specialties, not elsewhere classified, such as baking powder, yeast, and other leavening compounds; peanut ",,1,0,,,,"co-man status UNKNOWN — needs website check; 1 contact(s), no email flag; mid-market size fit; Northeast",not contacted,,,
823,4,"Eat Just, Inc.",unclassified food/bev mfr,,Alameda,California,http://www.ju.st,4.7586506E7,249,Private,"Eat Just, Inc.",311941,"Eat Just, Inc. is primarily engaged in pickling and brining fruits and vegetables, and in manufacturing salad dressings, vegetable relishes, sauces, and seasonings.",Priyanka Mahadevia — Chief Operating Officer,3,0,,,,"co-man status UNKNOWN — needs website check; 3 contact(s), no email flag; mid-market size fit",not contacted,,,
824,4,Eddy Carolina Pride LLC,unclassified food/bev mfr,,Greenwood,South Carolina,http://www.carolinapride.com,2.0455647E7,450,Private,"Eddy Packing Co., Inc.",311612,"Eddy Carolina Pride Llc is primarily engaged in manufacturing sausages, cured meats, smoked meats, canned meats, frozen meats, and other prepared meats and meat specialties, from purchased carcasses a",Mark Litts Ctrl — Principal,3,0,,,,"co-man status UNKNOWN — needs website check; 3 contact(s), no email flag; mid-market size fit",not contacted,,,
825,4,"Eddy Packing Co., Inc.",unclassified food/bev mfr,,Yoakum,Texas,http://www.eddyfoods.com,1.0556988E8,1330,Private,"Eddy Packing Co., Inc.",311611,"Eddy Packing Co., Inc. is primarily engaged in the slaughtering, for their own account or on a contract basis for the trade, of cattle, hogs, sheep, lambs, and calves for meat to be sold or to be used",Jim Reed — Chief Executive Officer,3,0,,,,"co-man status UNKNOWN — needs website check; 3 contact(s), no email flag; mid-market size fit",not contacted,,,
826,4,"Einstein Noah Restaurant Group, Inc.",unclassified food/bev mfr,,Denver,Colorado,http://www.bagelbrands.com,4.7211542E8,6000,Private,"Einstein Noah Restaurant Group, Inc.",445291,"Einstein Noah Restaurant Group, Inc. is a leader in the quick-casual restaurant industry and the largest operator of bagel specialty restaurants in the US, with over 1,000 locations across 40 states a",Frank Paci — President,3,0,,,,"co-man status UNKNOWN — needs website check; 3 contact(s), no email flag; mid-market size fit",not contacted,,,
827,4,Einstein and Noah Corp.,unclassified food/bev mfr,,Lakewood,Colorado,http://www.einsteinbros.com,9.4802811E7,2764,Private,"Panera Brands, Inc.",445291,Einstein And Noah Corp. is primarily engaged in the retail sale of bakery products. The products may be purchased from others or made on the premises.,Darlene Graziano — Principal,3,0,,,,"co-man status UNKNOWN — needs website check; 3 contact(s), no email flag; mid-market size fit",not contacted,,,
828,4,"El-milagro, Inc.",unclassified food/bev mfr,,Chicago,Illinois,http://www.el-milagro.com,6.4373665E7,540,Private,"El-milagro, Inc.",311830,"El-Milagro, Inc. is primarily engaged in manufacturing prepared foods and miscellaneous food specialties, not elsewhere classified, such as baking powder, yeast, and other leavening compounds; peanut ",Raphael Lopez — President,3,0,,,,"co-man status UNKNOWN — needs website check; 3 contact(s), no email flag; mid-market size fit",not contacted,,,
829,4,"Elite Spice, Inc.",unclassified food/bev mfr,,Jessup,Maryland,http://www.elitespice.com,5.088485E7,581,Private,"Elite Spice, Inc.",311942,"Elite Spice, Inc. is primarily engaged in manufacturing prepared foods and miscellaneous food specialties, not elsewhere classified, such as baking powder, yeast, and other leavening compounds; peanut",James Murphy — Principal,3,0,,,,"co-man status UNKNOWN — needs website check; 3 contact(s), no email flag; mid-market size fit",not contacted,,,
830,4,Emergy Inc.,unclassified food/bev mfr,,Boulder,Colorado,http://www.meati.com,2.9904743E7,200,Private,,311999,"Emergy Inc. is primarily engaged in manufacturing prepared foods and miscellaneous food specialties, not elsewhere classified, such as baking powder, yeast, and other leavening compounds; peanut butte",Phil Graves — Chief Executive Officer,3,0,,,,"co-man status UNKNOWN — needs website check; 3 contact(s), no email flag; mid-market size fit",not contacted,,,
831,4,Espresso Disposition Corporation 1,unclassified food/bev mfr,,Miami,Florida,,2.3767181E7,220,Private,The J. M. Smucker Company,311920,"There's a rich aromacoming from Florida,home ofRowland Coffee Roasters. One of North America's largest producers of coffee products, the company is known forespresso.Rowlandroasts some80% of all espre",Jean Paul — Plant Manager,3,0,,,,"co-man status UNKNOWN — needs website check; 3 contact(s), no email flag; mid-market size fit",not contacted,,,
832,4,F. Gavina & Sons Inc.,unclassified food/bev mfr,,Vernon,California,http://www.gavina.com,2.4333788E7,260,Private,F. Gavina & Sons Inc.,311920,Coffee lovers can turn to this family for their cup of joe. F. Gavia & Sons is one of the largest wholesale suppliers of roasted coffee in the western US. It distributes whole bean and ground coffee t,Pedro Gavina — President,3,0,,,,"co-man status UNKNOWN — needs website check; 3 contact(s), no email flag; mid-market size fit",not contacted,,,
833,4,FGF LLC,unclassified food/bev mfr,,San Antonio,Texas,http://www.fgfbrands.com,1.5826904E8,1581,Private,FGF Brands Inc,311812,"Fgf Llc is primarily engaged in manufacturing fresh or frozen bread and bread-type rolls and fresh cakes, pies, pastries and other similar ""perishable"" bakery products.",Andy Rutledge — Principal,3,0,,,,"co-man status UNKNOWN — needs website check; 3 contact(s), no email flag; mid-market size fit",not contacted,,,
834,4,FPL Food LLC,unclassified food/bev mfr,,Augusta,Georgia,http://www.fplfood.net,1.6154163E8,800,Private,FPL Food LLC,311611,"Fpl Food Llc is primarily engaged in the slaughtering, for their own account or on a contract basis for the trade, of cattle, hogs, sheep, lambs, and calves for meat to be sold or to be used on the sa",Francois Leger — Chief Executive Officer And Chairman,3,0,,,,"co-man status UNKNOWN — needs website check; 3 contact(s), no email flag; mid-market size fit",not contacted,,,
835,4,Farmer Bros. Co.,unclassified food/bev mfr,,Fort Worth,Texas,http://www.farmerbros.com,3.4228101E8,848,Public,Royal Cup Inc.,311920,"Farmer Bros Co (Farmer Bros) is a coffee roaster, distributor and wholesaler of coffee, tea and culinary products. The company’s product portfolio includes roasted and ground coffee, iced coffee, orga",Srikanth Katuru — Vice President Head Of Information Technology,3,0,,,,"co-man status UNKNOWN — needs website check; 3 contact(s), no email flag; mid-market size fit",not contacted,,,
836,4,Fetzer Vineyards,unclassified food/bev mfr,,Hopland,California,http://www.fetzer.com,3.9439365E7,260,Private,Vina Concha y Toro S.A.,312130,"Fetzer Vineyards is primarily engaged in manufacturing wines, brandy, and brandy spirits. This industry also includes bonded wine cellars which are engaged in blending wines.",Dennis Martin — Vice President Director Of Winemaking,3,0,,,,"co-man status UNKNOWN — needs website check; 3 contact(s), no email flag; mid-market size fit",not contacted,,,
837,4,Fieldale Farms Corporation,unclassified food/bev mfr,,Baldwin,Georgia,http://www.fieldale.com,5.2299072E8,4800,Private,Fieldale Farms Corporation,311615,"Fieldale Farms Corporation is one of the largest independent poultry producers in the world. With several production plants, the poultry-processing company produces fresh and frozen chicken and chicke",Will Baker — Vice President Chief Information Officer,3,2,,,,co-man status UNKNOWN — needs website check; 2 email(s) in Hoovers; large,not contacted,,,
838,4,"Firstclass Foods - Trojan, Inc.",unclassified food/bev mfr,,Hawthorne,California,,2.0205126E7,135,Private,"US Foods, Inc.",311611,"Firstclass Foods - Trojan, Inc. is primarily engaged in the slaughtering, for their own account or on a contract basis for the trade, of cattle, hogs, sheep, lambs, and calves for meat to be sold or t",Felix Benzimra — Sales Vice President,2,0,,,,"co-man status UNKNOWN — needs website check; 2 contact(s), no email flag; mid-market size fit",not contacted,,,
839,4,"Five Star Gourmet Foods, Inc.",unclassified food/bev mfr,,Rancho Cucamonga,California,http://www.fivestargourmetfoods.com,5.135376E7,1500,Private,"Five Star Gourmet Foods, Inc.",311991,"Five Star Gourmet Foods, Inc. is primarily engaged in manufacturing prepared foods and miscellaneous food specialties, not elsewhere classified, such as baking powder, yeast, and other leavening compo",Linda Robles — Chief Operating Officer,3,0,,,,"co-man status UNKNOWN — needs website check; 3 contact(s), no email flag; mid-market size fit",not contacted,,,
840,4,Florida Coca-Cola Bottling Company,unclassified food/bev mfr,,Brandon,Florida,http://www.ccbss.com,5.3219868E7,4000,Private,"Coca-Cola Refreshments USA, LLC",312111,Florida Coca-Cola Bottling Company is primarily engaged in manufacturing soft drinks and carbonated waters.,Sheila Ebanks — Vice President Customer Relationship Management,3,0,,,,"co-man status UNKNOWN — needs website check; 3 contact(s), no email flag; mid-market size fit",not contacted,,,
841,4,"Foremost Farms USA, Cooperative",unclassified food/bev mfr,,Middleton,Wisconsin,http://www.foremostfarms.com,4.6474591E8,1150,Private,"Foremost Farms USA, Cooperative",311513,"Foremost Farms USA is one of the largest, leading dairy cooperatives in the US and a major food manufacturing business. It represents hundreds of Midwest dairy farmer members located across seven Midw",Brenda Dehart — President Chief Executive Officer,3,0,,,,"co-man status UNKNOWN — needs website check; 3 contact(s), no email flag; mid-market size fit",not contacted,,,
842,4,"Freshrealm, Inc.",unclassified food/bev mfr,,Lancaster,Texas,http://www.freshrealm.com,4.5486832E8,3500,Private,"Freshrealm, Inc.",311999,"Freshrealm, Inc. is primarily engaged in manufacturing prepared foods and miscellaneous food specialties, not elsewhere classified, such as baking powder, yeast, and other leavening compounds; peanut ",Neill King — Chief Operating Officer,3,0,,,,"co-man status UNKNOWN — needs website check; 3 contact(s), no email flag; mid-market size fit",not contacted,,,
843,4,"Frito-Lay, Inc.",unclassified food/bev mfr,,Plano,Texas,http://www.fritolay.com,1.3163362000000001E8,497,Private,"PepsiCo, Inc.",311821,"Frito-Lay, Inc. is primarily engaged in manufacturing fresh cookies, crackers, pretzels, and similar ""dry"" bakery products.",Denise Truelove — Senior Vice President Marketing,3,0,,,,"co-man status UNKNOWN — needs website check; 3 contact(s), no email flag; mid-market size fit",not contacted,,,
844,4,"G. L. Mezzetta, Inc.",unclassified food/bev mfr,,American Canyon,California,http://www.mezzetta.com,5.2787079E7,200,Private,"G. L. Mezzetta, Inc.",311421,"G. L. Mezzetta, Inc. is primarily engaged in canning fruits, vegetables, and fruit and vegetable juices; and in manufacturing catsup and similar tomato sauces, or natural and imitation preserves, jams",Michelle Nguyen — Chief Financial Officer,3,0,,,,"co-man status UNKNOWN — needs website check; 3 contact(s), no email flag; mid-market size fit",not contacted,,,
845,4,"G.A. Food Services of Pinellas County, LLC",unclassified food/bev mfr,,Saint Petersburg,Florida,http://www.gafoods.com,1.5168341E8,1060,Private,"G.A. Food Services of Pinellas County, LLC",311412,"G.A. Food Services Of Pinellas County, Llc is primarily engaged in manufacturing frozen food specialties, not elsewhere classified, such as frozen dinners and frozen pizza.",Sean Lobianco — CoChief Executive Officer,3,0,,,,"co-man status UNKNOWN — needs website check; 3 contact(s), no email flag; mid-market size fit",not contacted,,,
846,4,GRADECRACKER LLC,unclassified food/bev mfr,,Moses Lake,Washington,http://gradecrackerllc.com,3.7200001E7,158,Private,,311999,"Gradecracker Llc is primarily engaged in manufacturing prepared foods and miscellaneous food specialties, not elsewhere classified, such as baking powder, yeast, and other leavening compounds; peanut ",Thanjaavur Manavalan — Principal,2,0,,,,"co-man status UNKNOWN — needs website check; 2 contact(s), no email flag; mid-market size fit",not contacted,,,
847,4,"Garelick Farms, LLC",unclassified food/bev mfr,,Franklin,Massachusetts,http://www.garelickfarms.com,3.2679958E7,2500,Private,"Dean East, LLC",311511,"Garelick Farms, LLC, a subsidiary of the national cooperative Dairy Farmers of America (DFA), is a leading manufacturer and processor of dairy products in the northeastern US. Considered the largest d",,3,0,,,,"co-man status UNKNOWN — needs website check; 3 contact(s), no email flag; mid-market size fit; Northeast",not contacted,,,
848,4,"Gehl Foods, LLC",unclassified food/bev mfr,,Germantown,Wisconsin,http://www.gehlfoodandbeverage.com,1.7671136E8,415,Private,"Gehl Foods, LLC",311513,"Gehl Foods, Llc is primarily engaged in manufacturing natural cheese (except cottage cheese), processed cheese, cheese foods, cheese spreads, and cheese analogs (imitations and substitutes). These est",Dan Schober — Chief Financial Officer,3,0,,,,"co-man status UNKNOWN — needs website check; 3 contact(s), no email flag; mid-market size fit",not contacted,,,
849,4,"George's Processing, Inc.",unclassified food/bev mfr,,Springdale,Arkansas,http://www.georgesinc.com,6.0207565E7,4000,Private,"George's, Inc.",311615,"George's Processing, Inc. is primarily engaged in slaughtering, dressing, packing, freezing, and canning poultry, rabbits, and other small game, or in manufacturing products from such meats, for their",Otto Jeck — Executive Vice President,1,0,,,,"co-man status UNKNOWN — needs website check; 1 contact(s), no email flag; mid-market size fit",not contacted,,,
850,4,Gerber Products Company,unclassified food/bev mfr,,Arlington,Virginia,http://gerber.com,1.2439345E8,2381,Private,"Nestle Holdings, Inc.",311514,"Gerber Products Company doesn't strain to make money. It does, however, strain to make its food products. Gerber's more than 200 baby offerings include the ubiquitous glass jars of baby food. The comp",Robin Dickmann — Principal Scientist Food Safety,3,0,,,,"co-man status UNKNOWN — needs website check; 3 contact(s), no email flag; mid-market size fit",not contacted,,,
851,4,"Gertrude Hawk Brands, Inc.",unclassified food/bev mfr,,Dunmore,Pennsylvania,http://www.gertrudehawkchocolates.com,5.5508995E7,400,Private,"Gertrude Hawk Brands, Inc.",311351,"Gertrude Hawk Brands, Inc. is primarily engaged in shelling, roasting, and grinding cacao beans for the purpose of making chocolate liquor, from which cocoa powder and cocoa butter are derived, and in",David Hambright — President,3,0,,,,"co-man status UNKNOWN — needs website check; 3 contact(s), no email flag; mid-market size fit",not contacted,,,
852,4,Gonnella Baking Co.,unclassified food/bev mfr,,Schaumburg,Illinois,http://www.gonnella.com,9.1278183E7,350,Private,Gonnella Baking Co.,311812,"Gonnella Baking Co. is a privately owned family company and a leading manufacturer of bakery products. Operating on a coast-to-coast basis in the US, the company produces over 4 million pounds of brea",Todd Sedlacek — Chief Financial Officer,3,0,,,,"co-man status UNKNOWN — needs website check; 3 contact(s), no email flag; mid-market size fit",not contacted,,,
853,4,"Gonnella Frozen Products, LLC",unclassified food/bev mfr,,Schaumburg,Illinois,http://www.gonnella.com,5.0576111E7,350,Private,Gonnella Baking Co.,311812,"Gonnella Frozen Products, Llc is primarily engaged in manufacturing fresh or frozen bread and bread-type rolls and fresh cakes, pies, pastries and other similar ""perishable"" bakery products.",Dennis Marcucci — Vice President Of Information Systems And Administrator,3,0,,,,"co-man status UNKNOWN — needs website check; 3 contact(s), no email flag; mid-market size fit",not contacted,,,
854,4,"Good Foods Group, LLC",unclassified food/bev mfr,,Pleasant Prairie,Wisconsin,http://www.goodfoods.com,6.9977165E7,325,Private,"Good Foods Group, LLC",311941,"Good Foods Group, Llc is primarily engaged in pickling and brining fruits and vegetables, and in manufacturing salad dressings, vegetable relishes, sauces, and seasonings.",Jeff Mcmahon — Chief Financial Officer,3,0,,,,"co-man status UNKNOWN — needs website check; 3 contact(s), no email flag; mid-market size fit",not contacted,,,
855,4,Graeter's Ice Cream Company,unclassified food/bev mfr,,Cincinnati,Ohio,http://www.graeters.com,2.6579458E7,500,Private,Graeter's Ice Cream Company,311520,Graeter's Ice Cream Company is primarily engaged in manufacturing ice cream and other frozen desserts.,Craig Eten — Vp Chief Financial Officer,3,0,,,,"co-man status UNKNOWN — needs website check; 3 contact(s), no email flag; mid-market size fit",not contacted,,,
856,4,"Grain Craft Milling (Southwest), LLC",unclassified food/bev mfr,,Muleshoe,Texas,http://www.bungeag.com,2.8075993E7,115,Private,"Redwood Holdings, LLC",311211,"Grain Craft Milling (Southwest), Llc is primarily engaged in milling flour or meal from grain, except rice. The products of flour mills may be sold plain or in the form of prepared mixes or doughs for",Jorge Asaff — Plant Manager,3,0,,,,"co-man status UNKNOWN — needs website check; 3 contact(s), no email flag; mid-market size fit",not contacted,,,
857,4,Grande Cheese Company,unclassified food/bev mfr,,Fond Du Lac,Wisconsin,http://www.grande.com,2.7617911E8,1000,Private,Grande Cheese Company,311513,"Grande Cheese Company is primarily engaged in manufacturing natural cheese (except cottage cheese), processed cheese, cheese foods, cheese spreads, and cheese analogs (imitations and substitutes). The",David Kapic — Chief Operating Officer,3,0,,,,"co-man status UNKNOWN — needs website check; 3 contact(s), no email flag; mid-market size fit",not contacted,,,
858,4,Gray & Company,unclassified food/bev mfr,,Hart,Michigan,http://www.cherryman.com,6.1641262E7,425,Private,Seneca Foods Corporation,311421,"Gray & Company is primarily engaged in canning fruits, vegetables, and fruit and vegetable juices; and in manufacturing catsup and similar tomato sauces, or natural and imitation preserves, jams, and ",Joshua Reynolds — Executive Vice President,3,0,,,,"co-man status UNKNOWN — needs website check; 3 contact(s), no email flag; mid-market size fit",not contacted,,,
859,4,"Great Kitchens Food Company, Inc.",unclassified food/bev mfr,,Romeoville,Illinois,http://www.gkitchens.com,5.7294312E7,1000,Private,Rich Products Corporation,311412,"Great Kitchens Food Company, Inc. is primarily engaged in manufacturing frozen food specialties, not elsewhere classified, such as frozen dinners and frozen pizza.",Admir Basic — President And Chief Executive Officer,3,0,,,,"co-man status UNKNOWN — needs website check; 3 contact(s), no email flag; mid-market size fit",not contacted,,,
860,4,"Great Lakes Coca-Cola Distribution, LLC",unclassified food/bev mfr,,Rosemont,Illinois,http://www.coca-cola.com,4.6180615E8,1000,Private,"Reyes Holdings, L.L.C.",312111,"Great Lakes Coca-Cola Distribution, Llc is primarily engaged in manufacturing soft drinks and carbonated waters.",Ben Karacia — Vice President Manufacturing,3,0,,,,"co-man status UNKNOWN — needs website check; 3 contact(s), no email flag; mid-market size fit",not contacted,,,
861,4,Great Plains Coca-Cola Bottling Company,unclassified food/bev mfr,,Oklahoma City,Oklahoma,http://www.cocacolaswb.com,2.6463001E7,297,Private,Coca-Cola Southwest Beverages LLC,312111,"As a Coca-Cola bottler, Great Plains Coca-Cola Bottling Company slakes thirsts of folks who live on on the dusty plainsof the US. Founded in 1922, Great Plainsdistributes Coke products, as well as sel",Henry Browne — Executive Vice President,3,0,,,,"co-man status UNKNOWN — needs website check; 3 contact(s), no email flag; mid-market size fit",not contacted,,,
862,4,"Greater Omaha Packing Co., Inc.",unclassified food/bev mfr,,Omaha,Nebraska,http://www.greateromaha.com,1.257879E8,1102,Nonprofit,"Greater Omaha Packing Co., Inc.",311611,"Greater Omaha Packing turns great cattle into even greater beef. The company is a leading independent beef slaughterhouse in the US that processes some 15,000 head of cattle each week at its single pl",John Calabro — Chief Financial Officer And Information Technology,3,0,,,,"co-man status UNKNOWN — needs website check; 3 contact(s), no email flag; mid-market size fit",not contacted,,,
863,4,Griffin Industries LLC,unclassified food/bev mfr,,Cold Spring,Kentucky,http://www.griffinind.com,4.3910342E8,1800,Private,Darling Ingredients Inc.,311613,"Griffin Industries takes what no one else wants to deal with and renders it useful. The Kentucky company collects and recycles a variety of items, such as inedible scraps and waste from meat-processin",Michael Rath — Senior Vice President,3,0,,,,"co-man status UNKNOWN — needs website check; 3 contact(s), no email flag; mid-market size fit",not contacted,,,
864,4,Griffith Foods Inc.,unclassified food/bev mfr,,Alsip,Illinois,http://www.griffithfoods.com,9.0482384E7,440,Private,Griffith Foods Worldwide Inc.,311942,"Griffith Foods Inc. is primarily engaged in manufacturing prepared foods and miscellaneous food specialties, not elsewhere classified, such as baking powder, yeast, and other leavening compounds; pean",Robyn Kuchenthal — Principal Regulatory Specialist,3,0,,,,"co-man status UNKNOWN — needs website check; 3 contact(s), no email flag; mid-market size fit",not contacted,,,
865,4,"H & S Bakery, Inc.",unclassified food/bev mfr,,Baltimore,Maryland,http://www.hsbakery.com,3.516412E8,1606,Private,"H & S Bakery, Inc.",445291,"H & S Bakery, Inc. is primarily engaged in the retail sale of bakery products. The products may be purchased from others or made on the premises.",Bill Paterakis — President,3,0,,,,"co-man status UNKNOWN — needs website check; 3 contact(s), no email flag; mid-market size fit",not contacted,,,
866,4,"Heaven Hill Distilleries, Inc.",unclassified food/bev mfr,,Bardstown,Kentucky,http://www.heaven-hill.com,1.9557956E8,505,Private,"Heaven Hill Distilleries, Inc.",312140,"Angels don't help the Christian Brothers bottle their brandy, port, and sherry; Heaven Hill does. One of Kentucky's oldest and largest distilling operations, Heaven Hill Distilleries makes Evan Willia",Max Shapira — President,3,0,,,,"co-man status UNKNOWN — needs website check; 3 contact(s), no email flag; mid-market size fit",not contacted,,,
867,4,Herr Foods Incorporated,unclassified food/bev mfr,,Nottingham,Pennsylvania,http://www.herrs.com,3.9221344E8,1500,Private,Herr Foods Incorporated,311919,"Herr Foods is a family-owned snack food manufacturer, made famous by its signature Herr's potato chip. The company, which celebrates about 70 years in business, makes approximately 350 different kinds",Troy Gunden — PRESIDENT,3,0,,,,"co-man status UNKNOWN — needs website check; 3 contact(s), no email flag; mid-market size fit",not contacted,,,
868,4,"High Falls Brewing Company, LLC",unclassified food/bev mfr,,Rochester,New York,http://www.nabreweries.com,2.7604191E7,400,Private,"North American Breweries, Inc.",312120,"High Falls Brewing Company, Llc is primarily engaged in manufacturing malt beverages.",,1,0,,,,"co-man status UNKNOWN — needs website check; 1 contact(s), no email flag; mid-market size fit; Northeast",not contacted,,,
869,4,"Hiland Dairy Foods Company, LLC",unclassified food/bev mfr,,Springfield,Missouri,http://www.hilanddairy.com,3.951322E8,1350,Private,"Prairie Farms Dairy, Inc.",311511,"A leading farmer-owned dairy foods company, Hiland Dairy offers an extensive selection of dairy products, including milk, dips, cottage cheese, flavored milk, sour cream, yogurt, ice cream, butter, ch",Delores Smith — Principal,3,0,,,,"co-man status UNKNOWN — needs website check; 3 contact(s), no email flag; mid-market size fit",not contacted,,,
870,4,"Hilmar Cheese Company, Inc.",unclassified food/bev mfr,,Hilmar,California,http://www.hilmar.com,2.6431766E8,1873,Private,"Hilmar Cheese Company, Inc.",311513,"Hilmar Cheese Company, Inc. is primarily engaged in manufacturing natural cheese (except cottage cheese), processed cheese, cheese foods, cheese spreads, and cheese analogs (imitations and substitutes",Scott Graham — Chief Operating Officer,3,0,,,,"co-man status UNKNOWN — needs website check; 3 contact(s), no email flag; mid-market size fit",not contacted,,,
871,4,"Holsum De Puerto Rico, Inc .",unclassified food/bev mfr,,TOA Baja,Puerto Rico,http://www.holsumpr.com,9.6851044E7,900,Private,"Holsum De Puerto Rico, Inc .",311812,"Holsum De Puerto Rico, Inc . is primarily engaged in manufacturing fresh or frozen bread and bread-type rolls and fresh cakes, pies, pastries and other similar ""perishable"" bakery products.",Ramon Calderon — President,3,0,,,,"co-man status UNKNOWN — needs website check; 3 contact(s), no email flag; mid-market size fit",not contacted,,,
872,4,Hometown Food Company,unclassified food/bev mfr,,Chicago,Illinois,http://www.hometownfoodcompany.com,2.4331561E8,940,Private,Hometown Food Company,311821,"Hometown Food Company is primarily engaged in manufacturing fresh cookies, crackers, pretzels, and similar ""dry"" bakery products.",Steve Bowater — Chief Financial Officer,3,0,,,,"co-man status UNKNOWN — needs website check; 3 contact(s), no email flag; mid-market size fit",not contacted,,,
873,4,"Hostess Brands, LLC",unclassified food/bev mfr,,Orrville,Ohio,http://www.hostessbrands.com,2.6656295999999997E8,1130,Private,"Hostess Brands, Inc.",311812,"Hostess Brands, Llc is primarily engaged in manufacturing fresh or frozen bread and bread-type rolls and fresh cakes, pies, pastries and other similar ""perishable"" bakery products.",Stuart Wilcox — Senior Vice President,3,0,,,,"co-man status UNKNOWN — needs website check; 3 contact(s), no email flag; mid-market size fit",not contacted,,,
874,4,"House of Raeford Farms, Inc.",unclassified food/bev mfr,,Rose Hill,North Carolina,http://www.houseofraeford.com,4.9901996E8,6000,Private,"Nash Johnson & Sons` Farms, Inc.",311615,House of Raeford Farms is one of the largest poultry producers in the US. The company together with about 450 family farms in four southeastern states in the US raises day-old chicks to produce a full,Kristina Schrecengost — Principal,3,0,,,,"co-man status UNKNOWN — needs website check; 3 contact(s), no email flag; mid-market size fit",not contacted,,,
875,4,"Hughson Nut, Inc.",unclassified food/bev mfr,,Chicago,Illinois,,4.6616848E7,375,Private,OLAM INTERNATIONAL LIMITED,311911,"Hughson Nut, Inc. is primarily engaged in manufacturing salted, roasted, dried, cooked, or canned nuts or in processing grains or seeds in a similar manner for snack purposes.",Scott Swinney — Plant Manager,2,0,,,,"co-man status UNKNOWN — needs website check; 2 contact(s), no email flag; mid-market size fit",not contacted,,,
876,4,Hulman & Company,unclassified food/bev mfr,,Terre Haute,Indiana,http://www.clabbergirl.com,2.3700851E7,160,Private,Hulman & Company,311999,"Hulman & Company is primarily engaged in manufacturing prepared foods and miscellaneous food specialties, not elsewhere classified, such as baking powder, yeast, and other leavening compounds; peanut ",Tami Morris Athrsd — Principal,3,0,,,,"co-man status UNKNOWN — needs website check; 3 contact(s), no email flag; mid-market size fit",not contacted,,,
877,4,"Hydroblend, Inc.",unclassified food/bev mfr,,Nampa,Idaho,http://www.hbspecialtyfoods.com,5.6352539E7,350,Private,"Hydroblend, Inc.",311824,"Hydroblend, Inc. is primarily engaged in preparing flour mixes or doughs from purchased flour.",Mike Guthrie — Chief Executive Officer,3,0,,,,"co-man status UNKNOWN — needs website check; 3 contact(s), no email flag; mid-market size fit",not contacted,,,
878,4,IRCA Group USA LLC,unclassified food/bev mfr,,Duluth,Georgia,http://www.ircagroup.com,1.1310521E8,100,Private,IRCA Group USA LLC,311351,"Irca Group Usa Llc is primarily engaged in shelling, roasting, and grinding cacao beans for the purpose of making chocolate liquor, from which cocoa powder and cocoa butter are derived, and in the fur",Kima Diaz — Chief Financial Officer,3,0,,,,"co-man status UNKNOWN — needs website check; 3 contact(s), no email flag; mid-market size fit",not contacted,,,
879,4,"Imperfect Foods, Inc.",unclassified food/bev mfr,,Walnut,California,http://www.imperfectfoods.com,2.4470129E8,2032,Private,"Misfits Market, Inc.",311999,"Imperfect Foods, Inc. is primarily engaged in manufacturing prepared foods and miscellaneous food specialties, not elsewhere classified, such as baking powder, yeast, and other leavening compounds; pe",Abhi Ramesh — Founder And Chief Executive Officer,3,0,,,,"co-man status UNKNOWN — needs website check; 3 contact(s), no email flag; mid-market size fit",not contacted,,,
880,4,Impossible Foods Inc.,unclassified food/bev mfr,,Redwood City,California,http://www.impossiblefoods.com,9.7026649E7,356,Private,Impossible Foods Inc.,311999,"Impossible Foods Inc. is primarily engaged in manufacturing prepared foods and miscellaneous food specialties, not elsewhere classified, such as baking powder, yeast, and other leavening compounds; pe",Craig Resnick — Principal National Account Executive,3,0,,,,"co-man status UNKNOWN — needs website check; 3 contact(s), no email flag; mid-market size fit",not contacted,,,
881,4,Independent Food Corporation,unclassified food/bev mfr,,Twin Falls,Idaho,http://www.independentmeat.com,2.4169708E7,250,Private,,311611,"Independent Food Corporation is primarily engaged in the slaughtering, for their own account or on a contract basis for the trade, of cattle, hogs, sheep, lambs, and calves for meat to be sold or to b",Patrick Florence — President,3,0,,,,"co-man status UNKNOWN — needs website check; 3 contact(s), no email flag; mid-market size fit",not contacted,,,
882,4,Indiana Packers Corporation,unclassified food/bev mfr,,Delphi,Indiana,http://www.indianapackerscorp.com,4.560705E8,1540,Private,MITSUBISHI CORPORATION,311611,"Indiana Packers is a pork meat and processed meat producer located in Indiana, which is in the Midwest region of the US. Its fresh pork cuts, hams, hardwood-smoked hocks, sausage, and bacon are sold u",Eric Sheiss — President Coo,3,0,,,,"co-man status UNKNOWN — needs website check; 3 contact(s), no email flag; mid-market size fit",not contacted,,,
883,4,"Ingomar Packing Company, LLC",unclassified food/bev mfr,,Los Banos,California,http://www.ingomarpacking.com,4.6316044E7,251,Private,"Ingomar Packing Company, LLC",311421,"Ingomar Packing Company, Llc is primarily engaged in canning fruits, vegetables, and fruit and vegetable juices; and in manufacturing catsup and similar tomato sauces, or natural and imitation preserv",Doug Dobbs — Chief Executive Officer President,3,0,,,,"co-man status UNKNOWN — needs website check; 3 contact(s), no email flag; mid-market size fit",not contacted,,,
884,4,Interbake Foods LLC,unclassified food/bev mfr,,Downers Grove,Illinois,http://www.interbake.com,8.8733971E7,1031,Private,"Hearthside Food Solutions, LLC",311821,"Interbake Foods is for consumers who want a balanced diet; it makes a cookie for each hand. Founded in 1899, the company is one of the nation's biggest manufacturers of cookies and crackers. It suppli",Raymond Baxter — President,3,0,,,,"co-man status UNKNOWN — needs website check; 3 contact(s), no email flag; mid-market size fit",not contacted,,,
885,4,"Inventure - WA, Inc.",unclassified food/bev mfr,,Lynden,Washington,http://jobs.raderfarms.com,2.244445E7,80,Private,Oregon Potato Company,311411,"Inventure - Wa, Inc. is primarily engaged in freezing fruits, fruit juices, and vegetables. These establishments also produce important byproducts such as fresh or dried citrus pulp.",Terry McDaniel — Chief Executive Officer,3,0,,,,"co-man status UNKNOWN — needs website check; 3 contact(s), no email flag; mid-market size fit",not contacted,,,
886,4,"J & B Sausage Company, Inc.",unclassified food/bev mfr,,Waelder,Texas,http://www.jbfoods.com,1.5E8,425,Private,"J & B Sausage Company, Inc.",311611,"The J & B Sausage (which does business as J Bar B Foods) is one of the nation's leading providers of value-added meat products, including a number of different brands of sausages, smoked meats, and ba",James Williams — President,3,0,,,,"co-man status UNKNOWN — needs website check; 3 contact(s), no email flag; mid-market size fit",not contacted,,,
887,4,"JTM Provisions Company, Inc.",unclassified food/bev mfr,,Harrison,Ohio,http://www.jtmfoodgroup.com,9.7308372E7,700,Private,"JTM Provisions Company, Inc.",311412,"JTM Provisions (also known as JTM Food Group) specializes in menu solutions that deliver superior results to the foodservice industry. JTM also supplies appetizer dips, sides and entrees, Italian sauc",Noah Gebremariam — Principal,3,0,,,,"co-man status UNKNOWN — needs website check; 3 contact(s), no email flag; mid-market size fit",not contacted,,,
888,4,"Jackson Family Wines, Inc.",unclassified food/bev mfr,,Santa Rosa,California,http://jacksonfamilywines.com,2.809563E8,1000,Private,"Jackson Family Wines, Inc.",312130,"Jackson Family Wines (JFW) stakes its success on the fruit of the vine. Among the largest winemakers in the US, JFW produces the best-selling chardonnay: Vintner's Reserve. The company's other flagshi",Mitch Davis — Chief Operating Officer,3,0,,,,"co-man status UNKNOWN — needs website check; 3 contact(s), no email flag; mid-market size fit",not contacted,,,
889,4,"Jobbers Meat Packing Co., LLC",unclassified food/bev mfr,,Vernon,California,,4.0131374E7,234,Private,"HV Randall Foods, LLC",311611,"Jobbers Meat Packing Co., Inc., doing business as WilMar, was a processor of premium meat products, specializing in ground beef. In August 2022, the company was acquired by private equity firm Highvie",Martin Evanson — President,3,0,,,,"co-man status UNKNOWN — needs website check; 3 contact(s), no email flag; mid-market size fit",not contacted,,,
890,4,"Johnsonville Holdings, Inc.",unclassified food/bev mfr,,Sheboygan Falls,Wisconsin,http://www.johnsonville.com,5.9565503E8,3000,Private,"Johnsonville Holdings, Inc.",311612,"Johnsonville Holdings, Inc. is primarily engaged in manufacturing sausages, cured meats, smoked meats, canned meats, frozen meats, and other prepared meats and meat specialties, from purchased carcass",Nick Meriggioli — Chief Executive Officer,3,2,,,,co-man status UNKNOWN — needs website check; 2 email(s) in Hoovers; large,not contacted,,,
891,4,Joy Cone Co.,unclassified food/bev mfr,,Hermitage,Pennsylvania,http://www.joycone.com,1.0970731E8,1200,Private,Joy Cone Co.,311821,"Joy Cone puts smiles of joy on the faces of ice cream lovers, kids and grownups alike. The company makes and markets ice cream cones for both retailers and food service customers. Joy Cone produces mo",Leslie Gilmore — Principal,3,0,,,,"co-man status UNKNOWN — needs website check; 3 contact(s), no email flag; mid-market size fit",not contacted,,,
892,4,"Just Born, Inc.",unclassified food/bev mfr,,Bethlehem,Pennsylvania,http://www.justborn.com,1.4590903E8,550,Private,,311340,"Just Born is the tenth largest candy company in the US that manufactures candies under well-known brands such as Peeps Brand, the company's most widely known candy brand, particularly the Peeps Chick ",Victoria Barnard — President At Foot Traffic Usa,3,0,,,,"co-man status UNKNOWN — needs website check; 3 contact(s), no email flag; mid-market size fit",not contacted,,,
893,4,"KALMBACH FEEDS, INC.",unclassified food/bev mfr,,Upper Sandusky,Ohio,http://www.kalmbachfeeds.com,2.418235E8,772,Private,"KALMBACH FEEDS, INC.",311119,"Kalmbach Feeds, Inc. is primarily engaged in manufacturing prepared feeds and feed ingredients and adjuncts for animals and fowls, except dogs and cats. Included in this industry are poultry and lives",Paul Kalmbach — President,3,0,,,,"co-man status UNKNOWN — needs website check; 3 contact(s), no email flag; mid-market size fit",not contacted,,,
894,4,"KLN Enterprises, Inc.",unclassified food/bev mfr,,Perham,Minnesota,http://www.klnfamilybrands.com,2.8497733E8,1235,Private,"KLN Enterprises, Inc.",311340,"Kln Enterprises, Inc. is primarily engaged in manufacturing candy, including chocolate candy, other confections, and related products.",Kevin Keil — Vice President Chief Operating Officer,3,0,,,,"co-man status UNKNOWN — needs website check; 3 contact(s), no email flag; mid-market size fit",not contacted,,,
895,4,"Kahiki Foods, Inc.",unclassified food/bev mfr,,Gahanna,Ohio,http://www.kahiki.com,4.6940201E7,160,Private,CJ Corporation,311412,"Kahiki Foods is a leading manufacturer of Asian-themed frozen foods for the retail market and the foodservices industry in the US, Canada, and Mexico. Its more than 70 Pan-Asian products include appet",Frederick Niebauer — Chief Financial Officer,3,0,,,,"co-man status UNKNOWN — needs website check; 3 contact(s), no email flag; mid-market size fit",not contacted,,,
896,4,Kalil Bottling Co,unclassified food/bev mfr,,Tucson,Arizona,http://www.kalilbottling.com,5.0082733E7,972,Private,Kalil Bottling Co,312111,"Kalil Bottling has been all in the family since 1948. President George Kalil grew up learning the business from his father and grandfather. Today, Kalil oversees a company that serves Arizona and part",Estevan Martinez — Business Owner,3,0,,,,"co-man status UNKNOWN — needs website check; 3 contact(s), no email flag; mid-market size fit",not contacted,,,
897,4,Keebler Company,unclassified food/bev mfr,,Battle Creek,Michigan,http://www.keebler.com,4.9177881E8,12000,Private,Kellanova,311821,"Keebler Company is primarily engaged in manufacturing fresh cookies, crackers, pretzels, and similar ""dry"" bakery products.",William Kellogg — Principal,3,0,,,,"co-man status UNKNOWN — needs website check; 3 contact(s), no email flag; mid-market size fit",not contacted,,,
898,4,"Ken's Foods, LLC",unclassified food/bev mfr,,Marlborough,Massachusetts,http://www.kensfoods.com,4.7640622E8,920,Private,"Ken's Foods, LLC",311421,"Ken's Foods is a leading manufacturer of salad dressings and sauces, as well as mayonnaise and barbeque sauces. The condiments company produces and packages about 1,000 varieties of dressings and sauc",,3,0,,,,"co-man status UNKNOWN — needs website check; 3 contact(s), no email flag; mid-market size fit; Northeast",not contacted,,,
899,4,Kendall-Jackson Wine Estates Inc,unclassified food/bev mfr,,Santa Rosa,California,http://www.jacksonfamilywines.com,4.9262817E7,800,Private,"Jackson Family Wines, Inc.",312130,"Kendall-Jackson Wine Estates Inc is primarily engaged in manufacturing wines, brandy, and brandy spirits. This industry also includes bonded wine cellars which are engaged in blending wines.",Jess Jackson — President,3,0,,,,"co-man status UNKNOWN — needs website check; 3 contact(s), no email flag; mid-market size fit",not contacted,,,
900,4,"Kenosha Beef International, Ltd.",unclassified food/bev mfr,,Kenosha,Wisconsin,http://www.bwfoods.com,2.9368951E8,755,Private,"Kenosha Beef International, Ltd.",311611,"Birchwood Meat & Provision, which does business as Birchwood Foods, is one of the largest US processors of raw, frozen, and pre-cooked beef and pork products for the quick-service restaurant and retai",Sean Hurley — Interim President,3,0,,,,"co-man status UNKNOWN — needs website check; 3 contact(s), no email flag; mid-market size fit",not contacted,,,
901,4,"Kent Nutrition Group, Inc.",unclassified food/bev mfr,,Muscatine,Iowa,http://www.kentfeeds.com,1.1600197E8,400,Private,"KENT SPECIALTY MILLING, LLC",311119,"Kent Nutrition Group (KNG) is the home of the Kent and Blue Seal quality animal nutrition brands. It produces animal-care and animal-feed products (including feeds for livestock, horses, pets or small",Debra Katz — President Director,3,0,,,,"co-man status UNKNOWN — needs website check; 3 contact(s), no email flag; mid-market size fit",not contacted,,,
902,4,Krier Foods LLC,unclassified food/bev mfr,,Random Lake,Wisconsin,http://www.krierbeverage.com,2.5773596E7,95,Private,,312111,Krier Foods Llc is primarily engaged in manufacturing soft drinks and carbonated waters.,Cauad Marbach — Chief Executive Officer,3,0,,,,"co-man status UNKNOWN — needs website check; 3 contact(s), no email flag; mid-market size fit",not contacted,,,
903,4,Krispy Kreme Doughnut Corporation,unclassified food/bev mfr,,Charlotte,North Carolina,http://www.krispykreme.com,6.8914276E8,4518,Private,"Krispy Kreme Doughnuts, Inc.",445291,Krispy Kreme Doughnut Corporation is primarily engaged in the retail sale of bakery products. The products may be purchased from others or made on the premises.,J Breitbach — Executive Vice President,3,2,,,,co-man status UNKNOWN — needs website check; 2 email(s) in Hoovers; large,not contacted,,,
904,4,"Kuna Meat Company, Inc.",unclassified food/bev mfr,,Dupo,Illinois,http://www.kunafoodservice.com,7.3265793E7,430,Private,"Kuna Meat Company, Inc.",311611,"Kuna Meat Company, Inc. is primarily engaged in the slaughtering, for their own account or on a contract basis for the trade, of cattle, hogs, sheep, lambs, and calves for meat to be sold or to be use",John Schuler — Senior Vice President,3,0,,,,"co-man status UNKNOWN — needs website check; 3 contact(s), no email flag; mid-market size fit",not contacted,,,
905,4,"L J D Holdings, Inc.",unclassified food/bev mfr,,Boise,Idaho,http://www.banddfoods.com,3.4737026E7,280,Private,,311412,"L J D Holdings, Inc. is primarily engaged in manufacturing frozen food specialties, not elsewhere classified, such as frozen dinners and frozen pizza.",Mike Dagosta — Vice President,3,0,,,,"co-man status UNKNOWN — needs website check; 3 contact(s), no email flag; mid-market size fit",not contacted,,,
906,4,LIPTON TEA MANUFACTURING USA LLC,unclassified food/bev mfr,,Suffolk,Virginia,,7.2652573E7,330,Private,CVC ADVISERS LIMITED,311920,"Lipton Tea Manufacturing Usa Llc is primarily engaged in manufacturing prepared foods and miscellaneous food specialties, not elsewhere classified, such as baking powder, yeast, and other leavening co",Racquel Mason — President,2,0,,,,"co-man status UNKNOWN — needs website check; 2 contact(s), no email flag; mid-market size fit",not contacted,,,
907,4,"La Costena USA, Inc.",unclassified food/bev mfr,,Tucson,Arizona,http://www.faribaultfoods.com,2.5505183E8,835,Private,LA COSTEÑA VIZCAYA SOCIEDAD LIMITADA,311422,"La Costena Usa, Inc. is primarily engaged in canning specialty products, such as baby foods, nationality specialty foods, and soups, except seafood.",Vincent Rodea — President,3,0,,,,"co-man status UNKNOWN — needs website check; 3 contact(s), no email flag; mid-market size fit",not contacted,,,
908,4,"La Tapatia Tortilleria, Inc.",unclassified food/bev mfr,,Fresno,California,http://www.tortillas4u.com,2.4890459E7,170,Private,,311830,"La Tapatia Tortilleria, Inc. is primarily engaged in manufacturing prepared foods and miscellaneous food specialties, not elsewhere classified, such as baking powder, yeast, and other leavening compou",Dan Soleno — Principal,3,0,,,,"co-man status UNKNOWN — needs website check; 3 contact(s), no email flag; mid-market size fit",not contacted,,,
909,4,"Land O'Frost, Inc.",unclassified food/bev mfr,,Lansing,Illinois,http://www.landofrost.com,9.7502457E7,900,Private,"Land O'Frost, Inc.",311991,"Land O'Frost makes meat that's sandwich-worthy. As the nation's largest family-owned brand of packaged deli meat, Land O'Frost produces lunch and deli meats, such as beef, chicken, turkey, Canadian ba",George Smolar — Chief Financial Officer,3,0,,,,"co-man status UNKNOWN — needs website check; 3 contact(s), no email flag; mid-market size fit",not contacted,,,
910,4,Leonard & Harral Packing Co.,unclassified food/bev mfr,,San Antonio,Texas,http://www.leonardhc.com,2.4138597E7,365,Private,The Leonard Family Corporation,311611,"L&H Packing Company disassembles beef. The company's San Antonio, Texas, facilities produce boneless beef, preserved hides, tripe and other offal products from cows and bulls, rendered blood and bone ",Terry Black — Chief Financial Officer,3,0,,,,"co-man status UNKNOWN — needs website check; 3 contact(s), no email flag; mid-market size fit",not contacted,,,
911,4,"Liguria Foods, LLC",unclassified food/bev mfr,,Humboldt,Iowa,http://www.liguriafoods.com,2.3620794E7,113,Private,"CTI Foods Holding Co., LLC",311612,"Liguria Foods, Llc is primarily engaged in manufacturing sausages, cured meats, smoked meats, canned meats, frozen meats, and other prepared meats and meat specialties, from purchased carcasses and ot",Mel Carreira — Vice President Sales Marketing,3,0,,,,"co-man status UNKNOWN — needs website check; 3 contact(s), no email flag; mid-market size fit",not contacted,,,
912,4,"Lion Raisins, Inc.",unclassified food/bev mfr,,Selma,California,http://www.lionraisins.com,2.6731705E7,400,Private,"Lion Raisins, Inc.",311423,Lion Raisins isn't just lyin' around. The company keeps busy as one of California's largest raisin processors. It grows its own grapes and purchases even more from more than 600 other grape growers. L,Suzie Keller — Chief Financial Officer Controller,3,0,,,,"co-man status UNKNOWN — needs website check; 3 contact(s), no email flag; mid-market size fit",not contacted,,,
913,4,"Litehouse, Inc.",unclassified food/bev mfr,,Sandpoint,Idaho,http://www.litehousefoods.com,1.5031796E8,1146,Private,"Litehouse, Inc.",311941,"This company shines its light on salads. Litehouse is a leading maker of salad dressings, sauces, and vegetable dips under the Litehouse label. It produces a variety of dressings, including blue chees",John Flores — Chief Operating Officer,3,0,,,,"co-man status UNKNOWN — needs website check; 3 contact(s), no email flag; mid-market size fit",not contacted,,,
914,4,"Lone Star Bakery, Inc.",unclassified food/bev mfr,,China Grove,Texas,http://www.lonestarbakery.com,5.2502846E7,400,Private,"Lone Star Bakery, Inc.",311813,"Lone Star Bakery, Inc. is primarily engaged in manufacturing frozen bakery products, except bread and bread-type rolls.",Sharon Martin — Chief Financial Officer,3,0,,,,"co-man status UNKNOWN — needs website check; 3 contact(s), no email flag; mid-market size fit",not contacted,,,
915,4,"M & B PRODUCTS, INC.",unclassified food/bev mfr,,Temple Terrace,Florida,http://www.mbproducts.com,2.4634525E7,175,Private,"M & B PRODUCTS, INC.",311421,"Whether it's with juice drinks, milk shakes, or just some plain ol' cold water, M&B Productscan quench your thirst. The companybottles orange and other fruit juices, water, and dairy drinks and distri",Thomas Hammerschmidt — Vice President,3,0,,,,"co-man status UNKNOWN — needs website check; 3 contact(s), no email flag; mid-market size fit",not contacted,,,
916,4,"Mane, Inc.",unclassified food/bev mfr,,Lebanon,Ohio,http://www.mane.com,1.0511839E8,340,Private,"Mane, Inc.",311942,"Mane, Inc. is primarily engaged in manufacturing flavoring extracts, syrups, powders, and related products, not elsewhere classified, for soda fountain use or for the manufacture of soft drinks, and c",Mark Sullivan — Principal,3,0,,,,"co-man status UNKNOWN — needs website check; 3 contact(s), no email flag; mid-market size fit",not contacted,,,
917,4,"Manna Pro Products, LLC",unclassified food/bev mfr,,Chesterfield,Missouri,http://www.companapetbrands.com,4.9686038E8,399,Private,"The Carlyle Group, Inc.",311119,"Manna Pro Products, Llc is primarily engaged in manufacturing prepared feeds and feed ingredients and adjuncts for animals and fowls, except dogs and cats. Included in this industry are poultry and li",Brian Purcell — Chief Financial Officer,3,0,,,,"co-man status UNKNOWN — needs website check; 3 contact(s), no email flag; mid-market size fit",not contacted,,,
918,4,Mark Anthony Brands Inc.,unclassified food/bev mfr,,Chicago,Illinois,http://www.markanthony.com,7.1336029E7,492,Private,MARK ANTHONY AMERICA INC.,312130,"Mark Anthony Brands Inc. is primarily engaged in manufacturing wines, brandy, and brandy spirits. This industry also includes bonded wine cellars which are engaged in blending wines.",David Barnett — President,3,0,,,,"co-man status UNKNOWN — needs website check; 3 contact(s), no email flag; mid-market size fit",not contacted,,,
919,4,"Massimo Zanetti Beverage USA, Inc.",unclassified food/bev mfr,,Suffolk,Virginia,http://www.mzb-usa.com,1.081181E8,375,Private,MASSIMO ZANETTI BEVERAGE GROUP SPA,311920,"Massimo Zanetti Beverage Usa, Inc. is primarily engaged in roasting coffee, and in manufacturing coffee concentrates and extracts in powdered, liquid, or frozen form, including freeze-dried.",Massimo Zanetti — CoChief Executive Officer,3,0,,,,"co-man status UNKNOWN — needs website check; 3 contact(s), no email flag; mid-market size fit",not contacted,,,
920,4,"Matt Brewing Co., Inc.",unclassified food/bev mfr,,Utica,New York,http://www.saranac.com,2.4398939E7,150,Private,"Matt Brewing Co., Inc.",312120,"Whether you're in the mood for hops or pops, Matt Brewing probably has a beverage for you. The maker of the Saranacline of beers, Matt Brewing offers a variety of ales, lagers, and seasonal beers, inc",,1,0,,,,"co-man status UNKNOWN — needs website check; 1 contact(s), no email flag; mid-market size fit; Northeast",not contacted,,,
921,4,"Mccain Foods USA, Inc.",unclassified food/bev mfr,,Oakbrook Terrace,Illinois,http://www.mccainusafoodservice.com,9.8941205E8,4000,Private,"McCain USA, Inc.",311411,"Mccain Foods Usa, Inc. is primarily engaged in freezing fruits, fruit juices, and vegetables. These establishments also produce important byproducts such as fresh or dried citrus pulp.",Michael Campbell — Vice President General Counsel Secretary,3,2,,,,co-man status UNKNOWN — needs website check; 2 email(s) in Hoovers; large,not contacted,,,
922,4,"Milo's Tea Company, Inc.",unclassified food/bev mfr,,Bessemer,Alabama,http://www.drinkmilos.com,1.1783742E8,700,Private,"Milo's Tea Company, Inc.",312111,"Milo's Tea Company, Inc. is primarily engaged in manufacturing soft drinks and carbonated waters.",Emily Love Backstrom — Chief Financial Officer,3,0,,,,"co-man status UNKNOWN — needs website check; 3 contact(s), no email flag; mid-market size fit",not contacted,,,
923,4,Minn-Dak Farmers Cooperative,unclassified food/bev mfr,,Wahpeton,North Dakota,http://www.mdf.coop,9.6621758E7,455,Private,Minn-Dak Farmers Cooperative,311340,"Minn-Dak Farmers Cooperative serves sugar beet growers in the Red River Valley of Minnesota, North Dakota, and South Dakota. Headquartered in Wahpeton, North Dakota, the co-op processes its sugar beet",Kurt Wickstrom — president ceo,3,0,,,,"co-man status UNKNOWN — needs website check; 3 contact(s), no email flag; mid-market size fit",not contacted,,,
924,4,"Missouri Prime Beef Packers, L.L.C.",unclassified food/bev mfr,,Pleasant Hope,Missouri,http://www.missouriprimebeef.com,2.6028061E7,105,Private,Best Beef Holdings LLC,311611,"Missouri Prime Beef Packers, L.L.C. is primarily engaged in the slaughtering, for their own account or on a contract basis for the trade, of cattle, hogs, sheep, lambs, and calves for meat to be sold ",Brian Lillie — Chief Executive Officer,3,0,,,,"co-man status UNKNOWN — needs website check; 3 contact(s), no email flag; mid-market size fit",not contacted,,,
925,4,Molson Coors Beverage Company USA LLC,unclassified food/bev mfr,,Chicago,Illinois,http://www.molsoncoors.com,4.9071591E8,4500,Private,Molson Coors Beverage Company,312120,"MillerCoors is the US operating arm of beer giant Molson Coors Brewing Company (MCBC). It is home to some of the country's most popular brands, including flagship brews Coors Light and Miller Lite. Ot",Kurt Lane — Principal,3,0,,,,"co-man status UNKNOWN — needs website check; 3 contact(s), no email flag; mid-market size fit",not contacted,,,
926,4,"Morgan Foods, Inc.",unclassified food/bev mfr,,Austin,Indiana,http://www.morganfoods.com,2.0798056E8,620,Private,"Morgan Foods, Inc.",311422,"Morgan Foods aims to warm up tummies with a hot bowl of soup. The company makes private-label condensed and ready-to-serve soups and broths, baked and refried beans, and chilies, as well as a line of ",Kelly Maciejak — Principal,3,0,,,,"co-man status UNKNOWN — needs website check; 3 contact(s), no email flag; mid-market size fit",not contacted,,,
927,4,"Mount Olive Pickle Company, Inc.",unclassified food/bev mfr,,Mount Olive,North Carolina,http://www.mtolivepickles.com,8.5076477E7,600,Private,"Mount Olive Pickle Company, Inc.",311421,"Mount Olive Pickle Company makes pickled products preferred by persnickety people. The company's pickles are the #1 selling brand in the southeastern US and a top seller across the nation. Every year,",Robert Frye — President,3,0,,,,"co-man status UNKNOWN — needs website check; 3 contact(s), no email flag; mid-market size fit",not contacted,,,
928,4,"Mullins Food Products, Inc.",unclassified food/bev mfr,,Broadview,Illinois,http://www.mullinsfood.com,2.9877571E7,405,Private,"Newly Weds Foods, LLC",311421,"Mullins Food Products, Inc. is primarily engaged in canning fruits, vegetables, and fruit and vegetable juices; and in manufacturing catsup and similar tomato sauces, or natural and imitation preserve",Michael Mullins — Chief Operating Officer,3,0,,,,"co-man status UNKNOWN — needs website check; 3 contact(s), no email flag; mid-market size fit",not contacted,,,
929,4,"National DCP, LLC",unclassified food/bev mfr,,Duluth,Georgia,http://www.nationaldcp.com,3.8032071E8,1700,Private,"National DCP, LLC",445291,"National Dcp, Llc is primarily engaged in the retail sale of bakery products. The products may be purchased from others or made on the premises.",Stephen Down — Chief Executive Officer,3,0,,,,"co-man status UNKNOWN — needs website check; 3 contact(s), no email flag; mid-market size fit",not contacted,,,
930,4,"Nestle Purina Petcare Global Resources, Inc.",unclassified food/bev mfr,,Saint Louis,Missouri,http://www.purinainstitute.com,1.2707551E8,200,Private,Nestlé S.A.,311111,"Nestle Purina Petcare Global Resources, Inc. is primarily engaged in manufacturing dog and cat food from cereal, meat, and other ingredients. These preparations may be canned, frozen, or dry.",Ken Irvine — Principal,3,0,,,,"co-man status UNKNOWN — needs website check; 3 contact(s), no email flag; mid-market size fit",not contacted,,,
931,4,"New Dairy OPCO, LLC",unclassified food/bev mfr,,Dallas,Texas,http://www.bordendairy.com,4.0313617E8,3200,Private,"New Dairy OPCO, LLC",311511,"New Dairy Opco, Llc is primarily engaged in processing (e.g., pasteurizing, homogenizing, vitaminizing, bottling) fluid milk and cream, and related products, including cottage cheese, yogurt (except f",Rodney Hillis — Chief Operating Officer,3,0,,,,"co-man status UNKNOWN — needs website check; 3 contact(s), no email flag; mid-market size fit",not contacted,,,
932,4,"NewAge, Inc.",unclassified food/bev mfr,,Midvale,Utah,http://www.newagebev.com,6.6329117E7,1350,Public,"NewAge, Inc.",312120,"Newage, Inc. is primarily engaged in manufacturing malt beverages.",Myles Burcham — Principal,3,0,,,,"co-man status UNKNOWN — needs website check; 3 contact(s), no email flag; mid-market size fit",not contacted,,,
933,4,"Newly Weds Foods, LLC",unclassified food/bev mfr,,Chicago,Illinois,http://www.newlywedsfoods.com,2.1062984E8,1911,Private,"Redwood Holdings, LLC",311999,"Newly Weds Foods is a global producer of customized food ingredients, including breaders, batters, seasonings, and functional ingredients for the food processing and foodservice industries. With opera",Fernando Pinho — Chief Information Officer Vice President Of It,3,0,,,,"co-man status UNKNOWN — needs website check; 3 contact(s), no email flag; mid-market size fit",not contacted,,,
934,4,"Nissin Foods (U.S.A.) Company, Inc.",unclassified food/bev mfr,,Gardena,California,http://www.nissinfoods.com,1.2355136E8,350,Private,"NISSIN FOOD PRODUCTS CO., LTD.",311824,"Nissin Foods (U.S.A.) Company, Inc. is the American subsidiary of the global Nissin Foods Group and a pioneer in the instant noodle industry, being the first to manufacture and sell instant ramen in t",Brian Huff — President And Chief Executive Officer,3,0,,,,"co-man status UNKNOWN — needs website check; 3 contact(s), no email flag; mid-market size fit",not contacted,,,
935,4,"North Pacific Canners & Packers, Inc.",unclassified food/bev mfr,,Salem,Oregon,http://www.norpac.com,4.8924644E7,4000,Private,"North Pacific Canners & Packers, Inc.",311411,"NORPAC Foods is a cooperative owned by farmers that specializes in producing frozen fruits and vegetables. The company's FLAV-R-PAC brand offers high-quality, non-GMO seed fruits and vegetables that a",George Smith — President Chief Executive Officer,3,0,,,,"co-man status UNKNOWN — needs website check; 3 contact(s), no email flag; mid-market size fit",not contacted,,,
936,4,"Novus Foods Taunton, Inc.",unclassified food/bev mfr,,Taunton,Massachusetts,,2.6143526E7,85,Private,Novus Foods. LLC,311999,"Novus Foods Taunton, Inc. is primarily engaged in manufacturing prepared foods and miscellaneous food specialties, not elsewhere classified, such as baking powder, yeast, and other leavening compounds",,3,0,,,,"co-man status UNKNOWN — needs website check; 3 contact(s), no email flag; mid-market size fit; Northeast",not contacted,,,
937,4,"Novus International, Inc.",unclassified food/bev mfr,,Chesterfield,Missouri,http://www.novusint.com,1.4201193E8,350,Private,"Mitsui & Co. (U.S.A.), Inc.",311119,"Novus International, Inc. is primarily engaged in manufacturing prepared feeds and feed ingredients and adjuncts for animals and fowls, except dogs and cats. Included in this industry are poultry and ",Koichiro Tago — Executive Vice President,3,0,,,,"co-man status UNKNOWN — needs website check; 3 contact(s), no email flag; mid-market size fit",not contacted,,,
938,4,"Nutra-Blend, L.L.C.",unclassified food/bev mfr,,Neosho,Missouri,http://www.nutrablend.com,8.5848297E7,494,Private,"Land O'Lakes, Inc.",311119,"Nutra-Blend, L.L.C. is primarily engaged in manufacturing prepared feeds and feed ingredients and adjuncts for animals and fowls, except dogs and cats. Included in this industry are poultry and livest",Scott Cooper — Chief Financial Officer,3,0,,,,"co-man status UNKNOWN — needs website check; 3 contact(s), no email flag; mid-market size fit",not contacted,,,
939,4,OBERTO SNACKS INC.,unclassified food/bev mfr,,Kent,Washington,http://www.oberto.com,5.7595978E7,500,Private,Premium Brands Holdings Corporation,311612,"Oberto Snacks is America's most beloved and innovative specialty company. Its product portfolio is packed with jerky in beef, pork, and turkey versions, as well as snack sausages and other protein-bas",Kelly Martin — Principal,3,0,,,,"co-man status UNKNOWN — needs website check; 3 contact(s), no email flag; mid-market size fit",not contacted,,,
940,4,"OSI Industries, LLC",unclassified food/bev mfr,,Aurora,Illinois,http://www.osigroup.com,4.6359918E8,9200,Private,"OSI Group, LLC",311991,"Osi Industries, Llc is primarily engaged in manufacturing prepared foods and miscellaneous food specialties, not elsewhere classified, such as baking powder, yeast, and other leavening compounds; pean",Gerald Kolschowsky — Vice President,2,0,,,,"co-man status UNKNOWN — needs website check; 2 contact(s), no email flag; mid-market size fit",not contacted,,,
941,4,Ocean Beauty Seafoods LLC,unclassified food/bev mfr,,Renton,Washington,http://www.oceanbeauty.com,5.4606869E7,2500,Private,Ocean Beauty Seafoods LLC,311710,"Prefer your piscatory purchase to be fresh, frozen, or canned? Ocean Beauty Seafoods has it covered. Doing no fishing of its own, the company buys seafood from commercial fishermen and then processes,",Mike Coulston — PresidentCoo,3,0,,,,"co-man status UNKNOWN — needs website check; 3 contact(s), no email flag; mid-market size fit",not contacted,,,
942,4,Omega Protein Corporation,unclassified food/bev mfr,,Reedville,Virginia,http://www.omegaprotein.com,1.3973647E8,546,Private,Cooke Inc,311710,"Omega Protein is the leading, vertically integrated producer in the US of omega-3-rich fish oil, protein-rich specialty fishmeal, and organic fish soluble. It develops, produces, and delivers healthy ",John Held — Executive Vice President,3,0,,,,"co-man status UNKNOWN — needs website check; 3 contact(s), no email flag; mid-market size fit",not contacted,,,
943,4,"Ozark Mountain Poultry, Inc.",unclassified food/bev mfr,,Rogers,Arkansas,http://www.georgesinc.com,4.747366E7,650,Private,"George's, Inc.",311615,"Ozark Mountain Poultry, Inc. is primarily engaged in slaughtering, dressing, packing, freezing, and canning poultry, rabbits, and other small game, or in manufacturing products from such meats, for th",Stephan Barnes — Vice President Operations,3,0,,,,"co-man status UNKNOWN — needs website check; 3 contact(s), no email flag; mid-market size fit",not contacted,,,
944,4,Ozarks Coca-cola/dr Pepper Bottling Company,unclassified food/bev mfr,,Springfield,Missouri,http://www.cocacolaozarks.com,2.5296328E7,330,Private,Ozarks Coca-cola/dr Pepper Bottling Company,312111,Ozarks Coca-Cola/Dr Pepper Bottling Company is primarily engaged in manufacturing soft drinks and carbonated waters.,Bruce Long — PresidentCeo,3,0,,,,"co-man status UNKNOWN — needs website check; 3 contact(s), no email flag; mid-market size fit",not contacted,,,
945,4,PARK 100 FOODS LLC,unclassified food/bev mfr,,Tipton,Indiana,http://www.park100foods.com,9.678817E7,300,Private,PARK 100 FOODS LLC,311612,"Park 100 Foods Llc is primarily engaged in manufacturing sausages, cured meats, smoked meats, canned meats, frozen meats, and other prepared meats and meat specialties, from purchased carcasses and ot",Thom Bondus — Chief Financial Officer,3,0,,,,"co-man status UNKNOWN — needs website check; 3 contact(s), no email flag; mid-market size fit",not contacted,,,
946,4,"PCC Candy Holdings, LLC",unclassified food/bev mfr,,Saint Paul,Minnesota,http://www.pearsonscandy.com,2.5309135E7,160,Private,,311352,"Pcc Candy Holdings, Llc is primarily engaged in manufacturing candy, including chocolate candy, other confections, and related products.",Michael Keller — President,3,0,,,,"co-man status UNKNOWN — needs website check; 3 contact(s), no email flag; mid-market size fit",not contacted,,,
947,4,"PILGRIM'S PRIDE CORPORATION OF GEORGIA, INC.",unclassified food/bev mfr,,Atlanta,Georgia,http://www.pilgrimspridecorp.com,2.4627512E8,16800,Private,Pilgrim's Pride Corporation,311615,"Pilgrim's Pride Corporation Of Georgia, Inc. is primarily engaged in slaughtering, dressing, packing, freezing, and canning poultry, rabbits, and other small game, or in manufacturing products from su",Richard Cogdill — Executive Vice President,3,0,,,,"co-man status UNKNOWN — needs website check; 3 contact(s), no email flag; mid-market size fit",not contacted,,,
948,4,"PSF, Inc.",unclassified food/bev mfr,,Bellevue,Washington,http://www.ppsf.com,4.6953133E7,204,Private,"Maruha Capital Investment, Inc.",311710,"This Peter Pan has much bigger fish to fry than dealing with imaginary snarling pirates and snapping crocodiles. Peter Pan Seafoods, whoseNever-Never Land is Alaska,harvests, processes, freezes, and m",Steven Chartier — Vice President,3,0,,,,"co-man status UNKNOWN — needs website check; 3 contact(s), no email flag; mid-market size fit",not contacted,,,
949,4,Pacific Coast Fresh Company,unclassified food/bev mfr,,Portland,Oregon,http://www.pcfreshco.com,9.3628784E7,450,Private,Pacific Coast Fresh Company,311991,"Pacific Coast Fresh Company is primarily engaged in manufacturing prepared foods and miscellaneous food specialties, not elsewhere classified, such as baking powder, yeast, and other leavening compoun",Dan Hedeen — Chief Financial Officer,3,0,,,,"co-man status UNKNOWN — needs website check; 3 contact(s), no email flag; mid-market size fit",not contacted,,,
950,4,"Pacific Foods of Oregon, LLC",unclassified food/bev mfr,,Tualatin,Oregon,http://www.pacificfoods.com,4.4465744E7,500,Private,The Campbell's Company,311421,"Pacific Foods Of Oregon, Llc is primarily engaged in canning fruits, vegetables, and fruit and vegetable juices; and in manufacturing catsup and similar tomato sauces, or natural and imitation preserv",Steve Hauke — Vice President Sales,3,0,,,,"co-man status UNKNOWN — needs website check; 3 contact(s), no email flag; mid-market size fit",not contacted,,,
951,4,Pan Pepin Inc,unclassified food/bev mfr,,Bayamon,Puerto Rico,http://www.panpepin.com,5.0741177E7,500,Private,Pan Pepin Inc,311812,"Pan Pepin Inc is primarily engaged in manufacturing fresh or frozen bread and bread-type rolls and fresh cakes, pies, pastries and other similar ""perishable"" bakery products.",Luis Santini — Vice President General Manager,3,0,,,,"co-man status UNKNOWN — needs website check; 3 contact(s), no email flag; mid-market size fit",not contacted,,,
952,4,Pan-O-Gold Baking Co.,unclassified food/bev mfr,,Saint Cloud,Minnesota,http://www.panogold.com,1.2471345E8,1400,Private,Pan-O-Gold Baking Co.,311812,"Pan-O-Gold Baking Co. is primarily engaged in manufacturing fresh or frozen bread and bread-type rolls and fresh cakes, pies, pastries and other similar ""perishable"" bakery products.",Dennis Leisten — Chief Financial Officer,3,0,,,,"co-man status UNKNOWN — needs website check; 3 contact(s), no email flag; mid-market size fit",not contacted,,,
953,4,"Paradise Tomato Kitchens, Inc.",unclassified food/bev mfr,,Louisville,Kentucky,http://www.paradisetomato.com,2.6104561E7,100,Private,"Paradise Tomato Kitchens, Inc.",311999,"Paradise Tomato Kitchens, Inc. is primarily engaged in manufacturing prepared foods and miscellaneous food specialties, not elsewhere classified, such as baking powder, yeast, and other leavening comp",Nate Cosby — Founder,3,0,,,,"co-man status UNKNOWN — needs website check; 3 contact(s), no email flag; mid-market size fit",not contacted,,,
954,4,Pepsi Beverages Company,unclassified food/bev mfr,,Collierville,Tennessee,http://www.pepsico.com,3.0543491E8,1770,Private,"PepsiCo, Inc.",312111,Pepsi Beverages Company is primarily engaged in manufacturing soft drinks and carbonated waters.,Gregg Roden — Executive Vice President Chief Operations Officer,3,0,,,,"co-man status UNKNOWN — needs website check; 3 contact(s), no email flag; mid-market size fit",not contacted,,,
955,4,Pepsi Bottling Ventures LLC,unclassified food/bev mfr,,Raleigh,North Carolina,http://www.pepsibottlingventures.com,5.2168732E8,2185,Private,Suntory International,312111,"Pepsi Bottling Ventures (PBV) is the largest privately-held manufacturer, seller, and distributor of Pepsi-Cola products in North America. A joint venture between Suntory Group and PepsiCo, the compan",Danielle Vyhnanek — Principal,3,2,,,,co-man status UNKNOWN — needs website check; 2 email(s) in Hoovers; large,not contacted,,,
956,4,Pepsi-Cola Bottling Company of Central Virginia,unclassified food/bev mfr,,Charlottesville,Virginia,http://www.pepsicva.com,1.1109579E8,370,Private,Pepsi-Cola Bottling Company of Central Virginia,312111,"Pepsi-Cola Bottling Co. of Central Virginia (PCBCCV) operates four soda and water bottling plants and distribution centers throughout the state of Virginia. They are locatedin Charlottesville, Virgini",James Jessup — PRESIDENT,3,0,,,,"co-man status UNKNOWN — needs website check; 3 contact(s), no email flag; mid-market size fit",not contacted,,,
957,4,"Pepsi-Cola Bottling Company of Hickory, N.C., Inc.",unclassified food/bev mfr,,Hickory,North Carolina,http://www.hickorync.gov,2.1220934E7,370,Private,"Pepsi-Cola Bottling Company of Hickory, N.C., Inc.",312111,"Pepsi-Cola Bottling Company Of Hickory, N.C., Inc. is primarily engaged in manufacturing soft drinks and carbonated waters.",Michael Wingler — Chief Financial Officer,3,0,,,,"co-man status UNKNOWN — needs website check; 3 contact(s), no email flag; mid-market size fit",not contacted,,,
958,4,Pepsi-Cola Metropolitan Bottling Company Inc,unclassified food/bev mfr,,Denver,Colorado,,3.1885908E7,500,Private,"PepsiCo, Inc.",312111,Pepsi-Cola Metropolitan Bottling Company Inc is primarily engaged in manufacturing soft drinks and carbonated waters.,Sandra Doster — Principal,3,0,,,,"co-man status UNKNOWN — needs website check; 3 contact(s), no email flag; mid-market size fit",not contacted,,,
959,4,Perdue Foods LLC,unclassified food/bev mfr,,Salisbury,Maryland,http://www.perduefoodservice.com,2.6764288E8,483,Private,Perdue Farms Incorporated,311615,"Perdue Foods Llc is primarily engaged in slaughtering, dressing, packing, freezing, and canning poultry, rabbits, and other small game, or in manufacturing products from such meats, for their own acco",Michael Sokolow — Senior Vice President,3,0,,,,"co-man status UNKNOWN — needs website check; 3 contact(s), no email flag; mid-market size fit",not contacted,,,
960,4,"Perfection Bakeries, Inc.",unclassified food/bev mfr,,Fort Wayne,Indiana,http://www.auntmillies.com,4.6270206E8,1600,Private,"Perfection Bakeries, Inc.",311812,"You might say Perfection Bakeries strives for excellence in baking. A leading producer of baked goods, the company makes such products as bread, hamburger and hotdog buns, and English muffins for the ",Jay Miller — Chief Financial Officer,3,0,,,,"co-man status UNKNOWN — needs website check; 3 contact(s), no email flag; mid-market size fit",not contacted,,,
961,4,Pinnacle Foods Inc.,unclassified food/bev mfr,,Omaha,Nebraska,http://www.pinnaclefoods.co,5.0110083E8,4900,Private,"Conagra Brands, Inc.",311412,"Pinnacle Foods' grocery products enjoy a bird's-eye view from store shelves across the US and Canada. The company manufactures, markets, and distributes the Birds Eye frozen food line, Duncan Hines li",Mary Denooyer — Executive Vice President,3,2,,,,co-man status UNKNOWN — needs website check; 2 email(s) in Hoovers; large,not contacted,,,
962,4,"Plumino Precision Fermentation USA, Inc.",unclassified food/bev mfr,,Scott City,Missouri,http://work4plumino.com,3.4479172E7,150,Private,"Plumino Precision Fermentation US Holdings, Inc",311119,"Plumino Precision Fermentation Usa, Inc. is primarily engaged in manufacturing prepared feeds and feed ingredients and adjuncts for animals and fowls, except dogs and cats. Included in this industry a",AKINORI Yasuhara — President,3,0,,,,"co-man status UNKNOWN — needs website check; 3 contact(s), no email flag; mid-market size fit",not contacted,,,
963,4,Polar Corp.,unclassified food/bev mfr,,Worcester,Massachusetts,http://www.polarseltzer.com,4.9911667E8,1000,Private,Polar Corp.,312111,"Ice cold beverages are the stock and trade of this company. Doing business as Polar Beverages, Polar Corp. is a leading manufacturer and distributor of fruit-flavored sodas, ginger ale, tonic water, c",,3,0,,,,"co-man status UNKNOWN — needs website check; 3 contact(s), no email flag; mid-market size fit; Northeast",not contacted,,,
964,4,"Poppies International I, Inc.",unclassified food/bev mfr,,Battleboro,North Carolina,http://www.poppiesbakeries.com,2.3073994E7,70,Private,Poppies Bakeries,311412,"Poppies International I, Inc. is primarily engaged in manufacturing frozen food specialties, not elsewhere classified, such as frozen dinners and frozen pizza.",Frans Castelein — President,3,0,,,,"co-man status UNKNOWN — needs website check; 3 contact(s), no email flag; mid-market size fit",not contacted,,,
965,4,"Poulin Grain, Inc.",unclassified food/bev mfr,,Newport,Vermont,http://www.poulingrain.com,5.2585278E7,130,Private,"Poulin Grain, Inc.",311119,"Poulin Grain, Inc. is primarily engaged in manufacturing prepared feeds and feed ingredients and adjuncts for animals and fowls, except dogs and cats. Included in this industry are poultry and livesto",,1,0,,,,"co-man status UNKNOWN — needs website check; 1 contact(s), no email flag; mid-market size fit; Northeast",not contacted,,,
966,4,"Prince Agri Products, Inc.",unclassified food/bev mfr,,Teaneck,New Jersey,http://www.pahc.com,1.0891017E8,1500,Private,Phibro Animal Health Corporation,311119,"Prince Agri Products is royally concerned with the health of livestock -- cattle, swine, poultry and pets worldwide. The company, a subsidiary of Phibro Animal Health (formerly called Philipp Brothers",,3,0,,,,"co-man status UNKNOWN — needs website check; 3 contact(s), no email flag; mid-market size fit; Northeast",not contacted,,,
967,4,"Promotion In Motion, Inc.",unclassified food/bev mfr,,Park Ridge,New Jersey,http://www.promotioninmotion.com,9.1589378E7,425,Private,"Promotion In Motion, Inc.",311340,"Promotion In Motion, Inc. is primarily engaged in manufacturing candy, including chocolate candy, other confections, and related products.",,3,0,,,,"co-man status UNKNOWN — needs website check; 3 contact(s), no email flag; mid-market size fit; Northeast",not contacted,,,
968,4,"Pure's Food Specialties, LLC",unclassified food/bev mfr,,Broadview,Illinois,http://www.puresfood.com,7.0524292E7,1300,Private,"Pure's Food Specialties, LLC",311821,"Pure's Food Specialties, Llc is primarily engaged in manufacturing fresh cookies, crackers, pretzels, and similar ""dry"" bakery products.",David Sekalias — Chief Financial Officer,3,0,,,,"co-man status UNKNOWN — needs website check; 3 contact(s), no email flag; mid-market size fit",not contacted,,,
969,4,"Purfoods, LLC",unclassified food/bev mfr,,Ankeny,Iowa,http://www.purfoods.com,1.540251E8,517,Private,"Purfoods, LLC",311999,"Purfoods, Llc is primarily engaged in manufacturing prepared foods and miscellaneous food specialties, not elsewhere classified, such as baking powder, yeast, and other leavening compounds; peanut but",Michael Anderson — Chief Executive Officer,3,0,,,,"co-man status UNKNOWN — needs website check; 3 contact(s), no email flag; mid-market size fit",not contacted,,,
970,4,"Purina Mills, LLC",unclassified food/bev mfr,,Saint Louis,Missouri,http://www.purinamills.com,4.32159E8,2300,Private,Purina Animal Nutrition LLC,311119,"Purina Mills, Llc is primarily engaged in manufacturing prepared feeds and feed ingredients and adjuncts for animals and fowls, except dogs and cats. Included in this industry are poultry and livestoc",Heather Lewis — Principal,3,0,,,,"co-man status UNKNOWN — needs website check; 3 contact(s), no email flag; mid-market size fit",not contacted,,,
971,4,"R. J. Van Drunen & Sons, Inc.",unclassified food/bev mfr,,Momence,Illinois,http://www.vandrunenfarms.com,1.2758039E8,812,Private,"R. J. Van Drunen & Sons, Inc.",311423,"For Van Drunen Farms, thyme is on its side. As the nation's largest supplier of organically grown culinary herbs, the company grows and processes all-natural and functional food ingredients. Its exper",Shawn Evers — Chief Operating Officer,3,0,,,,"co-man status UNKNOWN — needs website check; 3 contact(s), no email flag; mid-market size fit",not contacted,,,
972,4,"R.L. Schreiber, Inc.",unclassified food/bev mfr,,Fort Lauderdale,Florida,http://www.rlschreiber.com,2.2780607E7,100,Private,"R.L. Schreiber, Inc.",311942,"R.L. Schreiber, Inc. is primarily engaged in manufacturing prepared foods and miscellaneous food specialties, not elsewhere classified, such as baking powder, yeast, and other leavening compounds; pea",Tina Michel — Chief Executive Officer,3,0,,,,"co-man status UNKNOWN — needs website check; 3 contact(s), no email flag; mid-market size fit",not contacted,,,
973,4,"REI Enterprises, LLC",unclassified food/bev mfr,,Rembrandt,Iowa,http://www.rembrandtfoods.com,8.1651741E7,700,Private,AGR Partners LLC,311999,Rembrandt Enterprises (doing business as Rembrandt Foods) has less to do with old European art masters and more to do with the modern American mastery of the art of egg production. As an egg producer ,Daryl Berg — President,3,0,,,,"co-man status UNKNOWN — needs website check; 3 contact(s), no email flag; mid-market size fit",not contacted,,,
974,4,"Ready Pac Foods, Inc.",unclassified food/bev mfr,,Irwindale,California,http://www.readypac.com,4.5873691E8,3645,Private,BONDUELLE,311991,"Ready Pac Foods, Inc. is primarily engaged in manufacturing prepared foods and miscellaneous food specialties, not elsewhere classified, such as baking powder, yeast, and other leavening compounds; pe",Esthefany Martinez — Founder,3,0,,,,"co-man status UNKNOWN — needs website check; 3 contact(s), no email flag; mid-market size fit",not contacted,,,
975,4,Reddy Ice LLC,unclassified food/bev mfr,,Dallas,Texas,http://www.reddyice.com,2.9975461E8,1300,Private,Stone Canyon Industries Holdings LLC,312113,Reddy Ice Llc is primarily engaged in manufacturing ice for sale.,Mark Steffek — Principal,3,0,,,,"co-man status UNKNOWN — needs website check; 3 contact(s), no email flag; mid-market size fit",not contacted,,,
976,4,Reily Foods Company,unclassified food/bev mfr,,New Orleans,Louisiana,http://www.reilyproducts.com,1.6725786E8,650,Private,"WM. B. Reily & Company, Inc.",311920,"Reily Foods Company is primarily engaged in manufacturing prepared foods and miscellaneous food specialties, not elsewhere classified, such as baking powder, yeast, and other leavening compounds; pean",Rona White — Vice President Human Resources,3,0,,,,"co-man status UNKNOWN — needs website check; 3 contact(s), no email flag; mid-market size fit",not contacted,,,
977,4,"Riverview, LLP",unclassified food/bev mfr,,Morris,Minnesota,http://www.riverviewllp.com,8.5526733E7,1300,Partnership,,311611,"Riverview, Llp is primarily engaged in the slaughtering, for their own account or on a contract basis for the trade, of cattle, hogs, sheep, lambs, and calves for meat to be sold or to be used on the ",Mitch Fehr — Chief Executive Officer,3,0,,,,"co-man status UNKNOWN — needs website check; 3 contact(s), no email flag; mid-market size fit",not contacted,,,
978,4,Riviana Foods Inc.,unclassified food/bev mfr,,Houston,Texas,http://www.riviana.com,3.4560461E8,2752,Private,"EBRO FOODS, SA",311821,"Riviana Foods puts woks to work in the US and abroad. With its Carolina, Minute Rice, Gourmet House, River, Water Maid, Mahatma, and Success brands, the company has become one of the largest sellers o",Enrique Zaragoza — President Ceo,3,0,,,,"co-man status UNKNOWN — needs website check; 3 contact(s), no email flag; mid-market size fit",not contacted,,,
979,4,"Robertet Flavors, Inc.",unclassified food/bev mfr,,Piscataway,New Jersey,http://www.robertetflavors.com,4.7458115E7,180,Private,ROBERTET SA,311942,"Robertet Flavors, Inc. is primarily engaged in manufacturing flavoring extracts, syrups, powders, and related products, not elsewhere classified, for soda fountain use or for the manufacture of soft d",,1,0,,,,"co-man status UNKNOWN — needs website check; 1 contact(s), no email flag; mid-market size fit; Northeast",not contacted,,,
980,4,"Roquette America, Inc.",unclassified food/bev mfr,,Keokuk,Iowa,http://www.roquette.com,1.8859221E8,575,Private,ROQUETTE FRERES,311221,"Roquette America, Inc. is the North American subsidiary of the privately held Roquette Group, a global leader in plant-based ingredients. Headquartered in Keokuk, Iowa, the company specializes in prod",Cedric Garrigues — Chief Financial Officer,3,0,,,,"co-man status UNKNOWN — needs website check; 3 contact(s), no email flag; mid-market size fit",not contacted,,,
981,4,"Roskam Baking Company, LLC",unclassified food/bev mfr,,Grand Rapids,Michigan,http://www.roskamfoods.com,2.8096545E8,1627,Private,"Roskam Baking Company, LLC",311812,"Roskam Baking Company, Llc is primarily engaged in manufacturing fresh or frozen bread and bread-type rolls and fresh cakes, pies, pastries and other similar ""perishable"" bakery products.",Andre Lebaron — Chief Executive Officer,3,0,,,,"co-man status UNKNOWN — needs website check; 3 contact(s), no email flag; mid-market size fit",not contacted,,,
982,4,"Rotella's Italian Bakery, Inc.",unclassified food/bev mfr,,La Vista,Nebraska,http://www.rotellasbakery.com,9.5845589E7,470,Private,"Rotella's Italian Bakery, Inc.",445291,"Rotella's Italian Bakery, Inc. is primarily engaged in the retail sale of bakery products. The products may be purchased from others or made on the premises.",Bradley Costanzo — Chief Financial Officer,3,0,,,,"co-man status UNKNOWN — needs website check; 3 contact(s), no email flag; mid-market size fit",not contacted,,,
983,4,"Rudolph Foods Company, Inc.",unclassified food/bev mfr,,Lima,Ohio,http://www.rudolphfoods.com,1.3110315E8,400,Private,"Rudolph Foods Company, Inc.",311919,"Rudolph Foods is the nation's leading producer of pork rinds and cracklins snacks, producing the best-tasting pork rinds for about seven decades from the company's seven facilities in the US and three",Mike Harper — Vice President Finance And Cfo,3,0,,,,"co-man status UNKNOWN — needs website check; 3 contact(s), no email flag; mid-market size fit",not contacted,,,
984,4,"S. & D. Coffee, Inc.",unclassified food/bev mfr,,Concord,North Carolina,http://westrockcoffee.com,4.095694E8,1100,Private,Westrock Coffee Company,311920,"S&D Coffee is the nation's largest custom coffee roaster and the largest blender of iced tea to the foodservice industry. It serves approximately 600,000 pounds of coffee to customers that spans acros",Joseph Campbell — Senior Vice President Operations,3,0,,,,"co-man status UNKNOWN — needs website check; 3 contact(s), no email flag; mid-market size fit",not contacted,,,
985,4,"SECHLER FAMILY FOODS, INC.",unclassified food/bev mfr,,Fredericksburg,Pennsylvania,http://www.bellandevans.com,1.77405E8,1050,Private,"SECHLER FAMILY FOODS, INC.",311615,"Sechler Family Foods, Inc. is primarily engaged in slaughtering, dressing, packing, freezing, and canning poultry, rabbits, and other small game, or in manufacturing products from such meats, for thei",Mark Blazek — Principal,3,0,,,,"co-man status UNKNOWN — needs website check; 3 contact(s), no email flag; mid-market size fit",not contacted,,,
986,4,"SFC Global Supply Chain, Inc.",unclassified food/bev mfr,,Marshall,Minnesota,http://www.schwanscompany.com,5.7259387E8,4670,Private,Schwan's Company,311412,"Sfc Global Supply Chain, Inc. is primarily engaged in manufacturing frozen food specialties, not elsewhere classified, such as frozen dinners and frozen pizza.",John Connell — Vice President Finance,3,1,,,,co-man status UNKNOWN — needs website check; 1 email(s) in Hoovers; large,not contacted,,,
987,4,"Sager Creek Foods, Inc.",unclassified food/bev mfr,,Walnut Creek,California,,2.3195728E7,700,Private,"Mccall Farms, Inc.",311421,"Sager Creek Foods, Inc. is primarily engaged in canning fruits, vegetables, and fruit and vegetable juices; and in manufacturing catsup and similar tomato sauces, or natural and imitation preserves, j",Chris Kiser — Chief Executive Officer,3,0,,,,"co-man status UNKNOWN — needs website check; 3 contact(s), no email flag; mid-market size fit",not contacted,,,
988,4,"Salm Partners, LLC",unclassified food/bev mfr,,Denmark,Wisconsin,http://www.salmpartners.com,5.0392258E7,300,Private,"Johnsonville, LLC",311612,"Salm Partners, Llc is primarily engaged in manufacturing sausages, cured meats, smoked meats, canned meats, frozen meats, and other prepared meats and meat specialties, from purchased carcasses and ot",Keith Lindsey — President,3,0,,,,"co-man status UNKNOWN — needs website check; 3 contact(s), no email flag; mid-market size fit",not contacted,,,
989,4,Santa Monica Seafood Company,unclassified food/bev mfr,,Rancho Dominguez,California,http://www.santamonicaseafood.com,1.4203926E8,750,Private,Santa Monica Seafood Company,311710,"Santa Monica Seafood Company is primarily engaged in preparing fresh and raw or cooked frozen fish and other seafoods and seafood preparations, such as soups, stews, chowders, fishcakes, crabcakes, an",Roger O'brien — Chief Executive Officer,3,0,,,,"co-man status UNKNOWN — needs website check; 3 contact(s), no email flag; mid-market size fit",not contacted,,,
990,4,Sargento Foods Inc.,unclassified food/bev mfr,,Plymouth,Wisconsin,http://www.sargento.com,3.8997733E8,2100,Private,Sargento Foods Inc.,311513,"Sargento Foods is a family-owned company that has been a leader in cheese industry. The company produces pre-packaged sliced and shredded natural cheeses and cheese blends. In addition, the company is",Sheila Thiel — Business Process Owner Offer To Cash,3,0,,,,"co-man status UNKNOWN — needs website check; 3 contact(s), no email flag; mid-market size fit",not contacted,,,
991,4,Sartori Company,unclassified food/bev mfr,,Plymouth,Wisconsin,http://www.sartoricheese.com,1.552757E8,657,Private,Sartori Company,311513,"Sartori, a Wisconsin-based artisan cheese company, makes extraordinary cheese for everyday moments, from its exclusive BellaVitanos and award-winning Parmesans to Italian-inspired Cheddars. Its Asiago",Mark Schwechel — chief financial officer controller,3,0,,,,"co-man status UNKNOWN — needs website check; 3 contact(s), no email flag; mid-market size fit",not contacted,,,
992,4,Sartori Nutrition Company,unclassified food/bev mfr,,Willows,California,http://www.rumianocheese.com,2.2491262E7,150,Private,Sartori Company,311513,"Sartori Nutrition Company is primarily engaged in manufacturing natural cheese (except cottage cheese), processed cheese, cheese foods, cheese spreads, and cheese analogs (imitations and substitutes).",Joe Baird — Chief Executive Officer,3,0,,,,"co-man status UNKNOWN — needs website check; 3 contact(s), no email flag; mid-market size fit",not contacted,,,
993,4,"Sauer Brands, Inc.",unclassified food/bev mfr,,Richmond,Virginia,http://www.sauers.com,5.9599109E8,860,Private,"Sauer Brands, Inc.",311942,"Sauer Brands, Inc. is primarily engaged in manufacturing prepared foods and miscellaneous food specialties, not elsewhere classified, such as baking powder, yeast, and other leavening compounds; peanu",Tom Lee Csto — Principal,3,0,,,,"co-man status UNKNOWN — needs website check; 3 contact(s), no email flag; mid-market size fit",not contacted,,,
994,4,"Schwabe North America, Incorporated",unclassified food/bev mfr,,Green Bay,Wisconsin,http://www.naturesway.com,9.07435E7,902,Private,Schwabe International SE,311999,"Schwabe North America, Incorporated is primarily engaged in manufacturing prepared foods and miscellaneous food specialties, not elsewhere classified, such as baking powder, yeast, and other leavening",Mike Devereux — CHIEF EXECUTIVE OFFICER,3,0,,,,"co-man status UNKNOWN — needs website check; 3 contact(s), no email flag; mid-market size fit",not contacted,,,
995,4,Schwebel Baking Company,unclassified food/bev mfr,,Youngstown,Ohio,http://www.schwebels.com,7.1652946E7,1290,Private,Schwebel Baking Company,311812,"Schwebel Baking produces a noseful of wonderful aromas. As one of the fastest-growing independent wholesale bakers in America, it bakes bagels, bread, buns, rolls, pita bread, and tortillas for the co",Steve Cooper — President Chief Executive Officer,3,0,,,,"co-man status UNKNOWN — needs website check; 3 contact(s), no email flag; mid-market size fit",not contacted,,,
996,4,"See's Candies, Inc.",unclassified food/bev mfr,,San Francisco,California,http://www.sees.com,8.0953423E7,2500,Private,"See's Candy Shops, Incorporated",311340,"See's Candies, Inc. is primarily engaged in manufacturing candy, including chocolate candy, other confections, and related products.",Courtney Cohen — Senior Vice President Sales And Customer Experience,3,0,,,,"co-man status UNKNOWN — needs website check; 3 contact(s), no email flag; mid-market size fit",not contacted,,,
997,4,Sierra Nevada Brewing Co.,unclassified food/bev mfr,,Chico,California,http://www.sierranevada.com,3.0E8,1100,Private,Sierra Nevada Brewing Co.,312120,Sierra Nevada Brewing Co. is primarily engaged in manufacturing malt beverages.,Pryce Greenow — President Chief Executive Officer,3,0,,,,"co-man status UNKNOWN — needs website check; 3 contact(s), no email flag; mid-market size fit",not contacted,,,
998,4,"Simmons Prepared Foods, Inc.",unclassified food/bev mfr,,Siloam Springs,Arkansas,http://www.simmonspreparedfoods.com,4.8241074E8,3863,Private,"Simmons Foods, Inc.",311615,"Simmons Prepared Foods, Inc. is primarily engaged in slaughtering, dressing, packing, freezing, and canning poultry, rabbits, and other small game, or in manufacturing products from such meats, for th",Johnny Bullington — President,3,0,,,,"co-man status UNKNOWN — needs website check; 3 contact(s), no email flag; mid-market size fit",not contacted,,,
999,4,"Simply Delicious, Inc.",unclassified food/bev mfr,,Loveland,Colorado,http://www.eatbobos.com,6.8961296E7,550,Private,"Simply Delicious, Inc.",311812,"Simply Delicious, Inc. is primarily engaged in manufacturing fresh or frozen bread and bread-type rolls and fresh cakes, pies, pastries and other similar ""perishable"" bakery products.",Tj McIntyre — Chief Executive Officer,3,0,,,,"co-man status UNKNOWN — needs website check; 3 contact(s), no email flag; mid-market size fit",not contacted,,,
1000,4,"So-Pak-Co, Inc.",unclassified food/bev mfr,,Mullins,South Carolina,http://www.sopakco.com,1.143484E8,600,Private,"Unaka Company, Incorporated",311999,"So-Pak-Co, Inc. is primarily engaged in manufacturing prepared foods and miscellaneous food specialties, not elsewhere classified, such as baking powder, yeast, and other leavening compounds; peanut b",David Dubose — Vice President,3,0,,,,"co-man status UNKNOWN — needs website check; 3 contact(s), no email flag; mid-market size fit",not contacted,,,
1001,4,"Solae, LLC",unclassified food/bev mfr,,Saint Louis,Missouri,,4.5883255E8,1600,Private,International Flavors & Fragrances Inc.,311224,"Solae sees the joy in soy. The firm develops, makes, and markets 1,000-plus soy-based products used by thousands of customers in nearly 100 countries worldwide. Solae manufactures soy proteins used in",Mindi McKibbin — Principal Scientist Beverage Innovation,3,0,,,,"co-man status UNKNOWN — needs website check; 3 contact(s), no email flag; mid-market size fit",not contacted,,,
1002,4,"Southeast Milk, Inc.",unclassified food/bev mfr,,Belleview,Florida,http://www.southeastmilk.org,4.1632282E7,109,Nonprofit,"Southeast Milk, Inc.",311119,"Southeast Milk, Inc. is primarily engaged in manufacturing prepared feeds and feed ingredients and adjuncts for animals and fowls, except dogs and cats. Included in this industry are poultry and lives",JOE WRIGHT — President,3,0,,,,"co-man status UNKNOWN — needs website check; 3 contact(s), no email flag; mid-market size fit",not contacted,,,
1003,4,"Southern Classic Food Group, LLC",unclassified food/bev mfr,,Brundidge,Alabama,http://www.southernclassicfood.com,3.8392445E7,187,Private,"SauceCo HoldCo, LLC",311421,"Southern Classic Food Group, Llc is primarily engaged in canning fruits, vegetables, and fruit and vegetable juices; and in manufacturing catsup and similar tomato sauces, or natural and imitation pre",Ash Reddy — Chief Executive Officer,3,0,,,,"co-man status UNKNOWN — needs website check; 3 contact(s), no email flag; mid-market size fit",not contacted,,,
1004,4,"Southern Glazer's Wine and Spirits of Texas, LLC",unclassified food/bev mfr,,Farmers Branch,Texas,http://www.glazers.com,3.6837558E8,6000,Private,"Southern Glazer's Wine and Spirits, LLC",312120,"Thirsty in Texas? Glazer's, a wholesale distributor of alcoholic beverages, can quench your thirst and help you celebrate. In Texas the company is the largest of its kind and one of the largest wine a",Matt Metz — President Central Region,3,0,,,,"co-man status UNKNOWN — needs website check; 3 contact(s), no email flag; mid-market size fit",not contacted,,,
1005,4,Southern Minnesota Beet Sugar Cooperative,unclassified food/bev mfr,,Renville,Minnesota,http://www.smbsc.com,9.2527092E7,610,Nonprofit,Southern Minnesota Beet Sugar Cooperative,311313,Southern Minnesota Beet Sugar Cooperative (SMBSC) offers a sweet deal to its approximately 585 member/farmers. The co-op slices about 3 million tons of Minnesota-grown sugar beets annually. Converted ,Luke Rust — Chief Operating Officer,3,0,,,,"co-man status UNKNOWN — needs website check; 3 contact(s), no email flag; mid-market size fit",not contacted,,,
1006,4,"Southwest Iowa Renewable Energy, LLC",unclassified food/bev mfr,,Council Bluffs,Iowa,http://www.sireethanol.com,3.87125E8,60,Public,,312140,"Southwest Iowa Renewable Energy, Llc is primarily engaged in manufacturing alcoholic liquors by distillation, and in manufacturing cordials and alcoholic cocktails by blending processes or by mixing l","Michael Jerke — President, Chief Executive Officer, General Manager",3,0,,,,"co-man status UNKNOWN — needs website check; 3 contact(s), no email flag; mid-market size fit",not contacted,,,
1007,4,Spice Chain Corporation,unclassified food/bev mfr,,East Brunswick,New Jersey,http://www.spicechain.com,2.2189938E7,175,Private,Spice Chain Corporation,311999,"Spice Chain Corporation is primarily engaged in manufacturing prepared foods and miscellaneous food specialties, not elsewhere classified, such as baking powder, yeast, and other leavening compounds; ",,3,0,,,,"co-man status UNKNOWN — needs website check; 3 contact(s), no email flag; mid-market size fit; Northeast",not contacted,,,
1008,4,"Stahlbush Island Farms, Inc.",unclassified food/bev mfr,,Corvallis,Oregon,http://www.stahlbush.com,8.151432E7,1000,Private,"Stahlbush Island Farms, Inc.",311411,"Stahlbush Island Farms, Inc. is primarily engaged in freezing fruits, fruit juices, and vegetables. These establishments also produce important byproducts such as fresh or dried citrus pulp.",William Chambers — President,3,0,,,,"co-man status UNKNOWN — needs website check; 3 contact(s), no email flag; mid-market size fit",not contacted,,,
1009,4,"Stampede Culinary Partners, Inc.",unclassified food/bev mfr,,Bridgeview,Illinois,http://www.stampedeculinarypartners.com,2.3418129E8,800,Private,Premium Brands Holdings Corporation,311612,"Stampede Culinary Partners, Inc. is primarily engaged in manufacturing sausages, cured meats, smoked meats, canned meats, frozen meats, and other prepared meats and meat specialties, from purchased ca",Vito Tamburello — Chief Financial Officer,3,0,,,,"co-man status UNKNOWN — needs website check; 3 contact(s), no email flag; mid-market size fit",not contacted,,,
1010,4,"Star Kay White, Inc.",unclassified food/bev mfr,,Congers,New York,http://www.starkaywhite.com,3.3645153E7,65,Private,"Star Kay White, Inc.",311930,"Star Kay White, Inc. is primarily engaged in manufacturing flavoring extracts, syrups, powders, and related products, not elsewhere classified, for soda fountain use or for the manufacture of soft dri",,1,0,,,,"co-man status UNKNOWN — needs website check; 1 contact(s), no email flag; mid-market size fit; Northeast",not contacted,,,
1011,4,Stateside Brands LLC,unclassified food/bev mfr,,Philadelphia,Pennsylvania,http://www.statesidevodka.com,6.8938385E7,279,Private,,312140,"Stateside Brands Llc is primarily engaged in manufacturing alcoholic liquors by distillation, and in manufacturing cordials and alcoholic cocktails by blending processes or by mixing liquors and other",Matthew Quigley — President,3,0,,,,"co-man status UNKNOWN — needs website check; 3 contact(s), no email flag; mid-market size fit",not contacted,,,
1012,4,"Stewart & Jasper Marketing, Inc.",unclassified food/bev mfr,,Newman,California,http://www.stewartandjasper.com,2.4950874E7,350,Private,"Stewart & Jasper Marketing, Inc.",311911,"Stewart & Jasper Orchards (S&J) shakes trees, bringing down nutty treasures. The company is a California nut and fruit grower and operates a state-of-the-art nut-hulling, -shelling, -processing, and -",Jason Jasper — Vice President,3,0,,,,"co-man status UNKNOWN — needs website check; 3 contact(s), no email flag; mid-market size fit",not contacted,,,
1013,4,Stratas Foods LLC,unclassified food/bev mfr,,Cordova,Tennessee,http://www.stratasfoods.com,5.4477502E8,1000,Private,Stratas Foods LLC,311225,"Stratas Foods Llc is primarily engaged in manufacturing shortening, table oils, margarine, and other edible fats and oils, not elsewhere classified.",Gary Harmon — President,3,0,,,,"co-man status UNKNOWN — needs website check; 3 contact(s), no email flag; mid-market size fit",not contacted,,,
1014,4,Sugar Creek Packing Co.,unclassified food/bev mfr,,Washington Court House,Ohio,http://www.sugarcreek.com,7.0E8,2055,Private,Sugar Creek Packing Co.,311612,"Sugar Creek Packing Co. is primarily engaged in manufacturing sausages, cured meats, smoked meats, canned meats, frozen meats, and other prepared meats and meat specialties, from purchased carcasses a",Michael Richardson — Chief Executive Officer,3,3,,,,co-man status UNKNOWN — needs website check; 3 email(s) in Hoovers; large,not contacted,,,
1015,4,"Summit Hill Foods, Inc.",unclassified food/bev mfr,,Rome,Georgia,http://www.shfoods.com,8.5325409E7,215,Private,"Summit Hill Foods, Inc.",311999,"Summit Hill Foods, Inc. is primarily engaged in manufacturing prepared foods and miscellaneous food specialties, not elsewhere classified, such as baking powder, yeast, and other leavening compounds; ",Peter Hjort — Chief Executive Officer,3,0,,,,"co-man status UNKNOWN — needs website check; 3 contact(s), no email flag; mid-market size fit",not contacted,,,
1016,4,"Sun Basket, Inc.",unclassified food/bev mfr,,San Francisco,California,http://www.sunbasket.com,8.8522705E7,435,Private,"Sun Basket, Inc.",311991,"Sun Basket, Inc. is primarily engaged in manufacturing prepared foods and miscellaneous food specialties, not elsewhere classified, such as baking powder, yeast, and other leavening compounds; peanut ",Brady Onishi — Chief Financial Officer,3,0,,,,"co-man status UNKNOWN — needs website check; 3 contact(s), no email flag; mid-market size fit",not contacted,,,
1017,4,"Sunrise Growers, Inc.",unclassified food/bev mfr,,Minneapolis,Minnesota,http://www.naturestouchfrozenfoods.com,3.6526173E7,350,Private,SunOpta LLC,311411,"The folks at Sunrise Growers are up long before the sun rises, hand-picking fresh strawberries from the fields. The company, which also raises, processes, and supplies fresh red bell peppers, markets ",Joe McCarthy — Vice President,3,0,,,,"co-man status UNKNOWN — needs website check; 3 contact(s), no email flag; mid-market size fit",not contacted,,,
1018,4,Sunsweet Growers Inc.,unclassified food/bev mfr,,Yuba City,California,http://www.sunsweet.com,4.0119379E8,700,Private,Sunsweet Growers Inc.,311423,Being all dried up is a good thing at Sunsweet Growers. The more than 400 member/grower-owned cooperative processes and markets dried fruit. Sunsweet produces one-third of the world's prunes (it proce,Brad Schuler — President,3,0,,,,"co-man status UNKNOWN — needs website check; 3 contact(s), no email flag; mid-market size fit",not contacted,,,
1019,4,"Sutter Home Winery, Inc.",unclassified food/bev mfr,,Saint Helena,California,http://www.sutterhome.com,1.8810712E8,625,Private,"Sutter Home Winery, Inc.",312130,"Pink and slightly fizzy, white zinfandel wine is one passion of Trinchero Family Estates. The winemaker (formerly Sutter Home Winery) produces a variety of bottles under such labels as Sutter Home, Mn",Bob Torkelson — Chief Executive Officer,3,0,,,,"co-man status UNKNOWN — needs website check; 3 contact(s), no email flag; mid-market size fit",not contacted,,,
1020,4,"Sweet Street Desserts, Inc.",unclassified food/bev mfr,,Reading,Pennsylvania,http://www.sweetstreet.com,1.0268609E8,700,Private,"Sweet Street Desserts, Inc.",311812,"Sweet Street Desserts, Inc. is primarily engaged in manufacturing fresh or frozen bread and bread-type rolls and fresh cakes, pies, pastries and other similar ""perishable"" bakery products.",Bill Orban — Vice President Finance,3,0,,,,"co-man status UNKNOWN — needs website check; 3 contact(s), no email flag; mid-market size fit",not contacted,,,
1021,4,TC Heartland LLC,unclassified food/bev mfr,,Carmel,Indiana,http://www.heartlandfpg.com,2.8890475E8,1046,Private,TC Heartland LLC,311999,"Tc Heartland Llc is primarily engaged in manufacturing flavoring extracts, syrups, powders, and related products, not elsewhere classified, for soda fountain use or for the manufacture of soft drinks,",Teodor Gelov — Chief Executive Officer,3,0,,,,"co-man status UNKNOWN — needs website check; 3 contact(s), no email flag; mid-market size fit",not contacted,,,
1022,4,"TTF SUB WI, INC.",unclassified food/bev mfr,,Glenview,Illinois,http://www.klements.com,3.0060879E7,355,Private,"Amylu Foods, LLC",311612,"Ttf Sub Wi, Inc. is primarily engaged in manufacturing sausages, cured meats, smoked meats, canned meats, frozen meats, and other prepared meats and meat specialties, from purchased carcasses and othe",Tom Klement — Chief Financial Officer,3,0,,,,"co-man status UNKNOWN — needs website check; 3 contact(s), no email flag; mid-market size fit",not contacted,,,
1023,4,"Talking Rain Beverage Company, Inc.",unclassified food/bev mfr,,Preston,Washington,http://www.talkingrain.com,1.6430634E8,565,Private,"Talking Rain Beverage Company, Inc.",312112,"Talking Rain Beverage Company, Inc. is primarily engaged in manufacturing soft drinks and carbonated waters.",Ken Sylvia — Chief Executive Officer,3,0,,,,"co-man status UNKNOWN — needs website check; 3 contact(s), no email flag; mid-market size fit",not contacted,,,
1024,4,"Taylor Farms Florida, Inc.",unclassified food/bev mfr,,Orlando,Florida,http://www.taylorfarms.com,4.0552738E7,480,Private,"Taylor Fresh Foods, Inc.",311991,"Taylor Farms Florida, Inc. is primarily engaged in manufacturing prepared foods and miscellaneous food specialties, not elsewhere classified, such as baking powder, yeast, and other leavening compound",Bruce Taylor — Chief Executive Officer,3,0,,,,"co-man status UNKNOWN — needs website check; 3 contact(s), no email flag; mid-market size fit",not contacted,,,
1025,4,Tecumseh Poultry LLC,unclassified food/bev mfr,,Waverly,Nebraska,http://www.smartchicken.com,3.9600311E7,303,Private,"Tyson Foods, Inc.",311615,"Tecumseh Poultry was founded in 1998, based on a simple goal to produce the best fresh chicken in the US. The company's system is a pure air chill system: Absolutely no water is utilized in the chill ",Scott Pavel — Vice President Of Sales Marketing,3,0,,,,"co-man status UNKNOWN — needs website check; 3 contact(s), no email flag; mid-market size fit",not contacted,,,
1026,4,The American Bottling Company,unclassified food/bev mfr,,Frisco,Texas,http://www.keurigdrpepper.com,3.5972675E8,12500,Private,Keurig Dr Pepper Inc.,312111,The American Bottling Company is primarily engaged in manufacturing soft drinks and carbonated waters.,Jin Faller — Principal Sensory Scientist,3,0,,,,"co-man status UNKNOWN — needs website check; 3 contact(s), no email flag; mid-market size fit",not contacted,,,
1027,4,"The Bama Companies, Inc.",unclassified food/bev mfr,,Tulsa,Oklahoma,http://www.bama.com,1.1837959E8,1150,Private,"The Bama Companies, Inc.",311211,"Bama Companies bakes up business for restaurant operators. The company is a top maker of bakery products -- such as handheld and whole pies, biscuits, cookies, crumb crusts, and frozen dough -- for th",Paula Marshall — Chief Executive Officer,3,0,,,,"co-man status UNKNOWN — needs website check; 3 contact(s), no email flag; mid-market size fit",not contacted,,,
1028,4,The ICEE Company,unclassified food/bev mfr,,La Vergne,Tennessee,http://www.icee.com,4.9345001E8,700,Private,J&J Snack Foods Corp.,311412,"The Icee Company is primarily engaged in manufacturing frozen food specialties, not elsewhere classified, such as frozen dinners and frozen pizza.",Miguel O — Founder,3,0,,,,"co-man status UNKNOWN — needs website check; 3 contact(s), no email flag; mid-market size fit",not contacted,,,
1029,4,The Laredo Coca-Cola Bottling Company,unclassified food/bev mfr,,Laredo,Texas,http://www.cocacolaswb.com,2.3543083E7,399,Private,Austin Coca-Cola Bottling Company,312111,The Laredo Coca-Cola Bottling Company is primarily engaged in manufacturing soft drinks and carbonated waters.,Danny Trimmer — Vice President General Manager,2,0,,,,"co-man status UNKNOWN — needs website check; 2 contact(s), no email flag; mid-market size fit",not contacted,,,
1030,4,"The Louisiana Coca-Cola Bottling Company, Ltd.",unclassified food/bev mfr,,New Orleans,Louisiana,http://www.cocacolaunited.com,2.7262894E7,1700,Private,"Coca-Cola Refreshments USA, LLC",312111,"The Louisiana Coca-Cola Bottling Company, Ltd. is primarily engaged in manufacturing soft drinks and carbonated waters.",Rona White — Vice President Human Resources,3,0,,,,"co-man status UNKNOWN — needs website check; 3 contact(s), no email flag; mid-market size fit",not contacted,,,
1031,4,The Odom Corporation,unclassified food/bev mfr,,Bellevue,Washington,http://www.odomcorp.com,4.4017703E8,1500,Private,The Odom Corporation,312111,"The Odom Corporation wants you to drink up if you happen to be in the Pacific Northwest. The company distributes beer, wine, and spirits as well as sodas, energy drinks, and bottled waters from more t",John Steinman — Chief Financial Officer,3,0,,,,"co-man status UNKNOWN — needs website check; 3 contact(s), no email flag; mid-market size fit",not contacted,,,
1032,4,Tillamook County Creamery Association,unclassified food/bev mfr,,Tillamook,Oregon,http://www.tillamook.com,1.8267276E8,1103,Private,Tillamook County Creamery Association,311513,"Hoping to put its name on the map in more ways than one, Tillamook County Creamery Association has developed a reputation for making cheese while it works to bring home some of its own cheddar. The co",Linda Pearce — Executive Vice President And Chief Financial Officer,3,0,,,,"co-man status UNKNOWN — needs website check; 3 contact(s), no email flag; mid-market size fit",not contacted,,,
1033,4,"Tip Top Poultry, Inc.",unclassified food/bev mfr,,Marietta,Georgia,http://www.tiptoppoultry.com,1.2480164E8,1500,Private,"Tip Top Poultry, Inc.",311615,"Tip Top Poultry, Inc. is primarily engaged in slaughtering, dressing, packing, freezing, and canning poultry, rabbits, and other small game, or in manufacturing products from such meats, for their own",Brad Respess — President And Ceo,3,0,,,,"co-man status UNKNOWN — needs website check; 3 contact(s), no email flag; mid-market size fit",not contacted,,,
1034,4,Tony Downs Foods Co.,unclassified food/bev mfr,,Madelia,Minnesota,http://www.downsfoodgroup.com,9.9145287E7,350,Private,Tony Downs Foods Co.,311615,"Tony Downs Foods Co. is primarily engaged in slaughtering, dressing, packing, freezing, and canning poultry, rabbits, and other small game, or in manufacturing products from such meats, for their own ",Dick Downs — Chief Executive Officer,3,0,,,,"co-man status UNKNOWN — needs website check; 3 contact(s), no email flag; mid-market size fit",not contacted,,,
1035,4,"Toufayan Bakery of Plant City, Inc.",unclassified food/bev mfr,,Plant City,Florida,http://www.toufayan.com,2.1906244E7,87,Private,Toufayan Bakery Inc.,445291,"Toufayan Bakery Of Plant City, Inc. is primarily engaged in the retail sale of bakery products. The products may be purchased from others or made on the premises.",Harry Toufayan — President,3,0,,,,"co-man status UNKNOWN — needs website check; 3 contact(s), no email flag; mid-market size fit",not contacted,,,
1036,4,"Transhumance Holding Company, Inc.",unclassified food/bev mfr,,Sacramento,California,,8.5419518E7,400,Private,"Transhumance Holding Company, Inc.",311611,"Transhumance Holding Company, Inc. is primarily engaged in the slaughtering, for their own account or on a contract basis for the trade, of cattle, hogs, sheep, lambs, and calves for meat to be sold o",Seth Robinson — Chief Financial Officer,3,0,,,,"co-man status UNKNOWN — needs website check; 3 contact(s), no email flag; mid-market size fit",not contacted,,,
1037,4,Treasury Wine Estates Americas Company,unclassified food/bev mfr,,Napa,California,http://www.treasurywineestates.com,4.984321E8,1300,Private,TREASURY WINE ESTATES LIMITED,312130,"Treasury Wine Estates (TWE) is a global wine company with a portfolio of luxury and premium brands sold in over 70 countries. Its operations are structured into three divisions: Penfolds, Treasury Ame",Tim Ford — Chief Executive Officer,3,0,,,,"co-man status UNKNOWN — needs website check; 3 contact(s), no email flag; mid-market size fit",not contacted,,,
1038,4,"Tree Top, Inc.",unclassified food/bev mfr,,Selah,Washington,http://www.treetop.com,3.2677515E8,1100,Private,"Tree Top, Inc.",311421,"Tree Top, a farmer-owned, farmer-grown cooperative, is a leading processor of dried, frozen, pureed, and concentrated fruits, providing the widest array of fruit-based products and solutions for consu",Jacki Fischer — Chief Financial Officer,3,0,,,,"co-man status UNKNOWN — needs website check; 3 contact(s), no email flag; mid-market size fit",not contacted,,,
1039,4,"Triumph Foods, LLC",unclassified food/bev mfr,,Saint Joseph,Missouri,http://www.triumphfoods.com,9.0389877E7,2800,Private,,311611,"Triumph Foods, Llc is primarily engaged in the slaughtering, for their own account or on a contract basis for the trade, of cattle, hogs, sheep, lambs, and calves for meat to be sold or to be used on ",Josh Kleinlein — Chief Financial Officer,3,0,,,,"co-man status UNKNOWN — needs website check; 3 contact(s), no email flag; mid-market size fit",not contacted,,,
1040,4,Turkey Hill LLC,unclassified food/bev mfr,,Conestoga,Pennsylvania,http://www.turkeyhill.com,2.6574576000000003E8,900,Partnership,Turkey Hill LLC,311520,Turkey Hill Llc is primarily engaged in manufacturing ice cream and other frozen desserts.,Tim Hopkins — Chief Executive Officer,3,0,,,,"co-man status UNKNOWN — needs website check; 3 contact(s), no email flag; mid-market size fit",not contacted,,,
1041,4,"Twin City Foods, Inc.",unclassified food/bev mfr,,Stanwood,Washington,http://www.twincityfoods.com,2.2516809E8,800,Private,"Twin City Foods, Inc.",311411,Some might say that Twin City Foods is more important to their children's health than a pediatrician. The company is one of the largest independent processors of private-label frozen vegetables in the,Lynn Erskine — Chief Financial Officer,3,0,,,,"co-man status UNKNOWN — needs website check; 3 contact(s), no email flag; mid-market size fit",not contacted,,,
1042,4,"United Animal Health, Inc.",unclassified food/bev mfr,,Sheridan,Indiana,http://www.jbsunited.com,7.8602081E7,539,Private,"United Animal Health, Inc.",311119,"United Animal Health, Inc. is primarily engaged in manufacturing prepared feeds and feed ingredients and adjuncts for animals and fowls, except dogs and cats. Included in this industry are poultry and",Trent Torrance — Chief Operating Officer,3,0,,,,"co-man status UNKNOWN — needs website check; 3 contact(s), no email flag; mid-market size fit",not contacted,,,
1043,4,"United Dairy, Inc.",unclassified food/bev mfr,,Martins Ferry,Ohio,http://www.drinkunited.com,8.0920715E7,650,Private,"United Dairy, Inc.",311511,"United Dairy, Inc. is primarily engaged in processing (e.g., pasteurizing, homogenizing, vitaminizing, bottling) fluid milk and cream, and related products, including cottage cheese, yogurt (except fr",James Carson — Vice President Of Sales And Marketing,3,0,,,,"co-man status UNKNOWN — needs website check; 3 contact(s), no email flag; mid-market size fit",not contacted,,,
1044,4,United Dairymen of Arizona,unclassified food/bev mfr,,Tempe,Arizona,http://www.uda.coop,8.2706741E7,502,Nonprofit,United Dairymen of Arizona,311511,"United Dairymen of Arizona is a family-owned dairy cooperative founded in 1960. As one of the oldest and largest agricultural cooperatives in Arizona, it supports local dairy farm families and milk pr",Paul Rovey — PRESIDENT,3,0,,,,"co-man status UNKNOWN — needs website check; 3 contact(s), no email flag; mid-market size fit",not contacted,,,
1045,4,United General Bakery Inc.,unclassified food/bev mfr,,Mesa,Arizona,http://www.ucbakery.com,2.6415268E7,400,Private,,445291,United General Bakery Inc. is primarily engaged in the retail sale of bakery products. The products may be purchased from others or made on the premises.,Frank Alexander — Vice President,3,0,,,,"co-man status UNKNOWN — needs website check; 3 contact(s), no email flag; mid-market size fit",not contacted,,,
1046,4,"Valley Proteins (DE), LLC",unclassified food/bev mfr,,Winchester,Virginia,http://www.darlingii.com,4.7850693E8,1933,Private,Darling Ingredients Inc.,311613,"The winds of change might be blowing from Valley Proteins, but you'll probably want to hold your nose. A major US rendering company with about 15 plants in eight states, Valley Proteins and its Caroli",Tina Brown — Principal,3,0,,,,"co-man status UNKNOWN — needs website check; 3 contact(s), no email flag; mid-market size fit",not contacted,,,
1047,4,"Vegetable Juices, LLC",unclassified food/bev mfr,,Bedford Park,Illinois,http://www.vegetablejuices.com,2.2332413E7,90,Private,Givaudan Flavors Corporation,311421,"Vegetable Juices, Llc is primarily engaged in canning fruits, vegetables, and fruit and vegetable juices; and in manufacturing catsup and similar tomato sauces, or natural and imitation preserves, jam",Mark Witowski — Vice President National Sales,3,0,,,,"co-man status UNKNOWN — needs website check; 3 contact(s), no email flag; mid-market size fit",not contacted,,,
1048,4,"Vista International Packaging, LLC",unclassified food/bev mfr,,Kenosha,Wisconsin,,2.3079205E7,120,Private,Oy ViskoTeepak Ab,311612,"Vista International Packaging, Llc is primarily engaged in manufacturing sausages, cured meats, smoked meats, canned meats, frozen meats, and other prepared meats and meat specialties, from purchased ",Paul Schulz — Vice President,3,0,,,,"co-man status UNKNOWN — needs website check; 3 contact(s), no email flag; mid-market size fit",not contacted,,,
1049,4,"Vita Food Products, Inc.",unclassified food/bev mfr,,Chicago,Illinois,http://www.vitafoodproducts.com,2.0703218E7,130,Private,"Vita Food Products, Inc.",311710,"Vita Food Products won't lead you astray with a red herring -- their herring are properly pickled. Under the Vita and Elf brand names, the company produces refrigerated and frozen kosher salmon produc",Clifford Bolen — President And Chief Executive Officer,3,0,,,,"co-man status UNKNOWN — needs website check; 3 contact(s), no email flag; mid-market size fit",not contacted,,,
1050,4,"WM. B. Reily & Company, Inc.",unclassified food/bev mfr,,New Orleans,Louisiana,http://www.reilyproducts.com,3.58534E8,1454,Private,"WM. B. Reily & Company, Inc.",311920,"Reily Foods, which hails from New Orleans, hopes that you'll slap gobs of its mayo on your po'boy and wash it down with a gigantic tumbler of the company's tea. Besides making and marketing regionally",W Reily — Chief Executive Officer,3,0,,,,"co-man status UNKNOWN — needs website check; 3 contact(s), no email flag; mid-market size fit",not contacted,,,
1051,4,"WM. Bolthouse Farms, Inc.",unclassified food/bev mfr,,Bakersfield,California,http://www.bolthouse.com,4.6932333E8,2775,Private,"Generis Holdings, LP",311411,"Wm. Bolthouse Farms, Inc. is a leading producer of fresh carrots and refrigerated beverages and dressings, sold across North America. Owned by private equity firm Butterfly Equity, its products, under",Ryan Cassil — Chief Financial Officer,3,0,,,,"co-man status UNKNOWN — needs website check; 3 contact(s), no email flag; mid-market size fit",not contacted,,,
1052,4,"Watkins Holdings, LLC",unclassified food/bev mfr,,Winona,Minnesota,http://www.watkins1868.com,4.3159992E7,260,Private,"Watkins Holdings, LLC",311942,"Watkins Incorporated is a manufacturer of health remedies, baking products, and other household items, including organic spices, extracts, and flavors. Based in Winona, Minnesota, the company's produc",John Rigley — Chief Executive Officer,3,0,,,,"co-man status UNKNOWN — needs website check; 3 contact(s), no email flag; mid-market size fit",not contacted,,,
1053,4,Wawona Frozen Foods,unclassified food/bev mfr,,Clovis,California,http://www.wawona.com,4.1953503E8,2200,Private,Wawona Frozen Foods,311999,"Wawona Frozen Foods is primarily engaged in manufacturing prepared foods and miscellaneous food specialties, not elsewhere classified, such as baking powder, yeast, and other leavening compounds; pean",Pierette Reid — Principal,3,0,,,,"co-man status UNKNOWN — needs website check; 3 contact(s), no email flag; mid-market size fit",not contacted,,,
1054,4,"Wells Enterprises, Inc.",unclassified food/bev mfr,,Le Mars,Iowa,http://www.wellsenterprisesinc.com,3.4231207E8,2800,Private,FERRERO SPA,311520,"Wells Enterprises is one of the largest privately-held, family-owned ice cream and frozen treat manufacturers in the US. The company is best known for its Blue Bunny brand of ice cream and frozen nove",Andrew Black — Co Owner,3,0,,,,"co-man status UNKNOWN — needs website check; 3 contact(s), no email flag; mid-market size fit",not contacted,,,
1055,4,Weston Foods US Holdings LLC,unclassified food/bev mfr,,Brownsburg,Indiana,,2.2125345E7,2424,Private,FGF Brands Inc,311812,"Weston Foods Us Holdings Llc is primarily engaged in manufacturing fresh or frozen bread and bread-type rolls and fresh cakes, pies, pastries and other similar ""perishable"" bakery products.",Robert Goold — Vice President Of Operations,3,0,,,,"co-man status UNKNOWN — needs website check; 3 contact(s), no email flag; mid-market size fit",not contacted,,,
1056,4,"Westward Seafoods, Inc.",unclassified food/bev mfr,,Bellevue,Washington,http://www.westwardseafoods.com,7.6926735E7,204,Private,"Maruha Capital Investment, Inc.",311710,"If you're looking for a summer job on an Alaskan fishing boat, go Westward, young man. Westward Seafoods processes ocean-going fin fish, crab, and surimi. Processing is done either in the company's pl",Mark Johahnson — Vice President Accounting,3,0,,,,"co-man status UNKNOWN — needs website check; 3 contact(s), no email flag; mid-market size fit",not contacted,,,
1057,4,"Whitfield Foods, Inc.",unclassified food/bev mfr,,Montgomery,Alabama,http://www.fillandrefill.com,2.4686621E7,125,Private,,311999,"Whitfield Foods, Inc. is primarily engaged in manufacturing flavoring extracts, syrups, powders, and related products, not elsewhere classified, for soda fountain use or for the manufacture of soft dr",Kenneth Love Chp — Principal,3,0,,,,"co-man status UNKNOWN — needs website check; 3 contact(s), no email flag; mid-market size fit",not contacted,,,
1058,4,"Wholestone Farms Cooperative, Inc.",unclassified food/bev mfr,,Fremont,Nebraska,http://www.wholestonefarms.com,5.0E8,1500,Private,,311611,"Wholestone Farms Cooperative, Inc. is primarily engaged in the slaughtering, for their own account or on a contract basis for the trade, of cattle, hogs, sheep, lambs, and calves for meat to be sold o",Kevin Still — Chief Executive Officer,3,0,,,,"co-man status UNKNOWN — needs website check; 3 contact(s), no email flag; mid-market size fit",not contacted,,,
1059,4,"Wild Flavors, Inc.",unclassified food/bev mfr,,Erlanger,Kentucky,http://www.adm.com,2.7834808E8,450,Private,Archer-Daniels-Midland Company,311930,"Wild Flavors, Inc. is primarily engaged in manufacturing flavoring extracts, syrups, powders, and related products, not elsewhere classified, for soda fountain use or for the manufacture of soft drink",Darus Detherage — Principal,3,0,,,,"co-man status UNKNOWN — needs website check; 3 contact(s), no email flag; mid-market size fit",not contacted,,,
1060,4,"Wilson Creek Winery & Vineyards, Inc.",unclassified food/bev mfr,,Temecula,California,http://www.wilsoncreekwinery.com,2.419241E7,110,Private,,312130,"Wilson Creek Winery & Vineyards, Inc. is primarily engaged in manufacturing wines, brandy, and brandy spirits. This industry also includes bonded wine cellars which are engaged in blending wines.",Craig Johns — Chief Financial Officer,3,0,,,,"co-man status UNKNOWN — needs website check; 3 contact(s), no email flag; mid-market size fit",not contacted,,,
1061,4,"Winland Foods, Inc.",unclassified food/bev mfr,,Oak Brook,Illinois,http://www.winlandfoods.com,6.8608649E8,2621,Private,Rushmore Investment III LLC,311999,"Winland Foods, Inc. is primarily engaged in manufacturing prepared foods and miscellaneous food specialties, not elsewhere classified, such as baking powder, yeast, and other leavening compounds; pean",David Barta — Chief Financial Officer,3,1,,,,co-man status UNKNOWN — needs website check; 1 email(s) in Hoovers; large,not contacted,,,
1062,4,"Wis - Pak, Inc.",unclassified food/bev mfr,,Watertown,Wisconsin,http://www.wis-pak.com,2.3846411E8,700,Private,"Wis - Pak, Inc.",312111,"Wis - Pak, Inc. is primarily engaged in manufacturing soft drinks and carbonated waters.",Gina Raine — Chief Financial Officer,3,0,,,,"co-man status UNKNOWN — needs website check; 3 contact(s), no email flag; mid-market size fit",not contacted,,,
1063,4,"Wise Foods, Inc.",unclassified food/bev mfr,,Berwick,Pennsylvania,http://www.wisesnacks.com,2.9792722E8,906,Private,"Arca Continental, S.A.B. de C.V.",311919,"People who suffer from the munchies would be wise to check out the portfolio of products at Wise Foods. Located in Berwick, Pennsylvania, the company manufactures salty snacks, such as its version of ",Gerald Montanino — Independent Business Owner,3,0,,,,"co-man status UNKNOWN — needs website check; 3 contact(s), no email flag; mid-market size fit",not contacted,,,
1064,4,"Wrigley Manufacturing Company, LLC",unclassified food/bev mfr,,Chicago,Illinois,http://www.mars.com,9.1975433E7,2000,Private,"Mars Wrigley Confectionery US, LLC",311340,"Wrigley Manufacturing Company, Llc is primarily engaged in manufacturing chewing gum or chewing gum base.",Igor Saveliev — Principal,3,0,,,,"co-man status UNKNOWN — needs website check; 3 contact(s), no email flag; mid-market size fit",not contacted,,,
1065,4,Zausner Foods Corp.,unclassified food/bev mfr,,New Holland,Pennsylvania,http://www.afpllc.com,3.5380609E8,800,Private,SAVENCIA SA,311513,"Zausner Foods Corp. is primarily engaged in manufacturing natural cheese (except cottage cheese), processed cheese, cheese foods, cheese spreads, and cheese analogs (imitations and substitutes). These",Desigalony Olivea — Chief Financial Officer,3,0,,,,"co-man status UNKNOWN — needs website check; 3 contact(s), no email flag; mid-market size fit",not contacted,,,
1066,4,"Zentis North America, LLC",unclassified food/bev mfr,,Philadelphia,Pennsylvania,http://www.zentis.de,8.7637917E7,300,Private,Zentis Fruchtwelt GmbH & Co. KG,311421,"Zentis North America, Llc is primarily engaged in canning fruits, vegetables, and fruit and vegetable juices; and in manufacturing catsup and similar tomato sauces, or natural and imitation preserves,",Nico Stobinski — President Ceo,3,0,,,,"co-man status UNKNOWN — needs website check; 3 contact(s), no email flag; mid-market size fit",not contacted,,,
1067,3,"10 Barrel Brewing, LLC",unclassified food/bev mfr,,Bend,Oregon,http://www.10barrel.com,2.7993692E7,250,Private,"American Beverage Crafts, LLC",312120,"10 Barrel Brewing, Llc is primarily engaged in manufacturing malt beverages.",,3,0,,,,"co-man status UNKNOWN — needs website check; 3 contact(s), no email flag; mid-market size fit",not contacted,,,
1068,3,"AB-Tex Beverage, Ltd.",unclassified food/bev mfr,,Abilene,Texas,http://www.mypages.com,2.3679108E7,450,Partnership,"Pepsi-Cola Metropolitan Bottling Company, Inc.",312111,"Ab-Tex Beverage, Ltd. is primarily engaged in manufacturing soft drinks and carbonated waters.",,1,0,,,,"co-man status UNKNOWN — needs website check; 1 contact(s), no email flag; mid-market size fit",not contacted,,,
1069,3,AFP Advanced Food Products LLC,unclassified food/bev mfr,,New Holland,Pennsylvania,http://www.afpllc.com,1.7543039E8,600,Private,Zausner Foods Corp.,311511,"Afp Advanced Food Products Llc is primarily engaged in processing (e.g., pasteurizing, homogenizing, vitaminizing, bottling) fluid milk and cream, and related products, including cottage cheese, yogur",,3,0,,,,"co-man status UNKNOWN — needs website check; 3 contact(s), no email flag; mid-market size fit",not contacted,,,
1070,3,"Abarta, Inc.",unclassified food/bev mfr,,Pittsburgh,Pennsylvania,http://www.abarta.com,9.4627502E7,1800,Private,"Abarta, Inc.",312111,"ABARTA doesn't put all of itsbusinesses in one basket. The diverse holding companyhas four flagship subsidiaries that engagein thesoft drink beverages,Asian frozen food products,newspaper publishing, ",,1,0,,,,"co-man status UNKNOWN — needs website check; 1 contact(s), no email flag; mid-market size fit",not contacted,,,
1071,3,"Advance Food Company, LLC",unclassified food/bev mfr,,Enid,Oklahoma,,5.5236355E7,653,Private,"ADVANCEPIERRE FOODS HOLDINGS, INC.",311612,"Advance Food Company, Llc is primarily engaged in manufacturing sausages, cured meats, smoked meats, canned meats, frozen meats, and other prepared meats and meat specialties, from purchased carcasses",,3,0,,,,"co-man status UNKNOWN — needs website check; 3 contact(s), no email flag; mid-market size fit",not contacted,,,
1072,3,"Agrana Fruit US, Inc.",unclassified food/bev mfr,,Brecksville,Ohio,http://us.agrana.com,2.3654213E8,246,Private,AGRANA Fruit Austria GmbH,311930,"Agrana Fruit Us, Inc. is primarily engaged in manufacturing flavoring extracts, syrups, powders, and related products, not elsewhere classified, for soda fountain use or for the manufacture of soft dr",,1,0,,,,"co-man status UNKNOWN — needs website check; 1 contact(s), no email flag; mid-market size fit",not contacted,,,
1073,3,Algood Food Company,unclassified food/bev mfr,,Louisville,Kentucky,http://www.algoodfood.com,9.9037163E7,350,Private,Algood Food Company,311911,"Algood Food Company is primarily engaged in manufacturing prepared foods and miscellaneous food specialties, not elsewhere classified, such as baking powder, yeast, and other leavening compounds; pean",,1,0,,,,"co-man status UNKNOWN — needs website check; 1 contact(s), no email flag; mid-market size fit",not contacted,,,
1074,3,"Alpha Baking Co., Inc.",unclassified food/bev mfr,,Chicago,Illinois,http://www.alphabaking.com,3.2359067E8,1000,Private,"Alpha Baking Co., Inc.",311812,"Alpha Baking provides premium baked goods to restaurants, food service outlets, retailers, and consumers under the S. Rosen's, Mary Ann Baking, and Natural Ovens brands. It offers fresh direct store d",,1,0,,,,"co-man status UNKNOWN — needs website check; 1 contact(s), no email flag; mid-market size fit",not contacted,,,
1075,3,"America's Catch, Inc.",unclassified food/bev mfr,,Itta Bena,Mississippi,http://www.catfish.com,2.3512796E7,375,Private,,311710,"America's Catch, Inc. is primarily engaged in preparing fresh and raw or cooked frozen fish and other seafoods and seafood preparations, such as soups, stews, chowders, fishcakes, crabcakes, and shrim",,1,0,,,,"co-man status UNKNOWN — needs website check; 1 contact(s), no email flag; mid-market size fit",not contacted,,,
1076,3,"American Blanching Company, LLC",unclassified food/bev mfr,,Fitzgerald,Georgia,http://www.8ave.com,2.6041279E7,450,Private,"Post Holdings, Inc.",311911,"American Blanching Company, Llc is primarily engaged in manufacturing prepared foods and miscellaneous food specialties, not elsewhere classified, such as baking powder, yeast, and other leavening com",,1,0,,,,"co-man status UNKNOWN — needs website check; 1 contact(s), no email flag; mid-market size fit",not contacted,,,
1077,3,"Amick Farms, LLC",unclassified food/bev mfr,,Batesburg,South Carolina,http://www.amickfarms.com,4.6112125E8,1500,Private,"OSI Industries, LLC",311615,"Amick Farms, Llc is primarily engaged in slaughtering, dressing, packing, freezing, and canning poultry, rabbits, and other small game, or in manufacturing products from such meats, for their own acco",,3,0,,,,"co-man status UNKNOWN — needs website check; 3 contact(s), no email flag; mid-market size fit",not contacted,,,
1078,3,"Aspen Enterprises, Ltd.",unclassified food/bev mfr,,San Antonio,Texas,http://www.finlays.net,2.3951281E7,112,Partnership,"Finlay Extracts & Ingredients USA, Inc.",311920,"Aspen Enterprises, Ltd. is primarily engaged in roasting coffee, and in manufacturing coffee concentrates and extracts in powdered, liquid, or frozen form, including freeze-dried.",,3,0,,,,"co-man status UNKNOWN — needs website check; 3 contact(s), no email flag; mid-market size fit",not contacted,,,
1079,3,Aspire Bakeries LLC,unclassified food/bev mfr,,Los Angeles,California,http://www.aspirebakeries.com,2.5250284E8,4000,Private,Aspire Bakeries Holdings LLC,311821,"Aspire Bakeries Llc is primarily engaged in manufacturing fresh cookies, crackers, pretzels, and similar ""dry"" bakery products.",,3,0,,,,"co-man status UNKNOWN — needs website check; 3 contact(s), no email flag; mid-market size fit",not contacted,,,
1080,3,"Bakkavor Foods USA, Inc.",unclassified food/bev mfr,,Charlotte,North Carolina,http://www.bakkavor.com,3.1382791E8,900,Private,BAKKAVOR USA LIMITED,311812,"Bakkavor Foods Usa, Inc. is primarily engaged in manufacturing fresh or frozen bread and bread-type rolls and fresh cakes, pies, pastries and other similar ""perishable"" bakery products.",,3,0,,,,"co-man status UNKNOWN — needs website check; 3 contact(s), no email flag; mid-market size fit",not contacted,,,
1081,3,"Bakkavor USA, Inc.",unclassified food/bev mfr,,Charlotte,North Carolina,http://www.bakkavor.com,2.0987612E7,192,Private,BAKKAVOR DORMANT HOLDINGS LIMITED,311412,"Bakkavor Usa, Inc. is primarily engaged in manufacturing frozen food specialties, not elsewhere classified, such as frozen dinners and frozen pizza.",,1,0,,,,"co-man status UNKNOWN — needs website check; 1 contact(s), no email flag; mid-market size fit",not contacted,,,
1082,3,Barilla America Inc.,unclassified food/bev mfr,,Northbrook,Illinois,http://www.barilla.com,1.3427748E8,450,Private,BARILLA INTERNATIONAL LIMITED,311999,"Barilla America Inc. is primarily engaged in manufacturing prepared foods and miscellaneous food specialties, not elsewhere classified, such as baking powder, yeast, and other leavening compounds; pea",,3,0,,,,"co-man status UNKNOWN — needs website check; 3 contact(s), no email flag; mid-market size fit",not contacted,,,
1083,3,"Bay Valley Foods, LLC",unclassified food/bev mfr,,De Pere,Wisconsin,http://www.bayvalleyfoods.com,4.364346E8,1000,Private,"TreeHouse Foods, Inc.",311999,"Bay Valley Foods, Llc is primarily engaged in manufacturing prepared foods and miscellaneous food specialties, not elsewhere classified, such as baking powder, yeast, and other leavening compounds; pe",,3,0,,,,"co-man status UNKNOWN — needs website check; 3 contact(s), no email flag; mid-market size fit",not contacted,,,
1084,3,Bay View Food Products Company,unclassified food/bev mfr,,Pinconning,Michigan,http://www.mrchipsforpickles.com,7.1393661E7,450,Private,Bay View Food Products Company,311421,"It's a pickle-lover's paradise.Bay View Foods is one of the nation's largest briners of pickling cucumbers. The company washes, grades, sorts, and pickles the cukes, using eitherits in-house recipe or",,1,0,,,,"co-man status UNKNOWN — needs website check; 1 contact(s), no email flag; mid-market size fit",not contacted,,,
1085,3,"Better Baked Foods, LLC",unclassified food/bev mfr,,North East,Pennsylvania,http://www.betterbaked.com,2.5662228E7,424,Private,"Schwan's NE Foods, LLC",311812,"Better Baked Foods thinks that if you're gonna have some pizza, you'd better choose its products.As a supplier to the foodservice industry, the company produces frozen, pre-baked bread products, inclu",,1,0,,,,"co-man status UNKNOWN — needs website check; 1 contact(s), no email flag; mid-market size fit",not contacted,,,
1086,3,Blue Diamond Growers,unclassified food/bev mfr,,Sacramento,California,http://www.bluediamond.com,4.0094986E8,1500,Private,Blue Diamond Growers,311999,"Almond cooperative Blue Diamond Growers is a top global player in the tree nut market. About 3,000 California almond growers belong to the cooperative, which sells almonds and almond products to food ",,1,0,,,,"co-man status UNKNOWN — needs website check; 1 contact(s), no email flag; mid-market size fit",not contacted,,,
1087,3,"Bluetriton Brands, Inc.",unclassified food/bev mfr,,Stamford,Connecticut,http://www.bluetriton.com,5.0228699E8,4817,Private,Primo Brands Corporation,312112,BlueTriton Brands (formerly known as Nestl Waters North America) offers an extensive portfolio of highly recognizable sustainably-sourced and -packaged regional spring water and other water brands inc,Jeffrey Feinberg — Principal,3,0,,,,"co-man status UNKNOWN — needs website check; 3 contact(s), no email flag; large; Northeast",not contacted,,,
1088,3,Borinquen Biscuit Corporation,unclassified food/bev mfr,,Yauco,Puerto Rico,http://www.borinquenbiscuit.com,2.3718107E7,200,Private,,311821,"Borinquen Biscuit Corporation is primarily engaged in manufacturing fresh cookies, crackers, pretzels, and similar ""dry"" bakery products.",,1,0,,,,"co-man status UNKNOWN — needs website check; 1 contact(s), no email flag; mid-market size fit",not contacted,,,
1089,3,Brill Bakery Solutions LLC,unclassified food/bev mfr,,Tucker,Georgia,,8.4549301E7,721,Private,"Rise Baking Company, LLC",311821,"A trusted brand since 1928, Brill's superior formulations for its products have been relied upon by retail bakeries and foodservice operators for almost a century. Its products include icings, glazes,",,3,0,,,,"co-man status UNKNOWN — needs website check; 3 contact(s), no email flag; mid-market size fit",not contacted,,,
1090,3,Buffalo Rock Company,unclassified food/bev mfr,,Birmingham,Alabama,http://www.buffalorock.com,3.9080347E8,2100,Private,Buffalo Rock Company,312111,"Buffalo Rock Company is one of the nation's largest single-family-owned bottlers and distributors of PepsiCo soft drinks and Dr. Pepper. The company also distributes beverages from Mountain Dew, Gator",,1,0,,,,"co-man status UNKNOWN — needs website check; 1 contact(s), no email flag; mid-market size fit",not contacted,,,
1091,3,"Butterball, LLC",unclassified food/bev mfr,,Garner,North Carolina,http://www.butterballfoodservice.com,4.5675717E8,2500,Private,Seaboard Corporation,311615,"Butterball is one of America's most iconic brands and the largest producer of turkey products in the US. Committed to being an industry leader in quality, food safety, and animal care and well-being, ",,1,0,,,,"co-man status UNKNOWN — needs website check; 1 contact(s), no email flag; mid-market size fit",not contacted,,,
1092,3,"COLLIN STREET BAKERY, LLC",unclassified food/bev mfr,,Corsicana,Texas,http://www.collinstreet.com,2.4071253E7,150,Private,,311812,"Collin Street Bakery, Llc is primarily engaged in manufacturing fresh or frozen bread and bread-type rolls and fresh cakes, pies, pastries and other similar ""perishable"" bakery products.",,1,0,,,,"co-man status UNKNOWN — needs website check; 1 contact(s), no email flag; mid-market size fit",not contacted,,,
1093,3,"CS Beef Packers, LLC",unclassified food/bev mfr,,Kuna,Idaho,http://www.csbeefpackers.com,8.6948097E7,856,Private,,311611,"Cs Beef Packers, Llc is primarily engaged in the slaughtering, for their own account or on a contract basis for the trade, of cattle, hogs, sheep, lambs, and calves for meat to be sold or to be used o",,3,0,,,,"co-man status UNKNOWN — needs website check; 3 contact(s), no email flag; mid-market size fit",not contacted,,,
1094,3,"CTI Foods Texas Beans, LLC",unclassified food/bev mfr,,Saginaw,Texas,http://www.ctifoods.com,2.5410616E7,100,Private,"CTI Foods, LLC",311612,"Cti Foods Texas Beans, Llc is primarily engaged in manufacturing sausages, cured meats, smoked meats, canned meats, frozen meats, and other prepared meats and meat specialties, from purchased carcasse",,1,0,,,,"co-man status UNKNOWN — needs website check; 1 contact(s), no email flag; mid-market size fit",not contacted,,,
1095,3,Caravan Ingredients Inc.,unclassified food/bev mfr,,Lenexa,Kansas,http://www.corbion.com,2.9720114E8,700,Private,Corbion N.V.,311999,"Caravan Ingredients Inc. is primarily engaged in manufacturing prepared foods and miscellaneous food specialties, not elsewhere classified, such as baking powder, yeast, and other leavening compounds;",,1,0,,,,"co-man status UNKNOWN — needs website check; 1 contact(s), no email flag; mid-market size fit",not contacted,,,
1096,3,"Caribbean Refrescos, Inc.",unclassified food/bev mfr,,Cidra,Puerto Rico,,1.011193E8,510,Private,The Coca-Cola Company,311930,"Caribbean Refrescos, Inc. is primarily engaged in manufacturing flavoring extracts, syrups, powders, and related products, not elsewhere classified, for soda fountain use or for the manufacture of sof",,2,0,,,,"co-man status UNKNOWN — needs website check; 2 contact(s), no email flag; mid-market size fit",not contacted,,,
1097,3,"Chateau Elan Resorts, LLC",unclassified food/bev mfr,,Braselton,Georgia,http://www.chateauelan.com,2.3909863E7,500,Private,"FOUNTAINHEAD DEVELOPMENT, LLC",312130,"Chteau lan Resorts owns and operates a unique luxury hotel and resort. The upscale resort is located in Braselton, Georgia (30 minutes north of Atlanta) The grounds are home to luxury accommodations a",,1,0,,,,"co-man status UNKNOWN — needs website check; 1 contact(s), no email flag; mid-market size fit",not contacted,,,
1098,3,Cher-Make Sausage Co.,unclassified food/bev mfr,,Manitowoc,Wisconsin,http://www.cher-make.com,2.6050741E7,130,Private,"Lakeside Foods, Inc.",311612,"Cher-Make Sausage Co. is primarily engaged in manufacturing sausages, cured meats, smoked meats, canned meats, frozen meats, and other prepared meats and meat specialties, from purchased carcasses and",,3,0,,,,"co-man status UNKNOWN — needs website check; 3 contact(s), no email flag; mid-market size fit",not contacted,,,
1099,3,Coast Packing Company,unclassified food/bev mfr,,Vernon,California,http://www.coastpacking.com,2.114806E7,60,Private,,311225,"Coast Packing Company is primarily engaged in manufacturing shortening, table oils, margarine, and other edible fats and oils, not elsewhere classified.",,1,0,,,,"co-man status UNKNOWN — needs website check; 1 contact(s), no email flag; mid-market size fit",not contacted,,,
1100,3,"Conagra Grocery Products Company, LLC",unclassified food/bev mfr,,Omaha,Nebraska,,2.4014528E7,484,Private,"Conagra Brands, Inc.",311421,"Conagra Grocery Products Company, Llc is primarily engaged in canning fruits, vegetables, and fruit and vegetable juices; and in manufacturing catsup and similar tomato sauces, or natural and imitatio",,1,0,,,,"co-man status UNKNOWN — needs website check; 1 contact(s), no email flag; mid-market size fit",not contacted,,,
1101,3,"Corfu - Tasty Gyros, Inc.",unclassified food/bev mfr,,Bensenville,Illinois,http://www.corfufoods.com,2.110614E7,80,Private,"Corfu - Tasty Gyros, Inc.",311612,"Corfu - Tasty Gyros, Inc. is primarily engaged in manufacturing sausages, cured meats, smoked meats, canned meats, frozen meats, and other prepared meats and meat specialties, from purchased carcasses",,1,0,,,,"co-man status UNKNOWN — needs website check; 1 contact(s), no email flag; mid-market size fit",not contacted,,,
1102,3,Creekstone Farms Premium Beef LLC,unclassified food/bev mfr,,Arkansas City,Kansas,http://www.creekstonefarms.com,9.4704079E7,700,Private,MARUBENI CORPORATION,311611,"Creekstone Farms Premium Beef Llc is primarily engaged in the slaughtering, for their own account or on a contract basis for the trade, of cattle, hogs, sheep, lambs, and calves for meat to be sold or",,3,0,,,,"co-man status UNKNOWN — needs website check; 3 contact(s), no email flag; mid-market size fit",not contacted,,,
1103,3,"Crest Foods Co., Inc.",unclassified food/bev mfr,,Ashton,Illinois,http://www.crestfoods.com,5.6825386E7,546,Private,"Crest Foods Co., Inc.",311514,"Crest Foods Co., Inc. is primarily engaged in manufacturing dry, condensed, and evaporated dairy products. This also includes manufacturing mixes for the preparation of frozen ice cream and ice milk a",,1,0,,,,"co-man status UNKNOWN — needs website check; 1 contact(s), no email flag; mid-market size fit",not contacted,,,
1104,3,"Crown Bakeries, LLC",unclassified food/bev mfr,,Brentwood,Tennessee,http://www.crownbakeries.com,2.1489061E8,180,Private,"Crown Bakeries, LLC",445291,"Crown Bakeries, Llc is primarily engaged in the retail sale of bakery products. The products may be purchased from others or made on the premises.",,1,0,,,,"co-man status UNKNOWN — needs website check; 1 contact(s), no email flag; mid-market size fit",not contacted,,,
1105,3,Crystal Geyser Water Company,unclassified food/bev mfr,,Calistoga,California,http://www.crystalgeyserwatercompany.com,2.9856987E7,188,Private,"OTSUKA PHARMACEUTICAL CO., LTD.",312112,Crystal Geyser Water Company is primarily engaged in manufacturing soft drinks and carbonated waters.,,1,0,,,,"co-man status UNKNOWN — needs website check; 1 contact(s), no email flag; mid-market size fit",not contacted,,,
1106,3,"Darigold, Inc.",unclassified food/bev mfr,,Seattle,Washington,http://www.darigold.com,9.3269568E8,1240,Private,Northwest Dairy Association,311511,"Darigold, Inc. is the marketing and processing subsidiary of the Northwest Dairy Association (NDA), which is owned by nearly 300 family-owned farms in Washington, Oregon, Idaho, and Montana. As part o",,1,0,,,,"co-man status UNKNOWN — needs website check; 1 contact(s), no email flag; mid-market size fit",not contacted,,,
1107,3,"Derst Baking Company, LLC",unclassified food/bev mfr,,Savannah,Georgia,http://www.flowersfoods.com,2.8134371E7,508,Private,"Flowers Foods, Inc.",311812,"Derst Baking Company, Llc is primarily engaged in manufacturing fresh or frozen bread and bread-type rolls and fresh cakes, pies, pastries and other similar ""perishable"" bakery products.",,1,0,,,,"co-man status UNKNOWN — needs website check; 1 contact(s), no email flag; mid-market size fit",not contacted,,,
1108,3,"Dutch-american Foods, Inc.",unclassified food/bev mfr,,Beecher,Illinois,http://www.dutchamericanfoods.com,2.7739729E7,100,Private,"Dutch-american Foods, Inc.",311824,"Dutch-American Foods, Inc. is primarily engaged in preparing flour mixes or doughs from purchased flour.",,1,0,,,,"co-man status UNKNOWN — needs website check; 1 contact(s), no email flag; mid-market size fit",not contacted,,,
1109,3,Eckert Cold Storage Company,unclassified food/bev mfr,,Escalon,California,http://www.eckertcs.com,4.9229801E7,600,Private,Eckert Cold Storage Company,311411,"Eckert Cold Storage Company is primarily engaged in freezing fruits, fruit juices, and vegetables. These establishments also produce important byproducts such as fresh or dried citrus pulp.",,1,0,,,,"co-man status UNKNOWN — needs website check; 1 contact(s), no email flag; mid-market size fit",not contacted,,,
1110,3,"Empacadora Y Procesadora Del Sur, Inc.",unclassified food/bev mfr,,Coamo,Puerto Rico,,2.3371246E7,100,Private,,311612,"Empacadora Y Procesadora Del Sur, Inc. is primarily engaged in manufacturing sausages, cured meats, smoked meats, canned meats, frozen meats, and other prepared meats and meat specialties, from purcha",,1,0,,,,"co-man status UNKNOWN — needs website check; 1 contact(s), no email flag; mid-market size fit",not contacted,,,
1111,3,Equity Group - Georgia Division LLC,unclassified food/bev mfr,,Camilla,Georgia,,2.3708387E7,2900,Private,"Tyson Foods, Inc.",311615,"Equity Group - Georgia Division Llc is primarily engaged in slaughtering, dressing, packing, freezing, and canning poultry, rabbits, and other small game, or in manufacturing products from such meats,",,3,0,,,,"co-man status UNKNOWN — needs website check; 3 contact(s), no email flag; mid-market size fit",not contacted,,,
1112,3,"Farmers Pride, Inc.",unclassified food/bev mfr,,Fredericksburg,Pennsylvania,http://www.bellandevans.com,1.77405E8,1050,Private,"SECHLER FAMILY FOODS, INC.",311615,"Why did the chicken cross the road? Answer: To become part of the portfolio of poultry products offered by Farmer's Pride. Doing business as Bell & Evans, the company produces fresh, organic chicken a",,3,0,,,,"co-man status UNKNOWN — needs website check; 3 contact(s), no email flag; mid-market size fit",not contacted,,,
1113,3,Farmers Union Marketing & Processing Association,unclassified food/bev mfr,,Redwood Falls,Minnesota,http://www.fuillc.com,2.0860661E7,500,Nonprofit,"Farmers Union Industries, LLC",311119,"Farmers Union Marketing & Processing Association is primarily engaged in manufacturing prepared feeds and feed ingredients and adjuncts for animals and fowls, except dogs and cats. Included in this in",,1,0,,,,"co-man status UNKNOWN — needs website check; 1 contact(s), no email flag; mid-market size fit",not contacted,,,
1114,3,"Flavor Producers, LLC",unclassified food/bev mfr,,West Hills,California,http://www.flavorproducers.com,6.569246699999999E7,200,Private,"Flavor Producers, LLC",311930,"Flavor Producers, Llc is primarily engaged in manufacturing flavoring extracts, syrups, powders, and related products, not elsewhere classified, for soda fountain use or for the manufacture of soft dr",,1,0,,,,"co-man status UNKNOWN — needs website check; 1 contact(s), no email flag; mid-market size fit",not contacted,,,
1115,3,"Flowers Bakery Of London, LLC",unclassified food/bev mfr,,London,Kentucky,,2.5592644E7,99,Private,"Flowers Foods, Inc.",311812,"Flowers Bakery Of London, Llc is primarily engaged in manufacturing fresh or frozen bread and bread-type rolls and fresh cakes, pies, pastries and other similar ""perishable"" bakery products.",,1,0,,,,"co-man status UNKNOWN — needs website check; 1 contact(s), no email flag; mid-market size fit",not contacted,,,
1116,3,"Fullfillment Systems, Inc.",unclassified food/bev mfr,,Sunnyvale,California,http://www.newyorkstylesausage.com,2.3597326E7,300,Private,"Fullfillment Systems, Inc.",311612,"Fullfillment Systems, Inc. is primarily engaged in manufacturing sausages, cured meats, smoked meats, canned meats, frozen meats, and other prepared meats and meat specialties, from purchased carcasse",,1,0,,,,"co-man status UNKNOWN — needs website check; 1 contact(s), no email flag; mid-market size fit",not contacted,,,
1117,3,"GH Foods CA, LLC",unclassified food/bev mfr,,Sacramento,California,,4.6947964E7,350,Private,"Renaissance Food Group, LLC",311991,"Gh Foods Ca, Llc is primarily engaged in manufacturing prepared foods and miscellaneous food specialties, not elsewhere classified, such as baking powder, yeast, and other leavening compounds; peanut ",,1,0,,,,"co-man status UNKNOWN — needs website check; 1 contact(s), no email flag; mid-market size fit",not contacted,,,
1118,3,"Gerber Poultry, LLC",unclassified food/bev mfr,,Kidron,Ohio,http://www.gerbers.com,3.5932575E7,500,Private,"Crystal Valley Farms, LLC",311615,"Gerber Poultry, Llc is primarily engaged in slaughtering, dressing, packing, freezing, and canning poultry, rabbits, and other small game, or in manufacturing products from such meats, for their own a",,1,0,,,,"co-man status UNKNOWN — needs website check; 1 contact(s), no email flag; mid-market size fit",not contacted,,,
1119,3,"Grain Craft Corn, LLC",unclassified food/bev mfr,,Chattanooga,Tennessee,http://www.bunge.com,1.2248602E8,596,Private,"Grain Craft, LLC",311211,"Talk about America's breadbasket. Bunge Milling is definitely in the running as a contender for the title and then some. The company is the largest dry corn miller in the world. It processes wheat, co",,3,0,,,,"co-man status UNKNOWN — needs website check; 3 contact(s), no email flag; mid-market size fit",not contacted,,,
1120,3,"Grain Millers, Inc.",unclassified food/bev mfr,,Eden Prairie,Minnesota,http://www.grainmillers.com,1.0599037E8,671,Private,"Grain Millers, Inc.",311211,"Grain Millers, Inc. is primarily engaged in milling flour or meal from grain, except rice. The products of flour mills may be sold plain or in the form of prepared mixes or doughs for specific purpose",,3,0,,,,"co-man status UNKNOWN — needs website check; 3 contact(s), no email flag; mid-market size fit",not contacted,,,
1121,3,"Great American Snacks, Inc.",unclassified food/bev mfr,,Nampa,Idaho,http://www.appetizer.com,3.4177197E7,700,Private,McCain Foods Limited,311412,"Great American Snacks, Inc. is primarily engaged in manufacturing frozen food specialties, not elsewhere classified, such as frozen dinners and frozen pizza.",,3,0,,,,"co-man status UNKNOWN — needs website check; 3 contact(s), no email flag; mid-market size fit",not contacted,,,
1122,3,"Haliburton International Foods, Inc.",unclassified food/bev mfr,,Ontario,California,http://www.haliburton.net,1.0E8,250,Private,"Haliburton International Foods, Inc.",311999,"Haliburton International Foods, Inc. is primarily engaged in manufacturing prepared foods and miscellaneous food specialties, not elsewhere classified, such as baking powder, yeast, and other leavenin",,1,0,,,,"co-man status UNKNOWN — needs website check; 1 contact(s), no email flag; mid-market size fit",not contacted,,,
1123,3,"Heartland Pet Foods Manufacturing, Inc.",unclassified food/bev mfr,,Joplin,Missouri,,2.837702E7,150,Private,"Blue Buffalo Company, Ltd.",311119,"Heartland Pet Foods Manufacturing, Inc. is primarily engaged in manufacturing prepared feeds and feed ingredients and adjuncts for animals and fowls, except dogs and cats. Included in this industry ar",,2,0,,,,"co-man status UNKNOWN — needs website check; 2 contact(s), no email flag; mid-market size fit",not contacted,,,
1124,3,"Hill & Valley, Inc.",unclassified food/bev mfr,,Rock Island,Illinois,http://www.hillandvalley.net,2.6786247E7,175,Private,J&J Snack Foods Corp.,311813,"Hill & Valley, Inc. is primarily engaged in manufacturing frozen bakery products, except bread and bread-type rolls.",,1,0,,,,"co-man status UNKNOWN — needs website check; 1 contact(s), no email flag; mid-market size fit",not contacted,,,
1125,3,"Holsum Bakery, Inc.",unclassified food/bev mfr,,Phoenix,Arizona,http://holsum-natures-own.edan.io,2.339539E7,580,Private,"Flowers Foods, Inc.",311812,"Holsum Bakery, Inc. is primarily engaged in manufacturing fresh or frozen bread and bread-type rolls and fresh cakes, pies, pastries and other similar ""perishable"" bakery products.",,1,0,,,,"co-man status UNKNOWN — needs website check; 1 contact(s), no email flag; mid-market size fit",not contacted,,,
1126,3,"JBS USA, LLC",unclassified food/bev mfr,,Greeley,Colorado,http://www.jbsfoodsgroup.com,1.2546133E8,2585,Private,JBS S/A,311999,"Jbs Usa, Llc is primarily engaged in manufacturing prepared foods and miscellaneous food specialties, not elsewhere classified, such as baking powder, yeast, and other leavening compounds; peanut butt",,3,0,,,,"co-man status UNKNOWN — needs website check; 3 contact(s), no email flag; mid-market size fit",not contacted,,,
1127,3,"Jennie-O Turkey Store, Inc.",unclassified food/bev mfr,,Willmar,Minnesota,http://www.willmarareachamber.com,4.8806845E8,7000,Private,Hormel Foods Corporation,311615,"Jennie-O Turkey is one of the largest and most beloved turkey brands in the world. A Hormel subsidiary since 1986, the company provides a full portfolio of delicious, nutritious turkey proteins and in",,3,0,,,,"co-man status UNKNOWN — needs website check; 3 contact(s), no email flag; mid-market size fit",not contacted,,,
1128,3,"John Soules Foods, Inc.",unclassified food/bev mfr,,Tyler,Texas,http://www.johnsoulesfoods.com,2.6532654000000003E8,1225,Private,"John Soules Foods, Inc.",311612,"John Soules Foods, Inc. is primarily engaged in manufacturing sausages, cured meats, smoked meats, canned meats, frozen meats, and other prepared meats and meat specialties, from purchased carcasses a",,3,0,,,,"co-man status UNKNOWN — needs website check; 3 contact(s), no email flag; mid-market size fit",not contacted,,,
1129,3,KING & PRINCE SEAFOOD CORPORATION,unclassified food/bev mfr,,Brunswick,Georgia,http://www.kpseafood.com,9.483651E7,538,Private,"Nissui USA, Inc.",311710,"King & Prince Seafood Corporation is primarily engaged in preparing fresh and raw or cooked frozen fish and other seafoods and seafood preparations, such as soups, stews, chowders, fishcakes, crabcake",,1,0,,,,"co-man status UNKNOWN — needs website check; 1 contact(s), no email flag; mid-market size fit",not contacted,,,
1130,3,Kemps LLC,unclassified food/bev mfr,,St Louis Park,Minnesota,http://www.kemps.com,4.8821457E8,1060,Private,"Dairy Farmers of America, Inc.",311511,"Kemps and cows cooperate. The company, founded in 1914,produces all kinds of cow-derived productssuch asfluid, cultured, and frozen dairy items for retail sale in the Upper Midwestern, New England, Mi",,1,0,,,,"co-man status UNKNOWN — needs website check; 1 contact(s), no email flag; mid-market size fit",not contacted,,,
1131,3,Kerry Stock & Broth Company Inc.,unclassified food/bev mfr,,Harrisonburg,Virginia,http://www.ariake.com,4.0075054E7,60,Private,Kerry Holding Co.,311615,"Kerry Stock & Broth Company Inc. is primarily engaged in slaughtering, dressing, packing, freezing, and canning poultry, rabbits, and other small game, or in manufacturing products from such meats, fo",,3,0,,,,"co-man status UNKNOWN — needs website check; 3 contact(s), no email flag; mid-market size fit",not contacted,,,
1132,3,Keystone Foods LLC,unclassified food/bev mfr,,West Chester,Pennsylvania,http://www.emerilairfryer360.com,4.3275424E8,11000,Private,"Tyson Foods, Inc.",311612,"Keystone Foods LLC, a wholly-owned subsidiary of Tyson Foods, is a global food services company specializing in fresh and frozen animal protein products, including poultry, beef, fish, and pork. With ",,1,0,,,,"co-man status UNKNOWN — needs website check; 1 contact(s), no email flag; mid-market size fit",not contacted,,,
1133,3,Koch Foods of Mississippi LLC,unclassified food/bev mfr,,Pearl,Mississippi,,4.6212228E8,3534,Private,Koch Foods Incorporated,311615,"Koch Foods Of Mississippi Llc is primarily engaged in slaughtering, dressing, packing, freezing, and canning poultry, rabbits, and other small game, or in manufacturing products from such meats, for t",,3,0,,,,"co-man status UNKNOWN — needs website check; 3 contact(s), no email flag; mid-market size fit",not contacted,,,
1134,3,Kraft Heinz Foods Company,unclassified food/bev mfr,,Pittsburgh,Pennsylvania,http://www.kraftheinz.com,6.3516663E8,24500,Private,The Kraft Heinz Company,311513,"Kraft Heinz Foods Company (formerly known as H. J. Heinz Company) is one of the world's largest food companies that makes ketchup and other condiments, soups, sauces, frozen foods, beans, pasta meals,",,3,3,,,,co-man status UNKNOWN — needs website check; 3 email(s) in Hoovers; large,not contacted,,,
1135,3,"Lactalis Heritage Dairy, Inc.",unclassified food/bev mfr,,Chicago,Illinois,http://www.lactalisheritagedairy.com,1.2476012E8,750,Private,GROUPE LACTALIS,311513,"Lactalis Heritage Dairy, Inc. is primarily engaged in manufacturing natural cheese (except cottage cheese), processed cheese, cheese foods, cheese spreads, and cheese analogs (imitations and substitut",,3,0,,,,"co-man status UNKNOWN — needs website check; 3 contact(s), no email flag; mid-market size fit",not contacted,,,
1136,3,Leclerc Foods Tennessee LLC,unclassified food/bev mfr,,Kingsport,Tennessee,http://www.leclercfoods.com,3.6584106E7,900,Private,"Leclerc Foods USA, Inc.",311821,"Leclerc Foods Tennessee Llc is primarily engaged in manufacturing fresh cookies, crackers, pretzels, and similar ""dry"" bakery products.",,3,0,,,,"co-man status UNKNOWN — needs website check; 3 contact(s), no email flag; mid-market size fit",not contacted,,,
1137,3,"Leclerc Foods USA, Inc.",unclassified food/bev mfr,,Montgomery,Pennsylvania,http://www.leclercfoods.com,1.065385E8,1035,Private,Biscuits Leclerc Ltée,311919,"Leclerc Foods Usa, Inc. is primarily engaged in manufacturing fresh cookies, crackers, pretzels, and similar ""dry"" bakery products.",,3,0,,,,"co-man status UNKNOWN — needs website check; 3 contact(s), no email flag; mid-market size fit",not contacted,,,
1138,3,"Link Snacks, Inc.",unclassified food/bev mfr,,Minong,Wisconsin,http://www.jacklinks.com,2.7045429E7,2775,Private,"JLBJ Holdings, Inc.",311612,"Link Snacks which does business as Jack Link's Protein Snacks, is a worldwide leader in the snacking industry and the top meat snack brand in the United States. The company is family-owned and has a s",,1,0,,,,"co-man status UNKNOWN — needs website check; 1 contact(s), no email flag; mid-market size fit",not contacted,,,
1139,3,"Lower Foods, Inc.",unclassified food/bev mfr,,Richmond,Utah,http://www.lowerfamilyfoods.com,2.6130184E7,99,Private,,311612,"Lower Foods, Inc. is primarily engaged in manufacturing sausages, cured meats, smoked meats, canned meats, frozen meats, and other prepared meats and meat specialties, from purchased carcasses and oth",,1,0,,,,"co-man status UNKNOWN — needs website check; 1 contact(s), no email flag; mid-market size fit",not contacted,,,
1140,3,Marathon Cheese Corporation,unclassified food/bev mfr,,Marathon,Wisconsin,http://www.mcheese.com,2.5684265E8,2000,Private,Marathon Cheese Corporation,311513,"Marathon Cheese is a leading independent packaged cheese manufacturer with four production facilities in Wisconsin, Idaho, and Mississippi. It produces a wide variety of cheeses for third-party custom",,1,0,,,,"co-man status UNKNOWN — needs website check; 1 contact(s), no email flag; mid-market size fit",not contacted,,,
1141,3,"Mars Food US, LLC",unclassified food/bev mfr,,Rancho Dominguez,California,,9.8231667E7,616,Private,"Mars, Incorporated",311999,"Mars Food Us, Llc is primarily engaged in manufacturing prepared foods and miscellaneous food specialties, not elsewhere classified, such as baking powder, yeast, and other leavening compounds; peanut",,1,0,,,,"co-man status UNKNOWN — needs website check; 1 contact(s), no email flag; mid-market size fit",not contacted,,,
1142,3,"Maruchan, Inc.",unclassified food/bev mfr,,Irvine,California,http://www.maruchan.com,2.4305833E8,600,Private,"TOYO SUISAN KAISHA, LTD.",311999,"Maruchan, Inc. is primarily engaged in manufacturing prepared foods and miscellaneous food specialties, not elsewhere classified, such as baking powder, yeast, and other leavening compounds; peanut bu",,3,0,,,,"co-man status UNKNOWN — needs website check; 3 contact(s), no email flag; mid-market size fit",not contacted,,,
1143,3,"Mc Ilhenny's, E Son Corporation",unclassified food/bev mfr,,Avery Island,Louisiana,http://www.tabasco.com,2.2110535E7,205,Private,"Mc Ilhenny's, E Son Corporation",311941,"Mc Ilhenny's, E Son Corporation is primarily engaged in pickling and brining fruits and vegetables, and in manufacturing salad dressings, vegetable relishes, sauces, and seasonings.",,1,0,,,,"co-man status UNKNOWN — needs website check; 1 contact(s), no email flag; mid-market size fit",not contacted,,,
1144,3,"McEntire Produce, Inc.",unclassified food/bev mfr,,Columbia,South Carolina,http://www.freshexpress.com,2.2136971E7,400,Private,Fresh Express Incorporated,311411,"Mcentire Produce, Inc. is primarily engaged in freezing fruits, fruit juices, and vegetables. These establishments also produce important byproducts such as fresh or dried citrus pulp.",,1,0,,,,"co-man status UNKNOWN — needs website check; 1 contact(s), no email flag; mid-market size fit",not contacted,,,
1145,3,"Mccall Farms, Inc.",unclassified food/bev mfr,,Effingham,South Carolina,http://www.mccallfarms.com,1.1130364E8,1000,Private,"Mccall Farms, Inc.",311421,"McCall Farms, Inc. is a family-owned and operated company based in Effingham, South Carolina, and a leading producer of canned and frozen Southern-style vegetables. The company markets its products ac",,3,0,,,,"co-man status UNKNOWN — needs website check; 3 contact(s), no email flag; mid-market size fit",not contacted,,,
1146,3,"Mead Johnson & Company, LLC",unclassified food/bev mfr,,Evansville,Indiana,http://www.meadjohnson.com,4.6072629E8,650,Private,Mead Johnson Nutrition Company,311999,"Mead Johnson & Company, Llc is primarily engaged in manufacturing prepared foods and miscellaneous food specialties, not elsewhere classified, such as baking powder, yeast, and other leavening compoun",,3,0,,,,"co-man status UNKNOWN — needs website check; 3 contact(s), no email flag; mid-market size fit",not contacted,,,
1147,3,"Melitta North America, Inc.",unclassified food/bev mfr,,Clearwater,Florida,http://www.melitta.com,9.3160362E7,350,Private,Melitta Group Management GmbH & Co. KG,311920,"Melitta North America, Inc. is primarily engaged in roasting coffee, and in manufacturing coffee concentrates and extracts in powdered, liquid, or frozen form, including freeze-dried.",,2,0,,,,"co-man status UNKNOWN — needs website check; 2 contact(s), no email flag; mid-market size fit",not contacted,,,
1148,3,Michigan Sugar Company,unclassified food/bev mfr,,Bay City,Michigan,http://www.michigansugar.com,1.8946922E8,930,Private,Michigan Sugar Company,311313,"Michigan Sugar is the largest beet-sugar processor east of the Mississippi and one of the llargest in the US. The agricultural cooperative is owned by more than 1,000 beet-sugar farmers who in 2002 pu",,3,0,,,,"co-man status UNKNOWN — needs website check; 3 contact(s), no email flag; mid-market size fit",not contacted,,,
1149,3,Mott's LLP,unclassified food/bev mfr,,Frisco,Texas,http://www.motts.com,9.2437675E7,1000,Private,Keurig Dr Pepper Inc.,311421,"Mott's puts the squeeze on its fruit and vegetable juice rivals. The company is the #1 producer of branded applesauce and apple juice in the US. Mott's products, which are available in family-sized an",,1,0,,,,"co-man status UNKNOWN — needs website check; 1 contact(s), no email flag; mid-market size fit",not contacted,,,
1150,3,"Nebraska Beef, Ltd.",unclassified food/bev mfr,,Omaha,Nebraska,http://www.nbeef.com,2.5431467E7,900,Partnership,"Nebraska Beef, Ltd.",311611,"Nebraska Beef, Ltd. is primarily engaged in the slaughtering, for their own account or on a contract basis for the trade, of cattle, hogs, sheep, lambs, and calves for meat to be sold or to be used on",,3,0,,,,"co-man status UNKNOWN — needs website check; 3 contact(s), no email flag; mid-market size fit",not contacted,,,
1151,3,Nestle Prepared Foods Company,unclassified food/bev mfr,,Solon,Ohio,http://www.nestle.com,4.7951135E8,7000,Private,The Stouffer Corporation,311412,"Nestle Prepared Foods Company is primarily engaged in manufacturing frozen food specialties, not elsewhere classified, such as frozen dinners and frozen pizza.",,3,0,,,,"co-man status UNKNOWN — needs website check; 3 contact(s), no email flag; mid-market size fit",not contacted,,,
1152,3,"Northwest Confections, LLC",unclassified food/bev mfr,,Clackamas,Oregon,,2.5580214E7,58,Private,"Northwest Commonwealth, LLC",311340,"Northwest Confections, Llc is primarily engaged in manufacturing candy, including chocolate candy, other confections, and related products.",,3,0,,,,"co-man status UNKNOWN — needs website check; 3 contact(s), no email flag; mid-market size fit",not contacted,,,
1153,3,"Novus Foods Buena Park, LLC",unclassified food/bev mfr,,Buena Park,California,http://www.simplyff.com,2.8991491E7,160,Private,Novus Foods. LLC,311710,"Novus Foods Buena Park, Llc is primarily engaged in preparing fresh and raw or cooked frozen fish and other seafoods and seafood preparations, such as soups, stews, chowders, fishcakes, crabcakes, and",,3,0,,,,"co-man status UNKNOWN — needs website check; 3 contact(s), no email flag; mid-market size fit",not contacted,,,
1154,3,"O. K. Foods, Inc.",unclassified food/bev mfr,,Fort Smith,Arkansas,http://www.okfoods.com,4.9238071E8,3600,Private,"Industrias Bachoco, S.A.B. de C.V.",311615,"O. K. Foods, Inc. is primarily engaged in slaughtering, dressing, packing, freezing, and canning poultry, rabbits, and other small game, or in manufacturing products from such meats, for their own acc",,3,0,,,,"co-man status UNKNOWN — needs website check; 3 contact(s), no email flag; mid-market size fit",not contacted,,,
1155,3,"Old Dutch Foods, Inc.",unclassified food/bev mfr,,Roseville,Minnesota,http://www.olddutchfoods.com,6.324152E7,500,Private,"Old Dutch Foods, Inc.",311919,"You don't need to be an old Dutchman (or Dutchwoman) to enjoy this company's products. You just have to enjoy crunching and munching. Old Dutch Foods makes salty snack foods, such as potato chips, pop",,1,0,,,,"co-man status UNKNOWN — needs website check; 1 contact(s), no email flag; mid-market size fit",not contacted,,,
1156,3,Ornua (Whitehall) Ingredients Inc.,unclassified food/bev mfr,,Whitehall,Wisconsin,http://www.ornuaingredientsnorthamerica.com,7.3957848E7,474,Private,ORNUA LIMITED,311513,"Ornua (Whitehall) Ingredients Inc. is primarily engaged in manufacturing natural cheese (except cottage cheese), processed cheese, cheese foods, cheese spreads, and cheese analogs (imitations and subs",,1,0,,,,"co-man status UNKNOWN — needs website check; 1 contact(s), no email flag; mid-market size fit",not contacted,,,
1157,3,Pepsi-Cola Bottling Company Of Tampa,unclassified food/bev mfr,,Tampa,Florida,http://www.pepsico.com,1.1627077E8,2000,Private,"Pepsi-Cola Metropolitan Bottling Company, Inc.",312111,Pepsi-Cola Bottling Company Of Tampa is primarily engaged in manufacturing soft drinks and carbonated waters.,,3,0,,,,"co-man status UNKNOWN — needs website check; 3 contact(s), no email flag; mid-market size fit",not contacted,,,
1158,3,"Pepsi-Cola Puerto Rico Distributing, LLC",unclassified food/bev mfr,,TOA Baja,Puerto Rico,http://www.puertoricoindex.com,7.6972694E7,726,Private,"Pepsi-Cola Metropolitan Bottling Company, Inc.",312111,"Pepsi-Cola Puerto Rico Distributing, Llc is primarily engaged in manufacturing soft drinks and carbonated waters.",,1,0,,,,"co-man status UNKNOWN — needs website check; 1 contact(s), no email flag; mid-market size fit",not contacted,,,
1159,3,"Pepsi-cola Bottling Company Of Ft. Lauderdale-palm Beach, LLC",unclassified food/bev mfr,,Riviera Beach,Florida,http://www.pepsico.com,3.0333044E7,52,Private,"PepsiCo, Inc.",312111,"Pepsi-Cola Bottling Company Of Ft. Lauderdale-Palm Beach, Llc is primarily engaged in manufacturing soft drinks and carbonated waters.",,3,0,,,,"co-man status UNKNOWN — needs website check; 3 contact(s), no email flag; mid-market size fit",not contacted,,,
1160,3,Primary Products Ingredients Americas LLC,unclassified food/bev mfr,,Schaumburg,Illinois,http://www.tateandlyle.com,5.0196371E8,2098,Private,Primary Products Investments LLC,311221,"Tate & Lyle Ingredients Americas, the US subsidiary of UK ingredient giant Tate & Lyle, is one of a handful of producers that make high-fructose corn syrup -- the liquid sweetener used by virtually al",,3,3,,,,co-man status UNKNOWN — needs website check; 3 email(s) in Hoovers; large,not contacted,,,
1161,3,Pringles Manufacturing Company,unclassified food/bev mfr,,Jackson,Tennessee,,4.782188E7,385,Private,Kellanova,311919,"Pringles Manufacturing Company is primarily engaged in manufacturing potato chips, corn chips, and similar snacks.",,1,0,,,,"co-man status UNKNOWN — needs website check; 1 contact(s), no email flag; mid-market size fit",not contacted,,,
1162,3,"QUIK''N TASTY FOODS, INC.",unclassified food/bev mfr,,Belton,Missouri,,2.6356415E7,165,Private,QUIKTRIP CORPORATION,311999,"Quik''n Tasty Foods, Inc. is primarily engaged in manufacturing prepared foods and miscellaneous food specialties, not elsewhere classified, such as baking powder, yeast, and other leavening compounds",,1,0,,,,"co-man status UNKNOWN — needs website check; 1 contact(s), no email flag; mid-market size fit",not contacted,,,
1163,3,"Quali Tech, Inc.",unclassified food/bev mfr,,Chaska,Minnesota,http://www.qualitechco.com,9.9440292E7,225,Private,"MidOcean US Advisor, L.P.",311119,"Quali Tech, Inc. is primarily engaged in manufacturing prepared feeds and feed ingredients and adjuncts for animals and fowls, except dogs and cats. Included in this industry are poultry and livestock",,1,0,,,,"co-man status UNKNOWN — needs website check; 1 contact(s), no email flag; mid-market size fit",not contacted,,,
1164,3,"RMH Foods, LLC",unclassified food/bev mfr,,Morton,Illinois,http://www.rmhfoods.com,2.1660606E7,96,Private,Sandridge Food Corporation,311612,"Rmh Foods, Llc is primarily engaged in manufacturing sausages, cured meats, smoked meats, canned meats, frozen meats, and other prepared meats and meat specialties, from purchased carcasses and other ",,1,0,,,,"co-man status UNKNOWN — needs website check; 1 contact(s), no email flag; mid-market size fit",not contacted,,,
1165,3,"Ralcorp Frozen Bakery Products, Inc.",unclassified food/bev mfr,,Oak Brook,Illinois,http://www.treehousefoods.com,2.9896311E7,3000,Private,"TreeHouse Foods, Inc.",311813,"Ralcorp Frozen Bakery Products, Inc. is primarily engaged in manufacturing frozen bakery products, except bread and bread-type rolls.",,1,0,,,,"co-man status UNKNOWN — needs website check; 1 contact(s), no email flag; mid-market size fit",not contacted,,,
1166,3,"Rand Coca-cola Beverages, Inc.",unclassified food/bev mfr,,Durham,North Carolina,http://www.randccb.com,2.521439E7,500,Private,"Rand Coca-cola Beverages, Inc.",312111,"Rand Coca-Cola Beverages, Inc. is primarily engaged in manufacturing soft drinks and carbonated waters.",,1,0,,,,"co-man status UNKNOWN — needs website check; 1 contact(s), no email flag; mid-market size fit",not contacted,,,
1167,3,"Ready Foods, Inc.",unclassified food/bev mfr,,Denver,Colorado,http://www.readyfoods.biz,4.6367859E7,271,Private,"Ready Foods, Inc.",311991,"Ready Foods, Inc. is primarily engaged in manufacturing prepared foods and miscellaneous food specialties, not elsewhere classified, such as baking powder, yeast, and other leavening compounds; peanut",,1,0,,,,"co-man status UNKNOWN — needs website check; 1 contact(s), no email flag; mid-market size fit",not contacted,,,
1168,3,"Rhodes International, Inc.",unclassified food/bev mfr,,South Jordan,Utah,http://www.rhodesbakenserv.com,4.5112503E7,250,Private,"Rhodes International, Inc.",311813,"Rhodes International, Inc. is primarily engaged in manufacturing frozen bakery products, except bread and bread-type rolls.",,1,0,,,,"co-man status UNKNOWN — needs website check; 1 contact(s), no email flag; mid-market size fit",not contacted,,,
1169,3,Ridley USA Inc.,unclassified food/bev mfr,,Mankato,Minnesota,http://www.ridleyfeedingredients.com,2.4633931E8,600,Private,"Alltech, Inc.",311119,"Ridley Usa Inc. is primarily engaged in manufacturing prepared feeds and feed ingredients and adjuncts for animals and fowls, except dogs and cats. Included in this industry are poultry and livestock ",,1,0,,,,"co-man status UNKNOWN — needs website check; 1 contact(s), no email flag; mid-market size fit",not contacted,,,
1170,3,"Rizo-Lopez Foods, Inc.",unclassified food/bev mfr,,Modesto,California,http://www.tiofranciscocheese.com,3.3227992999999996E7,313,Private,"Rizo-Lopez Foods, Inc.",311513,"Rizo-Lopez Foods, Inc. is primarily engaged in manufacturing natural cheese (except cottage cheese), processed cheese, cheese foods, cheese spreads, and cheese analogs (imitations and substitutes). Th",,3,0,,,,"co-man status UNKNOWN — needs website check; 3 contact(s), no email flag; mid-market size fit",not contacted,,,
1171,3,"Ruiz Food Products, Inc.",unclassified food/bev mfr,,Frisco,Texas,http://www.ruizfoods.com,4.7669022E8,2500,Private,"Ruiz Food Products, Inc.",311412,"Ruiz Foods, one of the nation's largest producers of frozen Mexican dishes, is a privately-owned corporation co-founded by Fred Ruiz and his father, Louis, in 1964. It offers a wide array of frozen fo",,3,0,,,,"co-man status UNKNOWN — needs website check; 3 contact(s), no email flag; mid-market size fit",not contacted,,,
1172,3,"Russell Stover Chocolates, LLC",unclassified food/bev mfr,,Kansas City,Missouri,http://www.russellstover.com,4.0512976E8,3000,Private,Lindt & Sprüngli (International) AG,311352,"Russell Stover is one of the largest producers of fine boxed chocolates in the US. It sells hard candies and jellies that are bagged or individually wrapped, as well as sugar-free candy, like its suga",,1,0,,,,"co-man status UNKNOWN — needs website check; 1 contact(s), no email flag; mid-market size fit",not contacted,,,
1173,3,"Select Custom Solutions, LLC",unclassified food/bev mfr,,La Crosse,Wisconsin,http://www.agropur.com,5.0005978E7,325,Private,"MHF Group Holdings, LLC",311514,"Main Street Ingredients makes functional ingredients and stabilizers for the food manufacturing industry. Its products are used by companies in the baking sector for use in breads,cakes, cereals, as w",,1,0,,,,"co-man status UNKNOWN — needs website check; 1 contact(s), no email flag; mid-market size fit",not contacted,,,
1174,3,Sensient Flavors LLC,unclassified food/bev mfr,,Hoffman Estates,Illinois,http://www.sensient.com,3.5340793E8,1500,Private,Sensient Technologies Corporation,311942,"Sensient Flavors Llc is primarily engaged in manufacturing flavoring extracts, syrups, powders, and related products, not elsewhere classified, for soda fountain use or for the manufacture of soft dri",,3,0,,,,"co-man status UNKNOWN — needs website check; 3 contact(s), no email flag; mid-market size fit",not contacted,,,
1175,3,Shawnee Milling Company,unclassified food/bev mfr,,Shawnee,Oklahoma,http://www.shawneemilling.com,2.468194E7,250,Private,Shawnee Milling Company,311211,"Shawnee Milling Company is primarily engaged in milling flour or meal from grain, except rice. The products of flour mills may be sold plain or in the form of prepared mixes or doughs for specific pur",,1,0,,,,"co-man status UNKNOWN — needs website check; 1 contact(s), no email flag; mid-market size fit",not contacted,,,
1176,3,"Shearer's Foods Burlington, LLC",unclassified food/bev mfr,,Burlington,Iowa,http://www.shearers.com,2.1835024E7,750,Private,"Shearer's Foods, LLC",311919,"Shearer's Foods Burlington, Llc is primarily engaged in manufacturing potato chips, corn chips, and similar snacks.",,3,0,,,,"co-man status UNKNOWN — needs website check; 3 contact(s), no email flag; mid-market size fit",not contacted,,,
1177,3,Siemer Milling Company,unclassified food/bev mfr,,Teutopolis,Illinois,http://www.siemermilling.com,2.3612322E7,130,Private,Siemer Milling Company,311211,"Siemer Milling Company is primarily engaged in milling flour or meal from grain, except rice. The products of flour mills may be sold plain or in the form of prepared mixes or doughs for specific purp",,1,0,,,,"co-man status UNKNOWN — needs website check; 1 contact(s), no email flag; mid-market size fit",not contacted,,,
1178,3,"Simmons Pet Food, Inc.",unclassified food/bev mfr,,Siloam Springs,Arkansas,http://www.simmonspetfood.com,4.3777353E8,1050,Private,"Simmons Pet Food, Inc.",311111,"Simmons Pet Food, Inc. is primarily engaged in manufacturing dog and cat food from cereal, meat, and other ingredients. These preparations may be canned, frozen, or dry.",,3,0,,,,"co-man status UNKNOWN — needs website check; 3 contact(s), no email flag; mid-market size fit",not contacted,,,
1179,3,Spangler Candy Company,unclassified food/bev mfr,,Bryan,Ohio,http://www.spanglercandy.com,4.5799278E7,420,Private,Spangler Candy Company,311340,Spangler Candy is a privately owned family company that specializes in the production of lollipops and candy canes. The company is one of the largest lollipop manufacturers in the world and the only m,,1,0,,,,"co-man status UNKNOWN — needs website check; 1 contact(s), no email flag; mid-market size fit",not contacted,,,
1180,3,Strauss Brands Incorporated,unclassified food/bev mfr,,Franklin,Wisconsin,http://www.straussbrands.com,2.4041662E7,200,Private,Strauss Brands Incorporated,311611,"Strauss Brands Incorporated is primarily engaged in the slaughtering, for their own account or on a contract basis for the trade, of cattle, hogs, sheep, lambs, and calves for meat to be sold or to be",,1,0,,,,"co-man status UNKNOWN — needs website check; 1 contact(s), no email flag; mid-market size fit",not contacted,,,
1181,3,"Sunkist Growers, Inc.",unclassified food/bev mfr,,Valencia,California,,4.6855014E8,553,Private,"Sunkist Growers, Inc.",311421,"Sunkist Growers, Inc. is primarily engaged in canning fruits, vegetables, and fruit and vegetable juices; and in manufacturing catsup and similar tomato sauces, or natural and imitation preserves, jam",,1,0,,,,"co-man status UNKNOWN — needs website check; 1 contact(s), no email flag; mid-market size fit",not contacted,,,
1182,3,"Sunset Farm Foods, Inc.",unclassified food/bev mfr,,Valdosta,Georgia,http://www.sunsetfarmfoods.com,2.3720482E7,100,Private,,311612,"Sunset Farm Foods, Inc. is primarily engaged in manufacturing sausages, cured meats, smoked meats, canned meats, frozen meats, and other prepared meats and meat specialties, from purchased carcasses a",,1,0,,,,"co-man status UNKNOWN — needs website check; 1 contact(s), no email flag; mid-market size fit",not contacted,,,
1183,3,"Sunshine Mills, Inc.",unclassified food/bev mfr,,Red Bay,Alabama,http://www.sunshinemills.com,2.8003E8,1000,Private,"Sunshine Mills, Inc.",311111,"Sunshine Mills, Inc. is primarily engaged in manufacturing dog and cat food from cereal, meat, and other ingredients. These preparations may be canned, frozen, or dry.",,1,0,,,,"co-man status UNKNOWN — needs website check; 1 contact(s), no email flag; mid-market size fit",not contacted,,,
1184,3,Super Store Industries,unclassified food/bev mfr,,Lathrop,California,http://www.ssica.com,5.7502316E7,774,Private,,311511,"Super Store Industries is primarily engaged in processing (e.g., pasteurizing, homogenizing, vitaminizing, bottling) fluid milk and cream, and related products, including cottage cheese, yogurt (excep",,1,0,,,,"co-man status UNKNOWN — needs website check; 1 contact(s), no email flag; mid-market size fit",not contacted,,,
1185,3,"Superior Dairy, Inc.",unclassified food/bev mfr,,Canton,Ohio,http://www.mimilk.com,3.5288071E7,220,Private,,311511,"Superior Dairy, Inc. is primarily engaged in processing (e.g., pasteurizing, homogenizing, vitaminizing, bottling) fluid milk and cream, and related products, including cottage cheese, yogurt (except ",,1,0,,,,"co-man status UNKNOWN — needs website check; 1 contact(s), no email flag; mid-market size fit",not contacted,,,
1186,3,Sweetener Supply Corporation,unclassified food/bev mfr,,Brookfield,Illinois,http://www.sweetenersupply.com,5.0830193E7,75,Private,Sweetener Supply Corporation,311999,"Sweetener Supply Corporation is primarily engaged in manufacturing prepared foods and miscellaneous food specialties, not elsewhere classified, such as baking powder, yeast, and other leavening compou",,1,0,,,,"co-man status UNKNOWN — needs website check; 1 contact(s), no email flag; mid-market size fit",not contacted,,,
1187,3,Swift Beef Company,unclassified food/bev mfr,,Riverside,California,,3.8353722E7,200,Private,JBS USA Food Company,311612,"Swift Beef Company is primarily engaged in manufacturing sausages, cured meats, smoked meats, canned meats, frozen meats, and other prepared meats and meat specialties, from purchased carcasses and ot",,1,0,,,,"co-man status UNKNOWN — needs website check; 1 contact(s), no email flag; mid-market size fit",not contacted,,,
1188,3,Tate & Lyle Americas LLC,unclassified food/bev mfr,,Hoffman Estates,Illinois,http://www.tateandlyle.com,1.1248054E8,3346,Private,TATE & LYLE PUBLIC LIMITED COMPANY,311221,"Tate & Lyle Americas Llc is primarily engaged in milling corn or sorghum grain (milo) by the wet process, and producing starch, syrup, oil, sugar, and by-products, such as gluten feed and meal. Also T",,3,0,,,,"co-man status UNKNOWN — needs website check; 3 contact(s), no email flag; mid-market size fit",not contacted,,,
1189,3,"Taylor Farms Northwest, LLC",unclassified food/bev mfr,,Kent,Washington,http://www.taylorfarms.com,7.7729088E7,20000,Private,"Taylor Fresh Foods, Inc.",311991,"Taylor Farms Northwest, Llc is primarily engaged in manufacturing prepared foods and miscellaneous food specialties, not elsewhere classified, such as baking powder, yeast, and other leavening compoun",,3,0,,,,"co-man status UNKNOWN — needs website check; 3 contact(s), no email flag; mid-market size fit",not contacted,,,
1190,3,The Berks Packing Company Inc.,unclassified food/bev mfr,,Reading,Pennsylvania,http://www.berksfoods.com,2.3069605E7,160,Private,,311612,"The Berks Packing Company Inc. is primarily engaged in manufacturing sausages, cured meats, smoked meats, canned meats, frozen meats, and other prepared meats and meat specialties, from purchased carc",,1,0,,,,"co-man status UNKNOWN — needs website check; 1 contact(s), no email flag; mid-market size fit",not contacted,,,
1191,3,The Neil Jones Food Company,unclassified food/bev mfr,,Vancouver,Washington,http://www.neiljonesfoodcompany.com,1.3369806E8,125,Private,The Neil Jones Food Company,311421,"The Neil Jones Food Company is primarily engaged in canning fruits, vegetables, and fruit and vegetable juices; and in manufacturing catsup and similar tomato sauces, or natural and imitation preserve",,1,0,,,,"co-man status UNKNOWN — needs website check; 1 contact(s), no email flag; mid-market size fit",not contacted,,,
1192,3,"The Pillsbury Company, LLC",unclassified food/bev mfr,,Minneapolis,Minnesota,http://www.pillsbury.com,5.3032978E7,9758,Private,"General Mills, Inc.",311211,"The Pillsbury Company, Llc is primarily engaged in milling flour or meal from grain, except rice. The products of flour mills may be sold plain or in the form of prepared mixes or doughs for specific ",,1,0,,,,"co-man status UNKNOWN — needs website check; 1 contact(s), no email flag; mid-market size fit",not contacted,,,
1193,3,"The Suter Company, Inc.",unclassified food/bev mfr,,Sycamore,Illinois,http://www.suterco.com,4.9081379E7,450,Private,"The Suter Company, Inc.",311991,"The Suter Company, Inc. is primarily engaged in manufacturing prepared foods and miscellaneous food specialties, not elsewhere classified, such as baking powder, yeast, and other leavening compounds; ",,1,0,,,,"co-man status UNKNOWN — needs website check; 1 contact(s), no email flag; mid-market size fit",not contacted,,,
1194,3,"Trans-Ocean Products, Inc.",unclassified food/bev mfr,,Bellingham,Washington,http://www.trans-ocean.com,3.0488125E7,200,Private,"Maruha Capital Investment, Inc.",311710,"Trans-Ocean Products, Inc. is primarily engaged in cooking and canning fish, shrimp, oysters, clams, crabs, and other seafoods, including soups; and those engaged in smoking, salting, drying, or other",,1,0,,,,"co-man status UNKNOWN — needs website check; 1 contact(s), no email flag; mid-market size fit",not contacted,,,
1195,3,"Tropicana Products, Inc.",unclassified food/bev mfr,,Chicago,Illinois,http://www.tropicana.com,4.9276984E8,3500,Private,"Tropicana Products, Inc.",311421,"Tropicana Products, Inc. is a leading American producer of fruit-based beverages with a global reach, primarily in North America and Europe. The company is part of Tropicana Brands Group, a joint vent",,3,0,,,,"co-man status UNKNOWN — needs website check; 3 contact(s), no email flag; mid-market size fit",not contacted,,,
1196,3,"Two Rivers Premium Oils, LLC",unclassified food/bev mfr,,Pine Bluff,Arkansas,,2.5823717E7,130,Private,Archer-Daniels-Midland Company,311224,"Two Rivers Premium Oils, Llc is primarily engaged in manufacturing cottonseed oil, cake, meal, and linters, or in processing purchased cottonseed oil other than into edible cooking oils.",,1,0,,,,"co-man status UNKNOWN — needs website check; 1 contact(s), no email flag; mid-market size fit",not contacted,,,
1197,3,"Ukrop's Homestyle Foods, LLC",unclassified food/bev mfr,,North Chesterfield,Virginia,http://www.ukropshomestylefoods.com,2.4060575E7,390,Private,"Ukrop's Homestyle Foods, LLC",311999,"Ukrop's Homestyle Foods, Llc is primarily engaged in manufacturing prepared foods and miscellaneous food specialties, not elsewhere classified, such as baking powder, yeast, and other leavening compou",,1,0,,,,"co-man status UNKNOWN — needs website check; 1 contact(s), no email flag; mid-market size fit",not contacted,,,
1198,3,"Valley Queen Cheese Factory, Inc.",unclassified food/bev mfr,,Milbank,South Dakota,http://www.valleyqueen.com,4.3044907E7,250,Private,,311513,"Valley Queen Cheese Factory, Inc. is primarily engaged in manufacturing natural cheese (except cottage cheese), processed cheese, cheese foods, cheese spreads, and cheese analogs (imitations and subst",,1,0,,,,"co-man status UNKNOWN — needs website check; 1 contact(s), no email flag; mid-market size fit",not contacted,,,
1199,3,"Vanlaw Food Products, Inc.",unclassified food/bev mfr,,Fullerton,California,http://www.stirfoods.com,2.4565268E7,95,Private,Corona-Orange Foods Intermediate Holdings LLC,311941,"Vanlaw Food Products, Inc. is primarily engaged in pickling and brining fruits and vegetables, and in manufacturing salad dressings, vegetable relishes, sauces, and seasonings.",,1,0,,,,"co-man status UNKNOWN — needs website check; 1 contact(s), no email flag; mid-market size fit",not contacted,,,
1200,3,"Vaqueria Tres Monjitas, Inc.",unclassified food/bev mfr,,San Juan,Puerto Rico,http://www.tresmonjitas.com,5.2197258E7,445,Private,"Vaqueria Tres Monjitas, Inc.",311511,"Vaqueria Tres Monjitas, Inc. is primarily engaged in processing (e.g., pasteurizing, homogenizing, vitaminizing, bottling) fluid milk and cream, and related products, including cottage cheese, yogurt ",,3,0,,,,"co-man status UNKNOWN — needs website check; 3 contact(s), no email flag; mid-market size fit",not contacted,,,
1201,3,Velvet Ice Cream Company,unclassified food/bev mfr,,Utica,Ohio,http://www.velveticecream.com,2.1872068E7,100,Private,Velvet Ice Cream Company,311520,Velvet Ice Cream Company is primarily engaged in manufacturing ice cream and other frozen desserts.,,1,0,,,,"co-man status UNKNOWN — needs website check; 1 contact(s), no email flag; mid-market size fit",not contacted,,,
1202,3,Vita Plus Corporation,unclassified food/bev mfr,,Madison,Wisconsin,http://www.vitaplus.com,9.8196693E7,450,Private,VP Holdings Corporation,311119,"Vita Plus Corporation is primarily engaged in manufacturing prepared feeds and feed ingredients and adjuncts for animals and fowls, except dogs and cats. Included in this industry are poultry and live",,1,0,,,,"co-man status UNKNOWN — needs website check; 1 contact(s), no email flag; mid-market size fit",not contacted,,,
1203,3,"Wenger Feeds, LLC",unclassified food/bev mfr,,Lancaster,Pennsylvania,http://www.wengerfeeds.com,3.8307552E7,300,Private,"The Wenger Group, Inc.",311119,"Wenger Feeds, Llc is primarily engaged in manufacturing prepared feeds and feed ingredients and adjuncts for animals and fowls, except dogs and cats. Included in this industry are poultry and livestoc",,1,0,,,,"co-man status UNKNOWN — needs website check; 1 contact(s), no email flag; mid-market size fit",not contacted,,,
1204,3,Wiley Companies,unclassified food/bev mfr,,Coshocton,Ohio,http://www.wileyco.com,2.1332445E7,232,Private,Wiley Companies,311930,"Wiley Companies is primarily engaged in manufacturing flavoring extracts, syrups, powders, and related products, not elsewhere classified, for soda fountain use or for the manufacture of soft drinks, ",,1,0,,,,"co-man status UNKNOWN — needs website check; 1 contact(s), no email flag; mid-market size fit",not contacted,,,
1205,2,The Quaker Oats Company,unclassified food/bev mfr,,Chicago,Illinois,http://www.chewygiveplay.com,8.2798517E8,10000,Private,"PepsiCo, Inc.",312111,The Quaker Oats Company is primarily engaged in manufacturing soft drinks and carbonated waters.,Ken Minnich — Principal,3,0,,,,"co-man status UNKNOWN — needs website check; 3 contact(s), no email flag; large",not contacted,,,
1206,1,Wayne-Sanderson Farms LLC,unclassified food/bev mfr,,Oakwood,Georgia,,6.0286456E8,28000,Private,WSF Newco LLC,311615,"Wayne-Sanderson Farms Llc is primarily engaged in slaughtering, dressing, packing, freezing, and canning poultry, rabbits, and other small game, or in manufacturing products from such meats, for their",,1,0,,,,"co-man status UNKNOWN — needs website check; 1 contact(s), no email flag; large",not contacted,,,
