rank,score,company_name,coman_status,segment,city,state,website,sales_usd,employees_total,ownership_type,best_contact_from_hoovers,n_contacts,n_with_email,sweep_key_person,rationale,outreach_status,mergent_email,mergent_phone
1,12,Adirondack Beverages Corp,confirmed co-man (public sweep),beverage,Schenectady,New York,http://www.adirondackbeverages.com,3.8142498E7,1000,Private,Michael Mulrain — Chief Financial Officer,3,1,,verified co-man (public sweep); 1 email(s) in Hoovers; mid-market size fit; Northeast,not contacted,,
2,12,Blount Fine Foods Corp.,confirmed co-man (public sweep),wet-frozen-supplements,Fall River,Massachusetts,http://www.blountfinefoods.com,1.3754517E8,225,Private,William Bigelow — Chief Operating Officer,3,2,Todd Blount (President & CEO (third generation)),verified co-man (public sweep); 2 email(s) in Hoovers; mid-market size fit; Northeast,not contacted,,
3,12,"Kettle Cuisine, LLC",confirmed co-man (public sweep),wet-frozen-supplements,Lynn,Massachusetts,http://www.kettlecuisine.com,1.05E8,1200,Private,Jeremy Kacuba — Chief Operating Officer,3,1,Liam McClennon (CEO),verified co-man (public sweep); 1 email(s) in Hoovers; mid-market size fit; Northeast,not contacted,,
4,11,Anthony-Thomas Candy Company,confirmed co-man (public sweep),snack-bakery,Columbus,Ohio,http://www.anthony-thomas.com,2.3741371E7,191,Private,Joe Zanetos — President,3,1,Joseph Zanetos (President),verified co-man (public sweep); 1 email(s) in Hoovers; mid-market size fit,not contacted,,
5,11,"Berner Food & Beverage, LLC",confirmed co-man (public sweep),beverage,Dakota,Illinois,http://www.bernerfoodandbeverage.com,4.9590366E7,300,Private,Bill Marchido — President,3,2,Steve Kneubuehl (CEO),verified co-man (public sweep); 2 email(s) in Hoovers; mid-market size fit,not contacted,,
6,11,"Cedarlane Natural Foods, LLC",confirmed co-man (public sweep),wet-frozen-supplements,Carson,California,http://www.cedarlanefoods.com,4.4410809E7,600,Private,Robert Atallah — Principal Owner,3,1,Robert Atallah (Founder & CEO),verified co-man (public sweep); 1 email(s) in Hoovers; mid-market size fit,not contacted,,
7,11,"Golden Boy Foods USA, Inc.",confirmed co-man (public sweep),snack-bakery,Fenton,Missouri,http://www.8ave.com,3.0680788E7,100,Private,Jim Donzelli — Senior Vice President Of Sales,3,2,Jim Dwyer (President & CEO),verified co-man (public sweep); 2 email(s) in Hoovers; mid-market size fit,not contacted,,
8,11,"Lyons Magnus, LLC",confirmed co-man (public sweep),beverage,Fresno,California,http://www.lyonsmagnus.com,9.2724847E8,873,Private,Stacey Huels — President North Division,3,2,Edward Carolan (CEO),verified co-man (public sweep); 2 email(s) in Hoovers; mid-market size fit,not contacted,,
9,11,"Organic Milling, Inc.",confirmed co-man (public sweep),snack-bakery,San Dimas,California,http://www.organicmilling.com,2.6565638E7,123,Private,Wolfgang Buehler — Chief Executive Officer,3,1,Wolfgang Buehler (CEO),verified co-man (public sweep); 1 email(s) in Hoovers; mid-market size fit,not contacted,,
10,11,Palmer & Company,confirmed co-man (public sweep),snack-bakery,Sioux City,Iowa,http://www.palmercandy.com,2.6936073E7,175,Private,BRENDA Huls — Chief Financial Officer,3,1,Marty Palmer (President & CEO),verified co-man (public sweep); 1 email(s) in Hoovers; mid-market size fit,not contacted,,
11,11,"Stremicks Heritage Foods, LLC",confirmed co-man (public sweep),beverage,Santa Ana,California,http://www.heritage-foods.com,5.3102966000000006E8,430,Private,Jack Noenickx — Chief Financial Officer,3,2,,verified co-man (public sweep); 2 email(s) in Hoovers; mid-market size fit,not contacted,,
12,11,"Tulkoff Food Products, Inc.",confirmed co-man (public sweep),wet-frozen-supplements,Baltimore,Maryland,http://www.tulkoff.com,2.6145802E7,95,Private,Buddy Dietz — chief operating officer,3,2,Mike Kagan (CEO (appointed Feb 2025)),verified co-man (public sweep); 2 email(s) in Hoovers; mid-market size fit,not contacted,,
13,11,Vanee Foods Company,confirmed co-man (public sweep),wet-frozen-supplements,Oak Brook,Illinois,http://www.vanee.com,6.5014191E7,100,Private,Andrew Vanee — Chief Financial Officer,3,1,Aloysius Van Eekeren (President),verified co-man (public sweep); 1 email(s) in Hoovers; mid-market size fit,not contacted,,
14,11,Wixon Inc.,confirmed co-man (public sweep),snack-bakery,Milwaukee,Wisconsin,http://www.wixon.com,4.4102703E7,200,Private,Patrick McGarry — Chief Operating Officer,3,3,Peter Gottsacker (President),verified co-man (public sweep); 3 email(s) in Hoovers; mid-market size fit,not contacted,,
15,11,"Wolfgang Operations, LLC",confirmed co-man (public sweep),snack-bakery,York,Pennsylvania,http://www.wolfgangco.com,2.822147E7,225,Private,Glen Mattheu — Chief Operating Officer,3,2,,verified co-man (public sweep); 2 email(s) in Hoovers; mid-market size fit,not contacted,,
16,10,"Ford Gum & Machine Company, Inc.",likely co-man (D&B description),,Akron,New York,http://www.fordgum.com,2.4596226E7,120,Private,Scott Lerner — Chief Executive Officer,3,2,,D&B text mentions contract/private-label; 2 email(s) in Hoovers; mid-market size fit; Northeast,not contacted,,
17,10,"Star Snacks Co., LLC",confirmed co-man (public sweep),snack-bakery,Jersey City,New Jersey,http://www.starsnacks.net,5.2362316E7,380,Private,Joey Weinreich — Vice President Sales,3,0,,"verified co-man (public sweep); 3 contact(s), no email flag; mid-market size fit; Northeast",not contacted,,
18,10,Union Beverage Packers LLC,confirmed co-man (public sweep),beverage,Hillside,New Jersey,http://www.unionbevnj.com,2.315925E7,170,Private,Yaron Gohar — Chief Executive Officer,3,0,,"verified co-man (public sweep); 3 contact(s), no email flag; mid-market size fit; Northeast",not contacted,,
19,9,American Crystal Sugar Company,likely co-man (D&B description),,Moorhead,Minnesota,http://www.crystalsugar.com,7.9759937E8,1365,Private,"Thomas Astrup — Chief Executive Officer, Member of the Senior Management Team, President",3,2,,D&B text mentions contract/private-label; 2 email(s) in Hoovers; mid-market size fit,not contacted,,
20,9,Burke Marketing Corporation,likely co-man (D&B description),,Nevada,Iowa,http://www.burkecorp.com,4.0282543E7,348,Private,Craig Willard — Principal,3,2,,D&B text mentions contract/private-label; 2 email(s) in Hoovers; mid-market size fit,not contacted,,
21,9,"Carolina Foods, LLC",confirmed co-man (public sweep),beverage,Charlotte,North Carolina,http://www.carolinafoodsinc.com,5.379987E7,400,Private,,3,0,Brian Demos (President & CEO),"verified co-man (public sweep); 3 contact(s), no email flag; mid-market size fit",not contacted,,
22,9,"City Brewing Company, LLC",confirmed co-man (public sweep),beverage,La Crosse,Wisconsin,http://www.citybrewery.com,1.5852467E8,400,Private,Ross Sannes — Chief Executive Officer,3,0,Ross Sannes (CEO),"verified co-man (public sweep); 3 contact(s), no email flag; mid-market size fit",not contacted,,
23,9,"Coating Place, LLC",likely co-man (D&B description),,Verona,Wisconsin,http://www.coatingplace.com,2.2132807E7,140,Private,Timothy Breunig — Chief Executive Officer,3,1,,D&B text mentions contract/private-label; 1 email(s) in Hoovers; mid-market size fit,not contacted,,
24,9,"Coloma Frozen Foods, Inc.",likely co-man (D&B description),,Coloma,Michigan,http://www.colomafrozen.com,2.1695578E7,150,Private,Bradley Wendzel — President,3,1,,D&B text mentions contract/private-label; 1 email(s) in Hoovers; mid-market size fit,not contacted,,
25,9,Delgrosso Foods Inc.,likely co-man (D&B description),,Tipton,Pennsylvania,http://www.delgrossos.com,2.0779535E7,137,Private,Sean Albright — Chief Financial Officer,3,1,,D&B text mentions contract/private-label; 1 email(s) in Hoovers; mid-market size fit,not contacted,,
26,9,"DrinkPAK, LLC",confirmed co-man (public sweep),beverage,Santa Clarita,California,http://www.drinkpak.com,7.4E7,600,Private,Brian Aster — Chief Financial Officer,3,0,Nate Patena (CEO & Co-founder),"verified co-man (public sweep); 3 contact(s), no email flag; mid-market size fit",not contacted,,
27,9,"Ellison Bakery, LLC",confirmed co-man (public sweep),snack-bakery,Fort Wayne,Indiana,http://www.ebakery.com,2.5246843E7,150,Private,,1,0,Stephanie Chattillion (CEO),"verified co-man (public sweep); 1 contact(s), no email flag; mid-market size fit",not contacted,,
28,9,Fremont Beef Company,likely co-man (D&B description),,Fremont,Nebraska,http://www.fremontbeef.com,2.0119967E7,110,Private,Max Nagasaka — Chief Executive Officer,3,1,,D&B text mentions contract/private-label; 1 email(s) in Hoovers; mid-market size fit,not contacted,,
29,9,"Fresca Foods, Inc.",confirmed co-man (public sweep),snack-bakery,Louisville,Colorado,http://www.frescafoodsinc.com,5.3636196E7,250,Private,,1,0,Brandon Viar (CEO),"verified co-man (public sweep); 1 contact(s), no email flag; mid-market size fit",not contacted,,
30,9,GEORGIA NUT COMPANY,confirmed co-man (public sweep),snack-bakery,Skokie,Illinois,http://www.georgianutcorp.com,1.014127E8,1027,Private,,1,0,John Drehobl (President & CEO),"verified co-man (public sweep); 1 contact(s), no email flag; mid-market size fit",not contacted,,
31,9,Gilster-Mary Lee Corporation,confirmed co-man (public sweep),snack-bakery,Chester,Illinois,http://www.gilstermarylee.com,5.5303625E8,4200,Private,Ronald Tretter — Vice President,3,3,,verified co-man (public sweep); 3 email(s) in Hoovers; large,not contacted,,
32,9,"Hearthside Food Solutions, LLC",confirmed co-man (public sweep),snack-bakery,Downers Grove,Illinois,http://www.hearthsidefoods.com,1.8152948E9,11500,Private,Nick Hewitt — Chief Financial Officer,3,3,Darlene Nicosia (CEO),verified co-man (public sweep); 3 email(s) in Hoovers; large,not contacted,,
33,9,"LIEF ORGANICS, LLC",confirmed co-man (public sweep),wet-frozen-supplements,Valencia,California,http://www.lieflabs.com,2.6119652E7,200,Private,Steve Chopp — Chief Financial Officer,3,0,Adel Villalobos (Founder & CEO),"verified co-man (public sweep); 3 contact(s), no email flag; mid-market size fit",not contacted,,
34,9,"Lakeside Foods, Inc.",confirmed co-man (public sweep),wet-frozen-supplements,Manitowoc,Wisconsin,http://www.lakesidefoods.com,5.2993677E8,1589,Private,,1,0,Joe Yanda (President & CEO (since 2021)),"verified co-man (public sweep); 1 contact(s), no email flag; mid-market size fit",not contacted,,
35,9,"MGP Ingredients, Inc.",confirmed co-man (public sweep),beverage,Atchison,Kansas,http://www.mgpingredients.com,5.36375E8,617,Public,"Julie Francis — President, Chief Executive Officer",3,0,,"verified co-man (public sweep); 3 contact(s), no email flag; mid-market size fit",not contacted,,
36,9,"Marich Confectionery Company, Inc.",likely co-man (D&B description),,Hollister,California,http://www.marich.com,2.1537209E7,150,Private,Leonard Spelt — Chief Executive Officer,3,2,,D&B text mentions contract/private-label; 2 email(s) in Hoovers; mid-market size fit,not contacted,,
37,9,"Pacific Choice Brands, Inc.",likely co-man (D&B description),,Fresno,California,http://www.pcbrands.com,4.3463223E7,475,Private,Allan Andrews — Chief Executive Officer,3,1,,D&B text mentions contract/private-label; 1 email(s) in Hoovers; mid-market size fit,not contacted,,
38,9,"Pretzels, LLC",likely co-man (D&B description),,Bluffton,Indiana,http://www.pretzels-inc.com,2.3837011E7,325,Private,Bernardo Germosen — Principal,3,2,,D&B text mentions contract/private-label; 2 email(s) in Hoovers; mid-market size fit,not contacted,,
39,9,"Producers Rice Mill, Inc.",likely co-man (D&B description),,Stuttgart,Arkansas,http://www.producersrice.com,6.4118506E8,950,Private,Brooks Davis — Principal,3,2,,D&B text mentions contract/private-label; 2 email(s) in Hoovers; mid-market size fit,not contacted,,
40,9,Refresco Beverages US Inc.,confirmed co-man (public sweep),beverage,Tampa,Florida,http://www.refresco-na.com,4.7613901E8,2600,Private,,3,0,Brad Goist (CEO Refresco Beverages US / COO North America),"verified co-man (public sweep); 3 contact(s), no email flag; mid-market size fit",not contacted,,
41,9,"Shearer's Foods, LLC",confirmed co-man (public sweep),snack-bakery,Massillon,Ohio,http://www.shearers.com,7.1270404E8,1600,Private,Sarah Toast — Principal,3,0,,"verified co-man (public sweep); 3 contact(s), no email flag; mid-market size fit",not contacted,,
42,9,Snak-King LLC,confirmed co-man (public sweep),snack-bakery,City OF Industry,California,http://www.snakking.com,9.3918556E7,577,Private,,1,0,Barry C. Levin (Chairman & CEO),"verified co-man (public sweep); 1 contact(s), no email flag; mid-market size fit",not contacted,,
43,9,The Pecan Deluxe Candy Company,confirmed co-man (public sweep),wet-frozen-supplements,Dallas,Texas,http://www.pecandeluxe.com,5.4536945E7,240,Private,,1,0,Ray Walsh (Founder),"verified co-man (public sweep); 1 contact(s), no email flag; mid-market size fit",not contacted,,
44,9,"TreeHouse Foods, Inc.",confirmed co-man (public sweep),snack-bakery,Oak Brook,Illinois,http://www.treehousefoods.com,3.354E9,7685,Private,Robin Keller — Vice President Chief Information Officer,3,1,Steven Oakland (President & CEO),verified co-man (public sweep); 1 email(s) in Hoovers; large,not contacted,,
45,9,"Unix Packaging, LLC",confirmed co-man (public sweep),beverage,Montebello,California,http://www.unixpackaging.com,9.5477882E7,388,Private,Ed Hickey — Chief Financial Officer,3,0,,"verified co-man (public sweep); 3 contact(s), no email flag; mid-market size fit",not contacted,,
46,9,Woeber Mustard Manufacturing Company,likely co-man (D&B description),,Springfield,Ohio,http://www.woebermustard.com,3.3008961E7,245,Private,Raymond Woeber — President,3,1,,D&B text mentions contract/private-label; 1 email(s) in Hoovers; mid-market size fit,not contacted,,
47,8,Baldwin Richardson Foods Company,likely co-man (D&B description),,Macedon,New York,http://www.brfoods.com,2.0327159E8,676,Private,Eric Johnson — President Chief Executive Officer,3,0,,"D&B text mentions contract/private-label; 3 contact(s), no email flag; mid-market size fit; Northeast",not contacted,,
48,8,"CHELTEN HOUSE PRODUCTS, LLC",likely co-man (D&B description),,Swedesboro,New Jersey,http://www.cheltenhouse.com,5.2441345E7,470,Private,Jason Dabrow — President Coo,3,0,,"D&B text mentions contract/private-label; 3 contact(s), no email flag; mid-market size fit; Northeast",not contacted,,
49,8,"Johanna Foods, Inc.",likely co-man (D&B description),,Flemington,New Jersey,http://www.johannafoods.com,1.0492954E8,540,Private,Jeff West — Chief Financial Officer Chief Information Officer,3,0,,"D&B text mentions contract/private-label; 3 contact(s), no email flag; mid-market size fit; Northeast",not contacted,,
50,8,Seneca Foods Corporation,likely co-man (D&B description),,Fairport,New York,http://www.senecafoods.com,1.659675E9,2995,Public,Timothy Benjamin — Senior Vice President And Chief Financial Officer,3,1,,D&B text mentions contract/private-label; 1 email(s) in Hoovers; large; Northeast,not contacted,,
51,8,Specialty Bakers Holding Company LLC,confirmed co-man (public sweep),snack-bakery,Marysville,Pennsylvania,http://www.marinojustice.com,2.8946316E7,230,Private,,1,0,,"verified co-man (public sweep); 1 contact(s), no email flag; mid-market size fit",not contacted,,
52,7,"A. Zerega's Sons, Inc.",unclassified food/bev mfr,,Fair Lawn,New Jersey,http://www.zerega.com,2.3007849E7,200,Private,Robert Vermylen — Vice President,3,2,,co-man status UNKNOWN — needs website check; 2 email(s) in Hoovers; mid-market size fit; Northeast,not contacted,,
53,7,"Al and John, Inc.",unclassified food/bev mfr,,Caldwell,New Jersey,http://www.glenrockhams.com,2.7378147E7,300,Private,Alexander Oldja — President,3,2,,co-man status UNKNOWN — needs website check; 2 email(s) in Hoovers; mid-market size fit; Northeast,not contacted,,
54,7,"Allen Flavors, Inc.",unclassified food/bev mfr,,South Plainfield,New Jersey,http://www.allenflavors.com,2.365509E7,115,Private,Sal Brucato — Chief Operating Officer,3,3,,co-man status UNKNOWN — needs website check; 3 email(s) in Hoovers; mid-market size fit; Northeast,not contacted,,
55,7,B & B Poultry Co Inc,unclassified food/bev mfr,,Elmer,New Jersey,http://www.bbpoultry.com,2.3967476E7,175,Private,Mark Fisher — Chief Executive Officer,3,2,,co-man status UNKNOWN — needs website check; 2 email(s) in Hoovers; mid-market size fit; Northeast,not contacted,,
56,7,"B&G Foods North America, Inc.",unclassified food/bev mfr,,Parsippany,New Jersey,http://www.bgfoods.com,4.6042095E7,300,Private,Kenneth Keller — Director President And Chief Executive Officer,3,2,,co-man status UNKNOWN — needs website check; 2 email(s) in Hoovers; mid-market size fit; Northeast,not contacted,,
57,7,"Bakewise Brands, Inc.",unclassified food/bev mfr,,Macedon,New York,http://www.bakewisebrands.com,2.5893177E7,135,Private,Aaron Fleischer — Vice President Of Sales,3,2,,co-man status UNKNOWN — needs website check; 2 email(s) in Hoovers; mid-market size fit; Northeast,not contacted,,
58,7,Beech-Nut Nutrition Company,unclassified food/bev mfr,,Amsterdam,New York,http://www.beechnut.com,4.2585739E7,300,Private,Jeffrey Boutelle — PRESIDENT,3,1,,co-man status UNKNOWN — needs website check; 1 email(s) in Hoovers; mid-market size fit; Northeast,not contacted,,
59,7,"Beverage Distribution Center, Inc.",unclassified food/bev mfr,,Pennsauken,New Jersey,http://www.hongrp.com,4.3877811E7,200,Private,Walter Wilkinson — President,3,2,,co-man status UNKNOWN — needs website check; 2 email(s) in Hoovers; mid-market size fit; Northeast,not contacted,,
60,7,Big Geyser Inc.,unclassified food/bev mfr,,Maspeth,New York,http://www.biggeyser.com,2.2162895E7,300,Private,Jerry Reda — Chief Operating Officer,3,2,,co-man status UNKNOWN — needs website check; 2 email(s) in Hoovers; mid-market size fit; Northeast,not contacted,,
61,7,"Bio-Nutritional Research Group, Inc.",unclassified food/bev mfr,,Parsippany,New Jersey,http://www.powercrunch.com,2.1108791E7,185,Private,Curtis Steinhaus — Chief Financial Officer,3,2,,co-man status UNKNOWN — needs website check; 2 email(s) in Hoovers; mid-market size fit; Northeast,not contacted,,
62,7,"Bread Alone, Inc.",unclassified food/bev mfr,,Lake Katrine,New York,http://www.breadalone.com,2.1290178E7,100,Private,Sharon BURNSLEADER — Chief Operating Officer,3,2,,co-man status UNKNOWN — needs website check; 2 email(s) in Hoovers; mid-market size fit; Northeast,not contacted,,
63,7,Brooklyn Bottling,confirmed co-man (public sweep),beverage,Milton,NY,https://brooklynbottling.com/,,,,,0,0,Eric Miller (Owner (third generation)),verified co-man (public sweep); Northeast,not contacted,,
64,7,"CABOT CREAMERY COOPERATIVE, INC.",unclassified food/bev mfr,,Waitsfield,Vermont,http://www.cabotcreamery.com,3.1664392E7,300,Private,Mark Hackett — Principal,3,2,,co-man status UNKNOWN — needs website check; 2 email(s) in Hoovers; mid-market size fit; Northeast,not contacted,,
65,7,"CLINTON'S DITCH CO-OPERATIVE COMPANY, INC.",unclassified food/bev mfr,,Cicero,New York,http://www.clintonsditch.com,4.3568977E7,155,Private,Jonelle BaskinKelley — Chief Financial Officer,3,2,,co-man status UNKNOWN — needs website check; 2 email(s) in Hoovers; mid-market size fit; Northeast,not contacted,,
66,7,"Cafe Spice, LLC",unclassified food/bev mfr,,New Windsor,New York,http://www.cafespice.com,5.3572987E7,200,Private,Sameer Malhotra — Chief Executive Officer,3,3,,co-man status UNKNOWN — needs website check; 3 email(s) in Hoovers; mid-market size fit; Northeast,not contacted,,
67,7,"Calise & Sons Bakery, LLC",unclassified food/bev mfr,,Lincoln,Rhode Island,http://www.calisebakery.com,2.8339127E7,185,Private,Michael Calise — President,3,3,,co-man status UNKNOWN — needs website check; 3 email(s) in Hoovers; mid-market size fit; Northeast,not contacted,,
68,7,"Caribbean Foods Delight, Inc.",unclassified food/bev mfr,,Tappan,New York,http://www.cfdnyinc.com,2.3692505E7,80,Private,Sabrina Simone — chief operating officer,3,2,,co-man status UNKNOWN — needs website check; 2 email(s) in Hoovers; mid-market size fit; Northeast,not contacted,,
69,7,Catania-Spagna Corporation,unclassified food/bev mfr,,Ayer,Massachusetts,http://www.cataniaoils.com,9.473082E7,270,Private,Joseph Basile — President,3,2,,co-man status UNKNOWN — needs website check; 2 email(s) in Hoovers; mid-market size fit; Northeast,not contacted,,
70,7,"Catelli Bros., Inc.",unclassified food/bev mfr,,Camden,New Jersey,http://www.catellibrothers.com,3.4348099E7,250,Private,John Hamberger — Chief Financial Officer,3,2,,co-man status UNKNOWN — needs website check; 2 email(s) in Hoovers; mid-market size fit; Northeast,not contacted,,
71,7,"Ce De Candy, Inc.",unclassified food/bev mfr,,Union,New Jersey,http://www.smarties.com,2.3491222E7,240,Private,Jonathan Dee — President,3,1,,co-man status UNKNOWN — needs website check; 1 email(s) in Hoovers; mid-market size fit; Northeast,not contacted,,
72,7,"Colonna Brothers, Inc.",unclassified food/bev mfr,,North Bergen,New Jersey,http://www.colonnabrothers.com,2.4360674E7,120,Private,Dylan Tighe — Chief Operating Officer,3,2,,co-man status UNKNOWN — needs website check; 2 email(s) in Hoovers; mid-market size fit; Northeast,not contacted,,
73,7,"Concord Foods, LLC",unclassified food/bev mfr,,Brockton,Massachusetts,http://www.concordfoods.com,5.0183792E7,218,Private,James Fanchin — Vice President Sales,3,1,,co-man status UNKNOWN — needs website check; 1 email(s) in Hoovers; mid-market size fit; Northeast,not contacted,,
74,7,Cookies United,confirmed co-man (public sweep),snack-bakery,Islip,NY,https://www.cookiesunited.com,,~350 across two facilities (with affiliate),,,0,0,Luis Galeano (President & CEO),verified co-man (public sweep); Northeast,not contacted,,
75,7,"Costanzo's Bakery, LLC",unclassified food/bev mfr,,Buffalo,New York,http://www.costanzosbakery.com,2.4212076E7,130,Private,Robert Pavone — Chief Financial Officer,3,3,,co-man status UNKNOWN — needs website check; 3 email(s) in Hoovers; mid-market size fit; Northeast,not contacted,,
76,7,Craft Cannery,confirmed co-man (public sweep),wet-frozen-supplements,Bergen,NY,https://www.craftcannery.com,,"~10+ (grew from 3 to 10 in first six months, 2020)",,,0,0,Paul Guglielmo (CEO & Owner),verified co-man (public sweep); Northeast,not contacted,,
77,7,"Cumberland Dairy, LLC",unclassified food/bev mfr,,Rosenhayn,New Jersey,http://www.cumberlanddairy.com,5.6130589E7,110,Private,David Catalana — Vice President,3,2,,co-man status UNKNOWN — needs website check; 2 email(s) in Hoovers; mid-market size fit; Northeast,not contacted,,
78,7,"DIAGEO AMERICAS SUPPLY, INC.",unclassified food/bev mfr,,Norwalk,Connecticut,,4.1422607E7,111,Private,Martin Brodbeck — Senior Vice President and Chief Technology Officer,3,3,,co-man status UNKNOWN — needs website check; 3 email(s) in Hoovers; mid-market size fit; Northeast,not contacted,,
79,7,DILUIGI'S INC.,unclassified food/bev mfr,,Rowley,Massachusetts,http://www.diluigifoods.com,2.1071938E7,100,Private,Louis Diluigi — President,3,2,,co-man status UNKNOWN — needs website check; 2 email(s) in Hoovers; mid-market size fit; Northeast,not contacted,,
80,7,Deep Foods Inc.,unclassified food/bev mfr,,Union,New Jersey,http://www.deepfoods.com,5.3976536E7,150,Private,Arvind Amin — President,3,1,,co-man status UNKNOWN — needs website check; 1 email(s) in Hoovers; mid-market size fit; Northeast,not contacted,,
81,7,"Deiorio Foods, Inc.",unclassified food/bev mfr,,Utica,New York,http://www.deiorios.com,3.3055462E7,440,Private,John Lauchert — Chief Financial Officer,3,3,,co-man status UNKNOWN — needs website check; 3 email(s) in Hoovers; mid-market size fit; Northeast,not contacted,,
82,7,Dr. Praeger's Sensible Foods LLC,unclassified food/bev mfr,,Saddle Brook,New Jersey,http://www.drpraegers.com,1.0E8,245,Private,Anita Gogia — Chief Financial Officer,3,3,,co-man status UNKNOWN — needs website check; 3 email(s) in Hoovers; mid-market size fit; Northeast,not contacted,,
83,7,"Dunkin' Brands Group, Inc.",unclassified food/bev mfr,,Canton,Massachusetts,http://www.dunkinbrands.com,2.0687295E9,1145,Private,Kelly Lowell — Principal,3,3,,co-man status UNKNOWN — needs website check; 3 email(s) in Hoovers; mid-market size fit; Northeast,not contacted,,
84,7,"Elan Chemical Co., Inc.",unclassified food/bev mfr,,Newark,New Jersey,http://www.elan-chemical.com,2.3532764E7,68,Private,Louis Shragher — Chief Financial Officer,3,1,,co-man status UNKNOWN — needs website check; 1 email(s) in Hoovers; mid-market size fit; Northeast,not contacted,,
85,7,F.X. Matt Brewing Company (Saranac),confirmed co-man (public sweep),beverage,Utica,NY,https://www.saranac.com/,,,,,0,0,Fred Matt (President),verified co-man (public sweep); Northeast,not contacted,,
86,7,"Flavor & Fragrance Specialties, Inc.",unclassified food/bev mfr,,Mahwah,New Jersey,http://www.ffs.com,4.729845E7,100,Private,Michael Bloom — President,3,2,,co-man status UNKNOWN — needs website check; 2 email(s) in Hoovers; mid-market size fit; Northeast,not contacted,,
87,7,Food Sciences Corp.,unclassified food/bev mfr,,Mount Laurel,New Jersey,http://www.foodsciences.com,3.9364918E7,330,Private,Michael Sobers — Vice President of Operations,3,2,,co-man status UNKNOWN — needs website check; 2 email(s) in Hoovers; mid-market size fit; Northeast,not contacted,,
88,7,"Foodlink, Inc.",unclassified food/bev mfr,,Rochester,New York,http://www.foodlinkny.org,7.2318588E7,110,Nonprofit,Julia Tedesco — Chief Executive Officer,3,1,,co-man status UNKNOWN — needs website check; 1 email(s) in Hoovers; mid-market size fit; Northeast,not contacted,,
89,7,Gatherer's Granola,confirmed co-man (public sweep),snack-bakery,Schenectady,NY,https://www.gatherersgranola.com,,,,,0,0,Alessandro Gerbini (Founder & CEO),verified co-man (public sweep); Northeast,not contacted,,
90,7,Go Africa Global LLC,unclassified food/bev mfr,,New York,New York,http://www.goafricaglobal.com,2.2707634E8,220,Private,Samuel Jones — President,3,3,,co-man status UNKNOWN — needs website check; 3 email(s) in Hoovers; mid-market size fit; Northeast,not contacted,,
91,7,"Golden Platter Foods, Inc.",unclassified food/bev mfr,,Newark,New Jersey,http://www.goldenplatter.com,2.5057978E7,240,Private,Scott Bennett — Chief Executive Officer,3,2,,co-man status UNKNOWN — needs website check; 2 email(s) in Hoovers; mid-market size fit; Northeast,not contacted,,
92,7,"Gourmet Boutique, L.L.C.",unclassified food/bev mfr,,Jamaica,New York,http://www.gourmetboutique.com,4.4151726E7,405,Private,Susan Santos — President,3,3,,co-man status UNKNOWN — needs website check; 3 email(s) in Hoovers; mid-market size fit; Northeast,not contacted,,
93,7,"Hans Kissle Company, LLC",unclassified food/bev mfr,,Haverhill,Massachusetts,http://www.hanskissle.com,6.2205402E7,140,Private,John Kennington — Vice President Of Sales,3,2,,co-man status UNKNOWN — needs website check; 2 email(s) in Hoovers; mid-market size fit; Northeast,not contacted,,
94,7,Harbar LLC,unclassified food/bev mfr,,Canton,Massachusetts,http://www.harbar.com,2.6306654E7,174,Private,Ezequiel Cheque Montemayor — Chief Executive Officer,3,1,,co-man status UNKNOWN — needs website check; 1 email(s) in Hoovers; mid-market size fit; Northeast,not contacted,,
95,7,Hillside Candy,confirmed co-man (public sweep),snack-bakery,Hillside,NJ,,,,,,0,0,Ted Cohen (President (post-2016 acquisition)),verified co-man (public sweep); Northeast,not contacted,,
96,7,"Inventure Foods, Inc.",likely co-man (D&B description),,Hanover,Pennsylvania,,2.6901199E8,687,Private,John Thompson — Executive Vice President,3,0,,"D&B text mentions contract/private-label; 3 contact(s), no email flag; mid-market size fit",not contacted,,
97,7,Iron Heart Canning Company,confirmed co-man (public sweep),beverage,Manchester,NH,https://www.ironheartcanning.com/,,,,,0,0,Tyler Wille (Founder & CEO),verified co-man (public sweep); Northeast,not contacted,,
98,7,Jimmy's Gourmet Bakery LLC,unclassified food/bev mfr,,Clifton,New Jersey,http://www.jimmyscookies.com,9.5512901E7,130,Partnership,Deborah Kinzley — Chief Financial Officer,3,2,,co-man status UNKNOWN — needs website check; 2 email(s) in Hoovers; mid-market size fit; Northeast,not contacted,,
99,7,"John B. Sanfilippo & Son, Inc.",likely co-man (D&B description),,Elgin,Illinois,http://www.jbssinc.com,1.107246E9,1900,Public,Jeffrey Sanfilippo — Chairman Of The Board Chief Executive Officer,3,0,,"D&B text mentions contract/private-label; 3 contact(s), no email flag; mid-market size fit",not contacted,,
100,7,"Johnsonville, LLC",likely co-man (D&B description),,Sheboygan Falls,Wisconsin,http://www.johnsonville.com,5.9565503E8,3000,Private,Lori Plate — Vice President And Chief Information Officer,3,3,,D&B text mentions contract/private-label; 3 email(s) in Hoovers; large,not contacted,,
101,7,Joseph's Gourmet Pasta Company,unclassified food/bev mfr,,Haverhill,Massachusetts,http://www.josephsgourmetpasta.com,3.147077E7,300,Private,Casey Rennick — Vice President Of Finance,3,2,,co-man status UNKNOWN — needs website check; 2 email(s) in Hoovers; mid-market size fit; Northeast,not contacted,,
102,7,"Kanan Enterprises, Inc.",likely co-man (D&B description),,Solon,Ohio,http://www.kingnut.com,4.0107109E7,300,Private,Martin Kanan — President And Chief Executive Officer,3,0,,"D&B text mentions contract/private-label; 3 contact(s), no email flag; mid-market size fit",not contacted,,
103,7,"Knouse Foods Cooperative, Inc.",likely co-man (D&B description),,Peach Glen,Pennsylvania,http://www.knouse.com,3.2127115E8,1099,Private,Richard Difrischia — Chief Executive Officer,3,0,,"D&B text mentions contract/private-label; 3 contact(s), no email flag; mid-market size fit",not contacted,,
104,7,"Kozy Shack Enterprises, LLC",unclassified food/bev mfr,,Hicksville,New York,http://www.kozyshack.com,2.7315475E7,450,Private,Robert Striano — Principal,3,1,,co-man status UNKNOWN — needs website check; 1 email(s) in Hoovers; mid-market size fit; Northeast,not contacted,,
105,7,Leprino Foods Company,likely co-man (D&B description),,Denver,Colorado,http://www.leprinofoods.com,6.666590100000001E7,4000,Private,Lance Fitzsimmons — President Chief Executive Officer,3,0,,"D&B text mentions contract/private-label; 3 contact(s), no email flag; mid-market size fit",not contacted,,
106,7,LiDestri Food and Drink,confirmed co-man (public sweep),wet-frozen-supplements,Fairport,NY,https://www.lidestrifoods.com,,"~1,000-1,200",,,0,0,John LiDestri (Co-CEO),verified co-man (public sweep); Northeast,not contacted,,
107,7,Louis Dreyfus Company Fort Bend Corp.,likely co-man (D&B description),,Sugar Land,Texas,http://www.imperialsugarcompany.com,9.0399216E7,530,Private,Louis Bolognini — SENIOR VICE PRESIDENT,3,0,,"D&B text mentions contract/private-label; 3 contact(s), no email flag; mid-market size fit",not contacted,,
108,7,Madelaine Chocolate Company,confirmed co-man (public sweep),snack-bakery,Rockaway Beach,NY,https://madelainechocolate.com,,200-300 (seasonal; 2018 Crain's),,,0,0,Jorge Farber (President & CEO),verified co-man (public sweep); Northeast,not contacted,,
109,7,Mafco Worldwide Corporation,unclassified food/bev mfr,,Mount Laurel,New Jersey,http://www.mafco.com,2.1912746E7,230,Private,Lee Collison — Senior Vice President Chief Supply Chain Officer,3,2,,co-man status UNKNOWN — needs website check; 2 email(s) in Hoovers; mid-market size fit; Northeast,not contacted,,
110,7,Magic Spoon Inc.,unclassified food/bev mfr,,New York,New York,http://www.magicspoon.com,8.3966232E7,55,Private,Gregory Sewitz — Chief Executive Officer,3,3,,co-man status UNKNOWN — needs website check; 3 email(s) in Hoovers; mid-market size fit; Northeast,not contacted,,
111,7,Major Products Co. Inc.,unclassified food/bev mfr,,Little Ferry,New Jersey,http://www.majorproducts.com,3.7838875E7,120,Private,Valerie Leimer — Chief Operating Officer,3,2,,co-man status UNKNOWN — needs website check; 2 email(s) in Hoovers; mid-market size fit; Northeast,not contacted,,
112,7,Makers Nutrition,confirmed co-man (public sweep),wet-frozen-supplements,Hauppauge,NY,https://www.makersnutrition.com,,,,,0,0,Jason Provenzano (Founder; President & CEO),verified co-man (public sweep); Northeast,not contacted,,
113,7,"Mass. Bay Brewing Company, Inc.",unclassified food/bev mfr,,Boston,Massachusetts,http://www.harpoonbrewery.com,4.9919357E7,169,Private,Daniel Kenary — Chief Executive Officer,3,1,,co-man status UNKNOWN — needs website check; 1 email(s) in Hoovers; mid-market size fit; Northeast,not contacted,,
114,7,Mayer Brothers,confirmed co-man (public sweep),beverage,West Seneca,NY,https://mayerbrothers.com/,,,,,0,0,John A. Mayer (Principal (per D&B)),verified co-man (public sweep); Northeast,not contacted,,
115,7,Melville Candy Corporation,unclassified food/bev mfr,,Randolph,Massachusetts,http://www.melvillecandy.com,2.5103056E7,117,Private,Joseph Melville — Owner And Director,3,1,,co-man status UNKNOWN — needs website check; 1 email(s) in Hoovers; mid-market size fit; Northeast,not contacted,,
116,7,"N.V.E., Inc.",unclassified food/bev mfr,,Andover,New Jersey,http://www.nveusa.com,2.650106E7,220,Private,Art Prindle — Vice President Of Sales,3,2,,co-man status UNKNOWN — needs website check; 2 email(s) in Hoovers; mid-market size fit; Northeast,not contacted,,
117,7,New England Partnership Inc.,unclassified food/bev mfr,,Norwood,Massachusetts,http://www.newenglandcoffee.com,2.3623964E7,200,Private,James Dostou — Principal,3,1,,co-man status UNKNOWN — needs website check; 1 email(s) in Hoovers; mid-market size fit; Northeast,not contacted,,
118,7,Ngp Management LLC,unclassified food/bev mfr,,Haverhill,Massachusetts,http://www.ngpmanagement.com,2.2361122E7,1600,Private,Constantine Scrivanos — President,3,3,,co-man status UNKNOWN — needs website check; 3 email(s) in Hoovers; mid-market size fit; Northeast,not contacted,,
119,7,Nitta Casings Inc.,unclassified food/bev mfr,,Bridgewater,New Jersey,http://www.nittacasings.com,2.3603781E7,165,Private,BRUCE Zacharias — Finance Vice President,3,2,,co-man status UNKNOWN — needs website check; 2 email(s) in Hoovers; mid-market size fit; Northeast,not contacted,,
120,7,NutraScience Labs,confirmed co-man (public sweep),wet-frozen-supplements,Farmingdale,NY,https://www.nutrasciencelabs.com,,,,,0,0,Vincent Tricarico (COO & Executive Vice President),verified co-man (public sweep); Northeast,not contacted,,
121,7,"O.K. Industries, Inc.",likely co-man (D&B description),,Fort Smith,Arkansas,http://www.okfoods.com,4.1884331E7,4000,Private,Ronald Brown — Senior Vice President,3,0,,"D&B text mentions contract/private-label; 3 contact(s), no email flag; mid-market size fit",not contacted,,
122,7,"Ocean Spray International Services, Inc.",unclassified food/bev mfr,,Lakeville,Massachusetts,http://www.oceanspraymocktails.com,2.4695282E7,400,Private,Michael Mallozzi — Principal Fsqa Scientist Bevnet Lead Sanitation And Pest Control,3,2,,co-man status UNKNOWN — needs website check; 2 email(s) in Hoovers; mid-market size fit; Northeast,not contacted,,
123,7,"Overhill Farms, Inc.",likely co-man (D&B description),,Vernon,California,http://www.overhillfarms.com,8.1398827E7,94,Private,James Rudis — President,3,0,,"D&B text mentions contract/private-label; 3 contact(s), no email flag; mid-market size fit",not contacted,,
124,7,Paulaur Corporation,unclassified food/bev mfr,,Cranbury,New Jersey,http://www.paulaur.com,2.2468815E7,100,Private,Melany Shimp — Chief Operating Officer,3,2,,co-man status UNKNOWN — needs website check; 2 email(s) in Hoovers; mid-market size fit; Northeast,not contacted,,
125,7,"Pepsi-Cola Bottling Company of New York, Inc.",unclassified food/bev mfr,,College Point,New York,http://www.pepsico.com,4.7794365E7,1300,Private,Harold Honickman — Principal,3,1,,co-man status UNKNOWN — needs website check; 1 email(s) in Hoovers; mid-market size fit; Northeast,not contacted,,
126,7,"Pepsi-Cola Newburgh Bottling Co., Inc.",unclassified food/bev mfr,,Newburgh,New York,http://www.pepsicolaofthehudsonvalley.com,2.3390408E7,150,Private,Tim Tenney — President Ceo,3,2,,co-man status UNKNOWN — needs website check; 2 email(s) in Hoovers; mid-market size fit; Northeast,not contacted,,
127,7,"Pepsi-Cola and National Brand Beverages, Ltd.",unclassified food/bev mfr,,Pennsauken,New Jersey,http://www.pepsi-nj.com,4.4920395E7,425,Private,Walter Wilkinson — Chief Financial Officer,3,2,,co-man status UNKNOWN — needs website check; 2 email(s) in Hoovers; mid-market size fit; Northeast,not contacted,,
128,7,"Perry's Ice Cream Company, Inc.",unclassified food/bev mfr,,Akron,New York,http://www.perrysicecream.com,3.544302E7,300,Private,Robert Denning — President,3,3,,co-man status UNKNOWN — needs website check; 3 email(s) in Hoovers; mid-market size fit; Northeast,not contacted,,
129,7,"Piantedosi Baking Co., Inc.",unclassified food/bev mfr,,Malden,Massachusetts,http://www.piantedosi.com,2.8946396E7,240,Private,Anthony Roscillo — Chief Operating Officer,3,2,,co-man status UNKNOWN — needs website check; 2 email(s) in Hoovers; mid-market size fit; Northeast,not contacted,,
130,7,"Plenus Group, Inc.",unclassified food/bev mfr,,Lowell,Massachusetts,http://www.pgifoods.com,2.5364435E7,50,Private,Stephen Post — Chief Financial Officer,3,2,,co-man status UNKNOWN — needs website check; 2 email(s) in Hoovers; mid-market size fit; Northeast,not contacted,,
131,7,"Post Consumer Brands, LLC",likely co-man (D&B description),,Lakeville,Minnesota,http://www.postconsumerbrands.com,2.5991797000000003E8,405,Private,Michelle Krebs — Principal Recruiter,3,0,,"D&B text mentions contract/private-label; 3 contact(s), no email flag; mid-market size fit",not contacted,,
132,7,"Premio Foods, Inc.",unclassified food/bev mfr,,Fair Lawn,New Jersey,http://www.premiofoods.com,8.6678429E7,160,Private,Steven Cinque — Vice President,3,1,,co-man status UNKNOWN — needs website check; 1 email(s) in Hoovers; mid-market size fit; Northeast,not contacted,,
133,7,Private Label Foods of Rochester,confirmed co-man (public sweep),wet-frozen-supplements,Rochester,NY,https://privatelabelfoods.com,,~28 (ZoomInfo),,,0,0,Bonnie Lavorato (CEO & President),verified co-man (public sweep); Northeast,not contacted,,
134,7,Puratos Corporation,unclassified food/bev mfr,,Pennsauken,New Jersey,http://www.puratos.us,5.1633313E8,1300,Private,Annmarie Earle — Finance Vice President,3,3,,co-man status UNKNOWN — needs website check; 3 email(s) in Hoovers; mid-market size fit; Northeast,not contacted,,
135,7,"Rhino Foods, Inc.",unclassified food/bev mfr,,Burlington,Vermont,http://www.rhinofoods.com,2.8433544E7,219,Private,Mike Whitney — Chief Financial Officer,3,3,,co-man status UNKNOWN — needs website check; 3 email(s) in Hoovers; mid-market size fit; Northeast,not contacted,,
136,7,Rockland Bakery Inc.,unclassified food/bev mfr,,Nanuet,New York,http://www.rocklandbakery.com,4.7251175E7,450,Private,Sal Battaglia — President,3,1,,co-man status UNKNOWN — needs website check; 1 email(s) in Hoovers; mid-market size fit; Northeast,not contacted,,
137,7,"Rosina Food Products, Inc.",unclassified food/bev mfr,,Buffalo,New York,http://www.rosina.com,2.8735352E7,178,Private,Alejandra Andujar — Principal,3,2,,co-man status UNKNOWN — needs website check; 2 email(s) in Hoovers; mid-market size fit; Northeast,not contacted,,
138,7,Royal Wine Corporation,unclassified food/bev mfr,,Bayonne,New Jersey,http://www.royalwine.com,4.4271E7,202,Private,Efrem Schnoll — chief financial officer,3,2,,co-man status UNKNOWN — needs website check; 2 email(s) in Hoovers; mid-market size fit; Northeast,not contacted,,
139,7,"SEATRADE INTERNATIONAL CO., LLC",unclassified food/bev mfr,,New Bedford,Massachusetts,http://www.eastcoastseafoodgroup.com,1.8E8,60,Private,Teressa Blanchett — Principal,3,1,,co-man status UNKNOWN — needs website check; 1 email(s) in Hoovers; mid-market size fit; Northeast,not contacted,,
140,7,"Sabatino North America, LLC",unclassified food/bev mfr,,West Haven,Connecticut,http://www.sabatino1911.com,2.4928904E7,85,Private,Vincent Jeanseaume — Vice President,3,3,,co-man status UNKNOWN — needs website check; 3 email(s) in Hoovers; mid-market size fit; Northeast,not contacted,,
141,7,Saturn Petcare Inc.,unclassified food/bev mfr,,Lincoln Park,New Jersey,,4.896994E7,388,Private,Maarten Moog — Chief Executive Officer,3,2,,co-man status UNKNOWN — needs website check; 2 email(s) in Hoovers; mid-market size fit; Northeast,not contacted,,
142,7,"Seabrook Brothers & Sons, Inc.",unclassified food/bev mfr,,Bridgeton,New Jersey,http://www.seabrookfarms.com,4.6308903E7,200,Private,Wes Seabrook — Vice President Engineering,3,3,,co-man status UNKNOWN — needs website check; 3 email(s) in Hoovers; mid-market size fit; Northeast,not contacted,,
143,7,"Setton's International Foods, Inc.",unclassified food/bev mfr,,Commack,New York,http://www.settonfarms.com,8.5186493E7,370,Private,Harris Cohen — Principal,3,1,,co-man status UNKNOWN — needs website check; 1 email(s) in Hoovers; mid-market size fit; Northeast,not contacted,,
144,7,"SmartPak Equine, LLC",unclassified food/bev mfr,,Plymouth,Massachusetts,http://www.smartpakequine.com,3.2304713999999996E7,588,Private,Katie Troyanoski — President And Cmo,3,2,,co-man status UNKNOWN — needs website check; 2 email(s) in Hoovers; mid-market size fit; Northeast,not contacted,,
145,7,"Spindrift Beverage Co., Inc.",unclassified food/bev mfr,,Newton,Massachusetts,http://www.drinkspindrift.com,9.6644249E7,200,Private,Chad Palma — President Of Sales,3,1,,co-man status UNKNOWN — needs website check; 1 email(s) in Hoovers; mid-market size fit; Northeast,not contacted,,
146,7,The Pictsweet Company,likely co-man (D&B description),,Bells,Tennessee,http://www.pictsweetfarms.com,4.0331735E8,1200,Private,Wesley Eubanks — President,3,0,,"D&B text mentions contract/private-label; 3 contact(s), no email flag; mid-market size fit",not contacted,,
147,7,"Thumann, Incorporated",unclassified food/bev mfr,,Carlstadt,New Jersey,http://www.thumanns.com,8.1181496E7,205,Private,Robert Burke — President,3,1,,co-man status UNKNOWN — needs website check; 1 email(s) in Hoovers; mid-market size fit; Northeast,not contacted,,
148,7,"Tower Isles Frozen Foods, Ltd.",unclassified food/bev mfr,,Brooklyn,New York,http://www.towerislespatties.com,2.0E7,73,Private,Patrick Jolly — President,3,1,,co-man status UNKNOWN — needs website check; 1 email(s) in Hoovers; mid-market size fit; Northeast,not contacted,,
149,7,Two Roads Brewing Company,confirmed co-man (public sweep),beverage,Stratford,CT,https://tworoadsbrewing.com/,,,,,0,0,Brad Hittle (CEO & Co-founder),verified co-man (public sweep); Northeast,not contacted,,
150,7,"Ventura Foods, LLC",likely co-man (D&B description),,Irvine,California,http://www.venturafoods.com,2.0512917000000002E9,2600,Private,Christopher Furman — President,3,3,,D&B text mentions contract/private-label; 3 email(s) in Hoovers; large,not contacted,,
151,7,"Virginia Dare Extract Co., Inc.",unclassified food/bev mfr,,Brooklyn,New York,http://www.virginiadare.com,6.8261688E7,175,Private,Howard Smith — Chief Executive Officer,3,2,,co-man status UNKNOWN — needs website check; 2 email(s) in Hoovers; mid-market size fit; Northeast,not contacted,,
152,7,Vitaquest International,confirmed co-man (public sweep),wet-frozen-supplements,West Caldwell,NJ,https://vitaquest.com,$100-249.9M (ZoomInfo est.),500-999 (ZoomInfo est.),,,0,0,Patrick Brueggman (President & CEO),verified co-man (public sweep); Northeast,not contacted,,
153,7,"Welch Foods Inc., A Cooperative",unclassified food/bev mfr,,Waltham,Massachusetts,http://www.welchs.com,7.6683148E8,1000,Private,Trevor Bynum — Chief Executive Officer,3,3,,co-man status UNKNOWN — needs website check; 3 email(s) in Hoovers; mid-market size fit; Northeast,not contacted,,
154,7,"West Liberty Foods, L.L.C.",likely co-man (D&B description),,West Liberty,Iowa,http://www.wlfoods.com,4.771554E8,1650,Private,Andrew Beasmore — Chief Financial Officer,3,0,,"D&B text mentions contract/private-label; 3 contact(s), no email flag; mid-market size fit",not contacted,,
155,7,Wonton Food Inc.,unclassified food/bev mfr,,Brooklyn,New York,http://www.wontonfood.com,6.379723E7,200,Private,David Rudofsky — Chief Financial Officer,3,2,,co-man status UNKNOWN — needs website check; 2 email(s) in Hoovers; mid-market size fit; Northeast,not contacted,,
156,7,"Wyandot USA, LLC",likely co-man (D&B description),,Marion,Ohio,http://www.wyandotsnacks.com,2.4628695E7,300,Private,Rex Parrott — President Chief Operating Officer,3,0,,"D&B text mentions contract/private-label; 3 contact(s), no email flag; mid-market size fit",not contacted,,
157,6,5700 W Adams Corp.,unclassified food/bev mfr,,Los Angeles,California,http://www.felbro.com,4.5009495E7,120,Private,Daniel Ari Feldmar — Chief Operating Officer,3,1,,co-man status UNKNOWN — needs website check; 1 email(s) in Hoovers; mid-market size fit,not contacted,,
158,6,"A. L. Schutzman Company, Inc.",unclassified food/bev mfr,,Waukesha,Wisconsin,http://www.alschutzman.com,2.2296774E7,75,Private,Joel Knudson — Vice President And Chief Financial Officer,3,3,,co-man status UNKNOWN — needs website check; 3 email(s) in Hoovers; mid-market size fit,not contacted,,
159,6,AAK USA INC.,unclassified food/bev mfr,,Edison,New Jersey,http://www.aak.com,4.874979E7,255,Private,,3,3,,co-man status UNKNOWN — needs website check; 3 email(s) in Hoovers; mid-market size fit; Northeast,not contacted,,
160,6,"ACADIANA BOTTLING CO., INC.",unclassified food/bev mfr,,Youngsville,Louisiana,http://www.acadianabottling.com,2.2434759E7,180,Private,Jessica Willis — PresidentCeo,3,1,,co-man status UNKNOWN — needs website check; 1 email(s) in Hoovers; mid-market size fit,not contacted,,
161,6,AFC Dissolution Corp.,unclassified food/bev mfr,,Walkerville,Michigan,http://www.arbrefarms.com,2.1512144E7,300,Private,C Johnson — President,3,1,,co-man status UNKNOWN — needs website check; 1 email(s) in Hoovers; mid-market size fit,not contacted,,
162,6,AG Processing Inc A Cooperative,unclassified food/bev mfr,,Omaha,Nebraska,http://www.agp.com,5.8360439E9,1456,Private,Ghulam Patel — President,3,2,,co-man status UNKNOWN — needs website check; 2 email(s) in Hoovers; mid-market size fit,not contacted,,
163,6,"AMERICANNA WELLNESS, INC.",unclassified food/bev mfr,,Bellingham,Washington,http://www.dragonpainrelief.com,2.7E7,51,Private,Roger Daniels — Senior Vice President,3,1,,co-man status UNKNOWN — needs website check; 1 email(s) in Hoovers; mid-market size fit,not contacted,,
164,6,AZPACK (Arizona Production & Packaging),confirmed co-man (public sweep),beverage,Tempe,AZ,https://www.azpack.com/,,,,,0,0,Peter Reilly (Co-founder),verified co-man (public sweep),not contacted,,
165,6,Abita Brewing Company,confirmed co-man (public sweep),beverage,Abita Springs,LA,https://abita.com/,,,,,0,0,Troy Ashley (President (per 2026 trade press; earlier sources name David Blossman)),verified co-man (public sweep),not contacted,,
166,6,Able Sales Company Inc.,unclassified food/bev mfr,,Catano,Puerto Rico,http://www.ablesales.com,5.0950787E7,150,Private,Maria Felix — Vice President Industrial Division,3,2,,co-man status UNKNOWN — needs website check; 2 email(s) in Hoovers; mid-market size fit,not contacted,,
167,6,"Adams Beverages Of North Carolina, LLC",unclassified food/bev mfr,,Charlotte,North Carolina,http://www.adamsbeverages.net,2.6165194E7,700,Private,Donnie Bobbitt — chief financial officer,3,2,,co-man status UNKNOWN — needs website check; 2 email(s) in Hoovers; mid-market size fit,not contacted,,
168,6,Agri Star Meat & Poultry LLC,unclassified food/bev mfr,,Postville,Iowa,http://www.agristarmeat.com,2.5175571E7,325,Private,Daniel Hirsch — President,3,2,,co-man status UNKNOWN — needs website check; 2 email(s) in Hoovers; mid-market size fit,not contacted,,
169,6,"Ajinomoto Foods North America, Inc.",unclassified food/bev mfr,,Ontario,California,http://www.ajinomotofoods.com,4.9545648E8,2800,Private,Monique Auyeung — Principal Food Scientist,3,3,,co-man status UNKNOWN — needs website check; 3 email(s) in Hoovers; mid-market size fit,not contacted,,
170,6,"Alamance Foods, Inc.",unclassified food/bev mfr,,Burlington,North Carolina,http://www.alamancefoods.com,6.3310802E7,180,Private,Nick Wong — President,3,3,,co-man status UNKNOWN — needs website check; 3 email(s) in Hoovers; mid-market size fit,not contacted,,
171,6,Alimenta USA Corp.,unclassified food/bev mfr,,Atlanta,Georgia,http://www.alimentausacorp.com,2.2461912E7,191,Private,Daniele Frappelli — Chief Executive Officer,3,3,,co-man status UNKNOWN — needs website check; 3 email(s) in Hoovers; mid-market size fit,not contacted,,
172,6,Alphia Inc.,unclassified food/bev mfr,,Bern,Kansas,http://www.alphia.com,5.0551324E8,646,Private,John Bear — Chief Operating Officer,3,2,,co-man status UNKNOWN — needs website check; 2 email(s) in Hoovers; mid-market size fit,not contacted,,
173,6,Amalgamated Sugar Company,unclassified food/bev mfr,,Boise,Idaho,http://www.amalgamatedsugar.com,5.0527368E8,1500,Private,Craig Hanks — Chief Financial Officer Treasurer,3,1,,co-man status UNKNOWN — needs website check; 1 email(s) in Hoovers; mid-market size fit,not contacted,,
174,6,"American Custom Meats, LLC",unclassified food/bev mfr,,Tracy,California,http://www.acmeats.com,3.9360443E7,88,Private,Roderick Jones — Vice President Of Foodservice,3,3,,co-man status UNKNOWN — needs website check; 3 email(s) in Hoovers; mid-market size fit,not contacted,,
175,6,"American Fruits and Flavors, LLC",unclassified food/bev mfr,,San Fernando,California,http://www.americanfruits-flavors.com,6.6317436E7,190,Private,Nic Campbell — Senior Vice President Of Global Operations,3,3,,co-man status UNKNOWN — needs website check; 3 email(s) in Hoovers; mid-market size fit,not contacted,,
176,6,American Pasteurization Company LLC,unclassified food/bev mfr,,Milwaukee,Wisconsin,http://www.americanpasteurizationcompany.com,2.4747683E7,150,Private,Justin Segel — President,3,2,,co-man status UNKNOWN — needs website check; 2 email(s) in Hoovers; mid-market size fit,not contacted,,
177,6,American Pop Corn Company,unclassified food/bev mfr,,Sioux City,Iowa,http://www.jollytime.com,2.6457937E7,180,Private,Steven Huisenga — Chief Executive Officer,3,1,,co-man status UNKNOWN — needs website check; 1 email(s) in Hoovers; mid-market size fit,not contacted,,
178,6,"Amerisource Health Services, LLC",unclassified food/bev mfr,,Columbus,Ohio,http://www.americanhealthpackaging.com,2.4029167E7,89,Private,Sascha Kellermann — Senior Vice President General Manager,3,2,,co-man status UNKNOWN — needs website check; 2 email(s) in Hoovers; mid-market size fit,not contacted,,
179,6,"Anderson Dairy, Inc.",unclassified food/bev mfr,,Las Vegas,Nevada,http://www.andersondairy.com,2.5592529E7,200,Private,Harold Bellanger — President,3,3,,co-man status UNKNOWN — needs website check; 3 email(s) in Hoovers; mid-market size fit,not contacted,,
180,6,Anderson Erickson Dairy Co.,unclassified food/bev mfr,,Des Moines,Iowa,http://www.aedairy.com,3.7339718E7,520,Private,Andrew Yakel — Chief Financial Officer,3,1,,co-man status UNKNOWN — needs website check; 1 email(s) in Hoovers; mid-market size fit,not contacted,,
181,6,Arizona Nutritional Supplements (ANS),confirmed co-man (public sweep),wet-frozen-supplements,Chandler,AZ,https://www.aznutritional.com,$219.8M (Owler est. 2026),"~154-249 (ests. vary; some sources 500-1,000 across locations)",,,0,0,Doug Reader (President & CEO (per promotion announcement; RocketReach lists Harrison Pappas as CEO)),verified co-man (public sweep),not contacted,,
182,6,"Associated Microbreweries, Inc.",unclassified food/bev mfr,,San Diego,California,http://www.karlstrauss.com,2.5721685E7,400,Private,Talya Lepejian — Chief Executive Officer And Founder,3,2,,co-man status UNKNOWN — needs website check; 2 email(s) in Hoovers; mid-market size fit,not contacted,,
183,6,"Aurora Packing Company, Inc.",unclassified food/bev mfr,,North Aurora,Illinois,http://www.aurorabeef.com,3.8569611E7,250,Private,Tim Ext — Chief Financial Officer,3,3,,co-man status UNKNOWN — needs website check; 3 email(s) in Hoovers; mid-market size fit,not contacted,,
184,6,"Austin Quality Foods, Inc.",unclassified food/bev mfr,,Cary,North Carolina,,2.7316986E7,1567,Private,Steve Grissom — Chief Financial Officer,3,1,,co-man status UNKNOWN — needs website check; 1 email(s) in Hoovers; mid-market size fit,not contacted,,
185,6,"Azteca Foods, Inc.",unclassified food/bev mfr,,Chicago,Illinois,http://www.aztecafoods.com,2.4100998E7,140,Private,Renee Togher — President,3,2,,co-man status UNKNOWN — needs website check; 2 email(s) in Hoovers; mid-market size fit,not contacted,,
186,6,"Azuma Foods International Inc.,USA",unclassified food/bev mfr,,Hayward,California,http://www.azumafoods.com,2.1270685E7,90,Private,Aca Yu — Business Owner,3,1,,co-man status UNKNOWN — needs website check; 1 email(s) in Hoovers; mid-market size fit,not contacted,,
187,6,B C Marketing Concepts Inc.,unclassified food/bev mfr,,Hood River,Oregon,http://www.fullsailbrewing.com,2.1393934E7,85,Private,Irene Firmat — President,3,2,,co-man status UNKNOWN — needs website check; 2 email(s) in Hoovers; mid-market size fit,not contacted,,
188,6,"BA Sports Nutrition, LLC",unclassified food/bev mfr,,Whitestone,New York,http://www.drinkbodyarmor.com,5.9434559E7,106,Private,,3,1,,co-man status UNKNOWN — needs website check; 1 email(s) in Hoovers; mid-market size fit; Northeast,not contacted,,
189,6,"BONGARDS' SOUTH, LLC",unclassified food/bev mfr,,Humboldt,Tennessee,http://www.bongards.com,2.388682E7,88,Private,Dennis Thomas — Chief Operating Officer,3,2,,co-man status UNKNOWN — needs website check; 2 email(s) in Hoovers; mid-market size fit,not contacted,,
190,6,Bacardi Bottling Corporation,unclassified food/bev mfr,,Jacksonville,Florida,http://www.bacardi.com,2.7136244E7,169,Private,Walter Rios — Principal,3,1,,co-man status UNKNOWN — needs website check; 1 email(s) in Hoovers; mid-market size fit,not contacted,,
191,6,Bacardi Corporation,unclassified food/bev mfr,,Catano,Puerto Rico,http://www.bacardi.com,4.740905E7,674,Private,Tony Latham — Regional President North America,3,1,,co-man status UNKNOWN — needs website check; 1 email(s) in Hoovers; mid-market size fit,not contacted,,
192,6,"Baily International, LLC",unclassified food/bev mfr,,Granite City,Illinois,http://www.bailyfoods.com,3.066828E7,300,Private,Steve Cameron — Founder PresidentCeo,3,2,,co-man status UNKNOWN — needs website check; 2 email(s) in Hoovers; mid-market size fit,not contacted,,
193,6,Bakery Barn,confirmed co-man (public sweep),snack-bakery,Pittsburgh,PA,https://bakery-barn.com,,~82 at PA plant (WARN notice),,,0,0,Sean Perich (Founder),verified co-man (public sweep),not contacted,,
194,6,"Bakery Express-Mid Atlantic, Inc.",unclassified food/bev mfr,,Halethorpe,Maryland,http://www.bakeryexpressusa.com,3.3108714999999996E7,125,Private,Charles Burman — President,3,1,,co-man status UNKNOWN — needs website check; 1 email(s) in Hoovers; mid-market size fit,not contacted,,
195,6,Bardstown Bourbon Company,confirmed co-man (public sweep),beverage,Bardstown,KY,https://www.bardstownbourbon.com/,,,,,0,0,Mark Erwin (CEO),verified co-man (public sweep),not contacted,,
196,6,Barry Callebaut U.S.A. LLC,unclassified food/bev mfr,,Chicago,Illinois,http://www.barry-callebaut.com,1.3057264E9,1646,Private,Peter Feld — Chief Executive Officer,3,2,,co-man status UNKNOWN — needs website check; 2 email(s) in Hoovers; mid-market size fit,not contacted,,
197,6,"Basic American, Inc.",unclassified food/bev mfr,,Walnut Creek,California,http://www.baf.com,3.5403183E8,1200,Private,George Hume — Chief Executive Officer,3,1,,co-man status UNKNOWN — needs website check; 1 email(s) in Hoovers; mid-market size fit,not contacted,,
198,6,"Battaglia Distributing Corp., Inc.",unclassified food/bev mfr,,Chicago,Illinois,http://www.battagliafoods.com,2.2833431E7,200,Private,Jim Battan — Vice President Sales,3,2,,co-man status UNKNOWN — needs website check; 2 email(s) in Hoovers; mid-market size fit,not contacted,,
199,6,"Beaumont Juice, LLC",unclassified food/bev mfr,,Beaumont,California,http://www.perriconefarms.com,2.4920464E7,98,Private,Thomas Carmody — PRINCIPAL,3,2,,co-man status UNKNOWN — needs website check; 2 email(s) in Hoovers; mid-market size fit,not contacted,,
200,6,"Belgioioso Cheese, Inc.",unclassified food/bev mfr,,Green Bay,Wisconsin,http://www.belgioioso.com,1.0577831E8,180,Private,Errico Auricchio — PRESIDENT,3,1,,co-man status UNKNOWN — needs website check; 1 email(s) in Hoovers; mid-market size fit,not contacted,,
201,6,"BellRing Brands, Inc.",unclassified food/bev mfr,,Saint Louis,Missouri,http://www.bellring.com,2.3166001E9,530,Public,Paul Rode — Chief Financial Officer,3,1,,co-man status UNKNOWN — needs website check; 1 email(s) in Hoovers; mid-market size fit,not contacted,,
202,6,"Bellissimo Distribution, LLC",unclassified food/bev mfr,,Bartlett,Illinois,http://www.grecoandsons.com,5.7737299E8,700,Private,Ron Derosa — Principal,3,3,,co-man status UNKNOWN — needs website check; 3 email(s) in Hoovers; mid-market size fit,not contacted,,
203,6,Berber Food Manufacturing LLC,unclassified food/bev mfr,,Elk Grove,California,http://www.mirancho.com,3.4069172E7,150,Private,Alex Berber — Vice President Of Sales Marketing,3,3,,co-man status UNKNOWN — needs website check; 3 email(s) in Hoovers; mid-market size fit,not contacted,,
204,6,Best Formulations,confirmed co-man (public sweep),wet-frozen-supplements,City of Industry,CA,https://www.bestformulations.com,$214.8M (VisualVisitor est.),~239 (VisualVisitor est.),,,0,0,Jeffrey Goh (CEO),verified co-man (public sweep),not contacted,,
205,6,Better Made Snack Foods Incorporated,unclassified food/bev mfr,,Detroit,Michigan,http://www.bettermade.com,2.3899849E7,152,Private,Barb Meyer — Chief Financial Officer,3,1,,co-man status UNKNOWN — needs website check; 1 email(s) in Hoovers; mid-market size fit,not contacted,,
206,6,"Biazzo Dairy Products, Inc.",unclassified food/bev mfr,,Ridgefield,New Jersey,http://www.biazzo.com,2.2045807E7,90,Private,,3,2,,co-man status UNKNOWN — needs website check; 2 email(s) in Hoovers; mid-market size fit; Northeast,not contacted,,
207,6,"Bimbo QSR Ohio, LLC",unclassified food/bev mfr,,Zanesville,Ohio,,4.9781422E7,360,Private,Joe McDilda — Vice President Research And Development,3,1,,co-man status UNKNOWN — needs website check; 1 email(s) in Hoovers; mid-market size fit,not contacted,,
208,6,"Bimbo QSR US, LLC",unclassified food/bev mfr,,Chicago,Illinois,http://www.bimboqsr.com,3.9613964E7,1700,Private,Sue Almanza — Group Vice President,3,1,,co-man status UNKNOWN — needs website check; 1 email(s) in Hoovers; mid-market size fit,not contacted,,
209,6,Bite Brands,confirmed co-man (public sweep),snack-bakery,Atlanta,GA,https://www.bitebrands.com,,,,,0,0,Kevin Holden (Founder & CEO),verified co-man (public sweep),not contacted,,
210,6,Blencor LLC,unclassified food/bev mfr,,Sealy,Texas,http://www.blencor.com,2.2577564E7,102,Private,Eulogio Fernandini — Chief Executive Officer,3,1,,co-man status UNKNOWN — needs website check; 1 email(s) in Hoovers; mid-market size fit,not contacted,,
211,6,"Blendex Company, LLC",unclassified food/bev mfr,,Louisville,Kentucky,http://www.blendex.com,2.2307451E7,62,Partnership,Tony Jessee — CooPresident,3,2,,co-man status UNKNOWN — needs website check; 2 email(s) in Hoovers; mid-market size fit,not contacted,,
212,6,"Boardman Foods, Inc.",unclassified food/bev mfr,,Boardman,Oregon,http://www.boardmanfoods.com,3.1397028E7,150,Private,Brian Maag — CeoPresident,3,3,,co-man status UNKNOWN — needs website check; 3 email(s) in Hoovers; mid-market size fit,not contacted,,
213,6,"Bob's Red Mill Natural Foods, Inc.",unclassified food/bev mfr,,Portland,Oregon,http://www.bobsredmill.com,8.9183609E7,200,Private,Bill Lozier — Chief Operating Officer,3,2,,co-man status UNKNOWN — needs website check; 2 email(s) in Hoovers; mid-market size fit,not contacted,,
214,6,Bongards' Creameries,unclassified food/bev mfr,,Norwood,Minnesota,http://www.bongards.com,4.2541756E7,350,Private,Robert Brinkman — Vice President Of Sales Foodservice,3,3,,co-man status UNKNOWN — needs website check; 3 email(s) in Hoovers; mid-market size fit,not contacted,,
215,6,"Bornstein Seafoods, Inc.",unclassified food/bev mfr,,Bellingham,Washington,http://www.bornstein.com,3.7148407E7,170,Private,Colin Bornstein — President,3,3,,co-man status UNKNOWN — needs website check; 3 email(s) in Hoovers; mid-market size fit,not contacted,,
216,6,"Braga Fresh Foods, LLC",unclassified food/bev mfr,,Salinas,California,http://www.bragafresh.com,2.097426E7,750,Private,Richard Warsaw — Vice President Food Safety Quality,3,2,,co-man status UNKNOWN — needs website check; 2 email(s) in Hoovers; mid-market size fit,not contacted,,
217,6,"Brakebush Brothers, Inc.",unclassified food/bev mfr,,Westfield,Wisconsin,http://www.brakebush.com,2.0369125E7,675,Private,Thomas Ludwig — Chief Financial Officer,3,2,,co-man status UNKNOWN — needs website check; 2 email(s) in Hoovers; mid-market size fit,not contacted,,
218,6,Brau Brothers Brewing Co.,confirmed co-man (public sweep),beverage,Marshall,MN,https://braubeer.com/,,,,,0,0,Dustin Brau (Founder),verified co-man (public sweep),not contacted,,
219,6,Brewster Cheese Company,unclassified food/bev mfr,,Brewster,Ohio,http://www.brewstercheese.com,4.4108807E7,410,Private,EMIL Alecusan — Vice President Chief Financial Officer,3,3,,co-man status UNKNOWN — needs website check; 3 email(s) in Hoovers; mid-market size fit,not contacted,,
220,6,Bridgford Food Processing Corporation,unclassified food/bev mfr,,Chicago,Illinois,http://www.bridgfordfoods.com,2.6639433E7,375,Private,Barren Bridgford — Chief Operating Officer,3,2,,co-man status UNKNOWN — needs website check; 2 email(s) in Hoovers; mid-market size fit,not contacted,,
221,6,"Brimhall Food Company, Inc.",unclassified food/bev mfr,,Memphis,Tennessee,http://www.brimsnacks.com,2.4594931E7,95,Private,Rebecca Brimhall — Vice President,3,1,,co-man status UNKNOWN — needs website check; 1 email(s) in Hoovers; mid-market size fit,not contacted,,
222,6,Bristol Farms,unclassified food/bev mfr,,Carson,California,http://www.bristolfarms.com,1.0682314E8,300,Private,Adam Caldecott — Chief Executive Officer,3,1,,co-man status UNKNOWN — needs website check; 1 email(s) in Hoovers; mid-market size fit,not contacted,,
223,6,Brothers International Desserts,unclassified food/bev mfr,,Santa Ana,California,http://www.brothersdesserts.com,4.6628132E7,420,Private,Chad Donvito — President,3,2,,co-man status UNKNOWN — needs website check; 2 email(s) in Hoovers; mid-market size fit,not contacted,,
224,6,Brown & Haley,unclassified food/bev mfr,,Fife,Washington,http://www.brown-haley.com,2.8375555E7,260,Private,John Melin — President Chief Operating Officer,3,3,,co-man status UNKNOWN — needs website check; 3 email(s) in Hoovers; mid-market size fit,not contacted,,
225,6,"Bruce Packing Company, Inc.",unclassified food/bev mfr,,Woodburn,Oregon,http://www.brucepac.com,5.7204018E7,800,Private,Glen Golomski — President And Chief Executive Officer,3,1,,co-man status UNKNOWN — needs website check; 1 email(s) in Hoovers; mid-market size fit,not contacted,,
226,6,"Buckhead Meat & Seafood of Houston, Inc.",unclassified food/bev mfr,,Houston,Texas,,4.858783E7,285,Private,Frank Quant — Principal,3,2,,co-man status UNKNOWN — needs website check; 2 email(s) in Hoovers; mid-market size fit,not contacted,,
227,6,"Buffalo Trace Distillery, Inc.",unclassified food/bev mfr,,Frankfort,Kentucky,http://www.buffalotracedistillery.com,1.2732286E8,200,Private,Scott Bordieri — Vice President Us Retail,3,3,,co-man status UNKNOWN — needs website check; 3 email(s) in Hoovers; mid-market size fit,not contacted,,
228,6,"Bumble Bee Seafoods, L.P.",unclassified food/bev mfr,,San Diego,California,http://www.bumblebee.com,2.1569008E7,150,Partnership,Jill Irvin — Senior Vice President General Counsel,3,1,,co-man status UNKNOWN — needs website check; 1 email(s) in Hoovers; mid-market size fit,not contacted,,
229,6,"Buono Vita, Inc.",unclassified food/bev mfr,,Bridgeton,New Jersey,http://www.buonavitainc.com,2.4937571E7,115,Private,,3,3,,co-man status UNKNOWN — needs website check; 3 email(s) in Hoovers; mid-market size fit; Northeast,not contacted,,
230,6,Burnett Dairy Cooperative,unclassified food/bev mfr,,Grantsburg,Wisconsin,http://www.burnettdairy.com,2.8423971E7,215,Private,Scott Briggs — Chief Operating Officer,3,3,,co-man status UNKNOWN — needs website check; 3 email(s) in Hoovers; mid-market size fit,not contacted,,
231,6,"Busken Bakery, Inc.",unclassified food/bev mfr,,Cincinnati,Ohio,http://www.busken.com,2.4539215E7,175,Private,Susan Holmes — President And Chief Executive Officer,3,2,,co-man status UNKNOWN — needs website check; 2 email(s) in Hoovers; mid-market size fit,not contacted,,
232,6,"Butterball Farms, Inc.",unclassified food/bev mfr,,Grand Rapids,Michigan,http://www.butterballfarms.com,2.6524803E7,135,Private,Lisa Van Schelven — Chief Operating Officer,3,2,,co-man status UNKNOWN — needs website check; 2 email(s) in Hoovers; mid-market size fit,not contacted,,
233,6,"Buzzballz, LLC",unclassified food/bev mfr,,Carrollton,Texas,http://www.buzzballz.com,1.0520609E8,170,Private,Merrilee Kick — Chief Executive Officer,3,2,,co-man status UNKNOWN — needs website check; 2 email(s) in Hoovers; mid-market size fit,not contacted,,
234,6,"C & F Packing Co., Inc.",unclassified food/bev mfr,,Lake Villa,Illinois,http://www.cfpacking.com,2.6334942E7,130,Private,Joseph Freda — President,3,3,,co-man status UNKNOWN — needs website check; 3 email(s) in Hoovers; mid-market size fit,not contacted,,
235,6,C C 1 Limited Partnership,unclassified food/bev mfr,,Bayamon,Puerto Rico,http://www.ccprb.com,4.9060599E8,816,Partnership,Julio Bravo — Vice President Operations,3,1,,co-man status UNKNOWN — needs website check; 1 email(s) in Hoovers; mid-market size fit,not contacted,,
236,6,C. Mondavi & Family,unclassified food/bev mfr,,Saint Helena,California,http://www.ckmondavi.com,2.5480503E7,100,Private,Mike Spiegel — Chief Financial Officer,3,1,,co-man status UNKNOWN — needs website check; 1 email(s) in Hoovers; mid-market size fit,not contacted,,
237,6,"C.J. Foods, Inc.",unclassified food/bev mfr,,La Palma,California,http://www.cjfoods.com,2.2799065E7,80,Private,Jeongseok Oh — Principal Researcher,3,3,,co-man status UNKNOWN — needs website check; 3 email(s) in Hoovers; mid-market size fit,not contacted,,
238,6,CJ Bio America Inc.,unclassified food/bev mfr,,Fort Dodge,Iowa,http://www.cjbio.net,5.8450821E7,200,Private,Lance Choi — Chief Executive Officer Of Cj America Bio,3,1,,co-man status UNKNOWN — needs website check; 1 email(s) in Hoovers; mid-market size fit,not contacted,,
239,6,"CLARK BEVERAGE GROUP, INC.",unclassified food/bev mfr,,Oakland,Kentucky,http://www.ccclark.com,2.3323978E7,154,Private,Heath Williams — Chief Financial Officer,3,1,,co-man status UNKNOWN — needs website check; 1 email(s) in Hoovers; mid-market size fit,not contacted,,
240,6,CLEMENTS FOODS CO.,unclassified food/bev mfr,,Oklahoma City,Oklahoma,http://www.clementsfoodscompany.com,4.5774658E7,235,Private,Mike Martin — Vice President Operations,3,3,,co-man status UNKNOWN — needs website check; 3 email(s) in Hoovers; mid-market size fit,not contacted,,
241,6,"CRESTONE GROUP, LLC",unclassified food/bev mfr,,Carlsbad,California,http://www.crestone-group.com,2.0134777E7,300,Private,James Pettit — President Chief Executive Officer,3,2,,co-man status UNKNOWN — needs website check; 2 email(s) in Hoovers; mid-market size fit,not contacted,,
242,6,"CTI Foods Texas Soups, LLC",unclassified food/bev mfr,,Saginaw,Texas,http://www.ctifoods.com,4.7761997E7,200,Private,Corey Arrick — President Chief Operations Officer,3,1,,co-man status UNKNOWN — needs website check; 1 email(s) in Hoovers; mid-market size fit,not contacted,,
243,6,"CTI Foods Wilder, LLC",unclassified food/bev mfr,,Wilder,Idaho,,2.3297842E7,500,Private,Phillip Sanders — Vice President Of Sales,3,2,,co-man status UNKNOWN — needs website check; 2 email(s) in Hoovers; mid-market size fit,not contacted,,
244,6,Cacique Foods LLC,unclassified food/bev mfr,,Irving,Texas,http://www.caciquefoods.com,1.0618364E8,242,Private,Francoise Mattice — Chief Financial Officer,3,1,,co-man status UNKNOWN — needs website check; 1 email(s) in Hoovers; mid-market size fit,not contacted,,
245,6,Cakebread Cellars,unclassified food/bev mfr,,Rutherford,California,http://www.cakebread.com,2.1636934E7,60,Private,Jack Cakebread — Chief Executive Officer,3,3,,co-man status UNKNOWN — needs website check; 3 email(s) in Hoovers; mid-market size fit,not contacted,,
246,6,"California Natural Products, LLC",unclassified food/bev mfr,,Lathrop,California,http://www.gehlfoodandbeverage.com,3.7758202E7,375,Private,Craig Lemieux — Chief Executive Officer,3,3,,co-man status UNKNOWN — needs website check; 3 email(s) in Hoovers; mid-market size fit,not contacted,,
247,6,Calpack Foods,confirmed co-man (public sweep),wet-frozen-supplements,Torrance,CA,http://www.calpackfoods.com,,,,,0,0,Susan Ricci (CEO (also CEO of HPP Food Services)),verified co-man (public sweep),not contacted,,
248,6,Cameron's Coffee and Distribution Company,unclassified food/bev mfr,,Shakopee,Minnesota,http://www.cameronscoffee.com,2.3378935E7,143,Private,Joshua Anderson — Chief Executive Officer,3,2,,co-man status UNKNOWN — needs website check; 2 email(s) in Hoovers; mid-market size fit,not contacted,,
249,6,"Camino Real Foods, Inc.",unclassified food/bev mfr,,Los Angeles,California,http://www.caminorealkitchens.com,4.7911819E7,410,Private,Rob Cross — President,3,2,,co-man status UNKNOWN — needs website check; 2 email(s) in Hoovers; mid-market size fit,not contacted,,
250,6,"Camp Hill Confections, LLC",unclassified food/bev mfr,,York,Pennsylvania,http://www.warrellcorp.com,4.6426708E7,112,Private,Patricia Zwergel — President Acting Chief Executive Officer,3,3,,co-man status UNKNOWN — needs website check; 3 email(s) in Hoovers; mid-market size fit,not contacted,,
251,6,"Campofrio Food Group - America, Inc.",unclassified food/bev mfr,,South Chesterfield,Virginia,http://www.fioruccifoods.com,2.4690378E7,175,Private,Mark Bragelone — Vice President,3,1,,co-man status UNKNOWN — needs website check; 1 email(s) in Hoovers; mid-market size fit,not contacted,,
252,6,Canada Dry Potomac Corporation,unclassified food/bev mfr,,Hyattsville,Maryland,http://www.cdpotomac.com,2.6908173E7,575,Private,Marvin Goldstein — Vice President,3,1,,co-man status UNKNOWN — needs website check; 1 email(s) in Hoovers; mid-market size fit,not contacted,,
253,6,"Carolina Canners, Inc.",unclassified food/bev mfr,,Cheraw,South Carolina,http://www.carolinacanners.com,4.2011497E7,335,Private,Jeff Stevens — Chief Executive Officer,3,2,,co-man status UNKNOWN — needs website check; 2 email(s) in Hoovers; mid-market size fit,not contacted,,
254,6,"Casper's Ice Cream, LLC",unclassified food/bev mfr,,Richmond,Utah,http://www.caspersicecream.com,3.2193607E7,96,Private,Tia Bailey — Executive Vice President Human Resources,3,3,,co-man status UNKNOWN — needs website check; 3 email(s) in Hoovers; mid-market size fit,not contacted,,
255,6,Catallia Mexican Foods LLC,unclassified food/bev mfr,,Eagan,Minnesota,http://www.catallia.com,2.1074291E7,80,Private,Isaiha Peralta — Principal,3,2,,co-man status UNKNOWN — needs website check; 2 email(s) in Hoovers; mid-market size fit,not contacted,,
256,6,"Cereal Ingredients, Inc.",unclassified food/bev mfr,,Leavenworth,Kansas,http://www.ciifoods.com,4.0263935E7,210,Private,John Waldron — Chief Operating Officer,3,1,,co-man status UNKNOWN — needs website check; 1 email(s) in Hoovers; mid-market size fit,not contacted,,
257,6,"Champion Foods, L.L.C.",unclassified food/bev mfr,,New Boston,Michigan,http://www.championfoods.com,4.9006931E7,300,Private,Jonathan Buring — Executive Vice President,3,1,,co-man status UNKNOWN — needs website check; 1 email(s) in Hoovers; mid-market size fit,not contacted,,
258,6,"Chattanooga Bakery, Inc.",unclassified food/bev mfr,,Chattanooga,Tennessee,http://www.moonpie.com,2.4689445E7,135,Private,Thomas Murphy — Principal And Member Attorney,3,1,,co-man status UNKNOWN — needs website check; 1 email(s) in Hoovers; mid-market size fit,not contacted,,
259,6,"Chef John Folse & Co.,  L.L.C.",unclassified food/bev mfr,,Gonzales,Louisiana,http://www.jfolse.com,2.4565405E7,320,Private,Robert Obrien — Principal,3,1,,co-man status UNKNOWN — needs website check; 1 email(s) in Hoovers; mid-market size fit,not contacted,,
260,6,Chesapeake Spice Co. LLC,unclassified food/bev mfr,,Belcamp,Maryland,http://www.chesapeakespice.com,2.3512529E7,140,Private,Sam Casale — Chief Financial Officer,3,2,,co-man status UNKNOWN — needs website check; 2 email(s) in Hoovers; mid-market size fit,not contacted,,
261,6,"Choice U.S.A. Beverage, Inc.",unclassified food/bev mfr,,Lowell,North Carolina,http://www.choiceusabeverage.com,2.3193754E7,120,Private,LINDA Medley — PRESIDENT,3,2,,co-man status UNKNOWN — needs website check; 2 email(s) in Hoovers; mid-market size fit,not contacted,,
262,6,"Clougherty Packing, LLC",unclassified food/bev mfr,,Los Angeles,California,http://farmerjohn.sfdbrands.com,4.0386944E7,1300,Private,Ernie Arauza — Vice President Human Resources,3,3,,co-man status UNKNOWN — needs website check; 3 email(s) in Hoovers; mid-market size fit,not contacted,,
263,6,Clover Farms Dairy Company,unclassified food/bev mfr,,Reading,Pennsylvania,http://www.cloverfarms.com,4.8165928E7,285,Private,John Rothenberger — Chief Financial Officer,3,2,,co-man status UNKNOWN — needs website check; 2 email(s) in Hoovers; mid-market size fit,not contacted,,
264,6,Cloverdale Foods Company,unclassified food/bev mfr,,Mandan,North Dakota,http://www.cloverdalefoods.com,2.7939898E7,546,Private,Scott Russell — Chief Executive Officer President,3,2,,co-man status UNKNOWN — needs website check; 2 email(s) in Hoovers; mid-market size fit,not contacted,,
265,6,Cloverland Dairy Limited Partnership,unclassified food/bev mfr,,Baltimore,Maryland,http://www.cloverlanddairy.com,4.6527061E7,450,Partnership,James Cella — Vice President Dairy Operations,3,2,,co-man status UNKNOWN — needs website check; 2 email(s) in Hoovers; mid-market size fit,not contacted,,
266,6,Coca Cola Bottling Co Of Shreveport Inc,unclassified food/bev mfr,,Dallas,Texas,http://www.coca-cola.com,3.753669E7,300,Private,Deidre Jones — Senior Vice President And Chief People Officer,3,1,,co-man status UNKNOWN — needs website check; 1 email(s) in Hoovers; mid-market size fit,not contacted,,
267,6,"Coca-Cola Beverages Florida, LLC",unclassified food/bev mfr,,Tampa,Florida,http://www.cokeflorida.com,5.4950476E8,1000,Private,Duane Still — Chief Financial Officer,3,1,,co-man status UNKNOWN — needs website check; 1 email(s) in Hoovers; mid-market size fit,not contacted,,
268,6,"Coca-Cola Bottling Company of New York, Inc., The",unclassified food/bev mfr,,Atlanta,Georgia,http://www.cocacolaunited.com,4.3248196E8,164,Private,Rima Shehadeh — Principal Auditor,3,3,,co-man status UNKNOWN — needs website check; 3 email(s) in Hoovers; mid-market size fit,not contacted,,
269,6,Coca-Cola Bottling Company of Wisconsin (del),unclassified food/bev mfr,,Niles,Illinois,http://www.reyescocacola.com,4.9520592E7,400,Private,James McArthur — Senior Vice President Operations,3,2,,co-man status UNKNOWN — needs website check; 2 email(s) in Hoovers; mid-market size fit,not contacted,,
270,6,Coca-Cola Business Services North America LLC,unclassified food/bev mfr,,Atlanta,Georgia,http://www.ccbss.com,5.544313E7,150,Private,Robert Su — Chief Financial Officer,3,2,,co-man status UNKNOWN — needs website check; 2 email(s) in Hoovers; mid-market size fit,not contacted,,
271,6,"Coleman Natural Foods, LLC",unclassified food/bev mfr,,Golden,Colorado,http://www.colemannatural.com,2.4631119E7,2300,Private,Mark Hickman — Vice President Pork Operations,3,3,,co-man status UNKNOWN — needs website check; 3 email(s) in Hoovers; mid-market size fit,not contacted,,
272,6,Commercial Creamery Co.,unclassified food/bev mfr,,Spokane,Washington,http://www.cheesepowder.com,2.2060547E7,120,Private,William Gilmartin — Senior Vice President Of Operations,3,1,,co-man status UNKNOWN — needs website check; 1 email(s) in Hoovers; mid-market size fit,not contacted,,
273,6,Consolidated Mills,confirmed co-man (public sweep),wet-frozen-supplements,Houston,TX,https://consolidatedmills.com,,,,,0,0,Scott Vrana (President),verified co-man (public sweep),not contacted,,
274,6,Cookietree LLC,unclassified food/bev mfr,,Salt Lake City,Utah,http://www.cookietree.com,2.3603968E7,136,Private,Harold Rosemann — Chief Financial Officer Chief Operations Officer,3,3,,co-man status UNKNOWN — needs website check; 3 email(s) in Hoovers; mid-market size fit,not contacted,,
275,6,"Copper River Seafoods, Inc.",unclassified food/bev mfr,,Anchorage,Alaska,http://www.copperriverseafoods.com,5.0149975E7,230,Private,Brandi Zeman — Chief Financial Officer,3,2,,co-man status UNKNOWN — needs website check; 2 email(s) in Hoovers; mid-market size fit,not contacted,,
276,6,Corriere Quest Capital Co.,unclassified food/bev mfr,,Easton,Pennsylvania,http://www.keystonesnacks.com,2.2565132E7,150,Private,William Corriere — Chief Executive Officer,3,1,,co-man status UNKNOWN — needs website check; 1 email(s) in Hoovers; mid-market size fit,not contacted,,
277,6,"Cosmax NBT Usa, Inc.",unclassified food/bev mfr,,Plano,Texas,http://www.cosmaxnbtusa.com,2.0310816E7,63,Private,Byung Lee — President,3,1,,co-man status UNKNOWN — needs website check; 1 email(s) in Hoovers; mid-market size fit,not contacted,,
278,6,"Country Fresh Batter, Inc.",unclassified food/bev mfr,,King OF Prussia,Pennsylvania,http://www.hopescookies.com,2.1921892E7,60,Private,Hope Spivak — President,3,1,,co-man status UNKNOWN — needs website check; 1 email(s) in Hoovers; mid-market size fit,not contacted,,
279,6,"Country Maid, Inc.",unclassified food/bev mfr,,West Bend,Iowa,http://www.countrymaid.net,4.0E7,90,Private,Ken Banwart — President,3,3,,co-man status UNKNOWN — needs website check; 3 email(s) in Hoovers; mid-market size fit,not contacted,,
280,6,Country Pure Foods,confirmed co-man (public sweep),beverage,Akron,OH,https://www.countrypure.com/,,,,,0,0,Tony Muscato (CEO),verified co-man (public sweep),not contacted,,
281,6,CraftMark Bakery,confirmed co-man (public sweep),snack-bakery,Indianapolis,IN,https://www.craftmarkbakery.com,,400+,,,0,0,Kurt Seagrist (CEO),verified co-man (public sweep),not contacted,,
282,6,Creative Foodworks,confirmed co-man (public sweep),wet-frozen-supplements,San Antonio,TX,https://creativefw.com,,,,,0,0,Dede Garcia (Owner),verified co-man (public sweep),not contacted,,
283,6,"Crimson Wine Group, Ltd.",unclassified food/bev mfr,,Napa,California,http://www.crimsonwinegroup.com,6.508499899999999E7,219,Public,"Jennifer Locke — Chief Executive Officer, Director",3,1,,co-man status UNKNOWN — needs website check; 1 email(s) in Hoovers; mid-market size fit,not contacted,,
284,6,"Crumbl Franchising, LLC",unclassified food/bev mfr,,Lindon,Utah,http://www.crumblcookies.com,1.5826564E8,139,Private,Brian Howell — Franchise Owner Operator President,3,2,,co-man status UNKNOWN — needs website check; 2 email(s) in Hoovers; mid-market size fit,not contacted,,
285,6,Crystal Creamery,confirmed co-man (public sweep),wet-frozen-supplements,Modesto,CA,https://crystalcreamery.com,,850+,,,0,0,Dennis Roberts (President & CEO),verified co-man (public sweep),not contacted,,
286,6,"Custom Culinary, Inc.",unclassified food/bev mfr,,Lombard,Illinois,http://www.customculinary.com,2.2935005E7,130,Private,Daniel Schlesinger — Principal,3,2,,co-man status UNKNOWN — needs website check; 2 email(s) in Hoovers; mid-market size fit,not contacted,,
287,6,Custom Foods of America Incorporated,unclassified food/bev mfr,,Knoxville,Tennessee,http://www.customfoods.net,2.7538307E7,300,Private,Graham Hunter — President,3,3,,co-man status UNKNOWN — needs website check; 3 email(s) in Hoovers; mid-market size fit,not contacted,,
288,6,D.B.C. Corporation,unclassified food/bev mfr,,Madison,Mississippi,http://www.pirouline.com,2.4166662E7,186,Private,Peter De Beukelaer — President,3,1,,co-man status UNKNOWN — needs website check; 1 email(s) in Hoovers; mid-market size fit,not contacted,,
289,6,"DG FOODS, LLC",unclassified food/bev mfr,,Hazlehurst,Mississippi,http://www.dgfoods.net,4.1490002E7,500,Private,Chris Carter — Chief Executive Officer,3,3,,co-man status UNKNOWN — needs website check; 3 email(s) in Hoovers; mid-market size fit,not contacted,,
290,6,"DP BRANDS, INC",unclassified food/bev mfr,,Salem,Oregon,http://www.donpancho.com,2.4861164E7,101,Private,Phillip Puentes — Vice President,3,2,,co-man status UNKNOWN — needs website check; 2 email(s) in Hoovers; mid-market size fit,not contacted,,
291,6,"DP CLOSING, LLC",unclassified food/bev mfr,,Yuma,Arizona,http://www.oasisdate.com,2.3500154E7,501,Private,Carl Padula — Chief Financial Officer,3,1,,co-man status UNKNOWN — needs website check; 1 email(s) in Hoovers; mid-market size fit,not contacted,,
292,6,Dairy State Foods,confirmed co-man (public sweep),snack-bakery,Glendale,WI,https://www.dairystatefoods.com,,~35,,,0,0,Lawrence Rabin (President),verified co-man (public sweep),not contacted,,
293,6,"Dalton's Best Maid Products, Incorporated",unclassified food/bev mfr,,Fort Worth,Texas,http://www.bestmaidpickles.com,3.0835499E7,250,Private,Brian Dalton — President And Chief Financial Officer,3,3,,co-man status UNKNOWN — needs website check; 3 email(s) in Hoovers; mid-market size fit,not contacted,,
294,6,"De Wafelbakkers, LLC.",unclassified food/bev mfr,,North Little Rock,Arkansas,http://www.dewafelbakkers.com,3.1574579E7,150,Private,Tim Beeson — Vice President Of Operations,3,2,,co-man status UNKNOWN — needs website check; 2 email(s) in Hoovers; mid-market size fit,not contacted,,
295,6,Dean Foods Company,likely co-man (D&B description),,Dallas,Texas,http://www.dfamilk.com,5.6549176E8,14500,Private,,3,3,,D&B text mentions contract/private-label; 3 email(s) in Hoovers; large,not contacted,,
296,6,"DecoPac, Inc.",unclassified food/bev mfr,,Anoka,Minnesota,http://www.decopac.com,4.901136E7,373,Private,Steven Twedell — Chief Financial Officer,3,3,,co-man status UNKNOWN — needs website check; 3 email(s) in Hoovers; mid-market size fit,not contacted,,
297,6,Del Mar Food Products Corp.,unclassified food/bev mfr,,Watsonville,California,http://www.delmarfoods.com,2.306398E7,100,Private,Paul Mecozzi — Chief Executive Officer,3,3,,co-man status UNKNOWN — needs website check; 3 email(s) in Hoovers; mid-market size fit,not contacted,,
298,6,"Del Monte Fresh Produce N.A., Inc.",unclassified food/bev mfr,,Coral Gables,Florida,http://www.freshdelmonte.com,5.1884375E8,1550,Private,Rene Contreras — Principal,3,2,,co-man status UNKNOWN — needs website check; 2 email(s) in Hoovers; mid-market size fit,not contacted,,
299,6,"Deschutes Brewery, Inc.",unclassified food/bev mfr,,Bend,Oregon,http://www.deschutesbrewery.com,4.0886143E7,270,Private,Lisa Swanston — Chief Financial Officer,3,2,,co-man status UNKNOWN — needs website check; 2 email(s) in Hoovers; mid-market size fit,not contacted,,
300,6,"Destileria Serralles, Inc.",unclassified food/bev mfr,,Mercedita,Puerto Rico,http://www.donq.com,4.8400265E7,292,Private,John Meisler — Vice President Sales Serralles Usa,3,1,,co-man status UNKNOWN — needs website check; 1 email(s) in Hoovers; mid-market size fit,not contacted,,
301,6,"Diageo Americas, Inc.",unclassified food/bev mfr,,New York,New York,,1.25272E8,109,Private,,3,2,,co-man status UNKNOWN — needs website check; 2 email(s) in Hoovers; mid-market size fit; Northeast,not contacted,,
302,6,"Diana's Mexican Food Products, Inc.",unclassified food/bev mfr,,Norwalk,California,http://www.dianas.net,2.3318909E7,300,Private,Hortensia Magana — Vice President,3,2,,co-man status UNKNOWN — needs website check; 2 email(s) in Hoovers; mid-market size fit,not contacted,,
303,6,"Dieffenbach's Potato Chips, Inc.",unclassified food/bev mfr,,Womelsdorf,Pennsylvania,http://www.dieffenbachs.com,2.1297977E7,160,Private,Nevin Dieffenbach — Chief Executive Officer,3,2,,co-man status UNKNOWN — needs website check; 2 email(s) in Hoovers; mid-market size fit,not contacted,,
304,6,"Discoverfresh Foods, Inc.",unclassified food/bev mfr,,Greenville,South Carolina,http://www.dukesmayo.com,4.3332714E7,230,Private,Andrew Smart — Chief Executive Officer,3,1,,co-man status UNKNOWN — needs website check; 1 email(s) in Hoovers; mid-market size fit,not contacted,,
305,6,"Diversified Foods and Seasonings, L.L.C.",unclassified food/bev mfr,,Covington,Louisiana,http://www.diversified-foods.com,4.0383595E7,231,Private,James Joshua — Vice President Of Procurement,3,1,,co-man status UNKNOWN — needs website check; 1 email(s) in Hoovers; mid-market size fit,not contacted,,
306,6,"Dole Fresh Vegetables, Inc.",unclassified food/bev mfr,,Monterey,California,http://www.dole.com,1.3168857E8,2000,Private,Timothy Escamilla — Chief Executive Officer,3,3,,co-man status UNKNOWN — needs website check; 3 email(s) in Hoovers; mid-market size fit,not contacted,,
307,6,Don's Prepared Foods,confirmed co-man (public sweep),wet-frozen-supplements,Schwenksville,PA,https://donspreparedfoods.com,$25.7M (RocketReach est. 2025),,,,0,0,Victor Skloff (CEO & President),verified co-man (public sweep),not contacted,,
308,6,Drink Brez LLC,unclassified food/bev mfr,,West Palm Beach,Florida,,2.0E7,50,Private,Daniel Gelshteyn — Chief Operating Officer,3,3,,co-man status UNKNOWN — needs website check; 3 email(s) in Hoovers; mid-market size fit,not contacted,,
309,6,Dutch Treat Foods,confirmed co-man (public sweep),wet-frozen-supplements,Zeeland,MI,https://www.dutchtreatfoods.com,,~14 (ZoomInfo),,,0,0,Scott Brookens (President),verified co-man (public sweep),not contacted,,
310,6,"E & E Foods, Inc.",unclassified food/bev mfr,,Renton,Washington,http://www.eefoods.com,4.8399387E7,230,Private,Brad Momanski — President,3,3,,co-man status UNKNOWN — needs website check; 3 email(s) in Hoovers; mid-market size fit,not contacted,,
311,6,"ESSENTIA BY-PRODUCT SOLUTIONS, LLC",unclassified food/bev mfr,,Arion,Iowa,http://www.lauridsengroupinc.com,4.5656921E7,225,Private,Melissa Oborny — Vice President Finance,3,2,,co-man status UNKNOWN — needs website check; 2 email(s) in Hoovers; mid-market size fit,not contacted,,
312,6,Eagle Park Brewing & Distilling,confirmed co-man (public sweep),beverage,Milwaukee,WI,https://www.eagleparkbrewing.com/,,,,,0,0,Max Borgardt (Co-founder),verified co-man (public sweep),not contacted,,
313,6,"Echo Lake Foods, LLC",unclassified food/bev mfr,,Burlington,Wisconsin,http://www.echolakefoods.com,4.8434879E7,200,Private,Dave Jordan — President,3,1,,co-man status UNKNOWN — needs website check; 1 email(s) in Hoovers; mid-market size fit,not contacted,,
314,6,Econo-Pak,confirmed co-man (public sweep),snack-bakery,Milford,PA,https://www.econo-pak.com,,800+,,,0,0,PJ Wiebel (CEO),verified co-man (public sweep),not contacted,,
315,6,"Eden Foods, Inc.",unclassified food/bev mfr,,Clinton,Michigan,http://store.edenfoods.com,2.2978691E7,140,Private,Massimo Damore — Chief Executive Officer,3,2,,co-man status UNKNOWN — needs website check; 2 email(s) in Hoovers; mid-market size fit,not contacted,,
316,6,Edward Marc Brands LLC,unclassified food/bev mfr,,Pittsburgh,Pennsylvania,http://www.edwardmarc.com,2.9961857E7,100,Private,Dana Edwards Manatos — Founder Ceo,3,2,,co-man status UNKNOWN — needs website check; 2 email(s) in Hoovers; mid-market size fit,not contacted,,
317,6,"Egg Innovations, LLC",unclassified food/bev mfr,,Warsaw,Indiana,http://www.egginnovations.com,4.5768932E7,77,Private,Brian Klepke — Chief Operating Officer,3,3,,co-man status UNKNOWN — needs website check; 3 email(s) in Hoovers; mid-market size fit,not contacted,,
318,6,"Egglife Foods, Inc.",unclassified food/bev mfr,,Wolcott,Indiana,http://www.egglifefoods.com,2.4619383E7,135,Private,David Kroll — Chief Executive Officer,3,3,,co-man status UNKNOWN — needs website check; 3 email(s) in Hoovers; mid-market size fit,not contacted,,
319,6,"El Encanto, Inc.",unclassified food/bev mfr,,Albuquerque,New Mexico,http://www.buenofoods.com,2.4616837E7,400,Private,Velichko Baltashki — Business Owner,3,1,,co-man status UNKNOWN — needs website check; 1 email(s) in Hoovers; mid-market size fit,not contacted,,
320,6,El Pinto Foods (El Pinto Co-Packing),confirmed co-man (public sweep),wet-frozen-supplements,Albuquerque,NM,https://elpintocopacking.com,,,,,0,0,Jim Thomas (Co-owner),verified co-man (public sweep),not contacted,,
321,6,Element Bars,confirmed co-man (public sweep),snack-bakery,Chicago,IL,https://www.elementbars.com,,,,,0,0,Jonathan Miller (Founder & CEO),verified co-man (public sweep),not contacted,,
322,6,"Elmer Candy, LLC",unclassified food/bev mfr,,Ponchatoula,Louisiana,http://www.elmerchocolate.com,2.9420502E7,300,Private,Robert Nelson — Chief Executive Officer,3,2,,co-man status UNKNOWN — needs website check; 2 email(s) in Hoovers; mid-market size fit,not contacted,,
323,6,"Enfield Farms, Inc.",unclassified food/bev mfr,,Lynden,Washington,http://www.enfieldfarms.com,2.3779278E7,107,Private,Marvin Enfield — President,3,1,,co-man status UNKNOWN — needs website check; 1 email(s) in Hoovers; mid-market size fit,not contacted,,
324,6,"Epic Enterprises, Inc.",unclassified food/bev mfr,,Ayer,Massachusetts,http://www.epicenterprisesinc.com,3.1140648E7,85,Private,,3,1,,co-man status UNKNOWN — needs website check; 1 email(s) in Hoovers; mid-market size fit; Northeast,not contacted,,
325,6,"Euro Foods, Inc.",unclassified food/bev mfr,,Freeland,Pennsylvania,http://usa.citterio.com,5.170052E7,250,Private,Giorgio Albrieux — Chief Financial Officer,3,1,,co-man status UNKNOWN — needs website check; 1 email(s) in Hoovers; mid-market size fit,not contacted,,
326,6,"Evans Foods, Inc.",unclassified food/bev mfr,,Chicago,Illinois,http://www.benestarbrands.com,4.7780426E7,100,Private,Alex Silva — Chief Executive Officer,3,2,,co-man status UNKNOWN — needs website check; 2 email(s) in Hoovers; mid-market size fit,not contacted,,
327,6,F M Brown's Sons Incorporated,unclassified food/bev mfr,,Reading,Pennsylvania,http://www.fmbrown.com,3.1659817E7,200,Private,Ron Scheese — Chief Executive Officer,3,2,,co-man status UNKNOWN — needs website check; 2 email(s) in Hoovers; mid-market size fit,not contacted,,
328,6,"F'real! Foods, LLC",unclassified food/bev mfr,,Emeryville,California,http://www.freal.com,2.1997345E7,100,Private,Mark Amparo — Principal,3,3,,co-man status UNKNOWN — needs website check; 3 email(s) in Hoovers; mid-market size fit,not contacted,,
329,6,"F. B. Purnell Sausage Co., Inc.",unclassified food/bev mfr,,Simpsonville,Kentucky,http://www.itsgooo-od.com,2.4142372E7,80,Private,Fred Purnell — President,3,1,,co-man status UNKNOWN — needs website check; 1 email(s) in Hoovers; mid-market size fit,not contacted,,
330,6,F. Korbel & Bros.,unclassified food/bev mfr,,Guerneville,California,http://www.korbel.com,4.2086529E7,256,Private,Kathleen Faris — Principal,3,2,,co-man status UNKNOWN — needs website check; 2 email(s) in Hoovers; mid-market size fit,not contacted,,
331,6,"FCH Enterprises, Inc.",unclassified food/bev mfr,,Honolulu,Hawaii,http://www.fchenterprises.com,2.9481607E7,2000,Private,Jason Higa — Chief Executive Officer,3,1,,co-man status UNKNOWN — needs website check; 1 email(s) in Hoovers; mid-market size fit,not contacted,,
332,6,"FISCHER & WIESER SPECIALTY FOODS, INC.",unclassified food/bev mfr,,Fredericksburg,Texas,http://www.jelly.com,2.4900135E7,75,Private,Case Fischer — President,3,3,,co-man status UNKNOWN — needs website check; 3 email(s) in Hoovers; mid-market size fit,not contacted,,
333,6,"Fair Oaks Foods, L.L.C.",unclassified food/bev mfr,,Pleasant Prairie,Wisconsin,,4.8798988E7,550,Private,Randy Levy — Chief Financial Officer,3,3,,co-man status UNKNOWN — needs website check; 3 email(s) in Hoovers; mid-market size fit,not contacted,,
334,6,"Fairmont Foods, Inc.",unclassified food/bev mfr,,Fairmont,Minnesota,http://www.downsfoodgroup.com,4.9112225E7,255,Private,John Heuer — Executive Vice President,3,3,,co-man status UNKNOWN — needs website check; 3 email(s) in Hoovers; mid-market size fit,not contacted,,
335,6,Falcon Trading Company,unclassified food/bev mfr,,Royal Oaks,California,http://www.shopsunridgefarms.com,5.2024269E7,215,Private,Rick Loncarich — Chief Operating Officer,3,2,,co-man status UNKNOWN — needs website check; 2 email(s) in Hoovers; mid-market size fit,not contacted,,
336,6,"Farbest Foods, Inc.",unclassified food/bev mfr,,Jasper,Indiana,http://www.farbestfoods.com,4.3761963E7,900,Private,Jarod Morrison — Chief Financial Officer,3,1,,co-man status UNKNOWN — needs website check; 1 email(s) in Hoovers; mid-market size fit,not contacted,,
337,6,"Farm Cut, LLC",unclassified food/bev mfr,,Lakeland,Florida,http://www.marjonspecialtyfoods.com,6.5E7,277,Private,Christopher Butler — Principal,3,2,,co-man status UNKNOWN — needs website check; 2 email(s) in Hoovers; mid-market size fit,not contacted,,
338,6,"Farmers Co-operative Society, Sioux Center, Iowa",unclassified food/bev mfr,,Sioux Center,Iowa,http://www.farmerscoopsociety.com,3.8E8,160,Private,John Mc Daniel — President,3,3,,co-man status UNKNOWN — needs website check; 3 email(s) in Hoovers; mid-market size fit,not contacted,,
339,6,"Farmington Foods, Inc.",unclassified food/bev mfr,,Forest Park,Illinois,http://www.farmingtonfoods.com,2.2553007E7,310,Private,Albert Lavalle — Principal,3,2,,co-man status UNKNOWN — needs website check; 2 email(s) in Hoovers; mid-market size fit,not contacted,,
340,6,"Faygo Beverages, Inc.",unclassified food/bev mfr,,Detroit,Michigan,http://www.faygo.com,2.9539568E7,450,Private,Dan Trpevski — Executive Vice President,3,2,,co-man status UNKNOWN — needs website check; 2 email(s) in Hoovers; mid-market size fit,not contacted,,
341,6,"Feihe International, Inc.",unclassified food/bev mfr,,San Marino,California,,8.8189667E7,4932,Private,Hua Liu — Vice President,3,1,,co-man status UNKNOWN — needs website check; 1 email(s) in Hoovers; mid-market size fit,not contacted,,
342,6,"Fiesta Canning Co., Inc.",unclassified food/bev mfr,,Mc Neal,Arizona,http://www.fiestacanning.org,3.0E7,75,Private,Bob Myers — Chief Financial Officer,3,1,,co-man status UNKNOWN — needs website check; 1 email(s) in Hoovers; mid-market size fit,not contacted,,
343,6,Flagstone Foods,confirmed co-man (public sweep),snack-bakery,St. Paul,MN,https://flagstonefoods.com,$100M-$1B (sources conflict),370-800 (sources conflict),,,0,0,Harry Overly (CEO),verified co-man (public sweep),not contacted,,
344,6,FlavorSum LLC,unclassified food/bev mfr,,Kalamazoo,Michigan,http://www.flavorsum.com,2.1758812E7,80,Private,Brian Briggs — Chief Executive Officer,3,2,,co-man status UNKNOWN — needs website check; 2 email(s) in Hoovers; mid-market size fit,not contacted,,
345,6,Flavorchem Corporation,unclassified food/bev mfr,,Downers Grove,Illinois,http://www.flavorchem.com,4.7836693E7,135,Private,James Evanoff — Chief Financial Officer,3,2,,co-man status UNKNOWN — needs website check; 2 email(s) in Hoovers; mid-market size fit,not contacted,,
346,6,Florida Crystals Corporation,unclassified food/bev mfr,,West Palm Beach,Florida,http://www.floridacrystals.com,5.3215778E8,2000,Private,Christine Vanderpool — Vice President Chief Technology Officer,3,3,,co-man status UNKNOWN — needs website check; 3 email(s) in Hoovers; mid-market size fit,not contacted,,
347,6,"Flowers Bakeries, LLC",unclassified food/bev mfr,,Thomasville,Georgia,http://www.canyonglutenfree.com,5.1408569E8,500,Private,Steve Avera — Principal,3,2,,co-man status UNKNOWN — needs website check; 2 email(s) in Hoovers; mid-market size fit,not contacted,,
348,6,"Flowers Baking Co. of Bradenton, LLC",unclassified food/bev mfr,,Sarasota,Florida,http://www.flowersfoods.com,2.8892847E7,300,Private,Marta Turner — Executive Vice President Corporate Relations,3,1,,co-man status UNKNOWN — needs website check; 1 email(s) in Hoovers; mid-market size fit,not contacted,,
349,6,"Flowers Baking Co. of Jamestown, LLC",unclassified food/bev mfr,,Jamestown,North Carolina,,2.5500345E7,182,Private,Adam Crozier — Market Vice President,3,3,,co-man status UNKNOWN — needs website check; 3 email(s) in Hoovers; mid-market size fit,not contacted,,
350,6,"Flowers Baking Co. of Thomasville, LLC",unclassified food/bev mfr,,Thomasville,Georgia,http://www.ilovegoats.com,3.4351994E7,125,Private,Dan Strassner — Principal,3,2,,co-man status UNKNOWN — needs website check; 2 email(s) in Hoovers; mid-market size fit,not contacted,,
351,6,"Fona International, LLC",unclassified food/bev mfr,,Geneva,Illinois,http://www.mccormickfona.com,4.4186138E7,282,Private,Luke Slawek — Chief Operating Officer,3,2,,co-man status UNKNOWN — needs website check; 2 email(s) in Hoovers; mid-market size fit,not contacted,,
352,6,Fonterra (USA) INC,unclassified food/bev mfr,,Chicago,Illinois,http://www.fonterra.com,2.3537365E7,128,Private,Anna Palairet — Chief Operating Officer,3,3,,co-man status UNKNOWN — needs website check; 3 email(s) in Hoovers; mid-market size fit,not contacted,,
353,6,"Food For Life Baking Co., Inc.",unclassified food/bev mfr,,Corona,California,http://www.foodforlife.com,2.7954144E7,120,Private,Scott Kraus — Chief Financial Officer,3,1,,co-man status UNKNOWN — needs website check; 1 email(s) in Hoovers; mid-market size fit,not contacted,,
354,6,"Food Source, Inc.",unclassified food/bev mfr,,Mc Kinney,Texas,http://www.blountfinefoods.com,2.4682415E7,130,Private,Gaetano Riccardi — Chief Executive Officer,3,3,,co-man status UNKNOWN — needs website check; 3 email(s) in Hoovers; mid-market size fit,not contacted,,
355,6,"Forbidden Fruit Ciderhouse, LLC",unclassified food/bev mfr,,Corvallis,Oregon,http://www.2townsciderhouse.com,3.8574577E7,120,Private,Justin Vail — Chief Financial Officer,3,2,,co-man status UNKNOWN — needs website check; 2 email(s) in Hoovers; mid-market size fit,not contacted,,
356,6,"Fred Usinger, Inc.",unclassified food/bev mfr,,Milwaukee,Wisconsin,http://www.usinger.com,2.3729677E7,140,Private,Allen Weidler — Vice President,3,2,,co-man status UNKNOWN — needs website check; 2 email(s) in Hoovers; mid-market size fit,not contacted,,
357,6,Fresca Mexican Foods LLC,unclassified food/bev mfr,,Caldwell,Idaho,http://www.frescamex.com,2.1612289E7,150,Private,Kip Losey — Vice President Of Business Development,3,3,,co-man status UNKNOWN — needs website check; 3 email(s) in Hoovers; mid-market size fit,not contacted,,
358,6,"Fresh Brew Group USA, L.P.",unclassified food/bev mfr,,Houston,Texas,http://www.freshbrewgroup.com,7.5E7,50,Partnership,Fenton Allen — Chief Operating Officer,3,1,,co-man status UNKNOWN — needs website check; 1 email(s) in Hoovers; mid-market size fit,not contacted,,
359,6,"Frick's Meat Products, Inc",unclassified food/bev mfr,,Washington,Missouri,http://www.fricksqualitymeats.com,2.5353449E7,280,Private,Earl Phillips — Chief Executive Officer,3,2,,co-man status UNKNOWN — needs website check; 2 email(s) in Hoovers; mid-market size fit,not contacted,,
360,6,"Frozen Specialties, Inc.",unclassified food/bev mfr,,Archbold,Ohio,http://www.frozenspecialties.com,2.3753813E7,140,Private,Brian Replogle — Vice President Of Operations,3,3,,co-man status UNKNOWN — needs website check; 3 email(s) in Hoovers; mid-market size fit,not contacted,,
361,6,"FruitSmart, Inc.",unclassified food/bev mfr,,Prosser,Washington,http://www.fruitsmart.com,2.611372E7,200,Private,Scott Evenson — Principal,3,2,,co-man status UNKNOWN — needs website check; 2 email(s) in Hoovers; mid-market size fit,not contacted,,
362,6,Frutarom USA Inc.,unclassified food/bev mfr,,Cincinnati,Ohio,,3.2667431E7,125,Private,James Chan — Vice President Of Business Development,3,3,,co-man status UNKNOWN — needs website check; 3 email(s) in Hoovers; mid-market size fit,not contacted,,
363,6,"Fuchs North America, Inc.",unclassified food/bev mfr,,Hampstead,Maryland,http://www.fuchsna.com,3.1025274E7,185,Private,Christopher Angler — Chief Financial Officer,3,1,,co-man status UNKNOWN — needs website check; 1 email(s) in Hoovers; mid-market size fit,not contacted,,
364,6,"Fuji Food Products, Inc.",unclassified food/bev mfr,,Santa Fe Springs,California,http://www.fujifood.com,3.8100906E7,700,Private,Farrell Hirsch — Chief Executive Officer,3,2,,co-man status UNKNOWN — needs website check; 2 email(s) in Hoovers; mid-market size fit,not contacted,,
365,6,Full Sail Brewing Company,confirmed co-man (public sweep),beverage,Hood River,OR,https://fullsailbrewing.com/,,,,,0,0,Pat Tiernan (CEO),verified co-man (public sweep),not contacted,,
366,6,"Furman Foods, Inc.",unclassified food/bev mfr,,Northumberland,Pennsylvania,http://www.furmanos.com,3.641798E7,250,Private,Bill Lehman — Chief Financial Officer,3,2,,co-man status UNKNOWN — needs website check; 2 email(s) in Hoovers; mid-market size fit,not contacted,,
367,6,Furst-Mcness Company,unclassified food/bev mfr,,Rockford,Illinois,http://www.mcness.com,3.4526221E8,219,Private,Matt Hartman — Chief Financial Officer,3,2,,co-man status UNKNOWN — needs website check; 2 email(s) in Hoovers; mid-market size fit,not contacted,,
368,6,Future Meat Technologies Inc.,unclassified food/bev mfr,,Chicago,Illinois,http://www.believermeats.com,2.1684937E7,60,Private,Gustavo Burger — Chief Executive Officer,3,2,,co-man status UNKNOWN — needs website check; 2 email(s) in Hoovers; mid-market size fit,not contacted,,
369,6,G.P.De Silva Spices Incorporation,unclassified food/bev mfr,,Pico Rivera,California,http://www.cinnamononline.com,2.1180008E7,90,Private,Ravi De Silva — President And Ceo,3,2,,co-man status UNKNOWN — needs website check; 2 email(s) in Hoovers; mid-market size fit,not contacted,,
370,6,"GEO. PFAU'S SONS COMPANY, INC.",unclassified food/bev mfr,,Jeffersonville,Indiana,http://www.pfauoil.com,2.3311836E7,50,Private,Norman Pfau — President,3,1,,co-man status UNKNOWN — needs website check; 1 email(s) in Hoovers; mid-market size fit,not contacted,,
371,6,"GFF, Inc.",unclassified food/bev mfr,,City OF Industry,California,http://www.girardsdressings.com,2.6414913E7,89,Private,Emanuel Marti — Chief Executive Officer,3,1,,co-man status UNKNOWN — needs website check; 1 email(s) in Hoovers; mid-market size fit,not contacted,,
372,6,GMB Specialty Foods,confirmed co-man (public sweep),wet-frozen-supplements,San Juan Capistrano,CA,https://www.gmbfoods.com,,~4-5,,,0,0,Greg Bloom (Founder & CEO),verified co-man (public sweep),not contacted,,
373,6,Galasso's Bakery,unclassified food/bev mfr,,Mira Loma,California,http://www.galassos.com,3.6043179E7,300,Private,Jeannette Galasso — President,3,2,,co-man status UNKNOWN — needs website check; 2 email(s) in Hoovers; mid-market size fit,not contacted,,
374,6,Galliker Dairy Company,unclassified food/bev mfr,,Johnstown,Pennsylvania,http://www.gallikers.com,4.790192E7,365,Private,Charles Price — President,3,2,,co-man status UNKNOWN — needs website check; 2 email(s) in Hoovers; mid-market size fit,not contacted,,
375,6,Galloway Company,unclassified food/bev mfr,,Neenah,Wisconsin,http://www.gallowaycompany.com,4.512463E7,95,Private,Kevin Beauchamp — President And Chief Executive Officer,3,2,,co-man status UNKNOWN — needs website check; 2 email(s) in Hoovers; mid-market size fit,not contacted,,
376,6,Geloso Beverage Group LLC,unclassified food/bev mfr,,Rochester,New York,http://www.gelosobeveragegroup.com,1.1E8,65,Private,,3,1,,co-man status UNKNOWN — needs website check; 1 email(s) in Hoovers; mid-market size fit; Northeast,not contacted,,
377,6,Genesee Brewery (FIFCO USA),confirmed co-man (public sweep),beverage,Rochester,NY,https://www.fifcousa.com/,,,,,0,0,,verified co-man (public sweep); Northeast,not contacted,,
378,6,"Gielow Pickles, Inc.",unclassified food/bev mfr,,Croswell,Michigan,http://www.gielowpickles.com,2.8183887E7,300,Private,Patti Gielow — Principal,3,3,,co-man status UNKNOWN — needs website check; 3 email(s) in Hoovers; mid-market size fit,not contacted,,
379,6,Gold Coast Ingredients Inc.,unclassified food/bev mfr,,Commerce,California,http://www.goldcoastinc.com,2.0055298E7,53,Private,E Kwaku Mensah — Founder Chief Executive Officer,3,1,,co-man status UNKNOWN — needs website check; 1 email(s) in Hoovers; mid-market size fit,not contacted,,
380,6,"Gold Crust Baking Company, Inc.",unclassified food/bev mfr,,Landover,Maryland,http://www.goldcrust.com,2.1833368E7,110,Private,Bryan Gray — Vice President Of Transportation,3,2,,co-man status UNKNOWN — needs website check; 2 email(s) in Hoovers; mid-market size fit,not contacted,,
381,6,Gold Star Chili Manufacturing (GSR Brands),confirmed co-man (public sweep),wet-frozen-supplements,Cincinnati,OH,https://www.goldstarchili.com,,,,,0,0,Roger David (President & CEO (GSR Brands)),verified co-man (public sweep),not contacted,,
382,6,"Gold Star Foods, Inc.",unclassified food/bev mfr,,Ontario,California,http://www.goldstarfoods.com,3.2925146E8,270,Private,Lisa Dodge — Executive Vice President Of Finance,3,2,,co-man status UNKNOWN — needs website check; 2 email(s) in Hoovers; mid-market size fit,not contacted,,
383,6,"Golding Farms Foods, Inc.",unclassified food/bev mfr,,Winston Salem,North Carolina,http://www.goldingblends.com,1.2854741000000001E8,150,Private,Tom Clayton — Principal,3,1,,co-man status UNKNOWN — needs website check; 1 email(s) in Hoovers; mid-market size fit,not contacted,,
384,6,"Goodman Food Products, Inc.",unclassified food/bev mfr,,Inglewood,California,http://www.donleefarms.com,4.9880566E7,256,Private,Donald Goodman — Chief Executive Officer,3,2,,co-man status UNKNOWN — needs website check; 2 email(s) in Hoovers; mid-market size fit,not contacted,,
385,6,Gordon Biersch Brewing Company,confirmed co-man (public sweep),beverage,San Jose,CA,https://gordonbiersch.com/,,,,,0,0,Dan Gordon (Co-founder & Majority Owner),verified co-man (public sweep),not contacted,,
386,6,"Gossner Foods, Inc.",unclassified food/bev mfr,,Logan,Utah,http://www.gossner.com,4.1750626E7,360,Private,Dolores Wheeler — Chief Executive Officer,3,1,,co-man status UNKNOWN — needs website check; 1 email(s) in Hoovers; mid-market size fit,not contacted,,
387,6,"Graceland Fruit, Inc.",unclassified food/bev mfr,,Frankfort,Michigan,http://www.gracelandfruit.com,2.7086826E7,180,Private,Dan Engler — Chief Operating Officer,3,3,,co-man status UNKNOWN — needs website check; 3 email(s) in Hoovers; mid-market size fit,not contacted,,
388,6,"Grain Craft, LLC",unclassified food/bev mfr,,Chattanooga,Tennessee,http://www.graincraft.com,8.7465234E8,596,Private,Pete Frederick — President Chief Executive Officer,3,3,,co-man status UNKNOWN — needs website check; 3 email(s) in Hoovers; mid-market size fit,not contacted,,
389,6,"Grassland Dairy Products, Inc.",unclassified food/bev mfr,,Greenwood,Wisconsin,http://www.grassland.com,1.3911417E8,200,Private,Trevor Wuethrich — President,3,2,,co-man status UNKNOWN — needs website check; 2 email(s) in Hoovers; mid-market size fit,not contacted,,
390,6,Great Western Malting Co.,unclassified food/bev mfr,,Vancouver,Washington,http://www.greatwesternmalting.com,7.7369362E7,150,Private,Kimball Hunt — Principal,3,2,,co-man status UNKNOWN — needs website check; 2 email(s) in Hoovers; mid-market size fit,not contacted,,
391,6,"Grecian Delight Foods, Inc.",unclassified food/bev mfr,,Elk Grove Village,Illinois,http://www.greciandelight.com,4.7628654E7,180,Private,Michael Lerch — Chief Financial Officer,3,2,,co-man status UNKNOWN — needs website check; 2 email(s) in Hoovers; mid-market size fit,not contacted,,
392,6,"H. J. Heinz Company, L.P.",unclassified food/bev mfr,,Pittsburgh,Pennsylvania,http://www.heinz.com,4.3473358E7,225,Partnership,Marion Findlay — Principal,3,2,,co-man status UNKNOWN — needs website check; 2 email(s) in Hoovers; mid-market size fit,not contacted,,
393,6,"Hagoth Enterprises, Inc.",unclassified food/bev mfr,,Pendleton,Oregon,http://www.smithfrozenfoods.com,2.1520847E7,307,Private,Gordon Smith — President,3,1,,co-man status UNKNOWN — needs website check; 1 email(s) in Hoovers; mid-market size fit,not contacted,,
394,6,Harrington Company,unclassified food/bev mfr,,Butte,Montana,http://www.harringtoncompany.com,2.2419952E7,170,Private,John Francis — President,3,2,,co-man status UNKNOWN — needs website check; 2 email(s) in Hoovers; mid-market size fit,not contacted,,
395,6,Harris Ranch Beef Company,unclassified food/bev mfr,,Selma,California,http://www.harrisranchbeef.com,2.4149054E7,700,Private,Kyle Wilken — Chief Operating Officer,3,3,,co-man status UNKNOWN — needs website check; 3 email(s) in Hoovers; mid-market size fit,not contacted,,
396,6,Harrisburg Dairies Inc,unclassified food/bev mfr,,Harrisburg,Pennsylvania,http://www.harrisburgdairies.com,2.0882311E7,105,Private,Matt Zehring — Vice-President Operations,3,2,,co-man status UNKNOWN — needs website check; 2 email(s) in Hoovers; mid-market size fit,not contacted,,
397,6,Hawaiian Host LLC,unclassified food/bev mfr,,Honolulu,Hawaii,http://www.hawaiianhost.com,4.7432335E7,414,Private,Keith Sakamoto — President,3,2,,co-man status UNKNOWN — needs website check; 2 email(s) in Hoovers; mid-market size fit,not contacted,,
398,6,"Heartland Catfish Company, Inc.",unclassified food/bev mfr,,Itta Bena,Mississippi,http://www.heartlandcatfish.com,2.3883581E7,415,Private,Danny Walker — Chief Executive Officer,3,3,,co-man status UNKNOWN — needs website check; 3 email(s) in Hoovers; mid-market size fit,not contacted,,
399,6,"Heritage Distilling Company, Inc.",unclassified food/bev mfr,,Gig Harbor,Washington,http://www.heritagedistilling.com,3.4811592E7,185,Private,Michael Carrosino — Chief Financial Officer,3,2,,co-man status UNKNOWN — needs website check; 2 email(s) in Hoovers; mid-market size fit,not contacted,,
400,6,Heritage Specialty Foods,confirmed co-man (public sweep),wet-frozen-supplements,Milwaukie,OR,https://heritagespecialtyfoods.com,,~38 (LeadIQ),,,0,0,"Shane Hendren (Co-owner, President & CEO)",verified co-man (public sweep),not contacted,,
401,6,Herman Seekamp Inc.,unclassified food/bev mfr,,Addison,Illinois,http://www.clydesdonuts.com,3.9139668E7,115,Private,Kent Bickford — President,3,2,,co-man status UNKNOWN — needs website check; 2 email(s) in Hoovers; mid-market size fit,not contacted,,
402,6,Hermann Pickle Co. (Don Hermann & Sons),confirmed co-man (public sweep),wet-frozen-supplements,Garrettsville,OH,https://hermannpickles.com,,,,,0,0,Pat Viancourt (Co-owner),verified co-man (public sweep),not contacted,,
403,6,Hickory Harvest Foods,confirmed co-man (public sweep),snack-bakery,Akron,OH,https://www.hickoryharvest.com,"$23M (2026, per search aggregator)",51-250,,,0,0,Darlene Swiatkowski (CEO),verified co-man (public sweep),not contacted,,
404,6,"High Desert Milk, Inc.",unclassified food/bev mfr,,Burley,Idaho,http://www.highdesertmilk.com,2.467535E7,150,Nonprofit,Steven Tarbet — chief financial officer,3,2,,co-man status UNKNOWN — needs website check; 2 email(s) in Hoovers; mid-market size fit,not contacted,,
405,6,"Holly Poultry, Inc.",unclassified food/bev mfr,,Baltimore,Maryland,http://www.hollypoultry.com,3.576807E7,195,Private,Mike Fine — President,3,3,,co-man status UNKNOWN — needs website check; 3 email(s) in Hoovers; mid-market size fit,not contacted,,
406,6,"Holmes Foods, Inc.",unclassified food/bev mfr,,Nixon,Texas,http://www.holmesfoods.com,2.3193169E7,275,Private,Phillip Morris — President,3,1,,co-man status UNKNOWN — needs website check; 1 email(s) in Hoovers; mid-market size fit,not contacted,,
407,6,"Holten Meat, LLC",unclassified food/bev mfr,,Sauget,Illinois,http://www.bih-us.com,2.3830324E7,90,Private,Rick Joyal — Vice President Of North American Sales,3,3,,co-man status UNKNOWN — needs website check; 3 email(s) in Hoovers; mid-market size fit,not contacted,,
408,6,"Hoogwegt U.S., Inc.",unclassified food/bev mfr,,Lake Forest,Illinois,http://www.hoogwegt.com,2.7803074E7,62,Private,Jeramy Fisher — Chief Executive Officer,3,2,,co-man status UNKNOWN — needs website check; 2 email(s) in Hoovers; mid-market size fit,not contacted,,
409,6,"Hostess Brands, Inc.",unclassified food/bev mfr,,Orrville,Ohio,http://www.hostessbrands.com,1.358207E9,2000,Private,John Brase — chief operating officer,3,1,,co-man status UNKNOWN — needs website check; 1 email(s) in Hoovers; mid-market size fit,not contacted,,
410,6,"Houdini, Inc.",unclassified food/bev mfr,,Fullerton,California,http://www.winecountrygiftbaskets.com,3.186277E7,260,Private,Dan Maguire — Chief Financial Officer,3,2,,co-man status UNKNOWN — needs website check; 2 email(s) in Hoovers; mid-market size fit,not contacted,,
411,6,"House of Flavors, Inc.",unclassified food/bev mfr,,Ludington,Michigan,http://www.houseofflavors.com,2.7998062E7,267,Private,Dominic Garza — Chief Operating Officer,3,3,,co-man status UNKNOWN — needs website check; 3 email(s) in Hoovers; mid-market size fit,not contacted,,
412,6,"Hudsonville Creamery And Ice Cream Company, LLC",unclassified food/bev mfr,,Holland,Michigan,http://www.hudsonvilleicecream.com,2.6273043E7,145,Private,Tina Floyd — Chief Executive Officer,3,3,,co-man status UNKNOWN — needs website check; 3 email(s) in Hoovers; mid-market size fit,not contacted,,
413,6,IPMF LLC,unclassified food/bev mfr,,Janesville,Wisconsin,http://www.naturpak.com,5.0812149E7,85,Private,Iwona Marciniak — Chief Financial Officer,3,2,,co-man status UNKNOWN — needs website check; 2 email(s) in Hoovers; mid-market size fit,not contacted,,
414,6,"Illes Food Ingredients, Ltd.",unclassified food/bev mfr,,Carrollton,Texas,http://www.illesfoods.com,2.4475977E7,92,Partnership,Greg Nystrom — Chief Financial Officer,3,3,,co-man status UNKNOWN — needs website check; 3 email(s) in Hoovers; mid-market size fit,not contacted,,
415,6,"Imperial, L.L.C.",unclassified food/bev mfr,,Tulsa,Oklahoma,http://www.imperialco.com,3.1468861E7,800,Private,Lance Whorton — President,3,1,,co-man status UNKNOWN — needs website check; 1 email(s) in Hoovers; mid-market size fit,not contacted,,
416,6,"Incobrasa Industries, Ltd.",unclassified food/bev mfr,,Gilman,Illinois,http://www.incobrasa.com,4.0070015E7,219,Private,Aluizio Ribeiro — President,3,2,,co-man status UNKNOWN — needs website check; 2 email(s) in Hoovers; mid-market size fit,not contacted,,
417,6,"Indian Summer Cooperative, Inc.",unclassified food/bev mfr,,Ludington,Michigan,,2.5289555E7,400,Private,Sheila Brennan — Principal Helen Hansen Elementary,3,1,,co-man status UNKNOWN — needs website check; 1 email(s) in Hoovers; mid-market size fit,not contacted,,
418,6,"Infinity Foods, Inc.",unclassified food/bev mfr,,Plover,Wisconsin,http://www.infinityfoods.com,3.7587673E7,200,Private,Mark Arend — President,3,1,,co-man status UNKNOWN — needs website check; 1 email(s) in Hoovers; mid-market size fit,not contacted,,
419,6,Ion Labs (HBI Ion Labs),confirmed co-man (public sweep),wet-frozen-supplements,Largo,FL,https://hbiionlabs.com,,"250+ staff (some ests. 500-1,000)",,,0,0,Clay Desjardine (CEO),verified co-man (public sweep),not contacted,,
420,6,"Iowa Premium, LLC",unclassified food/bev mfr,,Tama,Iowa,http://www.iowapremium.com,2.1681473E7,800,Private,Lucas Deppe — Vice President Sales And Marketing,3,2,,co-man status UNKNOWN — needs website check; 2 email(s) in Hoovers; mid-market size fit,not contacted,,
421,6,"J & J Bagging, LLC",unclassified food/bev mfr,,Yazoo City,Mississippi,http://www.jandjbagging.com,4.6430565E7,75,Private,Joseph Mohamed — President,3,1,,co-man status UNKNOWN — needs website check; 1 email(s) in Hoovers; mid-market size fit,not contacted,,
422,6,J & J Snack Foods Corp. Of California,unclassified food/bev mfr,,Los Angeles,California,http://www.jjsnack.com,8.9674568E7,380,Private,Ken Plunk — Senior Vice President Chief Financial Officer,3,2,,co-man status UNKNOWN — needs website check; 2 email(s) in Hoovers; mid-market size fit,not contacted,,
423,6,"JBR, Inc.",unclassified food/bev mfr,,Lincoln,California,http://www.sfbaycoffee.com,2.0739561E7,230,Private,Ashley Rogers — Chief Executive Officer And CoFounder,3,1,,co-man status UNKNOWN — needs website check; 1 email(s) in Hoovers; mid-market size fit,not contacted,,
424,6,"JSL Foods, Inc.",unclassified food/bev mfr,,Los Angeles,California,http://www.jslfoods.com,6.3255264E7,120,Private,Koji Kawana — Executive Vice President,3,2,,co-man status UNKNOWN — needs website check; 2 email(s) in Hoovers; mid-market size fit,not contacted,,
425,6,"Jack Daniel Distillery, Lem Motlow, Prop., Inc.",unclassified food/bev mfr,,Lynchburg,Tennessee,http://www.jackdaniels.com,4.5239162E7,365,Private,Donna Willis — Vice President Director Technical Services,3,3,,co-man status UNKNOWN — needs website check; 3 email(s) in Hoovers; mid-market size fit,not contacted,,
426,6,"Jessie Lord Bakery, LLC",unclassified food/bev mfr,,Torrance,California,http://www.jessielordbakery.com,2.3277441E7,50,Private,Matthew Bennett — Owner,3,3,,co-man status UNKNOWN — needs website check; 3 email(s) in Hoovers; mid-market size fit,not contacted,,
427,6,Johanna Beverage Company LLC,unclassified food/bev mfr,,Spokane,Washington,http://www.johannabeverage.com,2.4923424E7,65,Private,Robert Facchina — President,3,1,,co-man status UNKNOWN — needs website check; 1 email(s) in Hoovers; mid-market size fit,not contacted,,
428,6,"John Soules Acquisitions, LLC",unclassified food/bev mfr,,Gainesville,Georgia,,2.2692162E7,718,Private,John Soules — CoChief Executive Officer,6,2,,co-man status UNKNOWN — needs website check; 2 email(s) in Hoovers; mid-market size fit,not contacted,,
429,6,"John Volpi & Company, Inc.",unclassified food/bev mfr,,Saint Louis,Missouri,http://www.volpifoods.com,2.359367E7,212,Private,Dale Rees — Chief Financial Officer,3,2,,co-man status UNKNOWN — needs website check; 2 email(s) in Hoovers; mid-market size fit,not contacted,,
430,6,Jones Dairy Farm,unclassified food/bev mfr,,Fort Atkinson,Wisconsin,http://www.jonesdairyfarm.com,4.233379E7,350,Private,Ryan Robinson — President,3,2,,co-man status UNKNOWN — needs website check; 2 email(s) in Hoovers; mid-market size fit,not contacted,,
431,6,"Jones Popcorn, Inc.",unclassified food/bev mfr,,New Albany,Indiana,http://www.clarksnacks.com,2.0E7,85,Private,Ryan Jones — President,3,3,,co-man status UNKNOWN — needs website check; 3 email(s) in Hoovers; mid-market size fit,not contacted,,
432,6,Juanita's Foods,unclassified food/bev mfr,,Wilmington,California,http://www.juanitas.com,4.495134E7,285,Private,Aaron De La Torre — Business Owner,3,3,,co-man status UNKNOWN — needs website check; 3 email(s) in Hoovers; mid-market size fit,not contacted,,
433,6,"Kagome Foods, Inc.",unclassified food/bev mfr,,Osceola,Arkansas,http://www.kagomeusa.com,4.4121086E7,230,Private,James McGinnis — Vice President,3,2,,co-man status UNKNOWN — needs website check; 2 email(s) in Hoovers; mid-market size fit,not contacted,,
434,6,Kaiser Pickles,confirmed co-man (public sweep),wet-frozen-supplements,Cincinnati,OH,https://www.kaiserpickles.com,,~150,,,0,0,Kim Speed (President),verified co-man (public sweep),not contacted,,
435,6,"Karlsburger Foods, Inc.",unclassified food/bev mfr,,Monticello,Minnesota,http://www.karlsburger.com,2.5835438E7,82,Private,Michael Maher — Chief Executive Officer,3,1,,co-man status UNKNOWN — needs website check; 1 email(s) in Hoovers; mid-market size fit,not contacted,,
436,6,"Kate Farms, Inc.",unclassified food/bev mfr,,Goleta,California,http://www.katefarms.com,2.739916E7,123,Private,Tom Beecher — Chief Executive Officer,3,3,,co-man status UNKNOWN — needs website check; 3 email(s) in Hoovers; mid-market size fit,not contacted,,
437,6,Kaytee Products Incorporated,unclassified food/bev mfr,,Chilton,Wisconsin,http://www.kaytee.com,2.392536E7,500,Private,Steve Parker — Vice President Manufacturing,3,3,,co-man status UNKNOWN — needs website check; 3 email(s) in Hoovers; mid-market size fit,not contacted,,
438,6,"Kent Quality Foods, Inc.",unclassified food/bev mfr,,Hudsonville,Michigan,http://www.kqf.com,2.3805561E7,145,Private,Mark Buggia — Chief Financial Officer,3,2,,co-man status UNKNOWN — needs website check; 2 email(s) in Hoovers; mid-market size fit,not contacted,,
439,6,"Kewpie Americas, Inc.",unclassified food/bev mfr,,Irwindale,California,http://www.kewpieshop.com,4.855431E7,320,Private,Kuniaki Ishikaiwa — President,3,3,,co-man status UNKNOWN — needs website check; 3 email(s) in Hoovers; mid-market size fit,not contacted,,
440,6,"Kikkoman Foods, Inc.",unclassified food/bev mfr,,Walworth,Wisconsin,http://www.kikkomanusa.com,1.0038513E8,190,Private,KARL Keane — Vice President Finance,3,1,,co-man status UNKNOWN — needs website check; 1 email(s) in Hoovers; mid-market size fit,not contacted,,
441,6,Kiolbassa Provision Company,unclassified food/bev mfr,,San Antonio,Texas,http://www.kiolbassa.com,2.4067389E7,260,Private,Bill Wagner — President,3,2,,co-man status UNKNOWN — needs website check; 2 email(s) in Hoovers; mid-market size fit,not contacted,,
442,6,"Kodiak Cakes, LLC",unclassified food/bev mfr,,Park City,Utah,http://www.kodiakcakes.com,4.1726604E7,50,Private,Nick Simmons — Senior Vice President,3,2,,co-man status UNKNOWN — needs website check; 2 email(s) in Hoovers; mid-market size fit,not contacted,,
443,6,Kona Brewery LLC,unclassified food/bev mfr,,Kailua Kona,Hawaii,http://www.konabrewinghawaii.com,2.0032084E7,142,Private,Jennifer Busch — Principal,3,2,,co-man status UNKNOWN — needs website check; 2 email(s) in Hoovers; mid-market size fit,not contacted,,
444,6,"Kormondy Enterprises, Inc.",unclassified food/bev mfr,,Owasso,Oklahoma,http://www.nationalsteak.com,2.4036013E7,325,Private,Dave Albright — Chief Executive Officer,3,1,,co-man status UNKNOWN — needs website check; 1 email(s) in Hoovers; mid-market size fit,not contacted,,
445,6,"Kowalski Companies, Inc.",unclassified food/bev mfr,,Detroit,Michigan,http://www.kowality.com,2.233708E7,182,Private,Brian Ochocki — Chief Financial Officer,3,1,,co-man status UNKNOWN — needs website check; 1 email(s) in Hoovers; mid-market size fit,not contacted,,
446,6,"Kreamer Feed, Inc.",unclassified food/bev mfr,,Kreamer,Pennsylvania,http://www.kreamerfeed.com,2.2340528E7,144,Private,Jason Robinson — President,3,2,,co-man status UNKNOWN — needs website check; 2 email(s) in Hoovers; mid-market size fit,not contacted,,
447,6,"Kruger Foods, Inc.",unclassified food/bev mfr,,Stockton,California,http://www.krugerfoods.com,3.8573299E7,155,Private,Leslie Kruger — Chief Operating Officer,3,2,,co-man status UNKNOWN — needs website check; 2 email(s) in Hoovers; mid-market size fit,not contacted,,
448,6,"Kt's Kitchens, Inc.",unclassified food/bev mfr,,Carson,California,http://www.ktskitchens.com,2.0318384E7,250,Private,Jose Ruelas — Plant Manager,3,2,,co-man status UNKNOWN — needs website check; 2 email(s) in Hoovers; mid-market size fit,not contacted,,
449,6,"Kunzler & Company, Inc.",unclassified food/bev mfr,,Hatfield,Pennsylvania,http://www.kunzler.com,2.3522535E7,500,Private,David Grazier — Vice President General Manager,3,3,,co-man status UNKNOWN — needs website check; 3 email(s) in Hoovers; mid-market size fit,not contacted,,
450,6,LY Brothers Corporation,unclassified food/bev mfr,,Hayward,California,http://www.sugarbowlbakery.com,6.1152412E7,260,Private,Joel Feldman — Chief Executive Officer,3,2,,co-man status UNKNOWN — needs website check; 2 email(s) in Hoovers; mid-market size fit,not contacted,,
451,6,"La Tortilleria, LLC",unclassified food/bev mfr,,Winston Salem,North Carolina,http://www.purplecrow.com,4.6344688E7,190,Private,Nathaniel Calhoun — PRINCIPAL,3,1,,co-man status UNKNOWN — needs website check; 1 email(s) in Hoovers; mid-market size fit,not contacted,,
452,6,"Lake Foods, Inc.",unclassified food/bev mfr,,Hartwell,Georgia,http://www.brakebush.com,2.0135044E7,675,Private,David Strawn — Chief Executive Officer,3,1,,co-man status UNKNOWN — needs website check; 1 email(s) in Hoovers; mid-market size fit,not contacted,,
453,6,Lakeview Farms,confirmed co-man (public sweep),wet-frozen-supplements,Delphos,OH,https://lakeviewfarms.com,,~500 (Delphos),,,0,0,Tom Davis (CEO),verified co-man (public sweep),not contacted,,
454,6,"Lala U.S., Inc.",unclassified food/bev mfr,,Dallas,Texas,http://www.lala-us.com,2.2955835E7,289,Private,Jorge Ramos — Chief Executive Officer,3,1,,co-man status UNKNOWN — needs website check; 1 email(s) in Hoovers; mid-market size fit,not contacted,,
455,6,"Laura Chenel's Chevre, Inc.",unclassified food/bev mfr,,Sonoma,California,http://www.laurachenel.com,2.3048237E7,68,Private,Pierre Girier — Chief Operating Officer,3,1,,co-man status UNKNOWN — needs website check; 1 email(s) in Hoovers; mid-market size fit,not contacted,,
456,6,Lavoi Corporation,unclassified food/bev mfr,,Atlanta,Georgia,http://www.epibreads.com,1.0431341E8,280,Private,Phil Jones — Chief Executive Officer,3,2,,co-man status UNKNOWN — needs website check; 2 email(s) in Hoovers; mid-market size fit,not contacted,,
457,6,"Lawrence Foods, Inc.",unclassified food/bev mfr,,Elk Grove Village,Illinois,http://www.lawrencefoods.com,5.0826832E7,250,Private,Paul Ferenchick — President,3,2,,co-man status UNKNOWN — needs website check; 2 email(s) in Hoovers; mid-market size fit,not contacted,,
458,6,"Le Pafe, Inc.",unclassified food/bev mfr,,Montebello,California,http://www.lechef-mobile.com,2.5191587E7,170,Private,Simon Tam — Chief Financial Officer,3,2,,co-man status UNKNOWN — needs website check; 2 email(s) in Hoovers; mid-market size fit,not contacted,,
459,6,Legacy Bakehouse,confirmed co-man (public sweep),snack-bakery,Waukesha,WI,https://legacybakehouse.com,,,,,0,0,Tim Jax (CEO),verified co-man (public sweep),not contacted,,
460,6,"Leon's Fine Foods, Inc.",unclassified food/bev mfr,,McKinney,Texas,http://www.texascuisine.com,2.185494E7,245,Private,Glenda Parrish — Executive Assistant President Owner,3,3,,co-man status UNKNOWN — needs website check; 3 email(s) in Hoovers; mid-market size fit,not contacted,,
461,6,Leonard Holding Company,unclassified food/bev mfr,,San Antonio,Texas,http://www.leonardhc.com,1.0373917E8,260,Private,Kenneth Leonard — President,3,2,,co-man status UNKNOWN — needs website check; 2 email(s) in Hoovers; mid-market size fit,not contacted,,
462,6,Let's Do Lunch,unclassified food/bev mfr,,Gardena,California,http://www.integratedfoodservice.com,2.2939344E7,300,Private,Jay Schumacher — Chief Operating Officer,3,2,,co-man status UNKNOWN — needs website check; 2 email(s) in Hoovers; mid-market size fit,not contacted,,
463,6,"Liberty Fruit Company, Inc.",unclassified food/bev mfr,,Kansas City,Kansas,http://www.libertyfruit.com,2.4045773E7,406,Private,Michael Logan — Chief Operating Officer,3,1,,co-man status UNKNOWN — needs website check; 1 email(s) in Hoovers; mid-market size fit,not contacted,,
464,6,"Lifeway Foods, Inc.",unclassified food/bev mfr,,Morton Grove,Illinois,http://www.lifewaykefir.com,2.12496E8,295,Public,"Julie Smolyansky — Chairman of the Board, President, Chief Executive Officer, Company Secretary",3,1,,co-man status UNKNOWN — needs website check; 1 email(s) in Hoovers; mid-market size fit,not contacted,,
465,6,Lindt & Sprungli (North America) Inc.,unclassified food/bev mfr,,Kansas City,Missouri,http://careers.lindtnorthamerica.com,6.0479588E7,62,Private,Jessica Haefele — Vice President Legal North America,3,2,,co-man status UNKNOWN — needs website check; 2 email(s) in Hoovers; mid-market size fit,not contacted,,
466,6,Lindt & Sprungli (USA) Inc.,unclassified food/bev mfr,,Stratham,New Hampshire,http://www.lindtusa.com,8.2680066E8,650,Private,,3,3,,co-man status UNKNOWN — needs website check; 3 email(s) in Hoovers; mid-market size fit; Northeast,not contacted,,
467,6,"Lion Nathan USA, Inc.",unclassified food/bev mfr,,Dundee,Oregon,http://www.argylewinery.com,1.7516399E8,270,Private,Brian Croser — Principal,3,1,,co-man status UNKNOWN — needs website check; 1 email(s) in Hoovers; mid-market size fit,not contacted,,
468,6,"Louisa Food Products, Inc.",unclassified food/bev mfr,,Saint Louis,Missouri,http://www.louisafoods.com,2.7360844E7,200,Private,John Russell — Chief Financial Officer,3,2,,co-man status UNKNOWN — needs website check; 2 email(s) in Hoovers; mid-market size fit,not contacted,,
469,6,"Louisiana Sugar Refining, LLC",unclassified food/bev mfr,,Gramercy,Louisiana,http://www.lsrsugar.com,3.5546192E7,300,Private,Larry Faucheux — Mng Member Chief Executive Officer,3,2,,co-man status UNKNOWN — needs website check; 2 email(s) in Hoovers; mid-market size fit,not contacted,,
470,6,"Lynchburg Organic Baking Co., LLC",unclassified food/bev mfr,,Lynchburg,Virginia,,3.1119923E7,200,Private,Michelle Trainum — Principal,3,1,,co-man status UNKNOWN — needs website check; 1 email(s) in Hoovers; mid-market size fit,not contacted,,
471,6,"Lyrical Foods, Inc.",unclassified food/bev mfr,,Hayward,California,http://www.kite-hill.com,2.4642206E7,108,Private,John Haugen — Chief Executive Officer,3,1,,co-man status UNKNOWN — needs website check; 1 email(s) in Hoovers; mid-market size fit,not contacted,,
472,6,"M.A. Patout & Son Limited, L.L.C.",unclassified food/bev mfr,,Jeanerette,Louisiana,http://www.mapatout.com,4.7330517E7,413,Private,Randall Romero — Chief Financial Officer,3,2,,co-man status UNKNOWN — needs website check; 2 email(s) in Hoovers; mid-market size fit,not contacted,,
473,6,"MCSHARES, INC.",unclassified food/bev mfr,,Salina,Kansas,http://www.repcoworld.com,2.279394E7,113,Private,Jason Creed — President Chief Financial Officer,3,1,,co-man status UNKNOWN — needs website check; 1 email(s) in Hoovers; mid-market size fit,not contacted,,
474,6,"Magic Seasoning Blends, LLC",unclassified food/bev mfr,,New Orleans,Louisiana,http://www.magicseasoningblends.com,2.3225307E7,120,Private,Shawn McBribe — President,3,1,,co-man status UNKNOWN — needs website check; 1 email(s) in Hoovers; mid-market size fit,not contacted,,
475,6,Mahaska Bottling Company,unclassified food/bev mfr,,Oskaloosa,Iowa,http://www.mahaska.com,2.0696487E7,500,Private,Darel Baxter — Principal,3,3,,co-man status UNKNOWN — needs website check; 3 email(s) in Hoovers; mid-market size fit,not contacted,,
476,6,"Maple Donuts, LLC",unclassified food/bev mfr,,York,Pennsylvania,http://www.mapledonuts.com,9.951638E7,250,Private,Greg Somerville — Chief Executive Officer,3,3,,co-man status UNKNOWN — needs website check; 3 email(s) in Hoovers; mid-market size fit,not contacted,,
477,6,"Marcho Farms, Inc.",unclassified food/bev mfr,,Souderton,Pennsylvania,http://www.marchofarms.com,2.0545523E7,140,Private,Brian Friesen — President,3,2,,co-man status UNKNOWN — needs website check; 2 email(s) in Hoovers; mid-market size fit,not contacted,,
478,6,Mariah Foods Corp.,unclassified food/bev mfr,,Columbus,Indiana,http://www.peerfoods.com,2.0334621E7,150,Private,Larry Connell — President,3,3,,co-man status UNKNOWN — needs website check; 3 email(s) in Hoovers; mid-market size fit,not contacted,,
479,6,"Mars Retail Group, LLC",unclassified food/bev mfr,,Henderson,Nevada,http://www.mms.com,3.7231037E7,450,Private,Patrice De Talhouet — Principal,3,2,,co-man status UNKNOWN — needs website check; 2 email(s) in Hoovers; mid-market size fit,not contacted,,
480,6,"Martin's Famous Pastry Shoppe, Inc.",unclassified food/bev mfr,,Chambersburg,Pennsylvania,http://www.potatorolls.com,9.7041565E7,464,Private,Ronald Gipe — Vice President,3,1,,co-man status UNKNOWN — needs website check; 1 email(s) in Hoovers; mid-market size fit,not contacted,,
481,6,Mastertaste Inc.,unclassified food/bev mfr,,Clark,New Jersey,,2.3318716E7,249,Private,,3,2,,co-man status UNKNOWN — needs website check; 2 email(s) in Hoovers; mid-market size fit; Northeast,not contacted,,
482,6,"Mccormick Distilling Co., Inc.",unclassified food/bev mfr,,Weston,Missouri,http://www.mccormickdistilling.com,2.4801001E7,152,Private,Codie Welsh — Chief Financial Officer,3,2,,co-man status UNKNOWN — needs website check; 2 email(s) in Hoovers; mid-market size fit,not contacted,,
483,6,Mcilhenny Company,unclassified food/bev mfr,,Avery Island,Louisiana,http://www.tabasco.com,2.2110535E7,205,Private,Harold Osborn — President,3,2,,co-man status UNKNOWN — needs website check; 2 email(s) in Hoovers; mid-market size fit,not contacted,,
484,6,"Meduri Farms, Inc.",unclassified food/bev mfr,,Dallas,Oregon,http://www.medurifarms.com,3.9123146E7,275,Private,Daniel Black — Chief Financial Officer,3,3,,co-man status UNKNOWN — needs website check; 3 email(s) in Hoovers; mid-market size fit,not contacted,,
485,6,Meherrin Agricultural & Chemical Company,unclassified food/bev mfr,,Severn,North Carolina,http://www.meherrinag.com,5.064906E8,1000,Private,Wells Caviness — Vice President Human Resources,3,3,,co-man status UNKNOWN — needs website check; 3 email(s) in Hoovers; mid-market size fit,not contacted,,
486,6,"Melitta USA, Inc.",unclassified food/bev mfr,,Clearwater,Florida,http://www.melitta.com,2.5039221E7,120,Private,Jeffery Bordinat — Principal,3,1,,co-man status UNKNOWN — needs website check; 1 email(s) in Hoovers; mid-market size fit,not contacted,,
487,6,"Mercer Foods, LLC",unclassified food/bev mfr,,Modesto,California,http://www.thrivefoods.com,1.0049023E8,281,Private,Brett Kirkham — Chief Financial Officer,3,1,,co-man status UNKNOWN — needs website check; 1 email(s) in Hoovers; mid-market size fit,not contacted,,
488,6,"MeriCal, LLC",unclassified food/bev mfr,,Anaheim,California,http://www.merical.com,3.84352E7,570,Private,Ken Vargha — President Chief Commercial Officer,3,3,,co-man status UNKNOWN — needs website check; 3 email(s) in Hoovers; mid-market size fit,not contacted,,
489,6,Miceli Dairy Products Co.,unclassified food/bev mfr,,Cleveland,Ohio,http://www.miceli-dairy.com,4.1677372E7,190,Private,John Miceli — Executive Vice President,3,1,,co-man status UNKNOWN — needs website check; 1 email(s) in Hoovers; mid-market size fit,not contacted,,
490,6,"Michigan Turkey Producers Cooperative, Inc.",unclassified food/bev mfr,,Grand Rapids,Michigan,http://www.miturkey.com,4.2129642E7,575,Private,Dan Lennon — President,3,2,,co-man status UNKNOWN — needs website check; 2 email(s) in Hoovers; mid-market size fit,not contacted,,
491,6,"Mid-America Pet Food, L.L.C.",unclassified food/bev mfr,,Mount Pleasant,Texas,http://www.mapf.com,2.0869085E7,50,Private,Gregory Cyr — Ceo President Board Member,3,1,,co-man status UNKNOWN — needs website check; 1 email(s) in Hoovers; mid-market size fit,not contacted,,
492,6,Milk Specialties Company,unclassified food/bev mfr,,Eden Prairie,Minnesota,http://www.milkspecialties.com,1.0E9,740,Private,Dan Nisser — Chief Financial Officer,3,2,,co-man status UNKNOWN — needs website check; 2 email(s) in Hoovers; mid-market size fit,not contacted,,
493,6,Minhas Craft Brewery,confirmed co-man (public sweep),beverage,Monroe,WI,https://www.minhasbrewery.com/,,,,,0,0,Ravinder Minhas (Owner),verified co-man (public sweep),not contacted,,
494,6,"Minnie Marie Bakers, Inc.",unclassified food/bev mfr,,Bay City,Michigan,http://www.awrey.com,2.1787891E7,120,Private,Thomas Awrey — President,3,1,,co-man status UNKNOWN — needs website check; 1 email(s) in Hoovers; mid-market size fit,not contacted,,
495,6,Miracapo Pizza Company LLC,unclassified food/bev mfr,,Elk Grove Village,Illinois,http://miracapopizza.com,1.071717E8,420,Private,John Leboutillier — Chief Executive Officer,3,1,,co-man status UNKNOWN — needs website check; 1 email(s) in Hoovers; mid-market size fit,not contacted,,
496,6,"Mistica Foods, LLC",unclassified food/bev mfr,,Addison,Illinois,http://www.misticafoods.com,3.3698833E7,740,Private,Edward Bleka — CoPresident,3,3,,co-man status UNKNOWN — needs website check; 3 email(s) in Hoovers; mid-market size fit,not contacted,,
497,6,Mojave Foods Corporation,unclassified food/bev mfr,,Los Angeles,California,,2.3843508E7,200,Private,Gregory Whitescarver — Founder And Chief Executive Officer,3,1,,co-man status UNKNOWN — needs website check; 1 email(s) in Hoovers; mid-market size fit,not contacted,,
498,6,"Morasch Meats, Inc.",unclassified food/bev mfr,,Portland,Oregon,http://www.moraschmeats.com,2.6672541E7,170,Private,Michael Morasch — President,3,3,,co-man status UNKNOWN — needs website check; 3 email(s) in Hoovers; mid-market size fit,not contacted,,
499,6,More Than A Bakery,confirmed co-man (public sweep),snack-bakery,Versailles,KY,https://morethanabakery.com,,~310 planned at full build-out,,,0,0,Bill Quigg (President),verified co-man (public sweep),not contacted,,
500,6,"Mother Murphy's Laboratories, Inc.",unclassified food/bev mfr,,Greensboro,North Carolina,http://www.mothermurphys.com,2.6333157E7,120,Private,Ashley Sutton — Chief Financial Officer,3,3,,co-man status UNKNOWN — needs website check; 3 email(s) in Hoovers; mid-market size fit,not contacted,,
501,6,Mount Franklin Foods,confirmed co-man (public sweep),snack-bakery,El Paso,TX,https://www.mountfranklinfoods.com,,"~4,000 (incl. Juarez plants)",,,0,0,Enrique Grajeda (President & CEO),verified co-man (public sweep),not contacted,,
502,6,Mountain Meadows Lamb Corporation,unclassified food/bev mfr,,Denver,Colorado,http://www.superiorfarms.com,2.4948166E7,308,Private,Jerry Dotson — President,3,2,,co-man status UNKNOWN — needs website check; 2 email(s) in Hoovers; mid-market size fit,not contacted,,
503,6,"Musco Olive Products, Inc.",unclassified food/bev mfr,,Tracy,California,http://www.olives.com,4.7528625E7,300,Private,Felix Musco — Chief Executive Officer,3,1,,co-man status UNKNOWN — needs website check; 1 email(s) in Hoovers; mid-market size fit,not contacted,,
504,6,Nackard Bottling Company,unclassified food/bev mfr,,Flagstaff,Arizona,http://www.nackard.com,2.1675829E7,128,Private,Nicholas Joiner — Vice President Chief Financial Officer,3,2,,co-man status UNKNOWN — needs website check; 2 email(s) in Hoovers; mid-market size fit,not contacted,,
505,6,"Nation Pizza Products, L.P.",unclassified food/bev mfr,,Schaumburg,Illinois,http://www.nationpizza.com,4.5731869E7,700,Partnership,Joe Giglio — Chief Financial Officer,3,2,,co-man status UNKNOWN — needs website check; 2 email(s) in Hoovers; mid-market size fit,not contacted,,
506,6,National Beverage Corp.,unclassified food/bev mfr,,Plantation,Florida,http://www.nationalbeverage.com,1.180552E9,1681,Public,"Nick Caporella — Chairman of the Board, Chief Executive Officer",3,1,,co-man status UNKNOWN — needs website check; 1 email(s) in Hoovers; mid-market size fit,not contacted,,
507,6,"National Meat & Provision, LLC",unclassified food/bev mfr,,Reserve,Louisiana,http://www.natcofs.com,5.6027576E7,66,Private,Martim Castillo — President,3,3,,co-man status UNKNOWN — needs website check; 3 email(s) in Hoovers; mid-market size fit,not contacted,,
508,6,Naturalife Eco Vite Laboratories,unclassified food/bev mfr,,Torrance,California,http://www.paragonlabsusa.com,2.0272905E7,100,Private,Jay Kaufman — PRESIDENT,3,2,,co-man status UNKNOWN — needs website check; 2 email(s) in Hoovers; mid-market size fit,not contacted,,
509,6,"Naturally Fresh, Inc.",likely co-man (D&B description),,Atlanta,Georgia,,2.3975168E7,340,Private,,3,0,,"D&B text mentions contract/private-label; 3 contact(s), no email flag; mid-market size fit",not contacted,,
510,6,"Nature's Touch Frozen Foods, LLC",unclassified food/bev mfr,,Front Royal,Virginia,http://www.naturestouchfrozenfoods.com,3.471027E7,172,Private,Paul Bruns — Vice President Operations,3,2,,co-man status UNKNOWN — needs website check; 2 email(s) in Hoovers; mid-market size fit,not contacted,,
511,6,Nellson LLC,confirmed co-man (public sweep),snack-bakery,Anaheim,CA,https://www.nellsonllc.com,,,,,0,0,Jamie Better (CEO),verified co-man (public sweep),not contacted,,
512,6,"Nestle Regional Globe Office North America, Inc.",unclassified food/bev mfr,,Arlington,Virginia,http://www.nestlejobs.com,4.9458393E7,61,Private,Mark Brunson — Vice President,3,3,,co-man status UNKNOWN — needs website check; 3 email(s) in Hoovers; mid-market size fit,not contacted,,
513,6,"New Angus, LLC",unclassified food/bev mfr,,Aberdeen,South Dakota,http://www.demkotaranchbeef.com,2.402035E7,124,Private,Adam Bode — Chief Executive Officer,3,1,,co-man status UNKNOWN — needs website check; 1 email(s) in Hoovers; mid-market size fit,not contacted,,
514,6,"New Belgium Brewing Company, Inc.",unclassified food/bev mfr,,Fort Collins,Colorado,http://www.newbelgium.com,1.0783727E8,210,Private,Kim Jordan — Ceo CoFounder,3,3,,co-man status UNKNOWN — needs website check; 3 email(s) in Hoovers; mid-market size fit,not contacted,,
515,6,New Canaan Farms,confirmed co-man (public sweep),wet-frozen-supplements,Utopia,TX,https://newcanaanfarms.com,,,,,0,0,Lou Waters (Owner),verified co-man (public sweep),not contacted,,
516,6,"New Horizons Baking Company, LLC",unclassified food/bev mfr,,Norwalk,Ohio,http://www.newhorizonsbaking.com,4.9006016E7,350,Private,Trina Bediako — Chief Executive Officer,3,2,,co-man status UNKNOWN — needs website check; 2 email(s) in Hoovers; mid-market size fit,not contacted,,
517,6,"New York Frozen Foods, Inc.",unclassified food/bev mfr,,Bedford,Ohio,,2.216728E7,320,Private,Larry Linhart — Principal,3,1,,co-man status UNKNOWN — needs website check; 1 email(s) in Hoovers; mid-market size fit,not contacted,,
518,6,Next Century Spirits,confirmed co-man (public sweep),beverage,Raleigh,NC,https://www.nextcenturyspirits.com/,,,,,0,0,Anthony Moniello (CEO),verified co-man (public sweep),not contacted,,
519,6,Nichols Pistachio,unclassified food/bev mfr,,Hanford,California,http://www.nicholsfarms.com,2.4235188E7,200,Private,Jared Lorraine — President And Chief Operations Officer,3,1,,co-man status UNKNOWN — needs website check; 1 email(s) in Hoovers; mid-market size fit,not contacted,,
520,6,Nor-Cal Beverage Co.,confirmed co-man (public sweep),beverage,West Sacramento,CA,https://www.norcalbev.com/,,,,,0,0,Shannon Deary-Bell (President & CEO),verified co-man (public sweep),not contacted,,
521,6,"Nordic Naturals, Inc.",unclassified food/bev mfr,,Watsonville,California,http://www.nordic.com,4.6618927E7,150,Private,Jason Puett — Chief Financial Officer,3,3,,co-man status UNKNOWN — needs website check; 3 email(s) in Hoovers; mid-market size fit,not contacted,,
522,6,"Norman W. Fries, Inc.",unclassified food/bev mfr,,Claxton,Georgia,http://www.claxtonpoultry.com,4.216777E7,1700,Private,Doris Fries — Chief Executive Officer,3,2,,co-man status UNKNOWN — needs website check; 2 email(s) in Hoovers; mid-market size fit,not contacted,,
523,6,North Dakota Mill & Elevator Association,unclassified food/bev mfr,,Grand Forks,North Dakota,http://www.ndmill.com,4.1032309E8,132,Private,Brent Massmann — Vice President,3,2,,co-man status UNKNOWN — needs website check; 2 email(s) in Hoovers; mid-market size fit,not contacted,,
524,6,Novus Foods. LLC,unclassified food/bev mfr,,Cincinnati,Ohio,http://www.lakeviewfarms.com,1.1144404E9,685,Private,Rongrong Li — Principal Food Scientist,3,2,,co-man status UNKNOWN — needs website check; 2 email(s) in Hoovers; mid-market size fit,not contacted,,
525,6,Nutiva,unclassified food/bev mfr,,Richmond,California,http://www.nutiva.com,2.3829517E7,115,Private,Steven Naccarato — Chief Executive Officer,3,1,,co-man status UNKNOWN — needs website check; 1 email(s) in Hoovers; mid-market size fit,not contacted,,
526,6,"Nutritional Resources, Inc.",unclassified food/bev mfr,,Grovetown,Georgia,http://www.healthwisenri.com,2.1072802E7,164,Private,Michael Welsh — Chief Financial Officer,3,1,,co-man status UNKNOWN — needs website check; 1 email(s) in Hoovers; mid-market size fit,not contacted,,
527,6,"O & H Danish Bakery, Inc.",unclassified food/bev mfr,,Racine,Wisconsin,http://www.ohdanishbakery.com,2.1649136E7,150,Private,Peter Olesen — President,3,2,,co-man status UNKNOWN — needs website check; 2 email(s) in Hoovers; mid-market size fit,not contacted,,
528,6,"Ocala Breeders Sales Company, Inc.",unclassified food/bev mfr,,Ocala,Florida,http://www.obssales.com,2.1718821E7,100,Private,Thomas Ventura — President,3,2,,co-man status UNKNOWN — needs website check; 2 email(s) in Hoovers; mid-market size fit,not contacted,,
529,6,Octopi Brewing,confirmed co-man (public sweep),beverage,Waunakee,WI,https://octopibrewing.com/,,,,,0,0,Isaac Showaki (Founder & President),verified co-man (public sweep),not contacted,,
530,6,Ol' Gringo Chile Company,confirmed co-man (public sweep),wet-frozen-supplements,Las Cruces,NM,https://www.olgringos.com,,,,,0,0,Lisa Asel (Co-Owner),verified co-man (public sweep),not contacted,,
531,6,Old Orchard Brands LLC,unclassified food/bev mfr,,Sparta,Michigan,http://www.oldorchard.com,3.9911865E7,95,Private,Morgan Noble — Principal,3,2,,co-man status UNKNOWN — needs website check; 2 email(s) in Hoovers; mid-market size fit,not contacted,,
532,6,"Ole Smoky Distillery, LLC",unclassified food/bev mfr,,Gatlinburg,Tennessee,http://www.olesmoky.com,3.9356216E7,125,Private,Michael Bender — President,3,1,,co-man status UNKNOWN — needs website check; 1 email(s) in Hoovers; mid-market size fit,not contacted,,
533,6,"Ole' Mexican Foods, Inc.",unclassified food/bev mfr,,Norcross,Georgia,http://www.olemex.com,2.3734215E8,1200,Private,Paul Thomas — Vice President Finance,3,1,,co-man status UNKNOWN — needs website check; 1 email(s) in Hoovers; mid-market size fit,not contacted,,
534,6,"Open Kitchens, Inc.",unclassified food/bev mfr,,Chicago,Illinois,http://www.openkitchens.com,2.3488989E7,250,Private,Wilberto Saez — Principal,3,3,,co-man status UNKNOWN — needs website check; 3 email(s) in Hoovers; mid-market size fit,not contacted,,
535,6,"Oppenheimer Companies, Inc.",unclassified food/bev mfr,,Boise,Idaho,http://www.oppcos.com,4.2808678E7,101,Private,Douglas Oppenheimer — President,3,2,,co-man status UNKNOWN — needs website check; 2 email(s) in Hoovers; mid-market size fit,not contacted,,
536,6,Oregon Fruit Products LLC,unclassified food/bev mfr,,Salem,Oregon,http://www.oregonfruit.com,4.0784336E7,90,Private,Joe Peterson — Chief Executive Officer,3,2,,co-man status UNKNOWN — needs website check; 2 email(s) in Hoovers; mid-market size fit,not contacted,,
537,6,"Organicgirl, LLC",unclassified food/bev mfr,,Salinas,California,http://www.iloveorganicgirl.com,4.397937E7,650,Private,Erica Sabin — Chief Financial Officer,3,3,,co-man status UNKNOWN — needs website check; 3 email(s) in Hoovers; mid-market size fit,not contacted,,
538,6,Orlando Baking Company,unclassified food/bev mfr,,Cleveland,Ohio,http://www.orlandobaking.com,2.4415455E7,350,Private,Chester Orlando — President,3,2,,co-man status UNKNOWN — needs website check; 2 email(s) in Hoovers; mid-market size fit,not contacted,,
539,6,Ornua (Wisconsin) Ingredients LLC,unclassified food/bev mfr,,Hilbert,Wisconsin,http://www.ornua.com,4.1153915E7,300,Private,Martha Richey — Chief Financial Officer,3,3,,co-man status UNKNOWN — needs website check; 3 email(s) in Hoovers; mid-market size fit,not contacted,,
540,6,"Osceola Foods, Inc.",unclassified food/bev mfr,,Osceola,Iowa,http://www.osceolaiowa.com,2.8888422E7,100,Private,Tyler Hulsebus — Vice President,3,3,,co-man status UNKNOWN — needs website check; 3 email(s) in Hoovers; mid-market size fit,not contacted,,
541,6,PATCO Products LLC,unclassified food/bev mfr,,Overland Park,Kansas,http://www.patcoproducts.com,9.4845093E7,150,Private,Elina Hildebrand — Commercial Vice President,3,3,,co-man status UNKNOWN — needs website check; 3 email(s) in Hoovers; mid-market size fit,not contacted,,
542,6,"PGP International, Inc.",unclassified food/bev mfr,,Woodland,California,http://www.pgpint.com,4.5377056E7,333,Private,Karl Gormley — Vice President Operations,3,3,,co-man status UNKNOWN — needs website check; 3 email(s) in Hoovers; mid-market size fit,not contacted,,
543,6,"PHILLY'S BEST STEAK COMPANY, INC.",unclassified food/bev mfr,,Lansdowne,Pennsylvania,http://www.phillysbeststeak.com,2.4204573E7,175,Private,Zafeiris Akranis — President,3,2,,co-man status UNKNOWN — needs website check; 2 email(s) in Hoovers; mid-market size fit,not contacted,,
544,6,"POST FOODS, LLC",unclassified food/bev mfr,,Lakeville,Minnesota,http://www.postconsumerbrands.com,2.5650152E7,1600,Partnership,Bob Olson — Finance Vice President,3,1,,co-man status UNKNOWN — needs website check; 1 email(s) in Hoovers; mid-market size fit,not contacted,,
545,6,"PYCO Industries, Inc.",unclassified food/bev mfr,,Lubbock,Texas,http://www.pycoindustries.com,2.7001493E7,160,Private,Ronnie Gilbert — Senior Vice President,3,1,,co-man status UNKNOWN — needs website check; 1 email(s) in Hoovers; mid-market size fit,not contacted,,
546,6,"Pacific American Fish Co., Inc.",unclassified food/bev mfr,,Vernon,California,http://www.pafco.net,4.8010914E7,300,Private,Shoichiro Akiyama — Chief Financial Officer,3,3,,co-man status UNKNOWN — needs website check; 3 email(s) in Hoovers; mid-market size fit,not contacted,,
547,6,Pacific Coast Producers,unclassified food/bev mfr,,Lodi,California,http://www.pacificcoastproducers.com,1.112698E9,1000,Private,Mark Vallee — Chief Financial Officer,3,2,,co-man status UNKNOWN — needs website check; 2 email(s) in Hoovers; mid-market size fit,not contacted,,
548,6,"Pacific Spice Company, Inc.",unclassified food/bev mfr,,Commerce,California,http://www.pacificspice.com,2.3101828E7,130,Private,Gershon Schlussel — Chief Executive Officer,3,2,,co-man status UNKNOWN — needs website check; 2 email(s) in Hoovers; mid-market size fit,not contacted,,
549,6,"Palmetto Gourmet Foods, Inc.",unclassified food/bev mfr,,Saluda,South Carolina,http://www.palmettogf.com,4.8437561E7,350,Private,Reza Soltanzadeh — President,3,2,,co-man status UNKNOWN — needs website check; 2 email(s) in Hoovers; mid-market size fit,not contacted,,
550,6,"Pan American Grain Company, Inc.",unclassified food/bev mfr,,Guaynabo,Puerto Rico,http://www.panamericangrain.com,6.8636642E7,198,Private,Eduardo Fernandez — Executive Vice President,3,1,,co-man status UNKNOWN — needs website check; 1 email(s) in Hoovers; mid-market size fit,not contacted,,
551,6,Pan American Grain Manufacturing Co. Inc.,unclassified food/bev mfr,,Guaynabo,Puerto Rico,http://www.panamericangrain.com,9.0883156E7,395,Private,Alberto Fernandez — Executive VicePresident,3,1,,co-man status UNKNOWN — needs website check; 1 email(s) in Hoovers; mid-market size fit,not contacted,,
552,6,Paris Brothers,confirmed co-man (public sweep),wet-frozen-supplements,Kansas City,MO,https://parisbrothers.com,,~93 (RocketReach est.),,,0,0,Joe Paris (Co-founder),verified co-man (public sweep),not contacted,,
553,6,"Pasta Montana, L.L.C.",unclassified food/bev mfr,,Great Falls,Montana,http://www.pastamontana.com,2.3136139E7,110,Private,Dan Bateman — Chief Financial Officer,3,1,,co-man status UNKNOWN — needs website check; 1 email(s) in Hoovers; mid-market size fit,not contacted,,
554,6,"Pasteleria Cidrines, Inc.",unclassified food/bev mfr,,Arecibo,Puerto Rico,http://www.cidrines.com,2.7701748E7,120,Private,Mari Cidre — President,3,3,,co-man status UNKNOWN — needs website check; 3 email(s) in Hoovers; mid-market size fit,not contacted,,
555,6,Peco Foods Inc.,unclassified food/bev mfr,,Gordo,Alabama,http://www.pecofoods.com,2.9675278E7,609,Private,Benny Bishop — PRINCIPAL,3,1,,co-man status UNKNOWN — needs website check; 1 email(s) in Hoovers; mid-market size fit,not contacted,,
556,6,"Peerless Coffee Company, Inc.",unclassified food/bev mfr,,Oakland,California,http://www.peerlesscoffee.com,2.2583221E7,85,Private,George Vukasin — PRESIDENT MASTER,3,1,,co-man status UNKNOWN — needs website check; 1 email(s) in Hoovers; mid-market size fit,not contacted,,
557,6,Penn Dairy,confirmed co-man (public sweep),wet-frozen-supplements,Winfield,PA,https://penndairy.com,,,,,0,0,Murat Hokka (Director),verified co-man (public sweep),not contacted,,
558,6,"Pennant Ingredients, Inc.",unclassified food/bev mfr,,Rochester,New York,http://www.pennant-ingredients.com,3.6221691E7,180,Private,,3,2,,co-man status UNKNOWN — needs website check; 2 email(s) in Hoovers; mid-market size fit; Northeast,not contacted,,
559,6,"Penobscot McCrum, LLC",unclassified food/bev mfr,,Washburn,Maine,http://www.penobscotmccrum.com,2.3271959E7,175,Private,,3,1,,co-man status UNKNOWN — needs website check; 1 email(s) in Hoovers; mid-market size fit; Northeast,not contacted,,
560,6,"Peppers Unlimited Of Louisiana, Inc.",unclassified food/bev mfr,,Saint Martinville,Louisiana,http://www.peppersunlimitedofla.com,6.546288300000001E7,155,Private,Peggy Marler — Chief Financial Officer,3,2,,co-man status UNKNOWN — needs website check; 2 email(s) in Hoovers; mid-market size fit,not contacted,,
561,6,"Pepsi Cola Of Florence, LLC",unclassified food/bev mfr,,Florence,South Carolina,http://www.pepsi-florence.com,2.1542019E7,230,Private,Jeff Stevens — Chief Executive Officer,3,2,,co-man status UNKNOWN — needs website check; 2 email(s) in Hoovers; mid-market size fit,not contacted,,
562,6,Pepsi Midamerica Co.,unclassified food/bev mfr,,Marion,Illinois,http://www.pepsimidamerica.com,2.2376532E7,1390,Private,Donald Wall — Principal,3,2,,co-man status UNKNOWN — needs website check; 2 email(s) in Hoovers; mid-market size fit,not contacted,,
563,6,Pepsico,unclassified food/bev mfr,,Indianapolis,Indiana,http://www.pepsico.com,2.1815344E7,50,Private,Bob Harper — Principal,3,2,,co-man status UNKNOWN — needs website check; 2 email(s) in Hoovers; mid-market size fit,not contacted,,
564,6,"Pepsico Caribbean, Inc.",unclassified food/bev mfr,,Guaynabo,Puerto Rico,,9.5628372E7,600,Private,Amneris Marrero — Chief Financial Officer Public Relations,3,1,,co-man status UNKNOWN — needs website check; 1 email(s) in Hoovers; mid-market size fit,not contacted,,
565,6,"Perfect Pasta, Inc.",unclassified food/bev mfr,,Addison,Illinois,http://www.perfectpastainc.com,4.0E7,150,Private,Luigi Bucaro — President,3,3,,co-man status UNKNOWN — needs website check; 3 email(s) in Hoovers; mid-market size fit,not contacted,,
566,6,"Peterson Farms, Inc.",unclassified food/bev mfr,,Shelby,Michigan,http://www.petersonfarmsinc.com,1.232823E9,1085,Private,Mike Agosta — Chief Financial Officer,3,1,,co-man status UNKNOWN — needs website check; 1 email(s) in Hoovers; mid-market size fit,not contacted,,
567,6,"Petiq Mfg, LLC",unclassified food/bev mfr,,Springville,Utah,http://ballardmfg.weebly.com,2.3586069E7,200,Private,Jeremy Christensen — Chief Operating Officer,3,1,,co-man status UNKNOWN — needs website check; 1 email(s) in Hoovers; mid-market size fit,not contacted,,
568,6,"Phil's Cake Box Bakeries, Inc.",unclassified food/bev mfr,,Tampa,Florida,http://www.alessibakery.com,2.0881598E7,180,Private,Philip Alessi — President,3,2,,co-man status UNKNOWN — needs website check; 2 email(s) in Hoovers; mid-market size fit,not contacted,,
569,6,"Pierre's Ice Cream Company, Inc.",unclassified food/bev mfr,,Cleveland,Ohio,http://www.pierres.com,4.2E7,80,Private,Doug Smith — Chief Executive Officer,3,1,,co-man status UNKNOWN — needs website check; 1 email(s) in Hoovers; mid-market size fit,not contacted,,
570,6,Pine Manor Inc,unclassified food/bev mfr,,Orland,Indiana,http://www.millerpoultry.com,2.3970959E7,500,Private,Ursula Miller — Vice President,3,2,,co-man status UNKNOWN — needs website check; 2 email(s) in Hoovers; mid-market size fit,not contacted,,
571,6,"Pine Ridge Farms, LLC",unclassified food/bev mfr,,Des Moines,Iowa,,2.6045048E7,400,Private,Michael Patak — Executive Vice President Operations,3,3,,co-man status UNKNOWN — needs website check; 3 email(s) in Hoovers; mid-market size fit,not contacted,,
572,6,"Pioneer Frozen Foods, Inc.",unclassified food/bev mfr,,Duncanville,Texas,http://www.chg.com,2.8920628E7,750,Private,Chris Redkey — Senior Vice President Of Operations,3,1,,co-man status UNKNOWN — needs website check; 1 email(s) in Hoovers; mid-market size fit,not contacted,,
573,6,Pocino Foods Company,unclassified food/bev mfr,,City OF Industry,California,http://www.pocinofoods.com,2.3957264E7,100,Private,Jim Pierson — Vice President Sales,3,1,,co-man status UNKNOWN — needs website check; 1 email(s) in Hoovers; mid-market size fit,not contacted,,
574,6,"Pompeian, Inc.",unclassified food/bev mfr,,Baltimore,Maryland,http://www.pompeian.com,2.4107574E7,100,Private,Jim Casey — Chief Financial Officer Corporate Officer,3,3,,co-man status UNKNOWN — needs website check; 3 email(s) in Hoovers; mid-market size fit,not contacted,,
575,6,Portland Bottling Company,confirmed co-man (public sweep),beverage,Portland,OR,https://www.portlandbottling.com/,,76 (ZoomInfo),,,0,0,Ed Maletis (Chairman & Owner),verified co-man (public sweep),not contacted,,
576,6,Precept Brands LLC,unclassified food/bev mfr,,Seattle,Washington,http://www.preceptwine.com,6.943116E7,300,Private,Scott Bassin — Chief Executive Designer,3,2,,co-man status UNKNOWN — needs website check; 2 email(s) in Hoovers; mid-market size fit,not contacted,,
577,6,"Premium Iowa Pork, L.L.C.",unclassified food/bev mfr,,Hospers,Iowa,http://www.premiumiowapork.com,2.0757549E7,85,Private,Dan Paquin — President Premium Iowa Pork,3,3,,co-man status UNKNOWN — needs website check; 3 email(s) in Hoovers; mid-market size fit,not contacted,,
578,6,Premium Waters Inc.,confirmed co-man (public sweep),beverage,Minneapolis,MN,https://premiumwaters.com/,,,,,0,0,Joseph Shankland (President),verified co-man (public sweep),not contacted,,
579,6,"Prestage Foods Of Iowa, LLC",unclassified food/bev mfr,,Eagle Grove,Iowa,http://www.prestagefoods.com,2.6659197E7,1000,Private,Hank Dalbec — Vice President,3,2,,co-man status UNKNOWN — needs website check; 2 email(s) in Hoovers; mid-market size fit,not contacted,,
580,6,"Prestage Foods, Inc.",unclassified food/bev mfr,,Saint Pauls,North Carolina,http://www.prestagefarms.com,4.3757183E7,350,Private,John Hott — Chief Executive Officer,3,2,,co-man status UNKNOWN — needs website check; 2 email(s) in Hoovers; mid-market size fit,not contacted,,
581,6,"Prime Beverage Group, LLC",unclassified food/bev mfr,,Huntersville,North Carolina,http://www.primebev.com,4.3930347E7,250,Private,Bill Sims — Vice President Finance,3,3,,co-man status UNKNOWN — needs website check; 3 email(s) in Hoovers; mid-market size fit,not contacted,,
582,6,Primrose Candy Co.,unclassified food/bev mfr,,Chicago,Illinois,http://www.primrosecandy.com,2.3315865E7,103,Private,Jeffrey Puch — Vice President,3,2,,co-man status UNKNOWN — needs website check; 2 email(s) in Hoovers; mid-market size fit,not contacted,,
583,6,"Pro-Form Manufacturing, LLC",unclassified food/bev mfr,,Benicia,California,http://inwmfg.com,3.234774E7,200,Private,Ann Chen — Vice President Finance,3,3,,co-man status UNKNOWN — needs website check; 3 email(s) in Hoovers; mid-market size fit,not contacted,,
584,6,"Probar, LLC",unclassified food/bev mfr,,Salt Lake City,Utah,http://www.theprobar.com,2.2943989E7,100,Private,Arthur Eggertsen — Owner,3,1,,co-man status UNKNOWN — needs website check; 1 email(s) in Hoovers; mid-market size fit,not contacted,,
585,6,"Probi USA, Inc.",unclassified food/bev mfr,,Redmond,Washington,http://www.probi.com,5.360025E7,99,Private,Richard Marriott — Chief Financial Officer,3,3,,co-man status UNKNOWN — needs website check; 3 email(s) in Hoovers; mid-market size fit,not contacted,,
586,6,"Proven Partners Group, LLC",unclassified food/bev mfr,,Elgin,Illinois,http://www.provenpartnersgroup.com,4.7382687E7,250,Private,Kevin Sims — Chief Operating Officer,3,2,,co-man status UNKNOWN — needs website check; 2 email(s) in Hoovers; mid-market size fit,not contacted,,
587,6,"Q & B Foods, Inc.",unclassified food/bev mfr,,Irwindale,California,http://www.qbfoods.com,2.2069319E7,70,Private,Akio Okumura — Chief Executive Officer,3,2,,co-man status UNKNOWN — needs website check; 2 email(s) in Hoovers; mid-market size fit,not contacted,,
588,6,Quaker Maid Meats Inc.,unclassified food/bev mfr,,Reading,Pennsylvania,http://www.quakermaidmeats.com,2.2509007E7,162,Private,Charles Lumis — Chief Financial Officer,3,2,,co-man status UNKNOWN — needs website check; 2 email(s) in Hoovers; mid-market size fit,not contacted,,
589,6,"Quality Pork International, Inc.",unclassified food/bev mfr,,Omaha,Nebraska,http://www.qpii.com,4.8685223E7,400,Private,Katie McNamara — Chief Financial Officer,3,2,,co-man status UNKNOWN — needs website check; 2 email(s) in Hoovers; mid-market size fit,not contacted,,
590,6,"Quality Pork Processors, Inc.",unclassified food/bev mfr,,Austin,Minnesota,http://www.qppinc.net,2.3208736E7,1100,Private,Kelly Wadding — PRESIDENT,3,3,,co-man status UNKNOWN — needs website check; 3 email(s) in Hoovers; mid-market size fit,not contacted,,
591,6,"Quality Sausage Company, Inc.",unclassified food/bev mfr,,Dallas,Texas,http://www.qualitysausage.com,3.0099203E7,280,Private,Rob Tyrrell — Chief Operating Officer,3,3,,co-man status UNKNOWN — needs website check; 3 email(s) in Hoovers; mid-market size fit,not contacted,,
592,6,"R. Torre & Company, Inc.",unclassified food/bev mfr,,San Leandro,California,http://www.torani.com,1.0190962E8,160,Private,Melanie Dulbecco — Chief Executive Officer,3,2,,co-man status UNKNOWN — needs website check; 2 email(s) in Hoovers; mid-market size fit,not contacted,,
593,6,"ROGER WOOD FOODS, LLC",unclassified food/bev mfr,,Savannah,Georgia,http://www.rogerwoodfoods.com,2.1442884E7,250,Private,David Solana — President,3,1,,co-man status UNKNOWN — needs website check; 1 email(s) in Hoovers; mid-market size fit,not contacted,,
594,6,Rahr Corporation,unclassified food/bev mfr,,Shakopee,Minnesota,http://www.rahr.com,2.1820407E8,155,Private,Aleksandr Onchanu — company owner,3,2,,co-man status UNKNOWN — needs website check; 2 email(s) in Hoovers; mid-market size fit,not contacted,,
595,6,"Ralco Nutrition, Inc.",unclassified food/bev mfr,,Marshall,Minnesota,http://www.ralcoagriculture.com,2.2548269E7,200,Private,Glenn Bader — President Chief Executive Officer,3,1,,co-man status UNKNOWN — needs website check; 1 email(s) in Hoovers; mid-market size fit,not contacted,,
596,6,Rantoul Foods LLC,unclassified food/bev mfr,,Rantoul,Illinois,http://www.rantoulfoods.com,2.3765287E7,400,Private,Jim Jendruczek — President Managing Partner,3,2,,co-man status UNKNOWN — needs website check; 2 email(s) in Hoovers; mid-market size fit,not contacted,,
597,6,"Raymundos Food Group, LLC",unclassified food/bev mfr,,Bedford Park,Illinois,http://www.raymundos.com,9.8599998E7,169,Private,Maya Glinberg — Chief Financial Officer,3,2,,co-man status UNKNOWN — needs website check; 2 email(s) in Hoovers; mid-market size fit,not contacted,,
598,6,Reckitt Benckiser LLC,unclassified food/bev mfr,,Nutley,New Jersey,http://www.reckittprofessional.com,8.1058459E8,1600,Private,,3,3,,co-man status UNKNOWN — needs website check; 3 email(s) in Hoovers; mid-market size fit; Northeast,not contacted,,
599,6,"Red Collar Pet Foods, Inc.",unclassified food/bev mfr,,Franklin,Tennessee,http://www.redcollarpet.com,4.5119263E7,700,Private,Phil Bruyn — Vice President Procurement,3,1,,co-man status UNKNOWN — needs website check; 1 email(s) in Hoovers; mid-market size fit,not contacted,,
600,6,"Red Gold, Inc.",likely co-man (D&B description),,Elwood,Indiana,http://www.redgoldfoods.com,4.7037302E8,1500,Private,,1,0,,"D&B text mentions contract/private-label; 1 contact(s), no email flag; mid-market size fit",not contacted,,
601,6,"Red Monkey Foods, Inc.",unclassified food/bev mfr,,Springfield,Missouri,http://www.redmonkeyfoods.com,6.3883415E7,165,Private,Jeff Brinkhoff — President,3,2,,co-man status UNKNOWN — needs website check; 2 email(s) in Hoovers; mid-market size fit,not contacted,,
602,6,"Reed Food Technology, Inc.",unclassified food/bev mfr,,Pearl,Mississippi,http://www.reedfood.com,3.6E7,120,Private,Jeffrey Reed — Chief Operating Officer,3,1,,co-man status UNKNOWN — needs website check; 1 email(s) in Hoovers; mid-market size fit,not contacted,,
603,6,"Refresco Florida, Inc.",unclassified food/bev mfr,,Lakeland,Florida,,2.4134962E7,180,Private,J Grady — Principal,3,2,,co-man status UNKNOWN — needs website check; 2 email(s) in Hoovers; mid-market size fit,not contacted,,
604,6,"Reyes Coca-Cola Bottling, L.L.C.",unclassified food/bev mfr,,Irvine,California,http://www.reyescocacola.com,4.3288751E8,4200,Private,Greg Geane — Chief Operating Officer,6,3,,co-man status UNKNOWN — needs website check; 3 email(s) in Hoovers; mid-market size fit,not contacted,,
605,6,Reykjavik Creamery,confirmed co-man (public sweep),wet-frozen-supplements,Newville,PA,https://reykjavikcreamery.com,,,,,0,0,Gunnar Birgisson (Founder),verified co-man (public sweep),not contacted,,
606,6,"Ricetec, Inc.",unclassified food/bev mfr,,Alvin,Texas,http://www.ricetec.com,2.4143618E7,200,Private,Van McNeely — President Head Of Us,3,1,,co-man status UNKNOWN — needs website check; 1 email(s) in Hoovers; mid-market size fit,not contacted,,
607,6,Richmond Baking Company,confirmed co-man (public sweep),snack-bakery,Richmond,IN,https://www.richmondbaking.com,,,,,0,0,Bill Quigg (President),verified co-man (public sweep),not contacted,,
608,6,"Rio Grande Valley Sugar Growers, Inc.",unclassified food/bev mfr,,Santa Rosa,Texas,http://www.rgvsugar.com,2.4953339E7,500,Nonprofit,Sean Brashear — President And Chief Executive Officer,3,1,,co-man status UNKNOWN — needs website check; 1 email(s) in Hoovers; mid-market size fit,not contacted,,
609,6,Rise Baking Company,confirmed co-man (public sweep),snack-bakery,Minneapolis,MN,https://www.risebakingcompany.com,,"1,001-5,000 (LinkedIn)",,,0,0,Mark McNeil (CEO),verified co-man (public sweep),not contacted,,
610,6,"Rite Stuff Foods, Inc.",unclassified food/bev mfr,,Jerome,Idaho,http://www.ritestuff.com,2.5430794E7,230,Private,Curt Snyder — Chief Executive Officer,3,3,,co-man status UNKNOWN — needs website check; 3 email(s) in Hoovers; mid-market size fit,not contacted,,
611,6,Robinson Pharma,confirmed co-man (public sweep),wet-frozen-supplements,Santa Ana,CA,https://www.robinsonpharma.com,,~880 (2022),,,0,0,Tuong Nguyen (Founder & CEO),verified co-man (public sweep),not contacted,,
612,6,"Rocky Mountain Chocolate Factory, Inc.",unclassified food/bev mfr,,Durango,Colorado,http://www.rmcf.com,2.7497E7,160,Public,"Jeffrey Geygan — Interim Chief Executive Officer, Director",3,1,,co-man status UNKNOWN — needs website check; 1 email(s) in Hoovers; mid-market size fit,not contacted,,
613,6,"Romero's Food Products, Incorporated",unclassified food/bev mfr,,Santa Fe Springs,California,http://www.romerosfood.com,2.1865036E7,150,Private,Leon Romero — Chief Executive Officer,3,3,,co-man status UNKNOWN — needs website check; 3 email(s) in Hoovers; mid-market size fit,not contacted,,
614,6,Ron's Home Style Foods,confirmed co-man (public sweep),wet-frozen-supplements,Houston,TX,https://ronsfoods.com,$15.5M (RocketReach est. 2025),~51 (2025),,,0,0,Steve Woodall (President),verified co-man (public sweep),not contacted,,
615,6,Roskam Foods,confirmed co-man (public sweep),snack-bakery,Grand Rapids,MI,https://roskamfoods.com,$250M-$500M+ (sources conflict),"~1,800 (RocketReach/LinkedIn range 1,001-5,000)",,,0,0,Miguel Moreno Munera (CEO),verified co-man (public sweep),not contacted,,
616,6,"Royal Ridge Fruit & Cold Storage, LLC",unclassified food/bev mfr,,Royal City,Washington,http://www.royalridgefruits.com,2.4752026E7,125,Private,Terry Ihnen — Chief Financial Officer,3,2,,co-man status UNKNOWN — needs website check; 2 email(s) in Hoovers; mid-market size fit,not contacted,,
617,6,"Rubix Foods, LLC",unclassified food/bev mfr,,Jacksonville,Florida,http://www.rubixfoods.com,3.1244499E7,85,Private,David Perez — Chief Financial Officer,3,2,,co-man status UNKNOWN — needs website check; 2 email(s) in Hoovers; mid-market size fit,not contacted,,
618,6,"Rudi's Organic Bakery, Inc.",unclassified food/bev mfr,,Boulder,Colorado,http://www.rudisbakery.com,3.3349628000000004E7,120,Private,Kaan Dagalti — Chief Operating Officer,3,2,,co-man status UNKNOWN — needs website check; 2 email(s) in Hoovers; mid-market size fit,not contacted,,
619,6,"Rutter Bros. Dairy, Inc.",unclassified food/bev mfr,,York,Pennsylvania,http://www.ruttersdairy.com,2.1718439E7,135,Private,Todd Rutter — President,3,2,,co-man status UNKNOWN — needs website check; 2 email(s) in Hoovers; mid-market size fit,not contacted,,
620,6,"S&E Gourmet Cuts, Inc.",unclassified food/bev mfr,,San Bernardino,California,http://www.countryarcher.com,5.4156498E7,200,Private,Eugene Kang — Chief Executive Officer Founder,3,3,,co-man status UNKNOWN — needs website check; 3 email(s) in Hoovers; mid-market size fit,not contacted,,
621,6,S. Martinelli & Company,unclassified food/bev mfr,,Watsonville,California,http://www.martinellis.com,7.7161369E7,195,Private,Stephen Martinelli — President,3,2,,co-man status UNKNOWN — needs website check; 2 email(s) in Hoovers; mid-market size fit,not contacted,,
622,6,SMP Nutra (Supplement Manufacturing Partner),confirmed co-man (public sweep),wet-frozen-supplements,Deer Park,NY,https://smpnutra.com,,,,,0,0,,verified co-man (public sweep); Northeast,not contacted,,
623,6,"STX Beef Company, LLC",unclassified food/bev mfr,,Corpus Christi,Texas,http://www.stxbeef.com,4.2481804E7,750,Private,Scott Hardiman — President,3,3,,co-man status UNKNOWN — needs website check; 3 email(s) in Hoovers; mid-market size fit,not contacted,,
624,6,"SVZ USA Washington, Inc.",unclassified food/bev mfr,,Othello,Washington,http://www.svz.com,2.4894846E7,50,Private,Jenny Billups — PRESIDENT,3,2,,co-man status UNKNOWN — needs website check; 2 email(s) in Hoovers; mid-market size fit,not contacted,,
625,6,"Saint Louis Brewery, LLC",unclassified food/bev mfr,,Saint Louis,Missouri,http://www.schlafly.com,2.2705627E7,100,Private,Joe Allison — Vice President,3,3,,co-man status UNKNOWN — needs website check; 3 email(s) in Hoovers; mid-market size fit,not contacted,,
626,6,"San Antonio Winery, Inc.",unclassified food/bev mfr,,Los Angeles,California,http://www.sanantoniowinery.com,2.479933E7,150,Private,Cathy Riboli — Chief Financial Officer,3,2,,co-man status UNKNOWN — needs website check; 2 email(s) in Hoovers; mid-market size fit,not contacted,,
627,6,"Sanders Candy, LLC",unclassified food/bev mfr,,Clinton Township,Michigan,http://www.sanderscandy.com,3.5712379E7,172,Private,Karen Jefferson — Vice President Of Sales,3,2,,co-man status UNKNOWN — needs website check; 2 email(s) in Hoovers; mid-market size fit,not contacted,,
628,6,Sandridge Crafted Foods,confirmed co-man (public sweep),wet-frozen-supplements,Medina,OH,https://sandridge.com,$222.5M (RocketReach est.),~434 (RocketReach est.),,,0,0,Mark Sandridge (CEO (since 1997)),verified co-man (public sweep),not contacted,,
629,6,"Sarris Candies, Inc.",unclassified food/bev mfr,,Canonsburg,Pennsylvania,http://www.sarriscandies.com,2.4202389E7,300,Private,Bill Sarris — President Chief Executive Officer,3,1,,co-man status UNKNOWN — needs website check; 1 email(s) in Hoovers; mid-market size fit,not contacted,,
630,6,"Savannah Food Company, LLC",unclassified food/bev mfr,,Savannah,Tennessee,http://www.savannahclassics.com,2.2612726E7,85,Private,John Bryan — President,3,3,,co-man status UNKNOWN — needs website check; 3 email(s) in Hoovers; mid-market size fit,not contacted,,
631,6,"Savor Street Foods, Inc.",unclassified food/bev mfr,,Reading,Pennsylvania,http://www.savorstreet.com,2.2960239E7,120,Private,Scott Carpenter — Chief Executive Officer,3,3,,co-man status UNKNOWN — needs website check; 3 email(s) in Hoovers; mid-market size fit,not contacted,,
632,6,"Sazerac North America, Inc.",unclassified food/bev mfr,,Owensboro,Kentucky,http://www.sazerac.com,2.3677761E7,180,Private,John Goldring — PRESIDENT,3,2,,co-man status UNKNOWN — needs website check; 2 email(s) in Hoovers; mid-market size fit,not contacted,,
633,6,"Scavuzzo's, Inc.",unclassified food/bev mfr,,Kansas City,Kansas,http://www.scavuzzos.com,2.5307283E7,70,Private,Troy Pruter — Vice President Of Sales,3,3,,co-man status UNKNOWN — needs website check; 3 email(s) in Hoovers; mid-market size fit,not contacted,,
634,6,"Scenic Fruit Company, LLC",unclassified food/bev mfr,,Gresham,Oregon,http://www.scenicfruit.com,2.5350758E7,200,Private,Derek Eisele — President,3,3,,co-man status UNKNOWN — needs website check; 3 email(s) in Hoovers; mid-market size fit,not contacted,,
635,6,"Schell & Kampeter, Inc.",unclassified food/bev mfr,,Meta,Missouri,http://www.diamondpet.com,1.0577679E8,300,Private,Chris Foucheaux — Chief Financial Officer,3,2,,co-man status UNKNOWN — needs website check; 2 email(s) in Hoovers; mid-market size fit,not contacted,,
636,6,"Schmidt Baking Company, Incorporated",unclassified food/bev mfr,,Baltimore,Maryland,http://www.schmidtoldtyme.com,4.6519371E7,650,Private,Edgar Flores — Independent Owner,3,2,,co-man status UNKNOWN — needs website check; 2 email(s) in Hoovers; mid-market size fit,not contacted,,
637,6,Schulze and Burch Biscuit Co.,unclassified food/bev mfr,,Chicago,Illinois,http://www.schulzeburch.co,1.0247778E8,350,Private,Kevin Boyle — President,3,1,,co-man status UNKNOWN — needs website check; 1 email(s) in Hoovers; mid-market size fit,not contacted,,
638,6,Sconza Candy Company,unclassified food/bev mfr,,Oakdale,California,http://www.sconza.com,3.1684681E7,100,Private,Jeff Brown — Chief Operating Officer,3,2,,co-man status UNKNOWN — needs website check; 2 email(s) in Hoovers; mid-market size fit,not contacted,,
639,6,Sconza Chocolates,confirmed co-man (public sweep),snack-bakery,Oakdale,CA,https://sconza.com,,,,,0,0,Ron Sconza (President & CEO),verified co-man (public sweep),not contacted,,
640,6,Scott Brothers Dairy,confirmed co-man (public sweep),wet-frozen-supplements,Chino,CA,https://www.scottbrothers.com,,,,,0,0,Brad Scott (Farm Manager / 4th-generation family owner),verified co-man (public sweep),not contacted,,
641,6,"Sensapure, INC.",unclassified food/bev mfr,,Salt Lake City,Utah,http://sensapure.com,3.3947712E7,140,Private,Shayne Howell — President,3,1,,co-man status UNKNOWN — needs website check; 1 email(s) in Hoovers; mid-market size fit,not contacted,,
642,6,"Shank's Extracts, LLC",likely co-man (D&B description),,Lancaster,Pennsylvania,http://www.shanks.com,4.5126968E7,245,Private,,1,0,,"D&B text mentions contract/private-label; 1 contact(s), no email flag; mid-market size fit",not contacted,,
643,6,"Shasta Beverages, Inc.",unclassified food/bev mfr,,Hayward,California,http://www.shastapop.com,9.2859711E7,600,Private,Miguel Abril — Vice President,3,2,,co-man status UNKNOWN — needs website check; 2 email(s) in Hoovers; mid-market size fit,not contacted,,
644,6,"Shoreline Fruit, LLC",unclassified food/bev mfr,,Traverse City,Michigan,http://www.shorelinefruit.com,2.5980831E7,180,Private,Ken Swanson — Chief Executive Officer,3,3,,co-man status UNKNOWN — needs website check; 3 email(s) in Hoovers; mid-market size fit,not contacted,,
645,6,"Silocaf Of New Orleans, Inc.",unclassified food/bev mfr,,New Orleans,Louisiana,,4.5179665E7,85,Private,Maurizio Zaves — President,3,1,,co-man status UNKNOWN — needs website check; 1 email(s) in Hoovers; mid-market size fit,not contacted,,
646,6,"Silver Spring Foods, Inc.",unclassified food/bev mfr,,Eau Claire,Wisconsin,http://www.silverspringfoods.com,2.3394808E7,150,Private,Shawn Kapanke — Vice President Of Manufacturing Operations,3,3,,co-man status UNKNOWN — needs website check; 3 email(s) in Hoovers; mid-market size fit,not contacted,,
647,6,"Simmons Animal Nutrition, Inc.",unclassified food/bev mfr,,Siloam Springs,Arkansas,http://www.simmonsfoods.com,4.4697948E7,157,Private,Kerry Hairston — Senior Vice President Of Finance Treasurer,3,2,,co-man status UNKNOWN — needs website check; 2 email(s) in Hoovers; mid-market size fit,not contacted,,
648,6,"Simple Mills, Inc.",unclassified food/bev mfr,,Chicago,Illinois,http://www.simplemills.com,3.7200832E7,100,Private,Michelle Lorge — President,3,3,,co-man status UNKNOWN — needs website check; 3 email(s) in Hoovers; mid-market size fit,not contacted,,
649,6,"Simply Good Foods USA, Inc.",unclassified food/bev mfr,,Denver,Colorado,http://www.thesimplygoodfoodscompany.com,6.6287865E7,225,Private,Caroline Ford — Principal Ecologist,3,2,,co-man status UNKNOWN — needs website check; 2 email(s) in Hoovers; mid-market size fit,not contacted,,
650,6,Sleeping Giant Brewing Company,confirmed co-man (public sweep),beverage,Denver,CO,https://sleepinggiantbrewing.com/,,,,,0,0,Matthew Osterman (Founder),verified co-man (public sweep),not contacted,,
651,6,Smithfield Packaged Meats Corp.,unclassified food/bev mfr,,Smithfield,Virginia,,4.3922223E8,6565,Private,Aminta Enrique — Founder,3,1,,co-man status UNKNOWN — needs website check; 1 email(s) in Hoovers; mid-market size fit,not contacted,,
652,6,"Smucker Natural Foods, Inc.",unclassified food/bev mfr,,Chico,California,,4.0774006E7,2000,Private,Steven Oakland — Principal,3,1,,co-man status UNKNOWN — needs website check; 1 email(s) in Hoovers; mid-market size fit,not contacted,,
653,6,Snackwerks,confirmed co-man (public sweep),snack-bakery,Battle Creek,MI,,,,,,0,0,Kirk Trofholz (Executive Chairman (Artisan Bakery)),verified co-man (public sweep),not contacted,,
654,6,Sokol Custom Food Ingredients (Sokol & Company),confirmed co-man (public sweep),wet-frozen-supplements,Countryside,IL,https://www.sokolcustomfoods.com,,100+,,,0,0,Shawn Sullivan (CEO),verified co-man (public sweep),not contacted,,
655,6,"South Dakota Soybean Processors, LLC",unclassified food/bev mfr,,Volga,South Dakota,http://www.sdsbp.com,5.0381512E8,139,Public,Carl Odde — Chief Operating Officer,3,1,,co-man status UNKNOWN — needs website check; 1 email(s) in Hoovers; mid-market size fit,not contacted,,
656,6,Southern Tea Company LLC,unclassified food/bev mfr,,Marietta,Georgia,http://www.southernbreezesweettea.com,2.207737E7,170,Private,Eileen Lauth — Vice President Quality Assurance And Regulatory Affairs,3,2,,co-man status UNKNOWN — needs website check; 2 email(s) in Hoovers; mid-market size fit,not contacted,,
657,6,"Southwind Foods, LLC",unclassified food/bev mfr,,Carson,California,http://www.southwindfoods.com,1.0499845E8,250,Private,Jim Lee — Chief Financial Officer,3,2,,co-man status UNKNOWN — needs website check; 2 email(s) in Hoovers; mid-market size fit,not contacted,,
658,6,"Spice World, LLC",unclassified food/bev mfr,,Orlando,Florida,http://www.spiceworldinc.com,2.5246679E7,134,Private,John Kalal — Chief Operating Officer,3,1,,co-man status UNKNOWN — needs website check; 1 email(s) in Hoovers; mid-market size fit,not contacted,,
659,6,Spicin Foods (formerly Original Juan),confirmed co-man (public sweep),wet-frozen-supplements,Kansas City,KS,https://spicinfoods.com,,51-200 (ZoomInfo),,,0,0,Scott Morse (CEO),verified co-man (public sweep),not contacted,,
660,6,Sprecher Brewing Co.,confirmed co-man (public sweep),beverage,Glendale,WI,https://sprecherbrewery.com/,,160 (2023 press),,,0,0,Sharad Chadha (President & CEO),verified co-man (public sweep),not contacted,,
661,6,Sprinkk,confirmed co-man (public sweep),snack-bakery,Omaha,NE,https://www.sprinkk.com,,,,,0,0,Tessa Porter (Founder & President),verified co-man (public sweep),not contacted,,
662,6,Sprinkles Cupcakes Inc.,unclassified food/bev mfr,,Beverly Hills,California,http://www.sprinkles.com,4.338607E7,1000,Private,Bobby Nelson — Chief Financial Officer,3,2,,co-man status UNKNOWN — needs website check; 2 email(s) in Hoovers; mid-market size fit,not contacted,,
663,6,"Square H Brands, Inc.",unclassified food/bev mfr,,Los Angeles,California,http://www.squarehbrands.com,2.278233E7,150,Private,Henry Haskell — Chief Executive Officer,3,2,,co-man status UNKNOWN — needs website check; 2 email(s) in Hoovers; mid-market size fit,not contacted,,
664,6,"St. Clair Foods, Inc.",unclassified food/bev mfr,,Memphis,Tennessee,http://www.stclair.com,2.28703E7,125,Private,Brian Edmonds — Vice President,3,2,,co-man status UNKNOWN — needs website check; 2 email(s) in Hoovers; mid-market size fit,not contacted,,
665,6,Stanislaus Food Products Company,unclassified food/bev mfr,,Modesto,California,http://www.stanislaus.com,1.0248277E8,105,Private,Thomas Cortopassi — Chief Executive Officer,3,1,,co-man status UNKNOWN — needs website check; 1 email(s) in Hoovers; mid-market size fit,not contacted,,
666,6,Star Milling Co.,unclassified food/bev mfr,,Perris,California,http://www.starmilling.com,2.0387032E7,99,Private,Greg Carls — Chief Financial Officer,3,2,,co-man status UNKNOWN — needs website check; 2 email(s) in Hoovers; mid-market size fit,not contacted,,
667,6,"Sterling Foods, LLC",unclassified food/bev mfr,,San Antonio,Texas,http://www.sterling-fd.com,1.1897618E8,250,Private,John Likovich — Chairman And Chief Executive Officer,3,2,,co-man status UNKNOWN — needs website check; 2 email(s) in Hoovers; mid-market size fit,not contacted,,
668,6,Steuben Foods,confirmed co-man (public sweep),beverage,Elma,NY,https://steubenfoods.com/,$253.1M (RocketReach estimate),262 (RocketReach) - 700+ (company statements),,,0,0,,verified co-man (public sweep); Northeast,not contacted,,
669,6,Stevens Point Brewery,confirmed co-man (public sweep),beverage,Stevens Point,WI,https://www.pointbeer.com/,,,,,0,0,Joe Martino (Operating Partner),verified co-man (public sweep),not contacted,,
670,6,Stevison Ham Company,unclassified food/bev mfr,,Portland,Tennessee,http://www.stevisons.com,2.4454823E7,100,Private,Jerry Anderson — Chief Financial Officer,3,3,,co-man status UNKNOWN — needs website check; 3 email(s) in Hoovers; mid-market size fit,not contacted,,
671,6,"Stillwater Milling Company, LLC",unclassified food/bev mfr,,Stillwater,Oklahoma,http://www.stillwatermill.com,2.8475666E7,169,Private,David Fairbanks — President,3,2,,co-man status UNKNOWN — needs website check; 2 email(s) in Hoovers; mid-market size fit,not contacted,,
672,6,"Subco Foods, Inc.",unclassified food/bev mfr,,West Chicago,Illinois,http://www.subcofoods.com,3.0222994E7,200,Private,Masroor Khan — Chief Executive Officer,3,1,,co-man status UNKNOWN — needs website check; 1 email(s) in Hoovers; mid-market size fit,not contacted,,
673,6,Sugar Cane Growers Cooperative Of Florida,unclassified food/bev mfr,,Belle Glade,Florida,http://www.scgc.org,9.2837357E7,500,Nonprofit,Matthew Hoffman — President And Chief Executive Officer,3,1,,co-man status UNKNOWN — needs website check; 1 email(s) in Hoovers; mid-market size fit,not contacted,,
674,6,Summit Brewing Company,unclassified food/bev mfr,,Saint Paul,Minnesota,http://www.summitbrewing.com,2.4856594E7,65,Private,Kelly Larsen — Chief Financial Officer,3,2,,co-man status UNKNOWN — needs website check; 2 email(s) in Hoovers; mid-market size fit,not contacted,,
675,6,SunOpta Grains and Foods Inc.,unclassified food/bev mfr,,Eden Prairie,Minnesota,http://www.sunopta.com,9.9322784E7,185,Private,Peter Reinecke — Vice President Marketing,3,2,,co-man status UNKNOWN — needs website check; 2 email(s) in Hoovers; mid-market size fit,not contacted,,
676,6,Sunny Delight Beverages Co.,unclassified food/bev mfr,,Cincinnati,Ohio,http://www.sunnyd.com,2.2470908E8,553,Private,Rick Zimmerman — Senior Vice President,3,1,,co-man status UNKNOWN — needs website check; 1 email(s) in Hoovers; mid-market size fit,not contacted,,
677,6,"Sunnyvalley Smoked Meats, Inc.",unclassified food/bev mfr,,Manteca,California,http://www.sunnyvalleysmokedmeats.com,1.4788235E8,250,Private,Treva Andreetta — Vice President,3,3,,co-man status UNKNOWN — needs website check; 3 email(s) in Hoovers; mid-market size fit,not contacted,,
678,6,"Supplying Demand, Inc.",unclassified food/bev mfr,,Los Angeles,California,http://www.liquiddeath.com,2.5364819E7,218,Private,Ricky Khetarpaul — Chief Financial Officer,3,1,,co-man status UNKNOWN — needs website check; 1 email(s) in Hoovers; mid-market size fit,not contacted,,
679,6,Surlean Meat Company,unclassified food/bev mfr,,San Antonio,Texas,http://www.surleanfoods.com,1.0373917E8,119,Private,Karrie Menz — Vice President Of Quality,3,3,,co-man status UNKNOWN — needs website check; 3 email(s) in Hoovers; mid-market size fit,not contacted,,
680,6,"Suzanna's Kitchen, Inc.",unclassified food/bev mfr,,Duluth,Georgia,http://www.suzannaskitchen.com,5.1046955E7,75,Private,Bradley Howard — Chief Executive Officer,3,3,,co-man status UNKNOWN — needs website check; 3 email(s) in Hoovers; mid-market size fit,not contacted,,
681,6,"Swaggerty Sausage Co., Inc.",unclassified food/bev mfr,,Kodak,Tennessee,http://www.swaggertys.com,2.4049896E7,90,Private,Candi Reed — Chief Financial Officer,3,3,,co-man status UNKNOWN — needs website check; 3 email(s) in Hoovers; mid-market size fit,not contacted,,
682,6,"Synergy Flavors, Inc.",unclassified food/bev mfr,,Wauconda,Illinois,http://www.synergytaste.com,1.5358426E8,76,Private,William Marchetti — Vise President,3,2,,co-man status UNKNOWN — needs website check; 2 email(s) in Hoovers; mid-market size fit,not contacted,,
683,6,T W Garner Food Company,unclassified food/bev mfr,,Winston Salem,North Carolina,http://www.garnerfoods.com,2.3613575E7,155,Private,Matt Mccollum — Chief Executive Officer,3,2,,co-man status UNKNOWN — needs website check; 2 email(s) in Hoovers; mid-market size fit,not contacted,,
684,6,T. Hasegawa U.S.A. Inc.,unclassified food/bev mfr,,Cerritos,California,http://www.thasegawa.com,5.7096409E7,135,Private,Kim Burnett — Chief Financial Officer,3,1,,co-man status UNKNOWN — needs website check; 1 email(s) in Hoovers; mid-market size fit,not contacted,,
685,6,T.Marzetti Company,unclassified food/bev mfr,,Westerville,Ohio,http://www.tmarzetticompany.com,9.2701428E8,1706,Private,Luis Viso Csco — Principal,3,1,,co-man status UNKNOWN — needs website check; 1 email(s) in Hoovers; mid-market size fit,not contacted,,
686,6,"TH Foods, Inc.",unclassified food/bev mfr,,Loves Park,Illinois,http://www.thfoods.com,8.4745934E7,300,Private,Steve Polonowski — Executive Vice President Growth And Innovation,3,3,,co-man status UNKNOWN — needs website check; 3 email(s) in Hoovers; mid-market size fit,not contacted,,
687,6,THE FIRST DISTRICT ASSOCIATION (FDA),unclassified food/bev mfr,,Litchfield,Minnesota,http://www.firstdistrict.com,4.580962E7,150,Private,Clinton Fall — Chief Executive Officer,3,2,,co-man status UNKNOWN — needs website check; 2 email(s) in Hoovers; mid-market size fit,not contacted,,
688,6,"THE HONEST KITCHEN, INC.",unclassified food/bev mfr,,La Jolla,California,http://www.thehonestkitchen.com,2.068095E7,73,Private,Will Lisman — Chief Executive Officer,3,3,,co-man status UNKNOWN — needs website check; 3 email(s) in Hoovers; mid-market size fit,not contacted,,
689,6,TRILOGY FOODS LLC,unclassified food/bev mfr,,Gainesville,Georgia,http://www.trilogyfoodsllc.com,2.1832516E7,150,Private,Adam Bryant — Chief Financial Officer,3,1,,co-man status UNKNOWN — needs website check; 1 email(s) in Hoovers; mid-market size fit,not contacted,,
690,6,TableTrust Brands LLC,unclassified food/bev mfr,,Mifflintown,Pennsylvania,http://www.freebirdchicken.com,4.3384548E7,1000,Partnership,John Miller — Chief Financial Officer,3,3,,co-man status UNKNOWN — needs website check; 3 email(s) in Hoovers; mid-market size fit,not contacted,,
691,6,"Tampico Beverages, Inc.",unclassified food/bev mfr,,Chicago,Illinois,http://www.tampico.com,2.5326105E7,129,Private,Andre Dube — Executive Vice President Of Operations,3,3,,co-man status UNKNOWN — needs website check; 3 email(s) in Hoovers; mid-market size fit,not contacted,,
692,6,Tandem Foods,confirmed co-man (public sweep),snack-bakery,Pittsburgh,PA,https://tandemfoods.com,,"1,000+ at Bar Bakers unit alone",,,0,0,Michael Buick (CEO),verified co-man (public sweep),not contacted,,
693,6,"Taylor Shellfish Company, Inc.",unclassified food/bev mfr,,Shelton,Washington,http://www.taylorshellfishfarms.com,4.678825E7,315,Private,Bill Lalor — Vice President,3,3,,co-man status UNKNOWN — needs website check; 3 email(s) in Hoovers; mid-market size fit,not contacted,,
694,6,Texas Farm Products Company,unclassified food/bev mfr,,Nacogdoches,Texas,http://www.tfpnutrition.com,4.6762531E7,165,Private,Royal Witcher — Chief Operating Officer,3,2,,co-man status UNKNOWN — needs website check; 2 email(s) in Hoovers; mid-market size fit,not contacted,,
695,6,Teys (USA) Inc.,unclassified food/bev mfr,,Chicago,Illinois,http://us.teysgroup.com,2.3477402E7,50,Private,Raven Kropf — President,3,1,,co-man status UNKNOWN — needs website check; 1 email(s) in Hoovers; mid-market size fit,not contacted,,
696,6,The Brewing Projekt,confirmed co-man (public sweep),beverage,Eau Claire,WI,https://www.thebrewingprojekt.com/,,,,,0,0,William Glass (Founder & Owner),verified co-man (public sweep),not contacted,,
697,6,"The Chef's Garden, Inc.",unclassified food/bev mfr,,Huron,Ohio,http://www.chefs-garden.com,2.3673714E7,130,Private,Andrea Lenyo — Chief Financial Officer,3,1,,co-man status UNKNOWN — needs website check; 1 email(s) in Hoovers; mid-market size fit,not contacted,,
698,6,"The Father's Table, L.L.C.",unclassified food/bev mfr,,Sanford,Florida,http://www.thefatherstable.com,4.3713806E7,300,Private,Jeff Liddy — President,3,1,,co-man status UNKNOWN — needs website check; 1 email(s) in Hoovers; mid-market size fit,not contacted,,
699,6,The Fremont Company,unclassified food/bev mfr,,Fremont,Ohio,http://www.fremontcompany.com,5.1176994E7,180,Private,James Kroner — Chief Financial Officer,3,1,,co-man status UNKNOWN — needs website check; 1 email(s) in Hoovers; mid-market size fit,not contacted,,
700,6,The Garmon Corporation,unclassified food/bev mfr,,Temecula,California,http://www.garmoncorp.com,2.6833412E7,120,Private,Scott Garmon — President Chief Executive Officer,3,2,,co-man status UNKNOWN — needs website check; 2 email(s) in Hoovers; mid-market size fit,not contacted,,
701,6,The Great Lakes Brewing Co.,unclassified food/bev mfr,,Cleveland,Ohio,http://www.greatlakesbrewing.com,2.4217438E7,185,Private,Mark King — Chief Executive Officer,3,3,,co-man status UNKNOWN — needs website check; 3 email(s) in Hoovers; mid-market size fit,not contacted,,
702,6,"The Lauridsen Group, Inc.",unclassified food/bev mfr,,Ankeny,Iowa,http://www.apcproteins.com,5.1267352000000006E8,750,Private,Dawn Kucera — Executive Vice President Cfo,3,1,,co-man status UNKNOWN — needs website check; 1 email(s) in Hoovers; mid-market size fit,not contacted,,
703,6,"The Lion Brewery, Inc.",unclassified food/bev mfr,,Wilkes Barre,Pennsylvania,http://www.lionbrewery.com,4.5091499E7,135,Private,Michael Clarke — Vice President And Chief Financial Officer,3,2,,co-man status UNKNOWN — needs website check; 2 email(s) in Hoovers; mid-market size fit,not contacted,,
704,6,"The Little Potato Company Usa, Inc.",unclassified food/bev mfr,,Deforest,Wisconsin,http://www.littlepotatoes.com,2.3382275E7,52,Private,Angela Santiago — Co Founder,3,3,,co-man status UNKNOWN — needs website check; 3 email(s) in Hoovers; mid-market size fit,not contacted,,
705,6,"The Masterson Company, Inc.",unclassified food/bev mfr,,Milwaukee,Wisconsin,http://www.mastersonfoods.com,4.6454338E7,200,Private,Jenelle Roberts — Vice President Of Finance Administration Treasurer,3,3,,co-man status UNKNOWN — needs website check; 3 email(s) in Hoovers; mid-market size fit,not contacted,,
706,6,The Mushroom Company,unclassified food/bev mfr,,Cambridge,Maryland,http://www.southmill.com,2.8726936E7,75,Private,Ruth Newhard — Vice President Of Sales,3,2,,co-man status UNKNOWN — needs website check; 2 email(s) in Hoovers; mid-market size fit,not contacted,,
707,6,The Noel Corporation,unclassified food/bev mfr,,Yakima,Washington,http://www.noelcorp.com,2.4699549E7,255,Private,J Noel — Vice President,3,2,,co-man status UNKNOWN — needs website check; 2 email(s) in Hoovers; mid-market size fit,not contacted,,
708,6,The Olds Products Co. Of Illinois,unclassified food/bev mfr,,Pleasant Prairie,Wisconsin,http://www.oldsproducts.com,2.4929155E7,80,Private,Timothy Mc Avoy — Sales Vice President,3,1,,co-man status UNKNOWN — needs website check; 1 email(s) in Hoovers; mid-market size fit,not contacted,,
709,6,The Simply Good Foods Company,unclassified food/bev mfr,,Denver,Colorado,http://www.thesimplygoodfoodscompany.com,1.4509199E9,328,Public,"Joseph Scalzo — President, Chief Executive Officer, Director",3,1,,co-man status UNKNOWN — needs website check; 1 email(s) in Hoovers; mid-market size fit,not contacted,,
710,6,"The Wine Group, Inc.",unclassified food/bev mfr,,Ripon,California,http://www.thewinegroup.com,9.5971626E7,250,Private,Aren Korte — Executive Vice President,3,3,,co-man status UNKNOWN — needs website check; 3 email(s) in Hoovers; mid-market size fit,not contacted,,
711,6,Thistle Health Inc.,unclassified food/bev mfr,,Vacaville,California,http://www.thistle.co,2.4486755E7,400,Private,Ashwin Cheriyan — Chief Executive Officer CoFounder,3,3,,co-man status UNKNOWN — needs website check; 3 email(s) in Hoovers; mid-market size fit,not contacted,,
712,6,Tortilla King LLC,unclassified food/bev mfr,,Moundridge,Kansas,http://www.mamalupes.com,4.5280334E7,140,Private,Robert Ratzlaff — Principal,3,1,,co-man status UNKNOWN — needs website check; 1 email(s) in Hoovers; mid-market size fit,not contacted,,
713,6,Triple  B  Corporation,unclassified food/bev mfr,,Seattle,Washington,http://www.charliesproduce.com,1.0555139999999999E9,1062,Private,Charlie Billow — Chief Executive Officer,3,3,,co-man status UNKNOWN — needs website check; 3 email(s) in Hoovers; mid-market size fit,not contacted,,
714,6,"Tropicale Foods, LLC",unclassified food/bev mfr,,Ontario,California,http://www.tropicalefoods.com,1.1994543E8,150,Private,Steven Schiller — Chief Executive Officer,3,2,,co-man status UNKNOWN — needs website check; 2 email(s) in Hoovers; mid-market size fit,not contacted,,
715,6,"Tropicana Products Sales, Inc.",unclassified food/bev mfr,,Chicago,Illinois,,2.308206E7,158,Private,Glen Walter — Chief Executive Officer,3,1,,co-man status UNKNOWN — needs website check; 1 email(s) in Hoovers; mid-market size fit,not contacted,,
716,6,"Tru Fru, LLC",unclassified food/bev mfr,,Salt Lake City,Utah,http://www.trufru.com,2.7886089E7,72,Private,Rachel Lewis — Vice President Of Brand Management,3,1,,co-man status UNKNOWN — needs website check; 1 email(s) in Hoovers; mid-market size fit,not contacted,,
717,6,"Tuffy's Pet Foods, Inc.",unclassified food/bev mfr,,Perham,Minnesota,http://www.klnfamilybrands.com,2.4054014E7,500,Private,Jayne Adamson — Vice President Of Sales,3,3,,co-man status UNKNOWN — needs website check; 3 email(s) in Hoovers; mid-market size fit,not contacted,,
718,6,"Turkey Valley Farms, LLC",unclassified food/bev mfr,,Marshall,Minnesota,http://www.turkeyvalleyfarms.com,2.7819958E7,450,Private,Beth Wosmek — Chief Financial Officer,3,3,,co-man status UNKNOWN — needs website check; 3 email(s) in Hoovers; mid-market size fit,not contacted,,
719,6,"Turner Dairy Farms, Inc.",unclassified food/bev mfr,,Pittsburgh,Pennsylvania,http://www.turnerdairy.net,4.8297657E7,219,Private,Robert Garofalo — Chief Financial Officer,3,2,,co-man status UNKNOWN — needs website check; 2 email(s) in Hoovers; mid-market size fit,not contacted,,
720,6,"Turri's Italian Foods, Inc.",unclassified food/bev mfr,,Roseville,Michigan,http://www.turrisitalianfoods.com,5.1539326E7,390,Private,Jason Carnago — Chief Financial Officer,3,1,,co-man status UNKNOWN — needs website check; 1 email(s) in Hoovers; mid-market size fit,not contacted,,
721,6,"Tyson Farms, Inc.",unclassified food/bev mfr,,Springdale,Arkansas,http://www.tysonfoods.com,1.1684889E8,114,Private,Regina Villines — vice president credit,3,3,,co-man status UNKNOWN — needs website check; 3 email(s) in Hoovers; mid-market size fit,not contacted,,
722,6,Tyson Foods,unclassified food/bev mfr,,Chicago,Illinois,http://www.tyson.com,2.1637259E7,250,Private,Jim Conley — Principal,3,2,,co-man status UNKNOWN — needs website check; 2 email(s) in Hoovers; mid-market size fit,not contacted,,
723,6,Tyson Sales and Distribution Inc.,unclassified food/bev mfr,,Springdale,Arkansas,http://www.tysonfoods.com,2.508152E7,112,Private,Kurt Suther — Vice President,3,1,,co-man status UNKNOWN — needs website check; 1 email(s) in Hoovers; mid-market size fit,not contacted,,
724,6,UMPQUA Dairy Products Co.,unclassified food/bev mfr,,Roseburg,Oregon,http://www.umpquadairy.com,4.6712471E7,243,Private,Steven Feldkamp — Executive Vice President,3,1,,co-man status UNKNOWN — needs website check; 1 email(s) in Hoovers; mid-market size fit,not contacted,,
725,6,US Beverage Packers,confirmed co-man (public sweep),beverage,Keasbey,NJ,https://www.usbevpack.com/,,,,,0,0,,verified co-man (public sweep); Northeast,not contacted,,
726,6,"UTZ Quality Foods, LLC",unclassified food/bev mfr,,Hanover,Pennsylvania,http://www.dirtys.com,7.3229755E8,1800,Private,Theresa Acappellano — Principal,3,2,,co-man status UNKNOWN — needs website check; 2 email(s) in Hoovers; mid-market size fit,not contacted,,
727,6,Uncle John's Pride LLC,unclassified food/bev mfr,,Tampa,Florida,http://www.unclejohnspride.com,2.3452042E7,72,Private,Bryan Beswick — Principal,3,3,,co-man status UNKNOWN — needs website check; 3 email(s) in Hoovers; mid-market size fit,not contacted,,
728,6,United States Distilled Products Co.,unclassified food/bev mfr,,Princeton,Minnesota,http://www.phillipsdistilling.com,4.6046291E7,550,Private,Patricia Pelzer — Chief Financial Officer,3,1,,co-man status UNKNOWN — needs website check; 1 email(s) in Hoovers; mid-market size fit,not contacted,,
729,6,Universal Frozen Food,confirmed co-man (public sweep),wet-frozen-supplements,Brooklyn,NY,https://universalfrozenfood.com,,,,,0,0,,verified co-man (public sweep); Northeast,not contacted,,
730,6,"V & V Supremo Foods, Inc.",unclassified food/bev mfr,,Chicago,Illinois,http://www.vvsupremo.com,2.8333309E7,250,Private,Rich Wright — Chief Financial Officer,3,2,,co-man status UNKNOWN — needs website check; 2 email(s) in Hoovers; mid-market size fit,not contacted,,
731,6,"Valentine Enterprises, Inc.",unclassified food/bev mfr,,Lawrenceville,Georgia,http://www.veiusa.com,5.0182148E7,168,Private,Peter Valentine — Principal,3,2,,co-man status UNKNOWN — needs website check; 2 email(s) in Hoovers; mid-market size fit,not contacted,,
732,6,"Valley Fine Foods Company, LLC",unclassified food/bev mfr,,Benicia,California,http://valleyfine.com,4.7912853E7,375,Private,Brian Cullen — Chief Financial Officer,3,3,,co-man status UNKNOWN — needs website check; 3 email(s) in Hoovers; mid-market size fit,not contacted,,
733,6,"Vets Plus, Inc.",unclassified food/bev mfr,,Menomonie,Wisconsin,http://www.vetsplus.com,4.1373535E7,170,Private,Paul Hays — Chief Executive Officer,3,1,,co-man status UNKNOWN — needs website check; 1 email(s) in Hoovers; mid-market size fit,not contacted,,
734,6,Vie-Del Company,unclassified food/bev mfr,,Fresno,California,http://www.vie-del.com,2.6642212E7,99,Private,Richard Wattson — Chief Executive Officer,3,2,,co-man status UNKNOWN — needs website check; 2 email(s) in Hoovers; mid-market size fit,not contacted,,
735,6,Vigo Importing Company,unclassified food/bev mfr,,Tampa,Florida,http://www.vigo-alessi.com,2.4696096E7,187,Private,Bendy Mike — Chairwoman Chief Executive Officer,3,2,,co-man status UNKNOWN — needs website check; 2 email(s) in Hoovers; mid-market size fit,not contacted,,
736,6,"Virginia Poultry Growers Cooperative, Inc.",unclassified food/bev mfr,,Hinton,Virginia,http://www.vapoultrygrowers.com,4.7438599E7,550,Private,Jim Mason — President,3,1,,co-man status UNKNOWN — needs website check; 1 email(s) in Hoovers; mid-market size fit,not contacted,,
737,6,Vita-pakt Citrus Products LLC,unclassified food/bev mfr,,Bakersfield,California,http://www.vita-pakt.com,4.3863171E7,100,Private,James Boyles — Chief Executive Officer,3,2,,co-man status UNKNOWN — needs website check; 2 email(s) in Hoovers; mid-market size fit,not contacted,,
738,6,Walker's Fresh Foods (Walker's Food Products),confirmed co-man (public sweep),wet-frozen-supplements,North Kansas City,MO,https://walkersfoodproducts.com,,,,,0,0,Michael Stinson (COO & Director of Sales),verified co-man (public sweep),not contacted,,
739,6,"Wehah Farm, Inc.",unclassified food/bev mfr,,Richvale,California,http://www.lundberg.com,3.885804E7,255,Private,Cheryl Balkenhol — Chief Financial Officer,3,2,,co-man status UNKNOWN — needs website check; 2 email(s) in Hoovers; mid-market size fit,not contacted,,
740,6,"Wellington Foods, Inc.",unclassified food/bev mfr,,Corona,California,http://www.wellingtonfoods.com,2.3691231E7,148,Private,Tony Harnack — Chief Executive Officer,3,2,,co-man status UNKNOWN — needs website check; 2 email(s) in Hoovers; mid-market size fit,not contacted,,
741,6,"West Point Dairy Products, LLC",unclassified food/bev mfr,,West Point,Nebraska,http://www.westpointdairy.com,2.0117546E7,140,Private,Ben Quellhorst — Plant Manager,3,2,,co-man status UNKNOWN — needs website check; 2 email(s) in Hoovers; mid-market size fit,not contacted,,
742,6,Western Bagel Baking Corporation,unclassified food/bev mfr,,Van Nuys,California,http://www.westernbagel.com,4.9343723E7,425,Private,Danielle Cooper — Chief Financial Officer Director Of Human Resources,3,3,,co-man status UNKNOWN — needs website check; 3 email(s) in Hoovers; mid-market size fit,not contacted,,
743,6,"Western Foods, LLC",unclassified food/bev mfr,,Woodland,California,http://www.westernfoodsco.com,3.2954006E7,120,Private,Shan Staka — Chief Financial Officer,3,2,,co-man status UNKNOWN — needs website check; 2 email(s) in Hoovers; mid-market size fit,not contacted,,
744,6,"Western Group Packaging, LLC",unclassified food/bev mfr,,North Las Vegas,Nevada,http://www.wgpco.com,2.3281078E7,150,Private,Franco Rastelli — Chief Financial Officer,3,1,,co-man status UNKNOWN — needs website check; 1 email(s) in Hoovers; mid-market size fit,not contacted,,
745,6,"Westrock Coffee Roasting, LLC",unclassified food/bev mfr,,North Little Rock,Arkansas,http://www.westrockcoffee.com,2.4179731E7,200,Private,Elizabeth McLaughlin — Executive Vice President Sales,2,2,,co-man status UNKNOWN — needs website check; 2 email(s) in Hoovers; mid-market size fit,not contacted,,
746,6,Wheypro Holdings LLC,unclassified food/bev mfr,,New Lisbon,Wisconsin,http://www.millhavenfoods.com,5.1378681E7,70,Private,Brian Slater — Chief Executive Officer Owner,3,3,,co-man status UNKNOWN — needs website check; 3 email(s) in Hoovers; mid-market size fit,not contacted,,
747,6,"Whitebridge Pet Brands, LLC",unclassified food/bev mfr,,Chesterfield,Missouri,http://www.cloudstar.com,5.3449745E7,80,Private,Mary Czapeczka — Chief Financial Officer,3,2,,co-man status UNKNOWN — needs website check; 2 email(s) in Hoovers; mid-market size fit,not contacted,,
748,6,"Williams Sausage Company, Inc.",unclassified food/bev mfr,,Union City,Tennessee,http://www.williams-sausage.com,4.1558998E7,490,Private,Lesley Anderson — Vice President Of Foodservice Sales,3,2,,co-man status UNKNOWN — needs website check; 2 email(s) in Hoovers; mid-market size fit,not contacted,,
749,6,"Wisconsin Spice, Inc.",unclassified food/bev mfr,,Berlin,Wisconsin,http://www.wisconsinspice.com,2.067107E7,55,Private,Allen Sass — President,3,3,,co-man status UNKNOWN — needs website check; 3 email(s) in Hoovers; mid-market size fit,not contacted,,
750,6,"Woodland Foods, LLC",unclassified food/bev mfr,,Waukegan,Illinois,http://www.woodlandfoods.com,8.9832748E7,250,Private,Dan Kucera — Chief Financial Officer,3,3,,co-man status UNKNOWN — needs website check; 3 email(s) in Hoovers; mid-market size fit,not contacted,,
751,6,"World's Finest Chocolate, Inc.",unclassified food/bev mfr,,Chicago,Illinois,http://www.worldsfinestchocolate.com,5.4847946E7,400,Private,Donal Chappelear — Independent Business Owner,3,1,,co-man status UNKNOWN — needs website check; 1 email(s) in Hoovers; mid-market size fit,not contacted,,
752,6,"YAKIMA CHIEF HOPS, INC.",unclassified food/bev mfr,,Yakima,Washington,http://www.yakimachief.com,4.194994E7,86,Private,Howard Allred — Chief Financial Officer,3,2,,co-man status UNKNOWN — needs website check; 2 email(s) in Hoovers; mid-market size fit,not contacted,,
753,6,YouBar (You Bar Inc.),confirmed co-man (public sweep),snack-bakery,Los Angeles,CA,https://youbars.com,,,,,0,0,Anthony Flynn (Founder & CEO),verified co-man (public sweep),not contacted,,
754,6,"Zeeland Farm Services, Inc.",unclassified food/bev mfr,,Zeeland,Michigan,http://www.zfsinc.com,5.5555233E7,135,Private,Robb Meeuwsen — Vice President Oil Marketing,3,3,,co-man status UNKNOWN — needs website check; 3 email(s) in Hoovers; mid-market size fit,not contacted,,
755,6,Zentis North America Holding LLC,unclassified food/bev mfr,,Plymouth,Indiana,http://www.zentis.de,3.0394409E7,190,Private,Nico Stobinski — President Chief Executive Officer,3,1,,co-man status UNKNOWN — needs website check; 1 email(s) in Hoovers; mid-market size fit,not contacted,,
756,6,Zevia LLC,unclassified food/bev mfr,,Encino,California,http://www.zevia.com,2.03E8,87,Private,Cerveceria Dominicana — Principal,3,3,,co-man status UNKNOWN — needs website check; 3 email(s) in Hoovers; mid-market size fit,not contacted,,
757,5,"AAK USA K1, LLC",unclassified food/bev mfr,,Louisville,Kentucky,http://www.aak.com,3.5959427E7,150,Private,,2,1,,co-man status UNKNOWN — needs website check; 1 email(s) in Hoovers; mid-market size fit,not contacted,,
758,5,ABP Corporation,unclassified food/bev mfr,,Boston,Massachusetts,http://www.aubonpain.com,3.9426792E7,1500,Private,Susan Morelli — President,3,0,,"co-man status UNKNOWN — needs website check; 3 contact(s), no email flag; mid-market size fit; Northeast",not contacted,,
759,5,"AMERIPEC, INC.",unclassified food/bev mfr,,Buena Park,California,http://www.ameripec.com,2.6200506E7,150,Private,,3,2,,co-man status UNKNOWN — needs website check; 2 email(s) in Hoovers; mid-market size fit,not contacted,,
760,5,"Abbyland Foods, Inc.",unclassified food/bev mfr,,Abbotsford,Wisconsin,http://www.abbyland.com,4.4794651E7,500,Private,,3,3,,co-man status UNKNOWN — needs website check; 3 email(s) in Hoovers; mid-market size fit,not contacted,,
761,5,"Agri-mark, Inc.",unclassified food/bev mfr,,Andover,Massachusetts,http://www.agrimark.net,3.0586121E8,900,Private,Dan Serna — Chief Financial Officer,3,0,,"co-man status UNKNOWN — needs website check; 3 contact(s), no email flag; mid-market size fit; Northeast",not contacted,,
762,5,Ameripack Foods,confirmed co-man (public sweep),wet-frozen-supplements,Hughes Springs,TX,https://ameripackfoods.com,,51-250 (ZoomInfo),,,0,0,,verified co-man (public sweep),not contacted,,
763,5,"Angie's Artisan Treats, LLC",unclassified food/bev mfr,,North Mankato,Minnesota,,2.2816311E7,100,Partnership,,3,3,,co-man status UNKNOWN — needs website check; 3 email(s) in Hoovers; mid-market size fit,not contacted,,
764,5,Arthur Schuman Inc.,unclassified food/bev mfr,,Fairfield,New Jersey,http://www.schumancheese.com,1.811489E8,350,Private,Shawn T Condon — Chief Operating Officer,3,0,,"co-man status UNKNOWN — needs website check; 3 contact(s), no email flag; mid-market size fit; Northeast",not contacted,,
765,5,Baldi Candy Co.,unclassified food/bev mfr,,Chicago,Illinois,http://www.arwayconfections.com,2.6800243E7,110,Private,,3,1,,co-man status UNKNOWN — needs website check; 1 email(s) in Hoovers; mid-market size fit,not contacted,,
766,5,Best Maid Cookie Company,confirmed co-man (public sweep),snack-bakery,River Falls,WI,https://www.risebakingcompany.com/brands/best-maid/,,~93 (Indeed listing base),,,0,0,,verified co-man (public sweep),not contacted,,
767,5,BetterBeverages (formerly Rocky Mountain Cultures),confirmed co-man (public sweep),beverage,Gypsum,CO,,,,,,0,0,,verified co-man (public sweep),not contacted,,
768,5,Big Boss Baking Company (Granola Co-Packer),confirmed co-man (public sweep),snack-bakery,High Point,NC,https://www.granolacopacker.com,,,,,0,0,,verified co-man (public sweep),not contacted,,
769,5,"Birds Eye Foods, Inc.",unclassified food/bev mfr,,Cherry Hill,New Jersey,,4.0600452E7,1585,Private,Chris Puma — Chief Financial Officer,3,0,,"co-man status UNKNOWN — needs website check; 3 contact(s), no email flag; mid-market size fit; Northeast",not contacted,,
770,5,"Blue Buffalo Company, Ltd.",unclassified food/bev mfr,,Wilton,Connecticut,http://www.bluebuffalo.com,4.8057568E8,1300,Private,Sally Radka — Principal,3,0,,"co-man status UNKNOWN — needs website check; 3 contact(s), no email flag; mid-market size fit; Northeast",not contacted,,
771,5,Boston Beer Corporation,unclassified food/bev mfr,,Boston,Massachusetts,http://www.brewbound.com,1.2306552E8,1000,Private,Robert Pagano — Vice President Brand Development,2,0,,"co-man status UNKNOWN — needs website check; 2 contact(s), no email flag; mid-market size fit; Northeast",not contacted,,
772,5,"Brady Enterprises, Inc.",unclassified food/bev mfr,,Billerica,Massachusetts,http://www.bradyenterprises.com,2.3477959E7,90,Private,Jan Brady — Chief Executive Officer,3,0,,"co-man status UNKNOWN — needs website check; 3 contact(s), no email flag; mid-market size fit; Northeast",not contacted,,
773,5,BrewDog USA,confirmed co-man (public sweep),beverage,Canal Winchester,OH,https://usa.brewdog.com/,,,,,0,0,,verified co-man (public sweep),not contacted,,
774,5,Byrne Dairy Inc.,unclassified food/bev mfr,,La Fayette,New York,http://www.byrnedairystores.com,1.1223289E8,620,Private,Christopher Byrne — Small Business Owner,3,0,,"co-man status UNKNOWN — needs website check; 3 contact(s), no email flag; mid-market size fit; Northeast",not contacted,,
775,5,"C&H Sugar Company, Inc.",unclassified food/bev mfr,,Crockett,California,http://www.asr-group.com,3.3426516999999996E7,550,Private,,3,3,,co-man status UNKNOWN — needs website check; 3 email(s) in Hoovers; mid-market size fit,not contacted,,
776,5,"CFC, Inc.",unclassified food/bev mfr,,Des Plaines,Illinois,http://www.cvoils.com,8.9961639E7,100,Private,,3,3,,co-man status UNKNOWN — needs website check; 3 email(s) in Hoovers; mid-market size fit,not contacted,,
777,5,California Custom Beverage,confirmed co-man (public sweep),beverage,City of Industry,CA,https://calcustombev.com/,,,,,0,0,,verified co-man (public sweep),not contacted,,
778,5,"Campofresco, Corp.",unclassified food/bev mfr,,Santa Isabel,Puerto Rico,http://www.campofresco.com,2.8921675E7,150,Private,,3,3,,co-man status UNKNOWN — needs website check; 3 email(s) in Hoovers; mid-market size fit,not contacted,,
779,5,Carlos Bakery Inc.,unclassified food/bev mfr,,Jersey City,New Jersey,http://www.carlosbakery.com,1.1008679E8,1050,Private,VINCENT TUBITO — Chief Financial Officer,3,0,,"co-man status UNKNOWN — needs website check; 3 contact(s), no email flag; mid-market size fit; Northeast",not contacted,,
780,5,"Carolina Ingredients, LLC",unclassified food/bev mfr,,Rock Hill,South Carolina,http://www.carolinaingredients.com,2.4002439E7,60,Private,,3,3,,co-man status UNKNOWN — needs website check; 3 email(s) in Hoovers; mid-market size fit,not contacted,,
781,5,"Central Coca-Cola Bottling Company, Inc.",unclassified food/bev mfr,,Elmsford,New York,http://www.coca-cola.com,8.4910042E7,2100,Private,Palmer Vicki — Executive Vice President,3,0,,"co-man status UNKNOWN — needs website check; 3 contact(s), no email flag; mid-market size fit; Northeast",not contacted,,
782,5,Century Foods International,confirmed co-man (public sweep),snack-bakery,Sparta,WI,https://www.centuryfoods.com,,~450,,,0,0,,verified co-man (public sweep),not contacted,,
783,5,"Cherryfield Foods, Inc.",unclassified food/bev mfr,,Cherryfield,Maine,http://www.oxfordfrozenfoods.com,2.3569273E7,75,Private,John Bragg — Chief Executive Officer,3,0,,"co-man status UNKNOWN — needs website check; 3 contact(s), no email flag; mid-market size fit; Northeast",not contacted,,
784,5,"Chobani Global Holdings, LLC",unclassified food/bev mfr,,New Berlin,New York,http://www.chobani.com,7.4823474E8,2450,Private,Kyle Obrien — Executive Vice President Of Sales,3,2,,co-man status UNKNOWN — needs website check; 2 email(s) in Hoovers; large; Northeast,not contacted,,
785,5,"Chobani, LLC",unclassified food/bev mfr,,New Berlin,New York,http://www.chobani.com,7.3066949E8,2450,Private,Tarkan Gurkan — Chief Financial Officer,3,3,,co-man status UNKNOWN — needs website check; 3 email(s) in Hoovers; large; Northeast,not contacted,,
786,5,"Clemens Food Group, LLC",unclassified food/bev mfr,,Hatfield,Pennsylvania,http://www.clemensfoodgroup.com,1.040817E8,500,Private,,3,1,,co-man status UNKNOWN — needs website check; 1 email(s) in Hoovers; mid-market size fit,not contacted,,
787,5,Coalition Foods,confirmed co-man (public sweep),snack-bakery,Nashville,TN,https://coalitionfoods.com,,,,,0,0,,verified co-man (public sweep),not contacted,,
788,5,"Columbus Manufacturing, Inc.",unclassified food/bev mfr,,Hayward,California,http://www.columbuscraftmeats.com,2.1734133E7,250,Private,,3,1,,co-man status UNKNOWN — needs website check; 1 email(s) in Hoovers; mid-market size fit,not contacted,,
789,5,"Compania Cervecera De Puerto Rico, Inc.",unclassified food/bev mfr,,Mayaguez,Puerto Rico,http://www.cerveceradepr.com,2.5481211E7,275,Private,,3,3,,co-man status UNKNOWN — needs website check; 3 email(s) in Hoovers; mid-market size fit,not contacted,,
790,5,"Constellation Brands, Inc.",unclassified food/bev mfr,,Rochester,New York,http://www.cbrands.com,9.139E9,9400,Public,"William Newlands — President, Chief Executive Officer, Director",3,1,,co-man status UNKNOWN — needs website check; 1 email(s) in Hoovers; large; Northeast,not contacted,,
791,5,Cpack Manufacturing (Complete Packaging & Manufacturing),confirmed co-man (public sweep),wet-frozen-supplements,Orem,UT,https://cpackmanufacturing.com,,,,,0,0,,verified co-man (public sweep),not contacted,,
792,5,"Crystal Farms, Inc.",unclassified food/bev mfr,,Oakwood,Georgia,,2.1796488E7,130,Private,,3,1,,co-man status UNKNOWN — needs website check; 1 email(s) in Hoovers; mid-market size fit,not contacted,,
793,5,"Daddy Ray's, Inc.",unclassified food/bev mfr,,Moscow Mills,Missouri,http://www.jjsnack.com,2.4706509E7,200,Private,,3,2,,co-man status UNKNOWN — needs website check; 2 email(s) in Hoovers; mid-market size fit,not contacted,,
794,5,Daniele International LLC,unclassified food/bev mfr,,Mapleville,Rhode Island,http://www.delducafood.com,6.7224915E7,600,Private,Tim Shanley — PresidentCeo,3,0,,"co-man status UNKNOWN — needs website check; 3 contact(s), no email flag; mid-market size fit; Northeast",not contacted,,
795,5,Darlington Snacks,confirmed co-man (public sweep),snack-bakery,Indianapolis,IN,https://darlingtonsnacks.com,,,,,0,0,,verified co-man (public sweep),not contacted,,
796,5,"Dave's Killer Bread, Inc.",unclassified food/bev mfr,,Portland,Oregon,http://www.daveskillerbread.com,2.3252947E7,300,Private,,3,2,,co-man status UNKNOWN — needs website check; 2 email(s) in Hoovers; mid-market size fit,not contacted,,
797,5,Dean Holding Company,unclassified food/bev mfr,,Dallas,Texas,http://www.dfamilk.com,1.4804149E8,10080,Private,,3,2,,co-man status UNKNOWN — needs website check; 2 email(s) in Hoovers; mid-market size fit,not contacted,,
798,5,Deb El Food Products LLC,unclassified food/bev mfr,,Newark,New Jersey,http://www.debelfoods.com,1.0815278E8,400,Private,Itchie Deutsch — Chief Financial Officer,3,0,,"co-man status UNKNOWN — needs website check; 3 contact(s), no email flag; mid-market size fit; Northeast",not contacted,,
799,5,"Delaware North Companies, Incorporated",unclassified food/bev mfr,,Buffalo,New York,http://www.delawarenorth.com,2.9034753E9,30135,Private,"Charlie Jacobs — Chief Executive Officer and Alternative Governor, Boston Bruins",3,2,,co-man status UNKNOWN — needs website check; 2 email(s) in Hoovers; large; Northeast,not contacted,,
800,5,"Demakes Enterprises, LLC",unclassified food/bev mfr,,Lynn,Massachusetts,http://www.oldneighborhoodfoods.com,4.9654091E7,350,Private,Jeremy Hmura — Chief Financial Officer,3,0,,"co-man status UNKNOWN — needs website check; 3 contact(s), no email flag; mid-market size fit; Northeast",not contacted,,
801,5,"Diageo North America, Inc.",unclassified food/bev mfr,,New York,New York,http://diageo.com,4.822377E8,8040,Private,Alden Schacher — Vice President Government Relations,3,0,,"co-man status UNKNOWN — needs website check; 3 contact(s), no email flag; mid-market size fit; Northeast",not contacted,,
802,5,"Diana Food, Inc.",unclassified food/bev mfr,,Silverton,Oregon,http://www.diana-food.com,2.277849E7,100,Private,,1,1,,co-man status UNKNOWN — needs website check; 1 email(s) in Hoovers; mid-market size fit,not contacted,,
803,5,Dillman Farm,confirmed co-man (public sweep),wet-frozen-supplements,Bloomington,IN,https://dillmanfarm.com,,,,,0,0,,verified co-man (public sweep),not contacted,,
804,5,Dogfish Head Craft Brewery LLC,unclassified food/bev mfr,,Milton,Delaware,http://www.dogfish.com,2.7306618E7,220,Private,,3,3,,co-man status UNKNOWN — needs website check; 3 email(s) in Hoovers; mid-market size fit,not contacted,,
805,5,Dorada Poultry LLC,unclassified food/bev mfr,,Oklahoma City,Oklahoma,http://www.lopezfoods.com,2.8344309E7,900,Private,,3,2,,co-man status UNKNOWN — needs website check; 2 email(s) in Hoovers; mid-market size fit,not contacted,,
806,5,"Drinkpak II, LLC",unclassified food/bev mfr,,Fort Worth,Texas,http://drinkpak.com,3.2E7,275,Private,,1,1,,co-man status UNKNOWN — needs website check; 1 email(s) in Hoovers; mid-market size fit,not contacted,,
807,5,"Dunkin' Brands, Inc.",unclassified food/bev mfr,,Canton,Massachusetts,http://www.dunkindonuts.com,4.0286435E8,1075,Private,Lawrence Harris — Principal,3,0,,"co-man status UNKNOWN — needs website check; 3 contact(s), no email flag; mid-market size fit; Northeast",not contacted,,
808,5,"Emmi Roth USA, Inc.",unclassified food/bev mfr,,Stoughton,Wisconsin,http://www.emmiroth.com,8.9038658E7,231,Private,,3,3,,co-man status UNKNOWN — needs website check; 3 email(s) in Hoovers; mid-market size fit,not contacted,,
809,5,"Europastry USA, Inc.",unclassified food/bev mfr,,Ronkonkoma,New York,http://www.europastry.com,9.8539093E7,425,Private,Jeanfrancois Duquesne — Chief Executive Officer,3,0,,"co-man status UNKNOWN — needs website check; 3 contact(s), no email flag; mid-market size fit; Northeast",not contacted,,
810,5,Fairfield Gourmet Food Corp.,unclassified food/bev mfr,,Cedar Grove,New Jersey,http://www.davidscookies.com,4.3451303E8,2970,Private,Ari Margulies — president,3,0,,"co-man status UNKNOWN — needs website check; 3 contact(s), no email flag; mid-market size fit; Northeast",not contacted,,
811,5,Ferrara Candy Company,unclassified food/bev mfr,,Chicago,Illinois,http://www.ferrara.com,7.0030853E8,1100,Private,,3,3,,co-man status UNKNOWN — needs website check; 3 email(s) in Hoovers; mid-market size fit,not contacted,,
812,5,Fieldbrook Foods Corporation,unclassified food/bev mfr,,Dunkirk,New York,http://www.wellsenterprisesinc.com,4.6231384E7,350,Private,Norma Pulci — Executive Administrative Assistant To President,3,0,,"co-man status UNKNOWN — needs website check; 3 contact(s), no email flag; mid-market size fit; Northeast",not contacted,,
813,5,"Finlay Extracts & Ingredients USA, Inc.",unclassified food/bev mfr,,Lincoln,Rhode Island,http://www.finlays.net,1.2580228E8,336,Private,Art Lopez — Vice President Of Marketing,3,0,,"co-man status UNKNOWN — needs website check; 3 contact(s), no email flag; mid-market size fit; Northeast",not contacted,,
814,5,"Firestone Walker, Inc.",unclassified food/bev mfr,,Paso Robles,California,http://www.firestonewalker.com,4.7395897E7,500,Private,,3,3,,co-man status UNKNOWN — needs website check; 3 email(s) in Hoovers; mid-market size fit,not contacted,,
815,5,Florida Caribbean Distillers,confirmed co-man (public sweep),beverage,Auburndale,FL,https://www.floridadistillers.com/,,,,,0,0,,verified co-man (public sweep),not contacted,,
816,5,"Flowers Baking Co. of Batesville, LLC",unclassified food/bev mfr,,Batesville,Arkansas,http://www.fbcbatesville.org,2.4793203E7,185,Private,,2,2,,co-man status UNKNOWN — needs website check; 2 email(s) in Hoovers; mid-market size fit,not contacted,,
817,5,"Food Ingredients Technology Company, L.L.C.",unclassified food/bev mfr,,Anniston,Alabama,,2.4979452E7,153,Partnership,,3,1,,co-man status UNKNOWN — needs website check; 1 email(s) in Hoovers; mid-market size fit,not contacted,,
818,5,Fort Peck Assiniboine & Sioux Tribes,unclassified food/bev mfr,,Poplar,Montana,http://www.fortpecktribes.org,2.6158457E7,466,Private,,3,3,,co-man status UNKNOWN — needs website check; 3 email(s) in Hoovers; mid-market size fit,not contacted,,
819,5,"Freshpet, Inc.",unclassified food/bev mfr,,Bedminster,New Jersey,http://www.freshpet.com,1.102015E9,1288,Public,"William Cyr — Chief Executive Officer, Director",3,0,,"co-man status UNKNOWN — needs website check; 3 contact(s), no email flag; mid-market size fit; Northeast",not contacted,,
820,5,"Fuji Specialties, Inc.",unclassified food/bev mfr,,Savannah,Georgia,,2.1915991E7,105,Private,,1,1,,co-man status UNKNOWN — needs website check; 1 email(s) in Hoovers; mid-market size fit,not contacted,,
821,5,G3 Enterprises,confirmed co-man (public sweep),beverage,Modesto,CA,https://www.g3enterprises.com/,,,,,0,0,,verified co-man (public sweep),not contacted,,
822,5,"Global Trading Enterprises, LLC",unclassified food/bev mfr,,Swedesboro,New Jersey,,2.3881771E7,150,Private,Luis Villalobos — Chief Operating Officer,3,0,,"co-man status UNKNOWN — needs website check; 3 contact(s), no email flag; mid-market size fit; Northeast",not contacted,,
823,5,"Gold Medal Bakery, Inc.",unclassified food/bev mfr,,Fall River,Massachusetts,http://www.goldmedalbakery.com,9.2920364E7,500,Private,Roland Lecomte — Chief Executive Officer,3,0,,"co-man status UNKNOWN — needs website check; 3 contact(s), no email flag; mid-market size fit; Northeast",not contacted,,
824,5,Gorton's Inc.,unclassified food/bev mfr,,Gloucester,Massachusetts,http://www.gortons.com,3.2542282E8,975,Private,Susan Weeks — Principal,3,0,,"co-man status UNKNOWN — needs website check; 3 contact(s), no email flag; mid-market size fit; Northeast",not contacted,,
825,5,"Goya De Puerto Rico, Inc.",unclassified food/bev mfr,,Bayamon,Puerto Rico,http://www.goyapr.com,2.4632078E7,500,Private,,1,1,,co-man status UNKNOWN — needs website check; 1 email(s) in Hoovers; mid-market size fit,not contacted,,
826,5,Grover Processing,confirmed co-man (public sweep),wet-frozen-supplements,Summerdale,AL,https://groverprocessing.com,,,,,0,0,,verified co-man (public sweep),not contacted,,
827,5,"H.j. Heinz Company, L.p.",unclassified food/bev mfr,,Massillon,Ohio,,2.2941175E7,600,Partnership,,3,1,,co-man status UNKNOWN — needs website check; 1 email(s) in Hoovers; mid-market size fit,not contacted,,
828,5,HDS Retail North America L.P.,unclassified food/bev mfr,,New York,New York,http://www.paradieslagardere.com,4.5851044E8,4506,Private,Gregg Paradies — President And Ceo,3,0,,"co-man status UNKNOWN — needs website check; 3 contact(s), no email flag; mid-market size fit; Northeast",not contacted,,
829,5,Harney & Sons Tea Corp.,unclassified food/bev mfr,,Millerton,New York,http://www.harney.com,3.3113106000000004E7,200,Private,Paul Harney — Vice President,3,0,,"co-man status UNKNOWN — needs website check; 3 contact(s), no email flag; mid-market size fit; Northeast",not contacted,,
830,5,"House of Raeford Farms of Louisiana, L.L.C.",unclassified food/bev mfr,,Arcadia,Louisiana,http://www.houseofraeford.com,9.6890335E7,700,Private,,3,3,,co-man status UNKNOWN — needs website check; 3 email(s) in Hoovers; mid-market size fit,not contacted,,
831,5,"Huntsinger Farms, Inc.",unclassified food/bev mfr,,Eau Claire,Wisconsin,http://www.huntsingerfarms.com,4.9042553E7,200,Private,,3,3,,co-man status UNKNOWN — needs website check; 3 email(s) in Hoovers; mid-market size fit,not contacted,,
832,5,INW Capstone Nutrition,confirmed co-man (public sweep),wet-frozen-supplements,Ogden,UT,https://www.inwmfg.com/network/capstone-nutrition/,,~381 (2019),,,0,0,,verified co-man (public sweep),not contacted,,
833,5,Inn Foods,confirmed co-man (public sweep),wet-frozen-supplements,Watsonville,CA,https://www.innfoods.com,,,,,0,0,,verified co-man (public sweep),not contacted,,
834,5,"International Grains and Cereal, LLC",unclassified food/bev mfr,,Greenville,Texas,http://www.internationalgrainsandcereal.com,2.4128508E7,50,Private,,3,1,,co-man status UNKNOWN — needs website check; 1 email(s) in Hoovers; mid-market size fit,not contacted,,
835,5,J&J Snack Foods Corp.,unclassified food/bev mfr,,Mount Laurel,New Jersey,http://www.jjsnack.com,1.583233E9,4600,Public,"Daniel Fachner — Chairman of the Board, President, Chief Executive Officer",3,1,,co-man status UNKNOWN — needs website check; 1 email(s) in Hoovers; large; Northeast,not contacted,,
836,5,"JBS Packerland, Inc.",unclassified food/bev mfr,,Green Bay,Wisconsin,http://www.jbsfoodsgroup.com,3.1972647E7,1000,Private,,3,3,,co-man status UNKNOWN — needs website check; 3 email(s) in Hoovers; mid-market size fit,not contacted,,
837,5,"JBS Plainwell, Inc.",unclassified food/bev mfr,,Plainwell,Michigan,http://www.jbsfoodsgroup.com,2.4415388E7,250,Private,,3,3,,co-man status UNKNOWN — needs website check; 3 email(s) in Hoovers; mid-market size fit,not contacted,,
838,5,"JBS Souderton, Inc.",unclassified food/bev mfr,,Souderton,Pennsylvania,http://www.mopac.com,4.5933113E7,1550,Private,,3,3,,co-man status UNKNOWN — needs website check; 3 email(s) in Hoovers; mid-market size fit,not contacted,,
839,5,"JBS Tolleson, Inc.",unclassified food/bev mfr,,Tolleson,Arizona,,3.1972647E7,475,Private,,3,1,,co-man status UNKNOWN — needs website check; 1 email(s) in Hoovers; mid-market size fit,not contacted,,
840,5,Jasper Products,confirmed co-man (public sweep),beverage,Joplin,MO,https://www.jasperproducts.com/,,~800 (2025 press),,,0,0,,verified co-man (public sweep),not contacted,,
841,5,"Kerr Concentrates, Inc.",unclassified food/bev mfr,,Salem,Oregon,http://www.kerrbyingredion.com,2.1839609E7,85,Private,,3,2,,co-man status UNKNOWN — needs website check; 2 email(s) in Hoovers; mid-market size fit,not contacted,,
842,5,Kerry Inc.,unclassified food/bev mfr,,Beloit,Wisconsin,http://www.kerry.com,9.826355E8,1800,Private,,3,2,,co-man status UNKNOWN — needs website check; 2 email(s) in Hoovers; mid-market size fit,not contacted,,
843,5,"Keurig Green Mountain, Inc.",unclassified food/bev mfr,,Burlington,Massachusetts,http://www.keurigdrpepper.com,1.0046326E9,6000,Private,Patricia Riddle — Vice President Of Sales,3,3,,co-man status UNKNOWN — needs website check; 3 email(s) in Hoovers; large; Northeast,not contacted,,
844,5,Koch Foods LLC,unclassified food/bev mfr,,Chattanooga,Tennessee,http://www.kochfoods.com,5.7768944E7,103,Private,,3,2,,co-man status UNKNOWN — needs website check; 2 email(s) in Hoovers; mid-market size fit,not contacted,,
845,5,Koch Foods Of Alabama LLC,unclassified food/bev mfr,,Montgomery,Alabama,,2.1403236E7,131,Private,,3,3,,co-man status UNKNOWN — needs website check; 3 email(s) in Hoovers; mid-market size fit,not contacted,,
846,5,Kraft Foods Group Exports LLC,unclassified food/bev mfr,,Chicago,Illinois,http://www.kraftheinzcompany.com,4.9311771E7,222,Private,,3,3,,co-man status UNKNOWN — needs website check; 3 email(s) in Hoovers; mid-market size fit,not contacted,,
847,5,"Lallemand Specialties, Inc.",unclassified food/bev mfr,,Milwaukee,Wisconsin,http://www.lallemand.com,2.4321283E7,165,Private,,3,3,,co-man status UNKNOWN — needs website check; 3 email(s) in Hoovers; mid-market size fit,not contacted,,
848,5,"Lassonde Pappas And Company, Inc.",unclassified food/bev mfr,,Cherry Hill,New Jersey,http://www.lassondepappas.com,9.4809097E7,600,Private,Brian Larson — Principal,3,0,,"co-man status UNKNOWN — needs website check; 3 contact(s), no email flag; mid-market size fit; Northeast",not contacted,,
849,5,"Latino Enterprises, Inc.",unclassified food/bev mfr,,Atlanta,Georgia,http://www.lachiquitatortilla.com,3.8003712E7,150,Private,,3,2,,co-man status UNKNOWN — needs website check; 2 email(s) in Hoovers; mid-market size fit,not contacted,,
850,5,M.G. Waldbaum Company,unclassified food/bev mfr,,Hopkins,Minnesota,http://www.michaelfoods.com,4.963093E8,2694,Private,,3,1,,co-man status UNKNOWN — needs website check; 1 email(s) in Hoovers; mid-market size fit,not contacted,,
851,5,"Maruchan Virginia, Inc.",unclassified food/bev mfr,,Richmond,Virginia,,2.2960352E7,185,Private,,3,2,,co-man status UNKNOWN — needs website check; 2 email(s) in Hoovers; mid-market size fit,not contacted,,
852,5,Max's Kitchen,confirmed co-man (public sweep),wet-frozen-supplements,Modesto,CA,https://maxskitchensf.com,,,,,0,0,,verified co-man (public sweep),not contacted,,
853,5,Mayer Bros. Apple Products Inc.,unclassified food/bev mfr,,West Seneca,New York,http://www.mayerbros.com,4.1159248E7,150,Private,Garrett Mayer — Chief Executive Officer,3,0,,"co-man status UNKNOWN — needs website check; 3 contact(s), no email flag; mid-market size fit; Northeast",not contacted,,
854,5,"Mayfield Dairy Farms, LLC",unclassified food/bev mfr,,Athens,Tennessee,http://www.mayfielddairy.com,2.564712E7,1700,Private,,3,1,,co-man status UNKNOWN — needs website check; 1 email(s) in Hoovers; mid-market size fit,not contacted,,
855,5,Midwest Custom Bottling,confirmed co-man (public sweep),beverage,Pewaukee,WI,https://www.bottlingllc.com/,,,,,0,0,,verified co-man (public sweep),not contacted,,
856,5,"Milkco, Inc.",unclassified food/bev mfr,,Asheville,North Carolina,http://www.milkco.com,5.0104141E7,265,Private,,3,3,,co-man status UNKNOWN — needs website check; 3 email(s) in Hoovers; mid-market size fit,not contacted,,
857,5,"Mirabito Holdings, Inc.",unclassified food/bev mfr,,Binghamton,New York,http://www.mirabito.com,1.0177427E8,375,Private,Brett Hughes — Vice President Of Real Estate Business Development,3,0,,"co-man status UNKNOWN — needs website check; 3 contact(s), no email flag; mid-market size fit; Northeast",not contacted,,
858,5,"Mizkan America, Inc.",unclassified food/bev mfr,,Schaumburg,Illinois,http://www.mizkan.com,5.2169714E8,1798,Private,,3,2,,co-man status UNKNOWN — needs website check; 2 email(s) in Hoovers; mid-market size fit,not contacted,,
859,5,"Model Dairy, LLC",unclassified food/bev mfr,,Reno,Nevada,http://www.modeldairy.com,2.6174503E7,324,Private,,3,3,,co-man status UNKNOWN — needs website check; 3 email(s) in Hoovers; mid-market size fit,not contacted,,
860,5,"Monogram Appetizers, LLC",unclassified food/bev mfr,,Memphis,Tennessee,http://www.monogramfoods.com,3.0152958E7,600,Private,,3,3,,co-man status UNKNOWN — needs website check; 3 email(s) in Hoovers; mid-market size fit,not contacted,,
861,5,"Mountain View Brewery, LLC",unclassified food/bev mfr,,Lexington,Virginia,http://www.dbbrewingcompany.com,2.4663906E7,200,Private,,3,3,,co-man status UNKNOWN — needs website check; 3 email(s) in Hoovers; mid-market size fit,not contacted,,
862,5,Navajo Agricultural Products Industry,unclassified food/bev mfr,,Farmington,New Mexico,http://napi.navajopride.com,2.3596886E7,1200,Nonprofit,,3,3,,co-man status UNKNOWN — needs website check; 3 email(s) in Hoovers; mid-market size fit,not contacted,,
863,5,"Nestle Pizza Company, Inc.",unclassified food/bev mfr,,Glenview,Illinois,http://www.kraftheinz.com,3.9708424E7,1500,Private,,3,2,,co-man status UNKNOWN — needs website check; 2 email(s) in Hoovers; mid-market size fit,not contacted,,
864,5,Nortera Foods USA Inc.,unclassified food/bev mfr,,Brockport,New York,http://www.norterafoods.com,4.0351196E8,3000,Private,Daniel Vielfaure — President,3,0,,"co-man status UNKNOWN — needs website check; 3 contact(s), no email flag; mid-market size fit; Northeast",not contacted,,
865,5,"North American Breweries, Inc.",unclassified food/bev mfr,,Rochester,New York,http://www.fifcousa.com,1.4901814E9,185000,Private,Richard Lozyniak — CoFounder And Operating Partner,3,2,,co-man status UNKNOWN — needs website check; 2 email(s) in Hoovers; large; Northeast,not contacted,,
866,5,North Coast Sea-Foods Corp.,unclassified food/bev mfr,,Boston,Massachusetts,http://www.northcoastseafoods.com,4.7410057E7,200,Private,James Stavis — President,3,0,,"co-man status UNKNOWN — needs website check; 3 contact(s), no email flag; mid-market size fit; Northeast",not contacted,,
867,5,Northwest Dairy Association,unclassified food/bev mfr,,Seattle,Washington,http://www.darigold.com,9.3269568E8,1300,Nonprofit,,3,3,,co-man status UNKNOWN — needs website check; 3 email(s) in Hoovers; mid-market size fit,not contacted,,
868,5,"Northwest Frozen, LLC",unclassified food/bev mfr,,Seatac,Washington,,4.430331E7,200,Private,,3,2,,co-man status UNKNOWN — needs website check; 2 email(s) in Hoovers; mid-market size fit,not contacted,,
869,5,"Nuovo Pasta Productions, Ltd.",unclassified food/bev mfr,,Stratford,Connecticut,http://www.nuovopasta.com,5.7328175E7,300,Private,Carl Zuanelli — President,3,0,,"co-man status UNKNOWN — needs website check; 3 contact(s), no email flag; mid-market size fit; Northeast",not contacted,,
870,5,"Nutrivo, LLC",unclassified food/bev mfr,,Aurora,Illinois,http://www.nutrivo.com,2.3069862E7,145,Private,,3,2,,co-man status UNKNOWN — needs website check; 2 email(s) in Hoovers; mid-market size fit,not contacted,,
871,5,"OBS SMOKED & DISTRIBUTION, LLC",unclassified food/bev mfr,,Renton,Washington,http://www.oceanbeauty.com,8.1679474E7,300,Private,,3,2,,co-man status UNKNOWN — needs website check; 2 email(s) in Hoovers; mid-market size fit,not contacted,,
872,5,"Oasis Trading Company, LLC",unclassified food/bev mfr,,Hillside,New Jersey,,5.3403866E7,150,Private,Anthony Alves — Chief Executive Officer,3,0,,"co-man status UNKNOWN — needs website check; 3 contact(s), no email flag; mid-market size fit; Northeast",not contacted,,
873,5,"Ocean Direct, LLC",unclassified food/bev mfr,,Gardena,California,http://www.oceandirect.com,4.0925129E7,239,Private,,3,3,,co-man status UNKNOWN — needs website check; 3 email(s) in Hoovers; mid-market size fit,not contacted,,
874,5,"Ocean Gold Seafoods, Inc",unclassified food/bev mfr,,Westport,Washington,http://www.oceancos.com,2.4162836E7,150,Private,,3,1,,co-man status UNKNOWN — needs website check; 1 email(s) in Hoovers; mid-market size fit,not contacted,,
875,5,"Ocean Spray Cranberries, Inc.",unclassified food/bev mfr,,Middleboro,Massachusetts,http://www.oceanspray.com,1.2008817E9,2235,Public,Lee Doleman — Company Owner,3,3,,co-man status UNKNOWN — needs website check; 3 email(s) in Hoovers; large; Northeast,not contacted,,
876,5,"PEPSI-COLA BOTTLING CO. OF WORCESTER, INC.",unclassified food/bev mfr,,Holden,Massachusetts,http://www.pepsiworcester.com,2.2654142E7,130,Private,Fer Mco — Chief Executive Officer,3,0,,"co-man status UNKNOWN — needs website check; 3 contact(s), no email flag; mid-market size fit; Northeast",not contacted,,
877,5,PacMoore Products,confirmed co-man (public sweep),snack-bakery,Hammond,IN,https://www.pacmoore.com,$126.6M (per search aggregator),~145,,,0,0,,verified co-man (public sweep),not contacted,,
878,5,"Pacifica Foods, LLC",unclassified food/bev mfr,,Fullerton,California,http://www.stirfoods.com,6.0E7,140,Private,,3,3,,co-man status UNKNOWN — needs website check; 3 email(s) in Hoovers; mid-market size fit,not contacted,,
879,5,"Partylite, Inc.",unclassified food/bev mfr,,Plymouth,Massachusetts,http://www.partylite.com,2.993792E9,1600,Private,Raghupati Sengupta — Principal,3,0,,"co-man status UNKNOWN — needs website check; 3 contact(s), no email flag; mid-market size fit; Northeast",not contacted,,
880,5,"Patrick Cudahy, LLC",unclassified food/bev mfr,,Cudahy,Wisconsin,http://patrickcudahy.sfdbrands.com,2.8250608E7,1900,Private,,3,2,,co-man status UNKNOWN — needs website check; 2 email(s) in Hoovers; mid-market size fit,not contacted,,
881,5,"Pepperidge Farm, Incorporated",unclassified food/bev mfr,,Camden,New Jersey,http://www.pepperidgefarm.com,8.3348724E8,2399,Private,Jennifer Madalena smith — Regional Vice President Southeast,3,2,,co-man status UNKNOWN — needs website check; 2 email(s) in Hoovers; large; Northeast,not contacted,,
882,5,Pepsi Cola Company,unclassified food/bev mfr,,Tulsa,Oklahoma,http://www.pepsico.com,2.4077986E7,425,Private,,3,2,,co-man status UNKNOWN — needs website check; 2 email(s) in Hoovers; mid-market size fit,not contacted,,
883,5,Pepsi NorthWest Beverages LLC,unclassified food/bev mfr,,Tumwater,Washington,http://www.pepsico.com,4.8972672E7,300,Private,,3,3,,co-man status UNKNOWN — needs website check; 3 email(s) in Hoovers; mid-market size fit,not contacted,,
884,5,Pharmachem Laboratories LLC,unclassified food/bev mfr,,Kearny,New Jersey,http://www.pharmachem.com,3.9049503E7,285,Private,Jeff Rogers — Chief Executive Officer,3,0,,"co-man status UNKNOWN — needs website check; 3 contact(s), no email flag; mid-market size fit; Northeast",not contacted,,
885,5,PlantBased Innovations LLC,unclassified food/bev mfr,,Leominster,Massachusetts,http://www.plantbasedinnovations.com,7.6720764E7,110,Private,Dharm Khalsa — Chief Financial Officer,2,0,,"co-man status UNKNOWN — needs website check; 2 contact(s), no email flag; mid-market size fit; Northeast",not contacted,,
886,5,"Post Holdings, Inc.",likely co-man (D&B description),,Saint Louis,Missouri,http://www.postholdings.com,8.1581001E9,43130,Public,"Robert Vitale — Chairman of the Board, President, Chief Executive Officer",3,0,,"D&B text mentions contract/private-label; 3 contact(s), no email flag; large",not contacted,,
887,5,"Ralph And Paul Adams, Inc.",unclassified food/bev mfr,,Bridgeville,Delaware,http://www.rapascrapple.com,2.314485E7,350,Private,,3,3,,co-man status UNKNOWN — needs website check; 3 email(s) in Hoovers; mid-market size fit,not contacted,,
888,5,Reckitt Benckiser North America Inc.,unclassified food/bev mfr,,Parsippany,New Jersey,http://www.reckitt.com,1.3081508E8,1600,Private,Bill Cardinell — Principal,3,0,,"co-man status UNKNOWN — needs website check; 3 contact(s), no email flag; mid-market size fit; Northeast",not contacted,,
889,5,"Reynaldo's Mexican Food Company, LLC",unclassified food/bev mfr,,Vernon,California,http://www.sabrosurafoods.com,2.6212074E7,165,Private,,3,2,,co-man status UNKNOWN — needs website check; 2 email(s) in Hoovers; mid-market size fit,not contacted,,
890,5,Ripon Pickle Co.,confirmed co-man (public sweep),wet-frozen-supplements,Ripon,WI,https://riponpickle.com,,~7 (ZoomInfo),,,0,0,,verified co-man (public sweep),not contacted,,
891,5,"Rochelle Foods, LLC",unclassified food/bev mfr,,Rochelle,Illinois,http://rochellefoodsbadworkplace.blogspot.com,2.320068E7,700,Partnership,,3,2,,co-man status UNKNOWN — needs website check; 2 email(s) in Hoovers; mid-market size fit,not contacted,,
892,5,"Rombauer Vineyards, LLC",unclassified food/bev mfr,,Saint Helena,California,http://www.rombauer.com,2.4205839E7,142,Private,,3,3,,co-man status UNKNOWN — needs website check; 3 email(s) in Hoovers; mid-market size fit,not contacted,,
893,5,Rovira Biscuit Corporation,unclassified food/bev mfr,,Ponce,Puerto Rico,http://www.rovirabiscuits.com,3.1388351E7,270,Private,,3,3,,co-man status UNKNOWN — needs website check; 3 email(s) in Hoovers; mid-market size fit,not contacted,,
894,5,"Sabra Dipping Company, LLC",unclassified food/bev mfr,,White Plains,New York,http://www.sabra.com,1.7012498E8,900,Private,Tomer Harpaz — Chief Executive Officer,3,0,,"co-man status UNKNOWN — needs website check; 3 contact(s), no email flag; mid-market size fit; Northeast",not contacted,,
895,5,"Santini Foods, Inc.",unclassified food/bev mfr,,San Lorenzo,California,http://www.santinifoods.com,4.3025166E7,133,Private,,3,3,,co-man status UNKNOWN — needs website check; 3 email(s) in Hoovers; mid-market size fit,not contacted,,
896,5,"Schneider's Dairy, Inc.",unclassified food/bev mfr,,Pittsburgh,Pennsylvania,http://www.schneidersdairy.com,2.7198233E7,286,Private,,3,1,,co-man status UNKNOWN — needs website check; 1 email(s) in Hoovers; mid-market size fit,not contacted,,
897,5,"Schwan's MaMa Rosas's, LLC",unclassified food/bev mfr,,Sidney,Ohio,,3.9693851E7,250,Private,,3,1,,co-man status UNKNOWN — needs website check; 1 email(s) in Hoovers; mid-market size fit,not contacted,,
898,5,"Seaboard Triumph Foods, LLC",unclassified food/bev mfr,,Sioux City,Iowa,http://www.seaboardtriumphfoods.com,2.7601629E7,457,Private,,3,3,,co-man status UNKNOWN — needs website check; 3 email(s) in Hoovers; mid-market size fit,not contacted,,
899,5,Sensient Colors LLC,unclassified food/bev mfr,,Saint Louis,Missouri,http://www.sensientpharma.com,1.1676983E8,350,Private,,3,1,,co-man status UNKNOWN — needs website check; 1 email(s) in Hoovers; mid-market size fit,not contacted,,
900,5,Sioux-Preme Packing Co.,unclassified food/bev mfr,,Sioux Center,Iowa,,2.0808599E7,330,Private,,3,1,,co-man status UNKNOWN — needs website check; 1 email(s) in Hoovers; mid-market size fit,not contacted,,
901,5,SnackCo of America,confirmed co-man (public sweep),snack-bakery,Clearfield,UT,https://www.snackco.com,,,,,0,0,,verified co-man (public sweep),not contacted,,
902,5,"Snyder's-Lance, Inc.",unclassified food/bev mfr,,Camden,New Jersey,http://lance.com,2.1969084E9,6100,Private,Charles Brawley — Executive Vice President General Counsel And Corporate Secretary,3,2,,co-man status UNKNOWN — needs website check; 2 email(s) in Hoovers; large; Northeast,not contacted,,
903,5,Sonoma Farm Co-Packing,confirmed co-man (public sweep),wet-frozen-supplements,Shelby,IN,https://sonomafarmcopacking.com,,,,,0,0,,verified co-man (public sweep),not contacted,,
904,5,Southeast Bottling & Beverage,confirmed co-man (public sweep),beverage,Dade City,FL,http://www.southeast-bottling.com/,,,,,0,0,,verified co-man (public sweep),not contacted,,
905,5,"Spreckels Sugar Company, Inc.",unclassified food/bev mfr,,Renville,Minnesota,http://www.spreckelssugar.com,2.3876688E7,260,Private,,3,2,,co-man status UNKNOWN — needs website check; 2 email(s) in Hoovers; mid-market size fit,not contacted,,
906,5,Star of the West Milling Company,unclassified food/bev mfr,,Frankenmuth,Michigan,http://www.starofthewest.com,7.143692E7,239,Private,,3,3,,co-man status UNKNOWN — needs website check; 3 email(s) in Hoovers; mid-market size fit,not contacted,,
907,5,SternMaid America,confirmed co-man (public sweep),snack-bakery,Aurora,IL,,,,,,0,0,,verified co-man (public sweep),not contacted,,
908,5,"Stonewall Kitchen, LLC",unclassified food/bev mfr,,York,Maine,http://www.stonewallkitchen.com,1.0668858E8,402,Private,Carrie McDermott — Chief Executive Officer,3,0,,"co-man status UNKNOWN — needs website check; 3 contact(s), no email flag; mid-market size fit; Northeast",not contacted,,
909,5,Sun Orchard,confirmed co-man (public sweep),beverage,Tempe,AZ,https://sunorchard.com/,,,,,0,0,,verified co-man (public sweep),not contacted,,
910,5,"Sunnygem, LLC",unclassified food/bev mfr,,Wasco,California,http://www.sunnygem.com,4.1446968E7,300,Private,,3,2,,co-man status UNKNOWN — needs website check; 2 email(s) in Hoovers; mid-market size fit,not contacted,,
911,5,Surly Brewing Co. (D-9 Co-Packing),confirmed co-man (public sweep),beverage,Minneapolis,MN,https://surlybrewing.com/,,,,,0,0,,verified co-man (public sweep),not contacted,,
912,5,"TOPPLING GOLIATH, INC.",unclassified food/bev mfr,,Decorah,Iowa,http://www.tgbrews.com,2.2562483E7,160,Private,,3,2,,co-man status UNKNOWN — needs website check; 2 email(s) in Hoovers; mid-market size fit,not contacted,,
913,5,"Taylor Farms Illinois, Inc.",unclassified food/bev mfr,,Chicago,Illinois,http://www.taylorfarmsdeli.com,3.1289816E7,300,Private,,3,1,,co-man status UNKNOWN — needs website check; 1 email(s) in Hoovers; mid-market size fit,not contacted,,
914,5,"The Bazooka Companies, LLC",unclassified food/bev mfr,,New York,New York,http://www.bazookajoe.com,4.9743145E7,350,Private,John Kleinfelter — Vice President Operations Transformation,3,0,,"co-man status UNKNOWN — needs website check; 3 contact(s), no email flag; mid-market size fit; Northeast",not contacted,,
915,5,The Campbell's Company,unclassified food/bev mfr,,Camden,New Jersey,http://www.campbellsoupcompany.com,1.0253E10,13700,Public,Rodrigo Betancourt — President,3,1,,co-man status UNKNOWN — needs website check; 1 email(s) in Hoovers; large; Northeast,not contacted,,
916,5,The French's Food Company LLC,unclassified food/bev mfr,,Springfield,Missouri,http://www.mccormick.com,3.0901236E7,350,Private,,3,3,,co-man status UNKNOWN — needs website check; 3 email(s) in Hoovers; mid-market size fit,not contacted,,
917,5,The Guida-Seibert Dairy Company,unclassified food/bev mfr,,New Britain,Connecticut,http://www.garelickfarms.com,4.4840141E7,275,Private,Michael Guida — Vice President,3,0,,"co-man status UNKNOWN — needs website check; 3 contact(s), no email flag; mid-market size fit; Northeast",not contacted,,
918,5,The Nations Brewing Co.,confirmed co-man (public sweep),beverage,Nashville,TN,https://www.thenationsbrewing.com/,,,,,0,0,,verified co-man (public sweep),not contacted,,
919,5,The Warrell Corporation,confirmed co-man (public sweep),snack-bakery,Camp Hill,PA,,"$40.5M (2026, RocketReach)",,,,0,0,,verified co-man (public sweep),not contacted,,
920,5,Tim Hortons Usa Inc.,unclassified food/bev mfr,,Miami,Florida,http://www.timhortons.com,2.8220259E7,170,Private,,3,3,,co-man status UNKNOWN — needs website check; 3 email(s) in Hoovers; mid-market size fit,not contacted,,
921,5,"To-Ricos, Ltd",unclassified food/bev mfr,,Aibonito,Puerto Rico,,3.8282162E7,375,Private,,2,1,,co-man status UNKNOWN — needs website check; 1 email(s) in Hoovers; mid-market size fit,not contacted,,
922,5,"Tropical Cheese Industries, LLC",unclassified food/bev mfr,,Perth Amboy,New Jersey,http://www.tropicalcheese.com,1.0438142E8,775,Private,Orlando Rodriguez — Chief Operating Officer,3,0,,"co-man status UNKNOWN — needs website check; 3 contact(s), no email flag; mid-market size fit; Northeast",not contacted,,
923,5,True West Beef LLC,unclassified food/bev mfr,,Boise,Idaho,http://www.truewestbeef.com,2.2516754E7,1471,Private,,3,2,,co-man status UNKNOWN — needs website check; 2 email(s) in Hoovers; mid-market size fit,not contacted,,
924,5,"Tyson Mexican Original, Inc.",unclassified food/bev mfr,,Springdale,Arkansas,http://www.tysonfoods.com,2.5282211E7,76,Private,,1,1,,co-man status UNKNOWN — needs website check; 1 email(s) in Hoovers; mid-market size fit,not contacted,,
925,5,"Tyson Poultry, Inc.",unclassified food/bev mfr,,Springdale,Arkansas,http://www.tysonfoods.com,1.1820417E8,248,Private,,3,2,,co-man status UNKNOWN — needs website check; 2 email(s) in Hoovers; mid-market size fit,not contacted,,
926,5,"WP Beverages, LLC",unclassified food/bev mfr,,Windsor,Wisconsin,http://www.wpbpepsi.com,2.6816885E7,300,Private,,3,3,,co-man status UNKNOWN — needs website check; 3 email(s) in Hoovers; mid-market size fit,not contacted,,
927,5,Waco Bottling Co.,confirmed co-man (public sweep),beverage,Woodway,TX,https://www.wacobottling.com/,,,,,0,0,,verified co-man (public sweep),not contacted,,
928,5,"Wellness Pet, LLC",unclassified food/bev mfr,,Burlington,Massachusetts,http://www.wellnesspet.com,9.0552254E7,400,Private,Sanjay Singh — Chief Financial Officer,3,0,,"co-man status UNKNOWN — needs website check; 3 contact(s), no email flag; mid-market size fit; Northeast",not contacted,,
929,5,"White Oak Pastures, Inc.",unclassified food/bev mfr,,Bluffton,Georgia,http://www.whiteoakpastures.com,2.1846409E7,164,Private,,3,3,,co-man status UNKNOWN — needs website check; 3 email(s) in Hoovers; mid-market size fit,not contacted,,
930,5,"Wholestone Farms II, LLC",unclassified food/bev mfr,,Fremont,Nebraska,http://www.wholestonefarms.com,2.4648699E7,106,Private,,3,2,,co-man status UNKNOWN — needs website check; 2 email(s) in Hoovers; mid-market size fit,not contacted,,
931,5,Williams Foods LLC,unclassified food/bev mfr,,Lenexa,Kansas,http://www.williamsfoods.com,3.3961853E7,220,Private,,3,1,,co-man status UNKNOWN — needs website check; 1 email(s) in Hoovers; mid-market size fit,not contacted,,
932,5,Zachary Confections,confirmed co-man (public sweep),snack-bakery,Frankfort,IN,https://www.zacharyconfections.com,$10M-$50M (ZoomInfo via search),51-250,,,0,0,,verified co-man (public sweep),not contacted,,
933,4,4C Foods Corp.,unclassified food/bev mfr,,Brooklyn,New York,http://www.4c.com,4.601733E7,157,Private,,1,0,,"co-man status UNKNOWN — needs website check; 1 contact(s), no email flag; mid-market size fit; Northeast",not contacted,,
934,4,"ACH Food Companies, Inc.",unclassified food/bev mfr,,Oakbrook Terrace,Illinois,http://www.achfood.com,4.8038699E8,842,Private,Allan Langley — Principal,3,0,,"co-man status UNKNOWN — needs website check; 3 contact(s), no email flag; mid-market size fit",not contacted,,
935,4,ADM Milling Co.,unclassified food/bev mfr,,Decatur,Illinois,http://www.adm.com,5.1006113E8,1500,Private,Loren Urquhart — Vice President,3,0,,"co-man status UNKNOWN — needs website check; 3 contact(s), no email flag; mid-market size fit",not contacted,,
936,4,"ADVANCEPIERRE FOODS HOLDINGS, INC.",unclassified food/bev mfr,,West Chester,Ohio,http://www.advancefoodcompany.com,9.336767E8,4500,Private,Tom Corrick — Group Vice President Process Division Food Service,3,3,,co-man status UNKNOWN — needs website check; 3 email(s) in Hoovers; large,not contacted,,
937,4,Admiral Beverage Corporation,unclassified food/bev mfr,,Worland,Wyoming,http://www.admiralbeverage.com,3.048595E8,815,Private,Keith Hartnett — Chief Financial Officer,3,0,,"co-man status UNKNOWN — needs website check; 3 contact(s), no email flag; mid-market size fit",not contacted,,
938,4,"AdvancePierre Foods, Inc.",unclassified food/bev mfr,,West Chester,Ohio,http://www.advancepierrefood.com,6.1244574E8,4085,Private,Robert Vidican — Principal,3,3,,co-man status UNKNOWN — needs website check; 3 email(s) in Hoovers; large,not contacted,,
939,4,Agropur Inc.,unclassified food/bev mfr,,Appleton,Wisconsin,http://www.agropur.com,3.6275858E8,319,Private,Bill Diedrich — Chief Financial Officer,3,0,,"co-man status UNKNOWN — needs website check; 3 contact(s), no email flag; mid-market size fit",not contacted,,
940,4,"Albanese Confectionery Group, Inc.",unclassified food/bev mfr,,Merrillville,Indiana,http://www.albanesecandy.com,1.2044714E8,900,Private,Bethany Albanese — President,3,0,,"co-man status UNKNOWN — needs website check; 3 contact(s), no email flag; mid-market size fit",not contacted,,
941,4,"Alfred Nickles Bakery, Inc.",unclassified food/bev mfr,,Navarre,Ohio,http://www.nicklesbakery.com,8.9606415E7,1600,Private,Christine Gardner — President,3,0,,"co-man status UNKNOWN — needs website check; 3 contact(s), no email flag; mid-market size fit",not contacted,,
942,4,"AmeriQual Group, LLC",unclassified food/bev mfr,,Evansville,Indiana,http://www.ameriqual.com,2.5389201E8,690,Private,John Knapp — Executive Vice President Marketing Business Development,3,0,,"co-man status UNKNOWN — needs website check; 3 contact(s), no email flag; mid-market size fit",not contacted,,
943,4,American Beverage Corporation,unclassified food/bev mfr,,Verona,Pennsylvania,http://www.americanbeverage.org,9.1108299E7,550,Private,Kevin Keane — Executive Vice President Chief Financial Officer,3,0,,"co-man status UNKNOWN — needs website check; 3 contact(s), no email flag; mid-market size fit",not contacted,,
944,4,"American Beverage Crafts, LLC",unclassified food/bev mfr,,Atlanta,Georgia,,5.7677808E8,974,Private,Paul Mulligan — Founder Chief Executive Officer,3,0,,"co-man status UNKNOWN — needs website check; 3 contact(s), no email flag; mid-market size fit",not contacted,,
945,4,American Italian Pasta Company,unclassified food/bev mfr,,Excelsior Springs,Missouri,http://treehousefoods2023rb.q4web.com,9.9277252E7,243,Private,Kristy Waterman — Vice President General Counsel Corporate Secretary,3,0,,"co-man status UNKNOWN — needs website check; 3 contact(s), no email flag; mid-market size fit",not contacted,,
946,4,"Amy's Kitchen, Inc.",unclassified food/bev mfr,,Petaluma,California,http://www.amys.com,4.664068E8,860,Private,Leanne Molter — Chief Financial Officer,3,0,,"co-man status UNKNOWN — needs website check; 3 contact(s), no email flag; mid-market size fit",not contacted,,
947,4,Anita's Mexican Foods Corp.,unclassified food/bev mfr,,San Bernardino,California,http://www.anitasmfc.com,4.9192329E7,350,Private,Ricardo Alvarez — President,3,0,,"co-man status UNKNOWN — needs website check; 3 contact(s), no email flag; mid-market size fit",not contacted,,
948,4,"Annie's, Inc.",unclassified food/bev mfr,,Berkeley,California,http://www.annies.com,2.2712292E7,169,Private,Angelia Christensen — Principal,3,0,,"co-man status UNKNOWN — needs website check; 3 contact(s), no email flag; mid-market size fit",not contacted,,
949,4,Archer-Daniels-Midland Company,unclassified food/bev mfr,,Chicago,Illinois,http://www.adm.com,8.0269E10,41496,Public,"Juan Luciano — Chairman of the Board, President, Chief Executive Officer",3,2,,co-man status UNKNOWN — needs website check; 2 email(s) in Hoovers; large,not contacted,,
950,4,"Arcobasso Foods, Inc.",unclassified food/bev mfr,,Hazelwood,Missouri,,2.2071297E7,90,Private,Amanda Maretta — Vice President Of Culinary And Business Development,3,0,,"co-man status UNKNOWN — needs website check; 3 contact(s), no email flag; mid-market size fit",not contacted,,
951,4,"Ardent Mills, LLC",unclassified food/bev mfr,,Denver,Colorado,http://www.ardentmills.com,3.4166397E8,1030,Private,John Barton — Chief Financial Officer,3,0,,"co-man status UNKNOWN — needs website check; 3 contact(s), no email flag; mid-market size fit",not contacted,,
952,4,"Arizona Canning Company, LLC",unclassified food/bev mfr,,Tucson,Arizona,http://www.faribaultfoods.com,3.4759548E7,150,Private,Gary Kindseth — Executive Vice President,3,0,,"co-man status UNKNOWN — needs website check; 3 contact(s), no email flag; mid-market size fit",not contacted,,
953,4,Aspire Bakeries Holdco LLC,unclassified food/bev mfr,,Newark,California,http://www.aspirebakeries.com,1.6165494E9,4000,Private,Mark Goldrainer — Division Vice President,3,3,,co-man status UNKNOWN — needs website check; 3 email(s) in Hoovers; large,not contacted,,
954,4,"Atlantic Bottling Company, LLC",unclassified food/bev mfr,,Atlantic,Iowa,http://www.atlanticbottling.com,3.9965832E7,800,Private,Kristine Martins — Chief Financial Officer,3,0,,"co-man status UNKNOWN — needs website check; 3 contact(s), no email flag; mid-market size fit",not contacted,,
955,4,Austin Coca-Cola Bottling Company,unclassified food/bev mfr,,San Antonio,Texas,http://www.cocacolaswb.com,5.06987E7,2000,Private,Joshua Chiem — Principal Tax Accountant,3,0,,"co-man status UNKNOWN — needs website check; 3 contact(s), no email flag; mid-market size fit",not contacted,,
956,4,Avoca LLC,unclassified food/bev mfr,,Merry Hill,North Carolina,,2.3829596E7,100,Public,Samuel Tynch — Plant Manager,2,0,,"co-man status UNKNOWN — needs website check; 2 contact(s), no email flag; mid-market size fit",not contacted,,
957,4,"Azteca Milling, L.P.",unclassified food/bev mfr,,Irving,Texas,http://www.gruma.com,7.1333305E7,403,Partnership,Barry Runyon — Chief Operating Officer,3,0,,"co-man status UNKNOWN — needs website check; 3 contact(s), no email flag; mid-market size fit",not contacted,,
958,4,"BAKE-N-JOY FOODS, INC.",unclassified food/bev mfr,,North Andover,Massachusetts,http://www.bakenjoy.com,4.6993679E7,140,Private,,1,0,,"co-man status UNKNOWN — needs website check; 1 contact(s), no email flag; mid-market size fit; Northeast",not contacted,,
959,4,BLOMMER CHOCOLATE COMPANY,unclassified food/bev mfr,,Chicago,Illinois,http://www.blommer.com,3.1788239E8,358,Private,Neal Murphy — Vice President And Chief Financial Officer,3,0,,"co-man status UNKNOWN — needs website check; 3 contact(s), no email flag; mid-market size fit",not contacted,,
960,4,"Baird's, Mrs Bakeries Business Trust",unclassified food/bev mfr,,Fort Worth,Texas,http://www.mrsbairds.com,3.5547234E7,3400,Private,Juan Muldoon — President,2,0,,"co-man status UNKNOWN — needs website check; 2 contact(s), no email flag; mid-market size fit",not contacted,,
961,4,"Baker Commodities, Inc.",unclassified food/bev mfr,,Vernon,California,http://www.bakercommodities.com,1.5362849E8,700,Private,Zewdie Birzo — Principal,3,0,,"co-man status UNKNOWN — needs website check; 3 contact(s), no email flag; mid-market size fit",not contacted,,
962,4,Bar-S Foods Co.,unclassified food/bev mfr,,Scottsdale,Arizona,http://www.bar-s.com,4.9185541E8,1600,Private,Robert Kopriva — Principal,3,0,,"co-man status UNKNOWN — needs website check; 3 contact(s), no email flag; mid-market size fit",not contacted,,
963,4,"Barber Foods, LLC",unclassified food/bev mfr,,Portland,Maine,http://www.barberfoods.com,2.197271E7,653,Private,,1,0,,"co-man status UNKNOWN — needs website check; 1 contact(s), no email flag; mid-market size fit; Northeast",not contacted,,
964,4,"Bartels Packing, Inc.",unclassified food/bev mfr,,Eugene,Oregon,http://www.bartelsnw.com,9.7277206E7,161,Private,Christopher Bartels — President,3,0,,"co-man status UNKNOWN — needs website check; 3 contact(s), no email flag; mid-market size fit",not contacted,,
965,4,Beam Global Spirits & Wine LLC,unclassified food/bev mfr,,Chicago,Illinois,http://www.beamsuntory.com,3.7210178E8,1789,Private,Drew Hester — North America Chief Financial Officer,3,0,,"co-man status UNKNOWN — needs website check; 3 contact(s), no email flag; mid-market size fit",not contacted,,
966,4,"Bell-Carter Olive Packing Company, Inc.",unclassified food/bev mfr,,Walnut Creek,California,http://www.bellcarter.com,9.3972099E7,450,Private,Paul Adcock — Chief Financial Officer,3,0,,"co-man status UNKNOWN — needs website check; 3 contact(s), no email flag; mid-market size fit",not contacted,,
967,4,"Ben & Jerry's Homemade, Inc.",unclassified food/bev mfr,,South Burlington,Vermont,http://www.benjerry.com,4.7825607E7,841,Private,,1,0,,"co-man status UNKNOWN — needs website check; 1 contact(s), no email flag; mid-market size fit; Northeast",not contacted,,
968,4,"Bernatello's Pizza, Inc.",unclassified food/bev mfr,,Maple Lake,Minnesota,http://www.bernatellos.com,1.1279572E8,470,Private,Jayme Woehl — Chief Financial Officer,3,0,,"co-man status UNKNOWN — needs website check; 3 contact(s), no email flag; mid-market size fit",not contacted,,
969,4,"BestCo Holdings, Inc.",unclassified food/bev mfr,,Mooresville,North Carolina,http://www.thetrinkogroup.com,2.3168056E7,424,Private,Tim Condron — President,3,0,,"co-man status UNKNOWN — needs website check; 3 contact(s), no email flag; mid-market size fit",not contacted,,
970,4,"Better Nutritionals, LLC",unclassified food/bev mfr,,Norco,California,,2.5960918E7,960,Private,Paul Anton — Chief Financial Officer,3,0,,"co-man status UNKNOWN — needs website check; 3 contact(s), no email flag; mid-market size fit",not contacted,,
971,4,"Big Heart Pet Brands, Inc.",unclassified food/bev mfr,,San Francisco,California,,4.2639285E8,2500,Private,Robert Ferguson — senior vice president supply chain,3,0,,"co-man status UNKNOWN — needs website check; 3 contact(s), no email flag; mid-market size fit",not contacted,,
972,4,Bimbo Bakeries Inc.,unclassified food/bev mfr,,Irving,Texas,http://www.bimbobakeriesusa.com,1.50474E9,26000,Private,Richard Lee — Principal,3,1,,co-man status UNKNOWN — needs website check; 1 email(s) in Hoovers; large,not contacted,,
973,4,Biscomerica Corp.,unclassified food/bev mfr,,Rialto,California,http://www.biscomericacorp.com,4.3858788E7,252,Private,Ayad Fargo — President,3,0,,"co-man status UNKNOWN — needs website check; 3 contact(s), no email flag; mid-market size fit",not contacted,,
974,4,"Bodeans Wafer Company, LLC",unclassified food/bev mfr,,Le Mars,Iowa,http://www.bodeansbaking.com,2.2047075E7,121,Private,Scott Kalmanek — Vice President,1,0,,"co-man status UNKNOWN — needs website check; 1 contact(s), no email flag; mid-market size fit",not contacted,,
975,4,"Bowman Andros Products, LLC",unclassified food/bev mfr,,Mount Jackson,Virginia,http://www.androsna.com,1.9718852E8,500,Private,THIERRY Jean — Vice President,3,0,,"co-man status UNKNOWN — needs website check; 3 contact(s), no email flag; mid-market size fit",not contacted,,
976,4,"Branch Properties, Inc.",unclassified food/bev mfr,,Ocala,Florida,http://www.seminolefeed.com,2.560622E7,97,Private,Richard De Simone — Vice President,3,0,,"co-man status UNKNOWN — needs website check; 3 contact(s), no email flag; mid-market size fit",not contacted,,
977,4,"Bridgetown Natural Foods, LLC",unclassified food/bev mfr,,Portland,Oregon,http://www.bridgetownnaturalfoods.com,1.124958E8,425,Private,Kelly Klock — Founder,3,0,,"co-man status UNKNOWN — needs website check; 3 contact(s), no email flag; mid-market size fit",not contacted,,
978,4,Bridgford Foods Corporation,unclassified food/bev mfr,,Dallas,Texas,http://www.bridgford.com,2.3098599E8,668,Public,"Michael Bridgford — Chairman of the Board, Principal Executive Officer",3,0,,"co-man status UNKNOWN — needs website check; 3 contact(s), no email flag; mid-market size fit",not contacted,,
979,4,"Brill, Inc.",unclassified food/bev mfr,,Tucker,Georgia,http://www.risebakingcompany.com,5.0034821E7,1500,Private,Chris McCammon — Chief Financial Officer,3,0,,"co-man status UNKNOWN — needs website check; 3 contact(s), no email flag; mid-market size fit",not contacted,,
980,4,"Brown Packing Co., Inc.",unclassified food/bev mfr,,Gaffney,South Carolina,http://www.brownpacking.com,4.5E8,575,Private,James Brown — President,3,0,,"co-man status UNKNOWN — needs website check; 3 contact(s), no email flag; mid-market size fit",not contacted,,
981,4,"Bruegger's Enterprises, Inc.",unclassified food/bev mfr,,Lakewood,Colorado,http://www.brueggers.com,3.877383E7,2400,Private,Scott Berkman — Vice President,3,0,,"co-man status UNKNOWN — needs website check; 3 contact(s), no email flag; mid-market size fit",not contacted,,
982,4,"Burnette Foods, Inc.",unclassified food/bev mfr,,Elk Rapids,Michigan,http://www.burnettefoods.com,1.5E8,430,Private,William Sherman — President,3,0,,"co-man status UNKNOWN — needs website check; 3 contact(s), no email flag; mid-market size fit",not contacted,,
983,4,Bush Brothers & Company,unclassified food/bev mfr,,Knoxville,Tennessee,http://www.bushbeans.com,1.0008308E8,650,Private,Al Williams — Chief Financial Officer,3,0,,"co-man status UNKNOWN — needs website check; 3 contact(s), no email flag; mid-market size fit",not contacted,,
984,4,C.H. Guenther & Son LLC,unclassified food/bev mfr,,San Antonio,Texas,http://www.chg.com,8.5401709E8,3650,Private,Rod Hepponstall — President Chief Executive Officer Board Member,3,2,,co-man status UNKNOWN — needs website check; 2 email(s) in Hoovers; large,not contacted,,
985,4,"CIRKUL, INC.",unclassified food/bev mfr,,Tampa,Florida,http://www.drinkcirkul.com,1.051348E8,614,Private,J Getman — Chief Financial Officer Interim,3,0,,"co-man status UNKNOWN — needs website check; 3 contact(s), no email flag; mid-market size fit",not contacted,,
986,4,"CJ Foodville USA, Inc.",unclassified food/bev mfr,,Buena Park,California,http://cj.net,3.178697E7,200,Private,Demian Kim — Chief Financial Officer,3,0,,"co-man status UNKNOWN — needs website check; 3 contact(s), no email flag; mid-market size fit",not contacted,,
987,4,"COLUMBIA FARMS OF GEORGIA, INC.",unclassified food/bev mfr,,Oglethorpe,Georgia,,3.6405079E7,1800,Private,Dennis Beasley — Vice President,3,0,,"co-man status UNKNOWN — needs website check; 3 contact(s), no email flag; mid-market size fit",not contacted,,
988,4,"CONTINENTAL MILLS, INC.",unclassified food/bev mfr,,Tukwila,Washington,http://www.thekrusteazcompany.com,4.412991E8,985,Private,Keith Neumann — Principal,3,0,,"co-man status UNKNOWN — needs website check; 3 contact(s), no email flag; mid-market size fit",not contacted,,
989,4,"CTI Foods, LLC",unclassified food/bev mfr,,Southlake,Texas,http://www.ctifoods.com,2.6537842E8,520,Private,Jeffrey Hyde — Vice President,3,0,,"co-man status UNKNOWN — needs website check; 3 contact(s), no email flag; mid-market size fit",not contacted,,
990,4,"Cafe Valley, Inc.",unclassified food/bev mfr,,Phoenix,Arizona,http://www.cafevalley.com,1.092128E8,1580,Private,Francis Haren — Chief Financial Officer,3,0,,"co-man status UNKNOWN — needs website check; 3 contact(s), no email flag; mid-market size fit",not contacted,,
991,4,"California Dairies, Inc.",unclassified food/bev mfr,,Visalia,California,http://www.californiadairies.com,3.5390714E8,716,Private,Brad Anderson — Chief Executive Officer,3,0,,"co-man status UNKNOWN — needs website check; 3 contact(s), no email flag; mid-market size fit",not contacted,,
992,4,"Canyon Bakehouse, LLC",unclassified food/bev mfr,,Johnstown,Colorado,http://www.canyonglutenfree.com,3.3695099E7,145,Private,Christopher Burgin — Principal,3,0,,"co-man status UNKNOWN — needs website check; 3 contact(s), no email flag; mid-market size fit",not contacted,,
993,4,"Cargill Cocoa & Chocolate, Inc.",unclassified food/bev mfr,,Wayzata,Minnesota,http://www.cargill.com,5.6609734E7,426,Private,Patrick Locken — Vice PresidentFinance,3,0,,"co-man status UNKNOWN — needs website check; 3 contact(s), no email flag; mid-market size fit",not contacted,,
994,4,"Cargill Kitchen Solutions, Inc.",unclassified food/bev mfr,,Monticello,Minnesota,http://www.sunnyfresh.com,4.9631149E7,700,Private,James Guyre — Vice President,3,0,,"co-man status UNKNOWN — needs website check; 3 contact(s), no email flag; mid-market size fit",not contacted,,
995,4,Carl Buddig and Company,unclassified food/bev mfr,,Tinley Park,Illinois,http://www.buddig.com,1.9687346E8,500,Private,Peter Maciejewski — Chief Financial Officer,3,0,,"co-man status UNKNOWN — needs website check; 3 contact(s), no email flag; mid-market size fit",not contacted,,
996,4,"Case Foods, Inc.",unclassified food/bev mfr,,Troutman,North Carolina,http://www.casefarms.com,1.1432036E8,6253,Private,Thomas Shelton — President,3,0,,"co-man status UNKNOWN — needs website check; 3 contact(s), no email flag; mid-market size fit",not contacted,,
997,4,"Celestial Seasonings, Inc.",unclassified food/bev mfr,,Boulder,Colorado,http://www.celestialseasonings.com,2.2957785E7,221,Private,Mike Bloom — Vice President Marketing,3,0,,"co-man status UNKNOWN — needs website check; 3 contact(s), no email flag; mid-market size fit",not contacted,,
998,4,"Central Valley Meat Co., Inc.",unclassified food/bev mfr,,Hanford,California,http://www.centralvalleymeat.com,8.7581154E7,900,Private,Brian Coelho — President CEO,3,0,,"co-man status UNKNOWN — needs website check; 3 contact(s), no email flag; mid-market size fit",not contacted,,
999,4,Chelsea Milling Company,unclassified food/bev mfr,,Chelsea,Michigan,http://www.jiffymix.com,5.3538879E7,325,Private,Howard Holmes — President Ceo,3,0,,"co-man status UNKNOWN — needs website check; 3 contact(s), no email flag; mid-market size fit",not contacted,,
1000,4,Cheryl & Co.,unclassified food/bev mfr,,Westerville,Ohio,http://www.cheryls.com,2.5007595E7,300,Private,Maribel Garcia — Principal,3,0,,"co-man status UNKNOWN — needs website check; 3 contact(s), no email flag; mid-market size fit",not contacted,,
1001,4,Chesterman Co.,unclassified food/bev mfr,,Sioux City,Iowa,http://www.chesterman.com,2.7349466E8,900,Private,Darin Cook — chief operating officer,3,0,,"co-man status UNKNOWN — needs website check; 3 contact(s), no email flag; mid-market size fit",not contacted,,
1002,4,"Chicago Meat Authority, Inc.",unclassified food/bev mfr,,Chicago,Illinois,http://www.chicagomeat.com,5.3494263E7,330,Private,Jordan Dorfman — President,3,0,,"co-man status UNKNOWN — needs website check; 3 contact(s), no email flag; mid-market size fit",not contacted,,
1003,4,"Citrosuco North America, Inc.",unclassified food/bev mfr,,Lake Wales,Florida,http://www.citrosuco.com,2.4934359E7,200,Private,Dennis Helms — Chief Financial Officer,3,0,,"co-man status UNKNOWN — needs website check; 3 contact(s), no email flag; mid-market size fit",not contacted,,
1004,4,"Citrus Systems, Inc.",unclassified food/bev mfr,,Hopkins,Minnesota,http://www.citrussystems.com,2.4919504E7,50,Private,Thomas Boehland — Chief Executive Officer,3,0,,"co-man status UNKNOWN — needs website check; 3 contact(s), no email flag; mid-market size fit",not contacted,,
1005,4,"Coca-Cola Consolidated, Inc.",unclassified food/bev mfr,,Charlotte,North Carolina,http://www.cokeconsolidated.com,7.2280552E9,17000,Public,"J. Frank Harrison — Chairman of the Board, Chief Executive Officer",3,1,,co-man status UNKNOWN — needs website check; 1 email(s) in Hoovers; large,not contacted,,
1006,4,"Coca-Cola Refreshments USA, LLC",unclassified food/bev mfr,,Atlanta,Georgia,http://www.coca-cola.com,2.8015222E9,10999,Private,Pedro Seron — Principal,3,1,,co-man status UNKNOWN — needs website check; 1 email(s) in Hoovers; large,not contacted,,
1007,4,Coca-cola Bottling Company High Country,unclassified food/bev mfr,,Rapid City,South Dakota,http://www.coca-colahighcountry.com,5.9251114E7,205,Private,Drake Messinger — Vice President Of Sales,3,0,,"co-man status UNKNOWN — needs website check; 3 contact(s), no email flag; mid-market size fit",not contacted,,
1008,4,"Coca-cola Bottling Company United, Inc.",unclassified food/bev mfr,,Birmingham,Alabama,http://www.cocacolaunited.com,2.3572943E8,8281,Private,Robert McPherson — Principal,3,0,,"co-man status UNKNOWN — needs website check; 3 contact(s), no email flag; mid-market size fit",not contacted,,
1009,4,Coffee & Bagel Brands,unclassified food/bev mfr,,Minneapolis,Minnesota,http://www.brueggers.com,2.7338248E8,4649,Private,Sarah Spiegel — Chief Executive Officer,3,0,,"co-man status UNKNOWN — needs website check; 3 contact(s), no email flag; mid-market size fit",not contacted,,
1010,4,"Columbia Nutritional, LLC",unclassified food/bev mfr,,Vancouver,Washington,http://www.columbianutritional.com,2.2628868E7,275,Private,Randy Massie — Business Owner,3,0,,"co-man status UNKNOWN — needs website check; 3 contact(s), no email flag; mid-market size fit",not contacted,,
1011,4,"Community Coffee Company, L.L.C.",unclassified food/bev mfr,,Baton Rouge,Louisiana,http://www.communitycoffee.com,1.3288788E8,800,Private,Thomas Corley — PresidentCeo,3,0,,"co-man status UNKNOWN — needs website check; 3 contact(s), no email flag; mid-market size fit",not contacted,,
1012,4,"Conagra Brands, Inc.",unclassified food/bev mfr,,Chicago,Illinois,http://www.conagrabrands.com,1.16128E10,18300,Public,"Sean Connolly — President, Chief Executive Officer, Director",3,1,,co-man status UNKNOWN — needs website check; 1 email(s) in Hoovers; large,not contacted,,
1013,4,"Cooper Farms, Inc.",unclassified food/bev mfr,,Oakwood,Ohio,http://www.cooperfarms.com,4.7535126E7,140,Private,Gary Cooper — Vice President,3,0,,"co-man status UNKNOWN — needs website check; 3 contact(s), no email flag; mid-market size fit",not contacted,,
1014,4,Cooperative Regions Of Organic Producer Pools,unclassified food/bev mfr,,La Farge,Wisconsin,http://www.organicvalley.coop,4.5293976E8,764,Private,Shawna Nelson — Chief Executive Officer,3,0,,"co-man status UNKNOWN — needs website check; 3 contact(s), no email flag; mid-market size fit",not contacted,,
1015,4,"Cornfields, LLC",unclassified food/bev mfr,,Waukegan,Illinois,http://www.cornfieldsinc.com,2.4348068E7,120,Private,Claire Cretors — President,3,0,,"co-man status UNKNOWN — needs website check; 3 contact(s), no email flag; mid-market size fit",not contacted,,
1016,4,"Country Pure Foods Topco, LLC",unclassified food/bev mfr,,Akron,Ohio,http://www.countrypure.com,4.9084375E8,705,Private,Aaron Peterson — Chief Executive Officer,3,0,,"co-man status UNKNOWN — needs website check; 3 contact(s), no email flag; mid-market size fit",not contacted,,
1017,4,"Craft Brew Alliance, Inc.",unclassified food/bev mfr,,Saint Louis,Missouri,http://www.anheuser-busch.com,4.7552074E7,674,Private,Christine Perich — Executive Vice President,3,0,,"co-man status UNKNOWN — needs website check; 3 contact(s), no email flag; mid-market size fit",not contacted,,
1018,4,"Crider, Inc.",unclassified food/bev mfr,,Stillmore,Georgia,http://www.criderfoods.com,9.4039886E7,750,Private,Abby Walden — Chief Financial Officer,3,0,,"co-man status UNKNOWN — needs website check; 3 contact(s), no email flag; mid-market size fit",not contacted,,
1019,4,"Crystal Valley Farms, LLC",unclassified food/bev mfr,,Orland,Indiana,http://www.millerpoultry.com,7.9055603E7,560,Private,Stuart Blackburn — Chief Financial Officer,3,0,,"co-man status UNKNOWN — needs website check; 3 contact(s), no email flag; mid-market size fit",not contacted,,
1020,4,"Culpeper Farmers' Cooperative, Incorporated",unclassified food/bev mfr,,Culpeper,Virginia,http://www.cfcfarmhome.com,2.7222334E7,140,Private,W Spillman — President,3,0,,"co-man status UNKNOWN — needs website check; 3 contact(s), no email flag; mid-market size fit",not contacted,,
1021,4,"Curation Foods, Inc.",unclassified food/bev mfr,,Santa Maria,California,,4.8682716E7,458,Private,Bill Kirth — Executive Vice President And Investor,3,0,,"co-man status UNKNOWN — needs website check; 3 contact(s), no email flag; mid-market size fit",not contacted,,
1022,4,"CytoSport, Inc.",unclassified food/bev mfr,,Walnut Creek,California,http://www.musclemilk.com,2.0753098E7,190,Private,Chris Running — Executive Vice President,3,0,,"co-man status UNKNOWN — needs website check; 3 contact(s), no email flag; mid-market size fit",not contacted,,
1023,4,D F Stauffer Biscuit Co Inc,unclassified food/bev mfr,,York,Pennsylvania,http://www.meijiamerica.com,1.6800012E8,650,Private,James Wilson — Chief Operating Officer,3,0,,"co-man status UNKNOWN — needs website check; 3 contact(s), no email flag; mid-market size fit",not contacted,,
1024,4,"D&B US Fabricated Company 114, Inc.",unclassified food/bev mfr,,Short Hills,New Jersey,,2.525E8,250,Private,,1,0,,"co-man status UNKNOWN — needs website check; 1 contact(s), no email flag; mid-market size fit; Northeast",not contacted,,
1025,4,"DELICATO VINEYARDS, LLC",unclassified food/bev mfr,,Manteca,California,http://www.delicato.com,4.910719E8,1200,Private,Stacy Harban — Principal,3,0,,"co-man status UNKNOWN — needs website check; 3 contact(s), no email flag; mid-market size fit",not contacted,,
1026,4,"DFA Dairy Brands, LLC",unclassified food/bev mfr,,Kansas City,Kansas,http://www.dfaingredients.com,9.7557904E8,6821,Private,Meg Callahan — Vice President Of Sales,3,1,,co-man status UNKNOWN — needs website check; 1 email(s) in Hoovers; large,not contacted,,
1027,4,"DairiConcepts, L.P.",unclassified food/bev mfr,,Springfield,Missouri,http://www.dfaingredients.com,2.9985577E8,658,Partnership,Kris Clements — Vice President Strategic Development,3,0,,"co-man status UNKNOWN — needs website check; 3 contact(s), no email flag; mid-market size fit",not contacted,,
1028,4,"Dairy Farmers of America, Inc.",unclassified food/bev mfr,,Kansas City,Kansas,http://www.dfamilk.com,2.3016898E10,18600,Private,Eric Nichols — Principal,3,3,,co-man status UNKNOWN — needs website check; 3 email(s) in Hoovers; large,not contacted,,
1029,4,"Daisy Brand, LLC",unclassified food/bev mfr,,Dallas,Texas,http://www.daisybrand.com,9.4272804E7,938,Private,Scott Berry — Chief Financial Officer,3,0,,"co-man status UNKNOWN — needs website check; 3 contact(s), no email flag; mid-market size fit",not contacted,,
1030,4,"Dakota Provisions, LLC",unclassified food/bev mfr,,Huron,South Dakota,http://www.dakotaprovisions.com,8.9480827E7,600,Private,Jerry Harger — Vice President Supply Chain,3,0,,"co-man status UNKNOWN — needs website check; 3 contact(s), no email flag; mid-market size fit",not contacted,,
1031,4,"Danone US, Inc.",unclassified food/bev mfr,,Broomfield,Colorado,http://www.danonenorthamerica.com,4.6090607E8,500,Private,Susan Anderson — Principal,3,0,,"co-man status UNKNOWN — needs website check; 3 contact(s), no email flag; mid-market size fit",not contacted,,
1032,4,"Danone US, LLC",unclassified food/bev mfr,,White Plains,New York,http://www.danonenorthamerica.com,9.5115704E8,2400,Private,,3,3,,co-man status UNKNOWN — needs website check; 3 email(s) in Hoovers; large; Northeast,not contacted,,
1033,4,Darling Ingredients Inc.,unclassified food/bev mfr,,Irving,Texas,http://www.darlingii.com,6.135877E9,15000,Public,"Randall Stuewe — Chairman of the Board, Chief Executive Officer",3,1,,co-man status UNKNOWN — needs website check; 1 email(s) in Hoovers; large,not contacted,,
1034,4,"Dawn Food Products, Inc.",unclassified food/bev mfr,,Jackson,Michigan,http://www.dawnfoods.com,2.9596051E8,2570,Private,Nikki Lewis — Principal,3,0,,"co-man status UNKNOWN — needs website check; 3 contact(s), no email flag; mid-market size fit",not contacted,,
1035,4,"Dawn Foods, Inc.",unclassified food/bev mfr,,Jackson,Michigan,http://www.dawnfoods.com,1.7311479E9,2570,Private,John Schmitz — Chief Operating Officer,3,3,,co-man status UNKNOWN — needs website check; 3 email(s) in Hoovers; large,not contacted,,
1036,4,Dessert Holdings US Co.,unclassified food/bev mfr,,Saint Paul,Minnesota,http://www.dessertholdings.com,5.5425987E7,1347,Private,Chris Rogers — Chief Financial Officer,3,0,,"co-man status UNKNOWN — needs website check; 3 contact(s), no email flag; mid-market size fit",not contacted,,
1037,4,"Diamond Foods, LLC",unclassified food/bev mfr,,Stockton,California,http://www.diamondnuts.com,4.4006531E8,1696,Private,Desiree Champaco — Vice President Of Information Technology Supply Chain,3,0,,"co-man status UNKNOWN — needs website check; 3 contact(s), no email flag; mid-market size fit",not contacted,,
1038,4,"Dietz & Watson, Inc.",unclassified food/bev mfr,,Philadelphia,Pennsylvania,http://www.dietzandwatson.com,9.9551094E7,900,Private,Kanubhai Patel — Principal,3,0,,"co-man status UNKNOWN — needs website check; 3 contact(s), no email flag; mid-market size fit",not contacted,,
1039,4,"Dole Packaged Foods, LLC",unclassified food/bev mfr,,Westlake Village,California,http://www.dolesunshine.com,2.5693072999999997E8,1100,Private,Juan Torres — Principal,3,0,,"co-man status UNKNOWN — needs website check; 3 contact(s), no email flag; mid-market size fit",not contacted,,
1040,4,"Dr Pepper/Seven Up, Inc.",unclassified food/bev mfr,,Frisco,Texas,http://www.drpepper.com,6.3517406E7,1869,Private,Carl Gilman — Senior Vice President Sales And Marketing,3,0,,"co-man status UNKNOWN — needs website check; 3 contact(s), no email flag; mid-market size fit",not contacted,,
1041,4,E. & J. Gallo Winery,unclassified food/bev mfr,,Modesto,California,http://www.gallo.com,2.107002E9,6501,Private,Mark Sahn — Chief Financial Officer,3,2,,co-man status UNKNOWN — needs website check; 2 email(s) in Hoovers; large,not contacted,,
1042,4,E. A. Sween Company,unclassified food/bev mfr,,Eden Prairie,Minnesota,http://www.deliexpress.com,2.4207828E8,900,Private,Thomas Hans Sween — Chief Executive Officer,3,0,,"co-man status UNKNOWN — needs website check; 3 contact(s), no email flag; mid-market size fit",not contacted,,
1043,4,"EFCO Products, Inc.",unclassified food/bev mfr,,Poughkeepsie,New York,http://www.efcoproducts.com,2.269404E7,70,Private,,1,0,,"co-man status UNKNOWN — needs website check; 1 contact(s), no email flag; mid-market size fit; Northeast",not contacted,,
1044,4,"Eastern Shore Poultry Company, Inc",unclassified food/bev mfr,,Georgetown,Delaware,http://www.easternshorepoultry.com,2.0335068E7,356,Private,Harry Dukes — President,3,0,,"co-man status UNKNOWN — needs website check; 3 contact(s), no email flag; mid-market size fit",not contacted,,
1045,4,"Eastern Tea, LLC",unclassified food/bev mfr,,Monroe Township,New Jersey,http://www.bromleytea.com,2.5608408E7,50,Private,,1,0,,"co-man status UNKNOWN — needs website check; 1 contact(s), no email flag; mid-market size fit; Northeast",not contacted,,
1046,4,"Eat Just, Inc.",unclassified food/bev mfr,,Alameda,California,http://www.ju.st,4.7586506E7,249,Private,Priyanka Mahadevia — Chief Operating Officer,3,0,,"co-man status UNKNOWN — needs website check; 3 contact(s), no email flag; mid-market size fit",not contacted,,
1047,4,Eddy Carolina Pride LLC,unclassified food/bev mfr,,Greenwood,South Carolina,http://www.carolinapride.com,2.0455647E7,450,Private,Mark Litts Ctrl — Principal,3,0,,"co-man status UNKNOWN — needs website check; 3 contact(s), no email flag; mid-market size fit",not contacted,,
1048,4,"Eddy Packing Co., Inc.",unclassified food/bev mfr,,Yoakum,Texas,http://www.eddyfoods.com,1.0556988E8,1330,Private,Jim Reed — Chief Executive Officer,3,0,,"co-man status UNKNOWN — needs website check; 3 contact(s), no email flag; mid-market size fit",not contacted,,
1049,4,"Einstein Noah Restaurant Group, Inc.",unclassified food/bev mfr,,Denver,Colorado,http://www.bagelbrands.com,4.7211542E8,6000,Private,Frank Paci — President,3,0,,"co-man status UNKNOWN — needs website check; 3 contact(s), no email flag; mid-market size fit",not contacted,,
1050,4,Einstein and Noah Corp.,unclassified food/bev mfr,,Lakewood,Colorado,http://www.einsteinbros.com,9.4802811E7,2764,Private,Darlene Graziano — Principal,3,0,,"co-man status UNKNOWN — needs website check; 3 contact(s), no email flag; mid-market size fit",not contacted,,
1051,4,"El-milagro, Inc.",unclassified food/bev mfr,,Chicago,Illinois,http://www.el-milagro.com,6.4373665E7,540,Private,Raphael Lopez — President,3,0,,"co-man status UNKNOWN — needs website check; 3 contact(s), no email flag; mid-market size fit",not contacted,,
1052,4,"Elite Spice, Inc.",unclassified food/bev mfr,,Jessup,Maryland,http://www.elitespice.com,5.088485E7,581,Private,James Murphy — Principal,3,0,,"co-man status UNKNOWN — needs website check; 3 contact(s), no email flag; mid-market size fit",not contacted,,
1053,4,Emergy Inc.,unclassified food/bev mfr,,Boulder,Colorado,http://www.meati.com,2.9904743E7,200,Private,Phil Graves — Chief Executive Officer,3,0,,"co-man status UNKNOWN — needs website check; 3 contact(s), no email flag; mid-market size fit",not contacted,,
1054,4,Espresso Disposition Corporation 1,unclassified food/bev mfr,,Miami,Florida,,2.3767181E7,220,Private,Jean Paul — Plant Manager,3,0,,"co-man status UNKNOWN — needs website check; 3 contact(s), no email flag; mid-market size fit",not contacted,,
1055,4,F. Gavina & Sons Inc.,unclassified food/bev mfr,,Vernon,California,http://www.gavina.com,2.4333788E7,260,Private,Pedro Gavina — President,3,0,,"co-man status UNKNOWN — needs website check; 3 contact(s), no email flag; mid-market size fit",not contacted,,
1056,4,FGF LLC,unclassified food/bev mfr,,San Antonio,Texas,http://www.fgfbrands.com,1.5826904E8,1581,Private,Andy Rutledge — Principal,3,0,,"co-man status UNKNOWN — needs website check; 3 contact(s), no email flag; mid-market size fit",not contacted,,
1057,4,FPL Food LLC,unclassified food/bev mfr,,Augusta,Georgia,http://www.fplfood.net,1.6154163E8,800,Private,Francois Leger — Chief Executive Officer And Chairman,3,0,,"co-man status UNKNOWN — needs website check; 3 contact(s), no email flag; mid-market size fit",not contacted,,
1058,4,Farmer Bros. Co.,unclassified food/bev mfr,,Fort Worth,Texas,http://www.farmerbros.com,3.4228101E8,848,Public,Srikanth Katuru — Vice President Head Of Information Technology,3,0,,"co-man status UNKNOWN — needs website check; 3 contact(s), no email flag; mid-market size fit",not contacted,,
1059,4,Fetzer Vineyards,unclassified food/bev mfr,,Hopland,California,http://www.fetzer.com,3.9439365E7,260,Private,Dennis Martin — Vice President Director Of Winemaking,3,0,,"co-man status UNKNOWN — needs website check; 3 contact(s), no email flag; mid-market size fit",not contacted,,
1060,4,Fieldale Farms Corporation,unclassified food/bev mfr,,Baldwin,Georgia,http://www.fieldale.com,5.2299072E8,4800,Private,Will Baker — Vice President Chief Information Officer,3,2,,co-man status UNKNOWN — needs website check; 2 email(s) in Hoovers; large,not contacted,,
1061,4,"Firstclass Foods - Trojan, Inc.",unclassified food/bev mfr,,Hawthorne,California,,2.0205126E7,135,Private,Felix Benzimra — Sales Vice President,2,0,,"co-man status UNKNOWN — needs website check; 2 contact(s), no email flag; mid-market size fit",not contacted,,
1062,4,"Five Star Gourmet Foods, Inc.",unclassified food/bev mfr,,Rancho Cucamonga,California,http://www.fivestargourmetfoods.com,5.135376E7,1500,Private,Linda Robles — Chief Operating Officer,3,0,,"co-man status UNKNOWN — needs website check; 3 contact(s), no email flag; mid-market size fit",not contacted,,
1063,4,Florida Coca-Cola Bottling Company,unclassified food/bev mfr,,Brandon,Florida,http://www.ccbss.com,5.3219868E7,4000,Private,Sheila Ebanks — Vice President Customer Relationship Management,3,0,,"co-man status UNKNOWN — needs website check; 3 contact(s), no email flag; mid-market size fit",not contacted,,
1064,4,"Foremost Farms USA, Cooperative",unclassified food/bev mfr,,Middleton,Wisconsin,http://www.foremostfarms.com,4.6474591E8,1150,Private,Brenda Dehart — President Chief Executive Officer,3,0,,"co-man status UNKNOWN — needs website check; 3 contact(s), no email flag; mid-market size fit",not contacted,,
1065,4,"Foster Poultry Farms, LLC",unclassified food/bev mfr,,Livingston,California,http://www.fosterfarms.com,1.2505411E9,12500,Private,Jason Penn — Chief Executive Officer,3,1,,co-man status UNKNOWN — needs website check; 1 email(s) in Hoovers; large,not contacted,,
1066,4,"Freshrealm, Inc.",unclassified food/bev mfr,,Lancaster,Texas,http://www.freshrealm.com,4.5486832E8,3500,Private,Neill King — Chief Operating Officer,3,0,,"co-man status UNKNOWN — needs website check; 3 contact(s), no email flag; mid-market size fit",not contacted,,
1067,4,"Frito-Lay, Inc.",unclassified food/bev mfr,,Plano,Texas,http://www.fritolay.com,1.3163362000000001E8,497,Private,Denise Truelove — Senior Vice President Marketing,3,0,,"co-man status UNKNOWN — needs website check; 3 contact(s), no email flag; mid-market size fit",not contacted,,
1068,4,"G. L. Mezzetta, Inc.",unclassified food/bev mfr,,American Canyon,California,http://www.mezzetta.com,5.2787079E7,200,Private,Michelle Nguyen — Chief Financial Officer,3,0,,"co-man status UNKNOWN — needs website check; 3 contact(s), no email flag; mid-market size fit",not contacted,,
1069,4,"G.A. Food Services of Pinellas County, LLC",unclassified food/bev mfr,,Saint Petersburg,Florida,http://www.gafoods.com,1.5168341E8,1060,Private,Sean Lobianco — CoChief Executive Officer,3,0,,"co-man status UNKNOWN — needs website check; 3 contact(s), no email flag; mid-market size fit",not contacted,,
1070,4,GRADECRACKER LLC,unclassified food/bev mfr,,Moses Lake,Washington,http://gradecrackerllc.com,3.7200001E7,158,Private,Thanjaavur Manavalan — Principal,2,0,,"co-man status UNKNOWN — needs website check; 2 contact(s), no email flag; mid-market size fit",not contacted,,
1071,4,"Garelick Farms, LLC",unclassified food/bev mfr,,Franklin,Massachusetts,http://www.garelickfarms.com,3.2679958E7,2500,Private,,3,0,,"co-man status UNKNOWN — needs website check; 3 contact(s), no email flag; mid-market size fit; Northeast",not contacted,,
1072,4,"Gehl Foods, LLC",unclassified food/bev mfr,,Germantown,Wisconsin,http://www.gehlfoodandbeverage.com,1.7671136E8,415,Private,Dan Schober — Chief Financial Officer,3,0,,"co-man status UNKNOWN — needs website check; 3 contact(s), no email flag; mid-market size fit",not contacted,,
1073,4,"General Mills, Inc.",unclassified food/bev mfr,,Minneapolis,Minnesota,http://www.generalmills.com,1.84246E10,33000,Public,"Jeffrey Harmening — Chairman of the Board, Chief Executive Officer",3,1,,co-man status UNKNOWN — needs website check; 1 email(s) in Hoovers; large,not contacted,,
1074,4,"George's Processing, Inc.",unclassified food/bev mfr,,Springdale,Arkansas,http://www.georgesinc.com,6.0207565E7,4000,Private,Otto Jeck — Executive Vice President,1,0,,"co-man status UNKNOWN — needs website check; 1 contact(s), no email flag; mid-market size fit",not contacted,,
1075,4,"George's, Inc.",unclassified food/bev mfr,,Springdale,Arkansas,http://www.georgesinc.com,2.0466965E9,8356,Private,Charles George — CoPresident,3,2,,co-man status UNKNOWN — needs website check; 2 email(s) in Hoovers; large,not contacted,,
1076,4,Gerber Products Company,unclassified food/bev mfr,,Arlington,Virginia,http://gerber.com,1.2439345E8,2381,Private,Robin Dickmann — Principal Scientist Food Safety,3,0,,"co-man status UNKNOWN — needs website check; 3 contact(s), no email flag; mid-market size fit",not contacted,,
1077,4,"Gertrude Hawk Brands, Inc.",unclassified food/bev mfr,,Dunmore,Pennsylvania,http://www.gertrudehawkchocolates.com,5.5508995E7,400,Private,David Hambright — President,3,0,,"co-man status UNKNOWN — needs website check; 3 contact(s), no email flag; mid-market size fit",not contacted,,
1078,4,Gonnella Baking Co.,unclassified food/bev mfr,,Schaumburg,Illinois,http://www.gonnella.com,9.1278183E7,350,Private,Todd Sedlacek — Chief Financial Officer,3,0,,"co-man status UNKNOWN — needs website check; 3 contact(s), no email flag; mid-market size fit",not contacted,,
1079,4,"Gonnella Frozen Products, LLC",unclassified food/bev mfr,,Schaumburg,Illinois,http://www.gonnella.com,5.0576111E7,350,Private,Dennis Marcucci — Vice President Of Information Systems And Administrator,3,0,,"co-man status UNKNOWN — needs website check; 3 contact(s), no email flag; mid-market size fit",not contacted,,
1080,4,"Good Foods Group, LLC",unclassified food/bev mfr,,Pleasant Prairie,Wisconsin,http://www.goodfoods.com,6.9977165E7,325,Private,Jeff Mcmahon — Chief Financial Officer,3,0,,"co-man status UNKNOWN — needs website check; 3 contact(s), no email flag; mid-market size fit",not contacted,,
1081,4,Graeter's Ice Cream Company,unclassified food/bev mfr,,Cincinnati,Ohio,http://www.graeters.com,2.6579458E7,500,Private,Craig Eten — Vp Chief Financial Officer,3,0,,"co-man status UNKNOWN — needs website check; 3 contact(s), no email flag; mid-market size fit",not contacted,,
1082,4,"Grain Craft Milling (Southwest), LLC",unclassified food/bev mfr,,Muleshoe,Texas,http://www.bungeag.com,2.8075993E7,115,Private,Jorge Asaff — Plant Manager,3,0,,"co-man status UNKNOWN — needs website check; 3 contact(s), no email flag; mid-market size fit",not contacted,,
1083,4,Grande Cheese Company,unclassified food/bev mfr,,Fond Du Lac,Wisconsin,http://www.grande.com,2.7617911E8,1000,Private,David Kapic — Chief Operating Officer,3,0,,"co-man status UNKNOWN — needs website check; 3 contact(s), no email flag; mid-market size fit",not contacted,,
1084,4,Gray & Company,unclassified food/bev mfr,,Hart,Michigan,http://www.cherryman.com,6.1641262E7,425,Private,Joshua Reynolds — Executive Vice President,3,0,,"co-man status UNKNOWN — needs website check; 3 contact(s), no email flag; mid-market size fit",not contacted,,
1085,4,"Great Kitchens Food Company, Inc.",unclassified food/bev mfr,,Romeoville,Illinois,http://www.gkitchens.com,5.7294312E7,1000,Private,Admir Basic — President And Chief Executive Officer,3,0,,"co-man status UNKNOWN — needs website check; 3 contact(s), no email flag; mid-market size fit",not contacted,,
1086,4,"Great Lakes Coca-Cola Distribution, LLC",unclassified food/bev mfr,,Rosemont,Illinois,http://www.coca-cola.com,4.6180615E8,1000,Private,Ben Karacia — Vice President Manufacturing,3,0,,"co-man status UNKNOWN — needs website check; 3 contact(s), no email flag; mid-market size fit",not contacted,,
1087,4,Great Plains Coca-Cola Bottling Company,unclassified food/bev mfr,,Oklahoma City,Oklahoma,http://www.cocacolaswb.com,2.6463001E7,297,Private,Henry Browne — Executive Vice President,3,0,,"co-man status UNKNOWN — needs website check; 3 contact(s), no email flag; mid-market size fit",not contacted,,
1088,4,"Greater Omaha Packing Co., Inc.",unclassified food/bev mfr,,Omaha,Nebraska,http://www.greateromaha.com,1.257879E8,1102,Nonprofit,John Calabro — Chief Financial Officer And Information Technology,3,0,,"co-man status UNKNOWN — needs website check; 3 contact(s), no email flag; mid-market size fit",not contacted,,
1089,4,Griffin Industries LLC,unclassified food/bev mfr,,Cold Spring,Kentucky,http://www.griffinind.com,4.3910342E8,1800,Private,Michael Rath — Senior Vice President,3,0,,"co-man status UNKNOWN — needs website check; 3 contact(s), no email flag; mid-market size fit",not contacted,,
1090,4,Griffith Foods Inc.,unclassified food/bev mfr,,Alsip,Illinois,http://www.griffithfoods.com,9.0482384E7,440,Private,Robyn Kuchenthal — Principal Regulatory Specialist,3,0,,"co-man status UNKNOWN — needs website check; 3 contact(s), no email flag; mid-market size fit",not contacted,,
1091,4,"H & S Bakery, Inc.",unclassified food/bev mfr,,Baltimore,Maryland,http://www.hsbakery.com,3.516412E8,1606,Private,Bill Paterakis — President,3,0,,"co-man status UNKNOWN — needs website check; 3 contact(s), no email flag; mid-market size fit",not contacted,,
1092,4,Hanover Foods,unclassified food/bev mfr,,Hanover,Pennsylvania,http://www.hanoverfoods.com,4.7642245E8,1600,Public,Will Choi — Chief Financial Officer,3,0,,"co-man status UNKNOWN — needs website check; 3 contact(s), no email flag; mid-market size fit",not contacted,,
1093,4,"Heaven Hill Distilleries, Inc.",unclassified food/bev mfr,,Bardstown,Kentucky,http://www.heaven-hill.com,1.9557956E8,505,Private,Max Shapira — President,3,0,,"co-man status UNKNOWN — needs website check; 3 contact(s), no email flag; mid-market size fit",not contacted,,
1094,4,Herr Foods Incorporated,unclassified food/bev mfr,,Nottingham,Pennsylvania,http://www.herrs.com,3.9221344E8,1500,Private,Troy Gunden — PRESIDENT,3,0,,"co-man status UNKNOWN — needs website check; 3 contact(s), no email flag; mid-market size fit",not contacted,,
1095,4,Hershey Creamery Company,unclassified food/bev mfr,,Harrisburg,Pennsylvania,http://www.hersheyicecream.com,1.8862885E8,950,Public,CHARLES Shambaugh — President,3,0,,"co-man status UNKNOWN — needs website check; 3 contact(s), no email flag; mid-market size fit",not contacted,,
1096,4,"High Falls Brewing Company, LLC",unclassified food/bev mfr,,Rochester,New York,http://www.nabreweries.com,2.7604191E7,400,Private,,1,0,,"co-man status UNKNOWN — needs website check; 1 contact(s), no email flag; mid-market size fit; Northeast",not contacted,,
1097,4,"Hiland Dairy Foods Company, LLC",unclassified food/bev mfr,,Springfield,Missouri,http://www.hilanddairy.com,3.951322E8,1350,Private,Delores Smith — Principal,3,0,,"co-man status UNKNOWN — needs website check; 3 contact(s), no email flag; mid-market size fit",not contacted,,
1098,4,"Hilmar Cheese Company, Inc.",unclassified food/bev mfr,,Hilmar,California,http://www.hilmar.com,2.6431766E8,1873,Private,Scott Graham — Chief Operating Officer,3,0,,"co-man status UNKNOWN — needs website check; 3 contact(s), no email flag; mid-market size fit",not contacted,,
1099,4,"Holsum De Puerto Rico, Inc .",unclassified food/bev mfr,,TOA Baja,Puerto Rico,http://www.holsumpr.com,9.6851044E7,900,Private,Ramon Calderon — President,3,0,,"co-man status UNKNOWN — needs website check; 3 contact(s), no email flag; mid-market size fit",not contacted,,
1100,4,Hometown Food Company,unclassified food/bev mfr,,Chicago,Illinois,http://www.hometownfoodcompany.com,2.4331561E8,940,Private,Steve Bowater — Chief Financial Officer,3,0,,"co-man status UNKNOWN — needs website check; 3 contact(s), no email flag; mid-market size fit",not contacted,,
1101,4,Hormel Foods Corporation,unclassified food/bev mfr,,Austin,Minnesota,http://www.hormelfoods.com,1.210616E10,20000,Public,"Jeffrey Ettinger — Interim Chief Executive Officer, Director",3,1,,co-man status UNKNOWN — needs website check; 1 email(s) in Hoovers; large,not contacted,,
1102,4,"Hostess Brands, LLC",unclassified food/bev mfr,,Orrville,Ohio,http://www.hostessbrands.com,2.6656295999999997E8,1130,Private,Stuart Wilcox — Senior Vice President,3,0,,"co-man status UNKNOWN — needs website check; 3 contact(s), no email flag; mid-market size fit",not contacted,,
1103,4,"House of Raeford Farms, Inc.",unclassified food/bev mfr,,Rose Hill,North Carolina,http://www.houseofraeford.com,4.9901996E8,6000,Private,Kristina Schrecengost — Principal,3,0,,"co-man status UNKNOWN — needs website check; 3 contact(s), no email flag; mid-market size fit",not contacted,,
1104,4,"Hughson Nut, Inc.",unclassified food/bev mfr,,Chicago,Illinois,,4.6616848E7,375,Private,Scott Swinney — Plant Manager,2,0,,"co-man status UNKNOWN — needs website check; 2 contact(s), no email flag; mid-market size fit",not contacted,,
1105,4,Hulman & Company,unclassified food/bev mfr,,Terre Haute,Indiana,http://www.clabbergirl.com,2.3700851E7,160,Private,Tami Morris Athrsd — Principal,3,0,,"co-man status UNKNOWN — needs website check; 3 contact(s), no email flag; mid-market size fit",not contacted,,
1106,4,"Hydroblend, Inc.",unclassified food/bev mfr,,Nampa,Idaho,http://www.hbspecialtyfoods.com,5.6352539E7,350,Private,Mike Guthrie — Chief Executive Officer,3,0,,"co-man status UNKNOWN — needs website check; 3 contact(s), no email flag; mid-market size fit",not contacted,,
1107,4,IRCA Group USA LLC,unclassified food/bev mfr,,Duluth,Georgia,http://www.ircagroup.com,1.1310521E8,100,Private,Kima Diaz — Chief Financial Officer,3,0,,"co-man status UNKNOWN — needs website check; 3 contact(s), no email flag; mid-market size fit",not contacted,,
1108,4,"Imperfect Foods, Inc.",unclassified food/bev mfr,,Walnut,California,http://www.imperfectfoods.com,2.4470129E8,2032,Private,Abhi Ramesh — Founder And Chief Executive Officer,3,0,,"co-man status UNKNOWN — needs website check; 3 contact(s), no email flag; mid-market size fit",not contacted,,
1109,4,Impossible Foods Inc.,unclassified food/bev mfr,,Redwood City,California,http://www.impossiblefoods.com,9.7026649E7,356,Private,Craig Resnick — Principal National Account Executive,3,0,,"co-man status UNKNOWN — needs website check; 3 contact(s), no email flag; mid-market size fit",not contacted,,
1110,4,Independent Food Corporation,unclassified food/bev mfr,,Twin Falls,Idaho,http://www.independentmeat.com,2.4169708E7,250,Private,Patrick Florence — President,3,0,,"co-man status UNKNOWN — needs website check; 3 contact(s), no email flag; mid-market size fit",not contacted,,
1111,4,Indiana Packers Corporation,unclassified food/bev mfr,,Delphi,Indiana,http://www.indianapackerscorp.com,4.560705E8,1540,Private,Eric Sheiss — President Coo,3,0,,"co-man status UNKNOWN — needs website check; 3 contact(s), no email flag; mid-market size fit",not contacted,,
1112,4,"Ingomar Packing Company, LLC",unclassified food/bev mfr,,Los Banos,California,http://www.ingomarpacking.com,4.6316044E7,251,Private,Doug Dobbs — Chief Executive Officer President,3,0,,"co-man status UNKNOWN — needs website check; 3 contact(s), no email flag; mid-market size fit",not contacted,,
1113,4,Interbake Foods LLC,unclassified food/bev mfr,,Downers Grove,Illinois,http://www.interbake.com,8.8733971E7,1031,Private,Raymond Baxter — President,3,0,,"co-man status UNKNOWN — needs website check; 3 contact(s), no email flag; mid-market size fit",not contacted,,
1114,4,"Inventure - WA, Inc.",unclassified food/bev mfr,,Lynden,Washington,http://jobs.raderfarms.com,2.244445E7,80,Private,Terry McDaniel — Chief Executive Officer,3,0,,"co-man status UNKNOWN — needs website check; 3 contact(s), no email flag; mid-market size fit",not contacted,,
1115,4,"J & B Sausage Company, Inc.",unclassified food/bev mfr,,Waelder,Texas,http://www.jbfoods.com,1.5E8,425,Private,James Williams — President,3,0,,"co-man status UNKNOWN — needs website check; 3 contact(s), no email flag; mid-market size fit",not contacted,,
1116,4,"JTM Provisions Company, Inc.",unclassified food/bev mfr,,Harrison,Ohio,http://www.jtmfoodgroup.com,9.7308372E7,700,Private,Noah Gebremariam — Principal,3,0,,"co-man status UNKNOWN — needs website check; 3 contact(s), no email flag; mid-market size fit",not contacted,,
1117,4,"Jackson Family Wines, Inc.",unclassified food/bev mfr,,Santa Rosa,California,http://jacksonfamilywines.com,2.809563E8,1000,Private,Mitch Davis — Chief Operating Officer,3,0,,"co-man status UNKNOWN — needs website check; 3 contact(s), no email flag; mid-market size fit",not contacted,,
1118,4,Jim Beam Brands Co.,unclassified food/bev mfr,,Chicago,Illinois,http://www.jimbeam.com,3.2E9,2500,Private,Alexis Bigham Athrsd — Principal,3,1,,co-man status UNKNOWN — needs website check; 1 email(s) in Hoovers; large,not contacted,,
1119,4,"Jobbers Meat Packing Co., LLC",unclassified food/bev mfr,,Vernon,California,,4.0131374E7,234,Private,Martin Evanson — President,3,0,,"co-man status UNKNOWN — needs website check; 3 contact(s), no email flag; mid-market size fit",not contacted,,
1120,4,"Johnsonville Holdings, Inc.",unclassified food/bev mfr,,Sheboygan Falls,Wisconsin,http://www.johnsonville.com,5.9565503E8,3000,Private,Nick Meriggioli — Chief Executive Officer,3,2,,co-man status UNKNOWN — needs website check; 2 email(s) in Hoovers; large,not contacted,,
1121,4,Joy Cone Co.,unclassified food/bev mfr,,Hermitage,Pennsylvania,http://www.joycone.com,1.0970731E8,1200,Private,Leslie Gilmore — Principal,3,0,,"co-man status UNKNOWN — needs website check; 3 contact(s), no email flag; mid-market size fit",not contacted,,
1122,4,"Just Born, Inc.",unclassified food/bev mfr,,Bethlehem,Pennsylvania,http://www.justborn.com,1.4590903E8,550,Private,Victoria Barnard — President At Foot Traffic Usa,3,0,,"co-man status UNKNOWN — needs website check; 3 contact(s), no email flag; mid-market size fit",not contacted,,
1123,4,"KALMBACH FEEDS, INC.",unclassified food/bev mfr,,Upper Sandusky,Ohio,http://www.kalmbachfeeds.com,2.418235E8,772,Private,Paul Kalmbach — President,3,0,,"co-man status UNKNOWN — needs website check; 3 contact(s), no email flag; mid-market size fit",not contacted,,
1124,4,"KLN Enterprises, Inc.",unclassified food/bev mfr,,Perham,Minnesota,http://www.klnfamilybrands.com,2.8497733E8,1235,Private,Kevin Keil — Vice President Chief Operating Officer,3,0,,"co-man status UNKNOWN — needs website check; 3 contact(s), no email flag; mid-market size fit",not contacted,,
1125,4,"Kahiki Foods, Inc.",unclassified food/bev mfr,,Gahanna,Ohio,http://www.kahiki.com,4.6940201E7,160,Private,Frederick Niebauer — Chief Financial Officer,3,0,,"co-man status UNKNOWN — needs website check; 3 contact(s), no email flag; mid-market size fit",not contacted,,
1126,4,Kalil Bottling Co,unclassified food/bev mfr,,Tucson,Arizona,http://www.kalilbottling.com,5.0082733E7,972,Private,Estevan Martinez — Business Owner,3,0,,"co-man status UNKNOWN — needs website check; 3 contact(s), no email flag; mid-market size fit",not contacted,,
1127,4,Keebler Company,unclassified food/bev mfr,,Battle Creek,Michigan,http://www.keebler.com,4.9177881E8,12000,Private,William Kellogg — Principal,3,0,,"co-man status UNKNOWN — needs website check; 3 contact(s), no email flag; mid-market size fit",not contacted,,
1128,4,Kellanova,unclassified food/bev mfr,,Chicago,Illinois,http://www.kellanova.com,1.2749E10,24000,Private,Caley Randolph — Founder,3,3,,co-man status UNKNOWN — needs website check; 3 email(s) in Hoovers; large,not contacted,,
1129,4,"Ken's Foods, LLC",unclassified food/bev mfr,,Marlborough,Massachusetts,http://www.kensfoods.com,4.7640622E8,920,Private,,3,0,,"co-man status UNKNOWN — needs website check; 3 contact(s), no email flag; mid-market size fit; Northeast",not contacted,,
1130,4,Kendall-Jackson Wine Estates Inc,unclassified food/bev mfr,,Santa Rosa,California,http://www.jacksonfamilywines.com,4.9262817E7,800,Private,Jess Jackson — President,3,0,,"co-man status UNKNOWN — needs website check; 3 contact(s), no email flag; mid-market size fit",not contacted,,
1131,4,"Kenosha Beef International, Ltd.",unclassified food/bev mfr,,Kenosha,Wisconsin,http://www.bwfoods.com,2.9368951E8,755,Private,Sean Hurley — Interim President,3,0,,"co-man status UNKNOWN — needs website check; 3 contact(s), no email flag; mid-market size fit",not contacted,,
1132,4,"Kent Nutrition Group, Inc.",unclassified food/bev mfr,,Muscatine,Iowa,http://www.kentfeeds.com,1.1600197E8,400,Private,Debra Katz — President Director,3,0,,"co-man status UNKNOWN — needs website check; 3 contact(s), no email flag; mid-market size fit",not contacted,,
1133,4,Krier Foods LLC,unclassified food/bev mfr,,Random Lake,Wisconsin,http://www.krierbeverage.com,2.5773596E7,95,Private,Cauad Marbach — Chief Executive Officer,3,0,,"co-man status UNKNOWN — needs website check; 3 contact(s), no email flag; mid-market size fit",not contacted,,
1134,4,Krispy Kreme Doughnut Corporation,unclassified food/bev mfr,,Charlotte,North Carolina,http://www.krispykreme.com,6.8914276E8,4518,Private,J Breitbach — Executive Vice President,3,2,,co-man status UNKNOWN — needs website check; 2 email(s) in Hoovers; large,not contacted,,
1135,4,"Krispy Kreme Doughnuts, Inc.",unclassified food/bev mfr,,Winston Salem,North Carolina,http://www.krispykreme.com,1.300019E9,5200,Private,Jeremiah Ashukian — Executive Vice President And Chief Financial Officer,3,1,,co-man status UNKNOWN — needs website check; 1 email(s) in Hoovers; large,not contacted,,
1136,4,"Kuna Meat Company, Inc.",unclassified food/bev mfr,,Dupo,Illinois,http://www.kunafoodservice.com,7.3265793E7,430,Private,John Schuler — Senior Vice President,3,0,,"co-man status UNKNOWN — needs website check; 3 contact(s), no email flag; mid-market size fit",not contacted,,
1137,4,"L J D Holdings, Inc.",unclassified food/bev mfr,,Boise,Idaho,http://www.banddfoods.com,3.4737026E7,280,Private,Mike Dagosta — Vice President,3,0,,"co-man status UNKNOWN — needs website check; 3 contact(s), no email flag; mid-market size fit",not contacted,,
1138,4,LIPTON TEA MANUFACTURING USA LLC,unclassified food/bev mfr,,Suffolk,Virginia,,7.2652573E7,330,Private,Racquel Mason — President,2,0,,"co-man status UNKNOWN — needs website check; 2 contact(s), no email flag; mid-market size fit",not contacted,,
1139,4,"La Costena USA, Inc.",unclassified food/bev mfr,,Tucson,Arizona,http://www.faribaultfoods.com,2.5505183E8,835,Private,Vincent Rodea — President,3,0,,"co-man status UNKNOWN — needs website check; 3 contact(s), no email flag; mid-market size fit",not contacted,,
1140,4,"La Tapatia Tortilleria, Inc.",unclassified food/bev mfr,,Fresno,California,http://www.tortillas4u.com,2.4890459E7,170,Private,Dan Soleno — Principal,3,0,,"co-man status UNKNOWN — needs website check; 3 contact(s), no email flag; mid-market size fit",not contacted,,
1141,4,"Lactalis American Group, Inc.",unclassified food/bev mfr,,Buffalo,New York,http://www.lactalisamericangroup.com,1.3731687E9,1500,Private,,3,0,,"co-man status UNKNOWN — needs website check; 3 contact(s), no email flag; mid-market size fit; Northeast",not contacted,,
1142,4,"Land O'Frost, Inc.",unclassified food/bev mfr,,Lansing,Illinois,http://www.landofrost.com,9.7502457E7,900,Private,George Smolar — Chief Financial Officer,3,0,,"co-man status UNKNOWN — needs website check; 3 contact(s), no email flag; mid-market size fit",not contacted,,
1143,4,Leonard & Harral Packing Co.,unclassified food/bev mfr,,San Antonio,Texas,http://www.leonardhc.com,2.4138597E7,365,Private,Terry Black — Chief Financial Officer,3,0,,"co-man status UNKNOWN — needs website check; 3 contact(s), no email flag; mid-market size fit",not contacted,,
1144,4,"Liguria Foods, LLC",unclassified food/bev mfr,,Humboldt,Iowa,http://www.liguriafoods.com,2.3620794E7,113,Private,Mel Carreira — Vice President Sales Marketing,3,0,,"co-man status UNKNOWN — needs website check; 3 contact(s), no email flag; mid-market size fit",not contacted,,
1145,4,"Lion Raisins, Inc.",unclassified food/bev mfr,,Selma,California,http://www.lionraisins.com,2.6731705E7,400,Private,Suzie Keller — Chief Financial Officer Controller,3,0,,"co-man status UNKNOWN — needs website check; 3 contact(s), no email flag; mid-market size fit",not contacted,,
1146,4,"Litehouse, Inc.",unclassified food/bev mfr,,Sandpoint,Idaho,http://www.litehousefoods.com,1.5031796E8,1146,Private,John Flores — Chief Operating Officer,3,0,,"co-man status UNKNOWN — needs website check; 3 contact(s), no email flag; mid-market size fit",not contacted,,
1147,4,"Lone Star Bakery, Inc.",unclassified food/bev mfr,,China Grove,Texas,http://www.lonestarbakery.com,5.2502846E7,400,Private,Sharon Martin — Chief Financial Officer,3,0,,"co-man status UNKNOWN — needs website check; 3 contact(s), no email flag; mid-market size fit",not contacted,,
1148,4,"M & B PRODUCTS, INC.",unclassified food/bev mfr,,Temple Terrace,Florida,http://www.mbproducts.com,2.4634525E7,175,Private,Thomas Hammerschmidt — Vice President,3,0,,"co-man status UNKNOWN — needs website check; 3 contact(s), no email flag; mid-market size fit",not contacted,,
1149,4,"Mane, Inc.",unclassified food/bev mfr,,Lebanon,Ohio,http://www.mane.com,1.0511839E8,340,Private,Mark Sullivan — Principal,3,0,,"co-man status UNKNOWN — needs website check; 3 contact(s), no email flag; mid-market size fit",not contacted,,
1150,4,"Manna Pro Products, LLC",unclassified food/bev mfr,,Chesterfield,Missouri,http://www.companapetbrands.com,4.9686038E8,399,Private,Brian Purcell — Chief Financial Officer,3,0,,"co-man status UNKNOWN — needs website check; 3 contact(s), no email flag; mid-market size fit",not contacted,,
1151,4,Mark Anthony Brands Inc.,unclassified food/bev mfr,,Chicago,Illinois,http://www.markanthony.com,7.1336029E7,492,Private,David Barnett — President,3,0,,"co-man status UNKNOWN — needs website check; 3 contact(s), no email flag; mid-market size fit",not contacted,,
1152,4,"Mars, Incorporated",unclassified food/bev mfr,,McLean,Virginia,http://www.mars.com,4.283877E10,28746,Private,Jamie Dunning — President And General Manager,3,3,,co-man status UNKNOWN — needs website check; 3 email(s) in Hoovers; large,not contacted,,
1153,4,"Massimo Zanetti Beverage USA, Inc.",unclassified food/bev mfr,,Suffolk,Virginia,http://www.mzb-usa.com,1.081181E8,375,Private,Massimo Zanetti — CoChief Executive Officer,3,0,,"co-man status UNKNOWN — needs website check; 3 contact(s), no email flag; mid-market size fit",not contacted,,
1154,4,"Matt Brewing Co., Inc.",unclassified food/bev mfr,,Utica,New York,http://www.saranac.com,2.4398939E7,150,Private,,1,0,,"co-man status UNKNOWN — needs website check; 1 contact(s), no email flag; mid-market size fit; Northeast",not contacted,,
1155,4,"McCain USA, Inc.",unclassified food/bev mfr,,Oakbrook Terrace,Illinois,http://www.mccainusafoodservice.com,1.0071111E9,4100,Private,Mark Rowe — Vice President Business Development,3,2,,co-man status UNKNOWN — needs website check; 2 email(s) in Hoovers; large,not contacted,,
1156,4,"McCormick & Company, Incorporated",unclassified food/bev mfr,,Las Cruces,New Mexico,http://www.mccormickcorporation.com,6.8402998E9,14100,Public,Andrew Foust — President Americas,3,2,,co-man status UNKNOWN — needs website check; 2 email(s) in Hoovers; large,not contacted,,
1157,4,"Mccain Foods USA, Inc.",unclassified food/bev mfr,,Oakbrook Terrace,Illinois,http://www.mccainusafoodservice.com,9.8941205E8,4000,Private,Michael Campbell — Vice President General Counsel Secretary,3,2,,co-man status UNKNOWN — needs website check; 2 email(s) in Hoovers; large,not contacted,,
1158,4,Mead Johnson Nutrition Company,unclassified food/bev mfr,,Chicago,Illinois,http://www.meadjohnson.com,1.1198495E9,7600,Private,Chris Stratton — Senior Vice President and President Asia,3,1,,co-man status UNKNOWN — needs website check; 1 email(s) in Hoovers; large,not contacted,,
1159,4,"Milo's Tea Company, Inc.",unclassified food/bev mfr,,Bessemer,Alabama,http://www.drinkmilos.com,1.1783742E8,700,Private,Emily Love Backstrom — Chief Financial Officer,3,0,,"co-man status UNKNOWN — needs website check; 3 contact(s), no email flag; mid-market size fit",not contacted,,
1160,4,Minn-Dak Farmers Cooperative,unclassified food/bev mfr,,Wahpeton,North Dakota,http://www.mdf.coop,9.6621758E7,455,Private,Kurt Wickstrom — president ceo,3,0,,"co-man status UNKNOWN — needs website check; 3 contact(s), no email flag; mid-market size fit",not contacted,,
1161,4,"Missouri Prime Beef Packers, L.L.C.",unclassified food/bev mfr,,Pleasant Hope,Missouri,http://www.missouriprimebeef.com,2.6028061E7,105,Private,Brian Lillie — Chief Executive Officer,3,0,,"co-man status UNKNOWN — needs website check; 3 contact(s), no email flag; mid-market size fit",not contacted,,
1162,4,Molson Coors Beverage Company USA LLC,unclassified food/bev mfr,,Chicago,Illinois,http://www.molsoncoors.com,4.9071591E8,4500,Private,Kurt Lane — Principal,3,0,,"co-man status UNKNOWN — needs website check; 3 contact(s), no email flag; mid-market size fit",not contacted,,
1163,4,"Mondelez International, Inc.",unclassified food/bev mfr,,Chicago,Illinois,http://www.mondelezinternational.com,3.8537E10,91000,Public,"Dirk Van De Put — Chairman of the Board, Chief Executive Officer",3,1,,co-man status UNKNOWN — needs website check; 1 email(s) in Hoovers; large,not contacted,,
1164,4,"Morgan Foods, Inc.",unclassified food/bev mfr,,Austin,Indiana,http://www.morganfoods.com,2.0798056E8,620,Private,Kelly Maciejak — Principal,3,0,,"co-man status UNKNOWN — needs website check; 3 contact(s), no email flag; mid-market size fit",not contacted,,
1165,4,"Mount Olive Pickle Company, Inc.",unclassified food/bev mfr,,Mount Olive,North Carolina,http://www.mtolivepickles.com,8.5076477E7,600,Private,Robert Frye — President,3,0,,"co-man status UNKNOWN — needs website check; 3 contact(s), no email flag; mid-market size fit",not contacted,,
1166,4,"Mullins Food Products, Inc.",unclassified food/bev mfr,,Broadview,Illinois,http://www.mullinsfood.com,2.9877571E7,405,Private,Michael Mullins — Chief Operating Officer,3,0,,"co-man status UNKNOWN — needs website check; 3 contact(s), no email flag; mid-market size fit",not contacted,,
1167,4,"National DCP, LLC",unclassified food/bev mfr,,Duluth,Georgia,http://www.nationaldcp.com,3.8032071E8,1700,Private,Stephen Down — Chief Executive Officer,3,0,,"co-man status UNKNOWN — needs website check; 3 contact(s), no email flag; mid-market size fit",not contacted,,
1168,4,Nestle Purina Petcare Company,unclassified food/bev mfr,,Saint Louis,Missouri,http://www.purina.com,2.0788645000000002E9,8000,Private,Andrea Faccio — President Chief Growth Officer,3,3,,co-man status UNKNOWN — needs website check; 3 email(s) in Hoovers; large,not contacted,,
1169,4,"Nestle Purina Petcare Global Resources, Inc.",unclassified food/bev mfr,,Saint Louis,Missouri,http://www.purinainstitute.com,1.2707551E8,200,Private,Ken Irvine — Principal,3,0,,"co-man status UNKNOWN — needs website check; 3 contact(s), no email flag; mid-market size fit",not contacted,,
1170,4,"New Dairy OPCO, LLC",unclassified food/bev mfr,,Dallas,Texas,http://www.bordendairy.com,4.0313617E8,3200,Private,Rodney Hillis — Chief Operating Officer,3,0,,"co-man status UNKNOWN — needs website check; 3 contact(s), no email flag; mid-market size fit",not contacted,,
1171,4,"NewAge, Inc.",unclassified food/bev mfr,,Midvale,Utah,http://www.newagebev.com,6.6329117E7,1350,Public,Myles Burcham — Principal,3,0,,"co-man status UNKNOWN — needs website check; 3 contact(s), no email flag; mid-market size fit",not contacted,,
1172,4,"Newly Weds Foods, LLC",unclassified food/bev mfr,,Chicago,Illinois,http://www.newlywedsfoods.com,2.1062984E8,1911,Private,Fernando Pinho — Chief Information Officer Vice President Of It,3,0,,"co-man status UNKNOWN — needs website check; 3 contact(s), no email flag; mid-market size fit",not contacted,,
1173,4,"Nissin Foods (U.S.A.) Company, Inc.",unclassified food/bev mfr,,Gardena,California,http://www.nissinfoods.com,1.2355136E8,350,Private,Brian Huff — President And Chief Executive Officer,3,0,,"co-man status UNKNOWN — needs website check; 3 contact(s), no email flag; mid-market size fit",not contacted,,
1174,4,"North Pacific Canners & Packers, Inc.",unclassified food/bev mfr,,Salem,Oregon,http://www.norpac.com,4.8924644E7,4000,Private,George Smith — President Chief Executive Officer,3,0,,"co-man status UNKNOWN — needs website check; 3 contact(s), no email flag; mid-market size fit",not contacted,,
1175,4,"Novus Foods Taunton, Inc.",unclassified food/bev mfr,,Taunton,Massachusetts,,2.6143526E7,85,Private,,3,0,,"co-man status UNKNOWN — needs website check; 3 contact(s), no email flag; mid-market size fit; Northeast",not contacted,,
1176,4,"Novus International, Inc.",unclassified food/bev mfr,,Chesterfield,Missouri,http://www.novusint.com,1.4201193E8,350,Private,Koichiro Tago — Executive Vice President,3,0,,"co-man status UNKNOWN — needs website check; 3 contact(s), no email flag; mid-market size fit",not contacted,,
1177,4,"Nutra-Blend, L.L.C.",unclassified food/bev mfr,,Neosho,Missouri,http://www.nutrablend.com,8.5848297E7,494,Private,Scott Cooper — Chief Financial Officer,3,0,,"co-man status UNKNOWN — needs website check; 3 contact(s), no email flag; mid-market size fit",not contacted,,
1178,4,OBERTO SNACKS INC.,unclassified food/bev mfr,,Kent,Washington,http://www.oberto.com,5.7595978E7,500,Private,Kelly Martin — Principal,3,0,,"co-man status UNKNOWN — needs website check; 3 contact(s), no email flag; mid-market size fit",not contacted,,
1179,4,"OSI Industries, LLC",unclassified food/bev mfr,,Aurora,Illinois,http://www.osigroup.com,4.6359918E8,9200,Private,Gerald Kolschowsky — Vice President,2,0,,"co-man status UNKNOWN — needs website check; 2 contact(s), no email flag; mid-market size fit",not contacted,,
1180,4,Ocean Beauty Seafoods LLC,unclassified food/bev mfr,,Renton,Washington,http://www.oceanbeauty.com,5.4606869E7,2500,Private,Mike Coulston — PresidentCoo,3,0,,"co-man status UNKNOWN — needs website check; 3 contact(s), no email flag; mid-market size fit",not contacted,,
1181,4,Omega Protein Corporation,unclassified food/bev mfr,,Reedville,Virginia,http://www.omegaprotein.com,1.3973647E8,546,Private,John Held — Executive Vice President,3,0,,"co-man status UNKNOWN — needs website check; 3 contact(s), no email flag; mid-market size fit",not contacted,,
1182,4,"Ozark Mountain Poultry, Inc.",unclassified food/bev mfr,,Rogers,Arkansas,http://www.georgesinc.com,4.747366E7,650,Private,Stephan Barnes — Vice President Operations,3,0,,"co-man status UNKNOWN — needs website check; 3 contact(s), no email flag; mid-market size fit",not contacted,,
1183,4,Ozarks Coca-cola/dr Pepper Bottling Company,unclassified food/bev mfr,,Springfield,Missouri,http://www.cocacolaozarks.com,2.5296328E7,330,Private,Bruce Long — PresidentCeo,3,0,,"co-man status UNKNOWN — needs website check; 3 contact(s), no email flag; mid-market size fit",not contacted,,
1184,4,PARK 100 FOODS LLC,unclassified food/bev mfr,,Tipton,Indiana,http://www.park100foods.com,9.678817E7,300,Private,Thom Bondus — Chief Financial Officer,3,0,,"co-man status UNKNOWN — needs website check; 3 contact(s), no email flag; mid-market size fit",not contacted,,
1185,4,"PCC Candy Holdings, LLC",unclassified food/bev mfr,,Saint Paul,Minnesota,http://www.pearsonscandy.com,2.5309135E7,160,Private,Michael Keller — President,3,0,,"co-man status UNKNOWN — needs website check; 3 contact(s), no email flag; mid-market size fit",not contacted,,
1186,4,"PILGRIM'S PRIDE CORPORATION OF GEORGIA, INC.",unclassified food/bev mfr,,Atlanta,Georgia,http://www.pilgrimspridecorp.com,2.4627512E8,16800,Private,Richard Cogdill — Executive Vice President,3,0,,"co-man status UNKNOWN — needs website check; 3 contact(s), no email flag; mid-market size fit",not contacted,,
1187,4,"PSF, Inc.",unclassified food/bev mfr,,Bellevue,Washington,http://www.ppsf.com,4.6953133E7,204,Private,Steven Chartier — Vice President,3,0,,"co-man status UNKNOWN — needs website check; 3 contact(s), no email flag; mid-market size fit",not contacted,,
1188,4,Pacific Coast Fresh Company,unclassified food/bev mfr,,Portland,Oregon,http://www.pcfreshco.com,9.3628784E7,450,Private,Dan Hedeen — Chief Financial Officer,3,0,,"co-man status UNKNOWN — needs website check; 3 contact(s), no email flag; mid-market size fit",not contacted,,
1189,4,"Pacific Foods of Oregon, LLC",unclassified food/bev mfr,,Tualatin,Oregon,http://www.pacificfoods.com,4.4465744E7,500,Private,Steve Hauke — Vice President Sales,3,0,,"co-man status UNKNOWN — needs website check; 3 contact(s), no email flag; mid-market size fit",not contacted,,
1190,4,Pan Pepin Inc,unclassified food/bev mfr,,Bayamon,Puerto Rico,http://www.panpepin.com,5.0741177E7,500,Private,Luis Santini — Vice President General Manager,3,0,,"co-man status UNKNOWN — needs website check; 3 contact(s), no email flag; mid-market size fit",not contacted,,
1191,4,Pan-O-Gold Baking Co.,unclassified food/bev mfr,,Saint Cloud,Minnesota,http://www.panogold.com,1.2471345E8,1400,Private,Dennis Leisten — Chief Financial Officer,3,0,,"co-man status UNKNOWN — needs website check; 3 contact(s), no email flag; mid-market size fit",not contacted,,
1192,4,"Paradise Tomato Kitchens, Inc.",unclassified food/bev mfr,,Louisville,Kentucky,http://www.paradisetomato.com,2.6104561E7,100,Private,Nate Cosby — Founder,3,0,,"co-man status UNKNOWN — needs website check; 3 contact(s), no email flag; mid-market size fit",not contacted,,
1193,4,Pepsi Beverages Company,unclassified food/bev mfr,,Collierville,Tennessee,http://www.pepsico.com,3.0543491E8,1770,Private,Gregg Roden — Executive Vice President Chief Operations Officer,3,0,,"co-man status UNKNOWN — needs website check; 3 contact(s), no email flag; mid-market size fit",not contacted,,
1194,4,Pepsi Bottling Ventures LLC,unclassified food/bev mfr,,Raleigh,North Carolina,http://www.pepsibottlingventures.com,5.2168732E8,2185,Private,Danielle Vyhnanek — Principal,3,2,,co-man status UNKNOWN — needs website check; 2 email(s) in Hoovers; large,not contacted,,
1195,4,Pepsi-Cola Bottling Company of Central Virginia,unclassified food/bev mfr,,Charlottesville,Virginia,http://www.pepsicva.com,1.1109579E8,370,Private,James Jessup — PRESIDENT,3,0,,"co-man status UNKNOWN — needs website check; 3 contact(s), no email flag; mid-market size fit",not contacted,,
1196,4,"Pepsi-Cola Bottling Company of Hickory, N.C., Inc.",unclassified food/bev mfr,,Hickory,North Carolina,http://www.hickorync.gov,2.1220934E7,370,Private,Michael Wingler — Chief Financial Officer,3,0,,"co-man status UNKNOWN — needs website check; 3 contact(s), no email flag; mid-market size fit",not contacted,,
1197,4,Pepsi-Cola Metropolitan Bottling Company Inc,unclassified food/bev mfr,,Denver,Colorado,,3.1885908E7,500,Private,Sandra Doster — Principal,3,0,,"co-man status UNKNOWN — needs website check; 3 contact(s), no email flag; mid-market size fit",not contacted,,
1198,4,Perdue Farms Incorporated,unclassified food/bev mfr,,Salisbury,Maryland,http://www.perdue.com,1.2367649E9,21050,Private,"James Perdue — Chairman of the Board, Chief Executive Officer",3,2,,co-man status UNKNOWN — needs website check; 2 email(s) in Hoovers; large,not contacted,,
1199,4,Perdue Foods LLC,unclassified food/bev mfr,,Salisbury,Maryland,http://www.perduefoodservice.com,2.6764288E8,483,Private,Michael Sokolow — Senior Vice President,3,0,,"co-man status UNKNOWN — needs website check; 3 contact(s), no email flag; mid-market size fit",not contacted,,
1200,4,"Perfection Bakeries, Inc.",unclassified food/bev mfr,,Fort Wayne,Indiana,http://www.auntmillies.com,4.6270206E8,1600,Private,Jay Miller — Chief Financial Officer,3,0,,"co-man status UNKNOWN — needs website check; 3 contact(s), no email flag; mid-market size fit",not contacted,,
1201,4,Pilgrim's Pride Corporation,unclassified food/bev mfr,,Greeley,Colorado,http://www.pilgrims.com,1.8497553E10,61000,Public,"Fabio Sandri — President, Chief Executive Officer",3,1,,co-man status UNKNOWN — needs website check; 1 email(s) in Hoovers; large,not contacted,,
1202,4,Pinnacle Foods Inc.,unclassified food/bev mfr,,Omaha,Nebraska,http://www.pinnaclefoods.co,5.0110083E8,4900,Private,Mary Denooyer — Executive Vice President,3,2,,co-man status UNKNOWN — needs website check; 2 email(s) in Hoovers; large,not contacted,,
1203,4,"Plumino Precision Fermentation USA, Inc.",unclassified food/bev mfr,,Scott City,Missouri,http://work4plumino.com,3.4479172E7,150,Private,AKINORI Yasuhara — President,3,0,,"co-man status UNKNOWN — needs website check; 3 contact(s), no email flag; mid-market size fit",not contacted,,
1204,4,Polar Corp.,unclassified food/bev mfr,,Worcester,Massachusetts,http://www.polarseltzer.com,4.9911667E8,1000,Private,,3,0,,"co-man status UNKNOWN — needs website check; 3 contact(s), no email flag; mid-market size fit; Northeast",not contacted,,
1205,4,"Poppies International I, Inc.",unclassified food/bev mfr,,Battleboro,North Carolina,http://www.poppiesbakeries.com,2.3073994E7,70,Private,Frans Castelein — President,3,0,,"co-man status UNKNOWN — needs website check; 3 contact(s), no email flag; mid-market size fit",not contacted,,
1206,4,"Poulin Grain, Inc.",unclassified food/bev mfr,,Newport,Vermont,http://www.poulingrain.com,5.2585278E7,130,Private,,1,0,,"co-man status UNKNOWN — needs website check; 1 contact(s), no email flag; mid-market size fit; Northeast",not contacted,,
1207,4,"Prince Agri Products, Inc.",unclassified food/bev mfr,,Teaneck,New Jersey,http://www.pahc.com,1.0891017E8,1500,Private,,3,0,,"co-man status UNKNOWN — needs website check; 3 contact(s), no email flag; mid-market size fit; Northeast",not contacted,,
1208,4,"Promotion In Motion, Inc.",unclassified food/bev mfr,,Park Ridge,New Jersey,http://www.promotioninmotion.com,9.1589378E7,425,Private,,3,0,,"co-man status UNKNOWN — needs website check; 3 contact(s), no email flag; mid-market size fit; Northeast",not contacted,,
1209,4,"Pure's Food Specialties, LLC",unclassified food/bev mfr,,Broadview,Illinois,http://www.puresfood.com,7.0524292E7,1300,Private,David Sekalias — Chief Financial Officer,3,0,,"co-man status UNKNOWN — needs website check; 3 contact(s), no email flag; mid-market size fit",not contacted,,
1210,4,"Purfoods, LLC",unclassified food/bev mfr,,Ankeny,Iowa,http://www.purfoods.com,1.540251E8,517,Private,Michael Anderson — Chief Executive Officer,3,0,,"co-man status UNKNOWN — needs website check; 3 contact(s), no email flag; mid-market size fit",not contacted,,
1211,4,"Purina Mills, LLC",unclassified food/bev mfr,,Saint Louis,Missouri,http://www.purinamills.com,4.32159E8,2300,Private,Heather Lewis — Principal,3,0,,"co-man status UNKNOWN — needs website check; 3 contact(s), no email flag; mid-market size fit",not contacted,,
1212,4,"R. J. Van Drunen & Sons, Inc.",unclassified food/bev mfr,,Momence,Illinois,http://www.vandrunenfarms.com,1.2758039E8,812,Private,Shawn Evers — Chief Operating Officer,3,0,,"co-man status UNKNOWN — needs website check; 3 contact(s), no email flag; mid-market size fit",not contacted,,
1213,4,"R.L. Schreiber, Inc.",unclassified food/bev mfr,,Fort Lauderdale,Florida,http://www.rlschreiber.com,2.2780607E7,100,Private,Tina Michel — Chief Executive Officer,3,0,,"co-man status UNKNOWN — needs website check; 3 contact(s), no email flag; mid-market size fit",not contacted,,
1214,4,"REI Enterprises, LLC",unclassified food/bev mfr,,Rembrandt,Iowa,http://www.rembrandtfoods.com,8.1651741E7,700,Private,Daryl Berg — President,3,0,,"co-man status UNKNOWN — needs website check; 3 contact(s), no email flag; mid-market size fit",not contacted,,
1215,4,"Ready Pac Foods, Inc.",unclassified food/bev mfr,,Irwindale,California,http://www.readypac.com,4.5873691E8,3645,Private,Esthefany Martinez — Founder,3,0,,"co-man status UNKNOWN — needs website check; 3 contact(s), no email flag; mid-market size fit",not contacted,,
1216,4,Reddy Ice LLC,unclassified food/bev mfr,,Dallas,Texas,http://www.reddyice.com,2.9975461E8,1300,Private,Mark Steffek — Principal,3,0,,"co-man status UNKNOWN — needs website check; 3 contact(s), no email flag; mid-market size fit",not contacted,,
1217,4,Reily Foods Company,unclassified food/bev mfr,,New Orleans,Louisiana,http://www.reilyproducts.com,1.6725786E8,650,Private,Rona White — Vice President Human Resources,3,0,,"co-man status UNKNOWN — needs website check; 3 contact(s), no email flag; mid-market size fit",not contacted,,
1218,4,"Riverview, LLP",unclassified food/bev mfr,,Morris,Minnesota,http://www.riverviewllp.com,8.5526733E7,1300,Partnership,Mitch Fehr — Chief Executive Officer,3,0,,"co-man status UNKNOWN — needs website check; 3 contact(s), no email flag; mid-market size fit",not contacted,,
1219,4,Riviana Foods Inc.,unclassified food/bev mfr,,Houston,Texas,http://www.riviana.com,3.4560461E8,2752,Private,Enrique Zaragoza — President Ceo,3,0,,"co-man status UNKNOWN — needs website check; 3 contact(s), no email flag; mid-market size fit",not contacted,,
1220,4,"Robertet Flavors, Inc.",unclassified food/bev mfr,,Piscataway,New Jersey,http://www.robertetflavors.com,4.7458115E7,180,Private,,1,0,,"co-man status UNKNOWN — needs website check; 1 contact(s), no email flag; mid-market size fit; Northeast",not contacted,,
1221,4,"Roquette America, Inc.",unclassified food/bev mfr,,Keokuk,Iowa,http://www.roquette.com,1.8859221E8,575,Private,Cedric Garrigues — Chief Financial Officer,3,0,,"co-man status UNKNOWN — needs website check; 3 contact(s), no email flag; mid-market size fit",not contacted,,
1222,4,"Rosen's Diversified, Inc.",unclassified food/bev mfr,,Fairmont,Minnesota,http://www.rosensdiversifiedinc.com,1.9254755E9,8000,Private,Thomas Rosen — Chief Executive Officer,3,2,,co-man status UNKNOWN — needs website check; 2 email(s) in Hoovers; large,not contacted,,
1223,4,"Roskam Baking Company, LLC",unclassified food/bev mfr,,Grand Rapids,Michigan,http://www.roskamfoods.com,2.8096545E8,1627,Private,Andre Lebaron — Chief Executive Officer,3,0,,"co-man status UNKNOWN — needs website check; 3 contact(s), no email flag; mid-market size fit",not contacted,,
1224,4,"Rotella's Italian Bakery, Inc.",unclassified food/bev mfr,,La Vista,Nebraska,http://www.rotellasbakery.com,9.5845589E7,470,Private,Bradley Costanzo — Chief Financial Officer,3,0,,"co-man status UNKNOWN — needs website check; 3 contact(s), no email flag; mid-market size fit",not contacted,,
1225,4,"Rudolph Foods Company, Inc.",unclassified food/bev mfr,,Lima,Ohio,http://www.rudolphfoods.com,1.3110315E8,400,Private,Mike Harper — Vice President Finance And Cfo,3,0,,"co-man status UNKNOWN — needs website check; 3 contact(s), no email flag; mid-market size fit",not contacted,,
1226,4,"S. & D. Coffee, Inc.",unclassified food/bev mfr,,Concord,North Carolina,http://westrockcoffee.com,4.095694E8,1100,Private,Joseph Campbell — Senior Vice President Operations,3,0,,"co-man status UNKNOWN — needs website check; 3 contact(s), no email flag; mid-market size fit",not contacted,,
1227,4,"SECHLER FAMILY FOODS, INC.",unclassified food/bev mfr,,Fredericksburg,Pennsylvania,http://www.bellandevans.com,1.77405E8,1050,Private,Mark Blazek — Principal,3,0,,"co-man status UNKNOWN — needs website check; 3 contact(s), no email flag; mid-market size fit",not contacted,,
1228,4,"SFC Global Supply Chain, Inc.",unclassified food/bev mfr,,Marshall,Minnesota,http://www.schwanscompany.com,5.7259387E8,4670,Private,John Connell — Vice President Finance,3,1,,co-man status UNKNOWN — needs website check; 1 email(s) in Hoovers; large,not contacted,,
1229,4,"Sager Creek Foods, Inc.",unclassified food/bev mfr,,Walnut Creek,California,,2.3195728E7,700,Private,Chris Kiser — Chief Executive Officer,3,0,,"co-man status UNKNOWN — needs website check; 3 contact(s), no email flag; mid-market size fit",not contacted,,
1230,4,"Salm Partners, LLC",unclassified food/bev mfr,,Denmark,Wisconsin,http://www.salmpartners.com,5.0392258E7,300,Private,Keith Lindsey — President,3,0,,"co-man status UNKNOWN — needs website check; 3 contact(s), no email flag; mid-market size fit",not contacted,,
1231,4,Santa Monica Seafood Company,unclassified food/bev mfr,,Rancho Dominguez,California,http://www.santamonicaseafood.com,1.4203926E8,750,Private,Roger O'brien — Chief Executive Officer,3,0,,"co-man status UNKNOWN — needs website check; 3 contact(s), no email flag; mid-market size fit",not contacted,,
1232,4,Sargento Foods Inc.,unclassified food/bev mfr,,Plymouth,Wisconsin,http://www.sargento.com,3.8997733E8,2100,Private,Sheila Thiel — Business Process Owner Offer To Cash,3,0,,"co-man status UNKNOWN — needs website check; 3 contact(s), no email flag; mid-market size fit",not contacted,,
1233,4,Sartori Company,unclassified food/bev mfr,,Plymouth,Wisconsin,http://www.sartoricheese.com,1.552757E8,657,Private,Mark Schwechel — chief financial officer controller,3,0,,"co-man status UNKNOWN — needs website check; 3 contact(s), no email flag; mid-market size fit",not contacted,,
1234,4,Sartori Nutrition Company,unclassified food/bev mfr,,Willows,California,http://www.rumianocheese.com,2.2491262E7,150,Private,Joe Baird — Chief Executive Officer,3,0,,"co-man status UNKNOWN — needs website check; 3 contact(s), no email flag; mid-market size fit",not contacted,,
1235,4,"Sauer Brands, Inc.",unclassified food/bev mfr,,Richmond,Virginia,http://www.sauers.com,5.9599109E8,860,Private,Tom Lee Csto — Principal,3,0,,"co-man status UNKNOWN — needs website check; 3 contact(s), no email flag; mid-market size fit",not contacted,,
1236,4,"Schreiber Foods, Inc.",unclassified food/bev mfr,,Green Bay,Wisconsin,http://www.schreiberfoods.com,1.682358E9,5500,Private,"Ron Dunford — President, Chief Executive Officer",3,1,,co-man status UNKNOWN — needs website check; 1 email(s) in Hoovers; large,not contacted,,
1237,4,"Schwabe North America, Incorporated",unclassified food/bev mfr,,Green Bay,Wisconsin,http://www.naturesway.com,9.07435E7,902,Private,Mike Devereux — CHIEF EXECUTIVE OFFICER,3,0,,"co-man status UNKNOWN — needs website check; 3 contact(s), no email flag; mid-market size fit",not contacted,,
1238,4,Schwan's Company,unclassified food/bev mfr,,Marshall,Minnesota,http://www.schwanscompany.com,2.0361536E9,14570,Private,"Gregory Flack — President, Chief Executive Officer, Chief Operating Officer",3,1,,co-man status UNKNOWN — needs website check; 1 email(s) in Hoovers; large,not contacted,,
1239,4,Schwebel Baking Company,unclassified food/bev mfr,,Youngstown,Ohio,http://www.schwebels.com,7.1652946E7,1290,Private,Steve Cooper — President Chief Executive Officer,3,0,,"co-man status UNKNOWN — needs website check; 3 contact(s), no email flag; mid-market size fit",not contacted,,
1240,4,"See's Candies, Inc.",unclassified food/bev mfr,,San Francisco,California,http://www.sees.com,8.0953423E7,2500,Private,Courtney Cohen — Senior Vice President Sales And Customer Experience,3,0,,"co-man status UNKNOWN — needs website check; 3 contact(s), no email flag; mid-market size fit",not contacted,,
1241,4,Sierra Nevada Brewing Co.,unclassified food/bev mfr,,Chico,California,http://www.sierranevada.com,3.0E8,1100,Private,Pryce Greenow — President Chief Executive Officer,3,0,,"co-man status UNKNOWN — needs website check; 3 contact(s), no email flag; mid-market size fit",not contacted,,
1242,4,"Simmons Prepared Foods, Inc.",unclassified food/bev mfr,,Siloam Springs,Arkansas,http://www.simmonspreparedfoods.com,4.8241074E8,3863,Private,Johnny Bullington — President,3,0,,"co-man status UNKNOWN — needs website check; 3 contact(s), no email flag; mid-market size fit",not contacted,,
1243,4,"Simply Delicious, Inc.",unclassified food/bev mfr,,Loveland,Colorado,http://www.eatbobos.com,6.8961296E7,550,Private,Tj McIntyre — Chief Executive Officer,3,0,,"co-man status UNKNOWN — needs website check; 3 contact(s), no email flag; mid-market size fit",not contacted,,
1244,4,"So-Pak-Co, Inc.",unclassified food/bev mfr,,Mullins,South Carolina,http://www.sopakco.com,1.143484E8,600,Private,David Dubose — Vice President,3,0,,"co-man status UNKNOWN — needs website check; 3 contact(s), no email flag; mid-market size fit",not contacted,,
1245,4,"Solae, LLC",unclassified food/bev mfr,,Saint Louis,Missouri,,4.5883255E8,1600,Private,Mindi McKibbin — Principal Scientist Beverage Innovation,3,0,,"co-man status UNKNOWN — needs website check; 3 contact(s), no email flag; mid-market size fit",not contacted,,
1246,4,"Southeast Milk, Inc.",unclassified food/bev mfr,,Belleview,Florida,http://www.southeastmilk.org,4.1632282E7,109,Nonprofit,JOE WRIGHT — President,3,0,,"co-man status UNKNOWN — needs website check; 3 contact(s), no email flag; mid-market size fit",not contacted,,
1247,4,"Southern Classic Food Group, LLC",unclassified food/bev mfr,,Brundidge,Alabama,http://www.southernclassicfood.com,3.8392445E7,187,Private,Ash Reddy — Chief Executive Officer,3,0,,"co-man status UNKNOWN — needs website check; 3 contact(s), no email flag; mid-market size fit",not contacted,,
1248,4,"Southern Glazer's Wine and Spirits of Texas, LLC",unclassified food/bev mfr,,Farmers Branch,Texas,http://www.glazers.com,3.6837558E8,6000,Private,Matt Metz — President Central Region,3,0,,"co-man status UNKNOWN — needs website check; 3 contact(s), no email flag; mid-market size fit",not contacted,,
1249,4,Southern Minnesota Beet Sugar Cooperative,unclassified food/bev mfr,,Renville,Minnesota,http://www.smbsc.com,9.2527092E7,610,Nonprofit,Luke Rust — Chief Operating Officer,3,0,,"co-man status UNKNOWN — needs website check; 3 contact(s), no email flag; mid-market size fit",not contacted,,
1250,4,"Southwest Iowa Renewable Energy, LLC",unclassified food/bev mfr,,Council Bluffs,Iowa,http://www.sireethanol.com,3.87125E8,60,Public,"Michael Jerke — President, Chief Executive Officer, General Manager",3,0,,"co-man status UNKNOWN — needs website check; 3 contact(s), no email flag; mid-market size fit",not contacted,,
1251,4,Spice Chain Corporation,unclassified food/bev mfr,,East Brunswick,New Jersey,http://www.spicechain.com,2.2189938E7,175,Private,,3,0,,"co-man status UNKNOWN — needs website check; 3 contact(s), no email flag; mid-market size fit; Northeast",not contacted,,
1252,4,"Stahlbush Island Farms, Inc.",unclassified food/bev mfr,,Corvallis,Oregon,http://www.stahlbush.com,8.151432E7,1000,Private,William Chambers — President,3,0,,"co-man status UNKNOWN — needs website check; 3 contact(s), no email flag; mid-market size fit",not contacted,,
1253,4,"Stampede Culinary Partners, Inc.",unclassified food/bev mfr,,Bridgeview,Illinois,http://www.stampedeculinarypartners.com,2.3418129E8,800,Private,Vito Tamburello — Chief Financial Officer,3,0,,"co-man status UNKNOWN — needs website check; 3 contact(s), no email flag; mid-market size fit",not contacted,,
1254,4,"Star Kay White, Inc.",unclassified food/bev mfr,,Congers,New York,http://www.starkaywhite.com,3.3645153E7,65,Private,,1,0,,"co-man status UNKNOWN — needs website check; 1 contact(s), no email flag; mid-market size fit; Northeast",not contacted,,
1255,4,Stateside Brands LLC,unclassified food/bev mfr,,Philadelphia,Pennsylvania,http://www.statesidevodka.com,6.8938385E7,279,Private,Matthew Quigley — President,3,0,,"co-man status UNKNOWN — needs website check; 3 contact(s), no email flag; mid-market size fit",not contacted,,
1256,4,"Stewart & Jasper Marketing, Inc.",unclassified food/bev mfr,,Newman,California,http://www.stewartandjasper.com,2.4950874E7,350,Private,Jason Jasper — Vice President,3,0,,"co-man status UNKNOWN — needs website check; 3 contact(s), no email flag; mid-market size fit",not contacted,,
1257,4,Stratas Foods LLC,unclassified food/bev mfr,,Cordova,Tennessee,http://www.stratasfoods.com,5.4477502E8,1000,Private,Gary Harmon — President,3,0,,"co-man status UNKNOWN — needs website check; 3 contact(s), no email flag; mid-market size fit",not contacted,,
1258,4,Sugar Creek Packing Co.,unclassified food/bev mfr,,Washington Court House,Ohio,http://www.sugarcreek.com,7.0E8,2055,Private,Michael Richardson — Chief Executive Officer,3,3,,co-man status UNKNOWN — needs website check; 3 email(s) in Hoovers; large,not contacted,,
1259,4,"Summit Hill Foods, Inc.",unclassified food/bev mfr,,Rome,Georgia,http://www.shfoods.com,8.5325409E7,215,Private,Peter Hjort — Chief Executive Officer,3,0,,"co-man status UNKNOWN — needs website check; 3 contact(s), no email flag; mid-market size fit",not contacted,,
1260,4,"Sun Basket, Inc.",unclassified food/bev mfr,,San Francisco,California,http://www.sunbasket.com,8.8522705E7,435,Private,Brady Onishi — Chief Financial Officer,3,0,,"co-man status UNKNOWN — needs website check; 3 contact(s), no email flag; mid-market size fit",not contacted,,
1261,4,"Sunrise Growers, Inc.",unclassified food/bev mfr,,Minneapolis,Minnesota,http://www.naturestouchfrozenfoods.com,3.6526173E7,350,Private,Joe McCarthy — Vice President,3,0,,"co-man status UNKNOWN — needs website check; 3 contact(s), no email flag; mid-market size fit",not contacted,,
1262,4,Sunsweet Growers Inc.,unclassified food/bev mfr,,Yuba City,California,http://www.sunsweet.com,4.0119379E8,700,Private,Brad Schuler — President,3,0,,"co-man status UNKNOWN — needs website check; 3 contact(s), no email flag; mid-market size fit",not contacted,,
1263,4,Suntory Global Spirits Inc.,unclassified food/bev mfr,,New York,New York,http://www.beamsuntory.com,3.9125059E9,3400,Private,,3,3,,co-man status UNKNOWN — needs website check; 3 email(s) in Hoovers; large; Northeast,not contacted,,
1264,4,"Sutter Home Winery, Inc.",unclassified food/bev mfr,,Saint Helena,California,http://www.sutterhome.com,1.8810712E8,625,Private,Bob Torkelson — Chief Executive Officer,3,0,,"co-man status UNKNOWN — needs website check; 3 contact(s), no email flag; mid-market size fit",not contacted,,
1265,4,"Sweet Street Desserts, Inc.",unclassified food/bev mfr,,Reading,Pennsylvania,http://www.sweetstreet.com,1.0268609E8,700,Private,Bill Orban — Vice President Finance,3,0,,"co-man status UNKNOWN — needs website check; 3 contact(s), no email flag; mid-market size fit",not contacted,,
1266,4,TC Heartland LLC,unclassified food/bev mfr,,Carmel,Indiana,http://www.heartlandfpg.com,2.8890475E8,1046,Private,Teodor Gelov — Chief Executive Officer,3,0,,"co-man status UNKNOWN — needs website check; 3 contact(s), no email flag; mid-market size fit",not contacted,,
1267,4,"TTF SUB WI, INC.",unclassified food/bev mfr,,Glenview,Illinois,http://www.klements.com,3.0060879E7,355,Private,Tom Klement — Chief Financial Officer,3,0,,"co-man status UNKNOWN — needs website check; 3 contact(s), no email flag; mid-market size fit",not contacted,,
1268,4,"TYSON FRESH MEATS, INC.",unclassified food/bev mfr,,Springdale,Arkansas,http://www.tysonfreshmeats.com,2.5216082E9,41000,Private,Steve Bobo — Principal,3,2,,co-man status UNKNOWN — needs website check; 2 email(s) in Hoovers; large,not contacted,,
1269,4,"Talking Rain Beverage Company, Inc.",unclassified food/bev mfr,,Preston,Washington,http://www.talkingrain.com,1.6430634E8,565,Private,Ken Sylvia — Chief Executive Officer,3,0,,"co-man status UNKNOWN — needs website check; 3 contact(s), no email flag; mid-market size fit",not contacted,,
1270,4,"Taylor Farms Florida, Inc.",unclassified food/bev mfr,,Orlando,Florida,http://www.taylorfarms.com,4.0552738E7,480,Private,Bruce Taylor — Chief Executive Officer,3,0,,"co-man status UNKNOWN — needs website check; 3 contact(s), no email flag; mid-market size fit",not contacted,,
1271,4,Tecumseh Poultry LLC,unclassified food/bev mfr,,Waverly,Nebraska,http://www.smartchicken.com,3.9600311E7,303,Private,Scott Pavel — Vice President Of Sales Marketing,3,0,,"co-man status UNKNOWN — needs website check; 3 contact(s), no email flag; mid-market size fit",not contacted,,
1272,4,The American Bottling Company,unclassified food/bev mfr,,Frisco,Texas,http://www.keurigdrpepper.com,3.5972675E8,12500,Private,Jin Faller — Principal Sensory Scientist,3,0,,"co-man status UNKNOWN — needs website check; 3 contact(s), no email flag; mid-market size fit",not contacted,,
1273,4,"The Bama Companies, Inc.",unclassified food/bev mfr,,Tulsa,Oklahoma,http://www.bama.com,1.1837959E8,1150,Private,Paula Marshall — Chief Executive Officer,3,0,,"co-man status UNKNOWN — needs website check; 3 contact(s), no email flag; mid-market size fit",not contacted,,
1274,4,"The Boston Beer Company, Inc.",unclassified food/bev mfr,,Boston,Massachusetts,http://www.bostonbeer.com,1.964994E9,2736,Public,,3,3,,co-man status UNKNOWN — needs website check; 3 email(s) in Hoovers; large; Northeast,not contacted,,
1275,4,The Coca-Cola Company,unclassified food/bev mfr,,Atlanta,Georgia,http://www.coca-colacompany.com,4.7941E10,69900,Public,Henrique Braun — Chief Executive Officer,3,1,,co-man status UNKNOWN — needs website check; 1 email(s) in Hoovers; large,not contacted,,
1276,4,The ICEE Company,unclassified food/bev mfr,,La Vergne,Tennessee,http://www.icee.com,4.9345001E8,700,Private,Miguel O — Founder,3,0,,"co-man status UNKNOWN — needs website check; 3 contact(s), no email flag; mid-market size fit",not contacted,,
1277,4,The Laredo Coca-Cola Bottling Company,unclassified food/bev mfr,,Laredo,Texas,http://www.cocacolaswb.com,2.3543083E7,399,Private,Danny Trimmer — Vice President General Manager,2,0,,"co-man status UNKNOWN — needs website check; 2 contact(s), no email flag; mid-market size fit",not contacted,,
1278,4,"The Louisiana Coca-Cola Bottling Company, Ltd.",unclassified food/bev mfr,,New Orleans,Louisiana,http://www.cocacolaunited.com,2.7262894E7,1700,Private,Rona White — Vice President Human Resources,3,0,,"co-man status UNKNOWN — needs website check; 3 contact(s), no email flag; mid-market size fit",not contacted,,
1279,4,The Odom Corporation,unclassified food/bev mfr,,Bellevue,Washington,http://www.odomcorp.com,4.4017703E8,1500,Private,John Steinman — Chief Financial Officer,3,0,,"co-man status UNKNOWN — needs website check; 3 contact(s), no email flag; mid-market size fit",not contacted,,
1280,4,Tillamook County Creamery Association,unclassified food/bev mfr,,Tillamook,Oregon,http://www.tillamook.com,1.8267276E8,1103,Private,Linda Pearce — Executive Vice President And Chief Financial Officer,3,0,,"co-man status UNKNOWN — needs website check; 3 contact(s), no email flag; mid-market size fit",not contacted,,
1281,4,"Tip Top Poultry, Inc.",unclassified food/bev mfr,,Marietta,Georgia,http://www.tiptoppoultry.com,1.2480164E8,1500,Private,Brad Respess — President And Ceo,3,0,,"co-man status UNKNOWN — needs website check; 3 contact(s), no email flag; mid-market size fit",not contacted,,
1282,4,Tony Downs Foods Co.,unclassified food/bev mfr,,Madelia,Minnesota,http://www.downsfoodgroup.com,9.9145287E7,350,Private,Dick Downs — Chief Executive Officer,3,0,,"co-man status UNKNOWN — needs website check; 3 contact(s), no email flag; mid-market size fit",not contacted,,
1283,4,"Tootsie Roll Industries, Inc.",unclassified food/bev mfr,,Chicago,Illinois,http://www.tootsie.com,7.3252399E8,2100,Public,"Ellen Gordon — Chairman of the Board, Chief Executive Officer",3,1,,co-man status UNKNOWN — needs website check; 1 email(s) in Hoovers; large,not contacted,,
1284,4,"Toufayan Bakery of Plant City, Inc.",unclassified food/bev mfr,,Plant City,Florida,http://www.toufayan.com,2.1906244E7,87,Private,Harry Toufayan — President,3,0,,"co-man status UNKNOWN — needs website check; 3 contact(s), no email flag; mid-market size fit",not contacted,,
1285,4,"Transhumance Holding Company, Inc.",unclassified food/bev mfr,,Sacramento,California,,8.5419518E7,400,Private,Seth Robinson — Chief Financial Officer,3,0,,"co-man status UNKNOWN — needs website check; 3 contact(s), no email flag; mid-market size fit",not contacted,,
1286,4,Treasury Wine Estates Americas Company,unclassified food/bev mfr,,Napa,California,http://www.treasurywineestates.com,4.984321E8,1300,Private,Tim Ford — Chief Executive Officer,3,0,,"co-man status UNKNOWN — needs website check; 3 contact(s), no email flag; mid-market size fit",not contacted,,
1287,4,"Tree Top, Inc.",unclassified food/bev mfr,,Selah,Washington,http://www.treetop.com,3.2677515E8,1100,Private,Jacki Fischer — Chief Financial Officer,3,0,,"co-man status UNKNOWN — needs website check; 3 contact(s), no email flag; mid-market size fit",not contacted,,
1288,4,"TreeHouse Private Brands, Inc.",unclassified food/bev mfr,,Oak Brook,Illinois,http://treehousefoods2023rb.q4web.com,2.5662356E9,5880,Private,Kristy Waterman — Executive Vice President,3,3,,co-man status UNKNOWN — needs website check; 3 email(s) in Hoovers; large,not contacted,,
1289,4,Trident Seafoods Corporation,unclassified food/bev mfr,,Seattle,Washington,http://www.tridentseafoods.com,1.8519448E9,9000,Private,Terry Sabol — Chief Financial Officer,3,3,,co-man status UNKNOWN — needs website check; 3 email(s) in Hoovers; large,not contacted,,
1290,4,"Triumph Foods, LLC",unclassified food/bev mfr,,Saint Joseph,Missouri,http://www.triumphfoods.com,9.0389877E7,2800,Private,Josh Kleinlein — Chief Financial Officer,3,0,,"co-man status UNKNOWN — needs website check; 3 contact(s), no email flag; mid-market size fit",not contacted,,
1291,4,Turkey Hill LLC,unclassified food/bev mfr,,Conestoga,Pennsylvania,http://www.turkeyhill.com,2.6574576000000003E8,900,Partnership,Tim Hopkins — Chief Executive Officer,3,0,,"co-man status UNKNOWN — needs website check; 3 contact(s), no email flag; mid-market size fit",not contacted,,
1292,4,"Twin City Foods, Inc.",unclassified food/bev mfr,,Stanwood,Washington,http://www.twincityfoods.com,2.2516809E8,800,Private,Lynn Erskine — Chief Financial Officer,3,0,,"co-man status UNKNOWN — needs website check; 3 contact(s), no email flag; mid-market size fit",not contacted,,
1293,4,"Tyson Foods, Inc.",unclassified food/bev mfr,,Springdale,Arkansas,http://www.tysonfoods.com,5.4441E10,133000,Public,"Donnie King — President, Chief Executive Officer, Director",3,1,,co-man status UNKNOWN — needs website check; 1 email(s) in Hoovers; large,not contacted,,
1294,4,"United Animal Health, Inc.",unclassified food/bev mfr,,Sheridan,Indiana,http://www.jbsunited.com,7.8602081E7,539,Private,Trent Torrance — Chief Operating Officer,3,0,,"co-man status UNKNOWN — needs website check; 3 contact(s), no email flag; mid-market size fit",not contacted,,
1295,4,"United Dairy, Inc.",unclassified food/bev mfr,,Martins Ferry,Ohio,http://www.drinkunited.com,8.0920715E7,650,Private,James Carson — Vice President Of Sales And Marketing,3,0,,"co-man status UNKNOWN — needs website check; 3 contact(s), no email flag; mid-market size fit",not contacted,,
1296,4,United Dairymen of Arizona,unclassified food/bev mfr,,Tempe,Arizona,http://www.uda.coop,8.2706741E7,502,Nonprofit,Paul Rovey — PRESIDENT,3,0,,"co-man status UNKNOWN — needs website check; 3 contact(s), no email flag; mid-market size fit",not contacted,,
1297,4,United General Bakery Inc.,unclassified food/bev mfr,,Mesa,Arizona,http://www.ucbakery.com,2.6415268E7,400,Private,Frank Alexander — Vice President,3,0,,"co-man status UNKNOWN — needs website check; 3 contact(s), no email flag; mid-market size fit",not contacted,,
1298,4,"Valley Proteins (DE), LLC",unclassified food/bev mfr,,Winchester,Virginia,http://www.darlingii.com,4.7850693E8,1933,Private,Tina Brown — Principal,3,0,,"co-man status UNKNOWN — needs website check; 3 contact(s), no email flag; mid-market size fit",not contacted,,
1299,4,"Vegetable Juices, LLC",unclassified food/bev mfr,,Bedford Park,Illinois,http://www.vegetablejuices.com,2.2332413E7,90,Private,Mark Witowski — Vice President National Sales,3,0,,"co-man status UNKNOWN — needs website check; 3 contact(s), no email flag; mid-market size fit",not contacted,,
1300,4,"Vista International Packaging, LLC",unclassified food/bev mfr,,Kenosha,Wisconsin,,2.3079205E7,120,Private,Paul Schulz — Vice President,3,0,,"co-man status UNKNOWN — needs website check; 3 contact(s), no email flag; mid-market size fit",not contacted,,
1301,4,"Vita Food Products, Inc.",unclassified food/bev mfr,,Chicago,Illinois,http://www.vitafoodproducts.com,2.0703218E7,130,Private,Clifford Bolen — President And Chief Executive Officer,3,0,,"co-man status UNKNOWN — needs website check; 3 contact(s), no email flag; mid-market size fit",not contacted,,
1302,4,WK Kellogg Co,unclassified food/bev mfr,,Battle Creek,Michigan,http://www.wkkf.org,2.708E9,3280,Private,Avery Knoll — President,3,3,,co-man status UNKNOWN — needs website check; 3 email(s) in Hoovers; large,not contacted,,
1303,4,"WM. B. Reily & Company, Inc.",unclassified food/bev mfr,,New Orleans,Louisiana,http://www.reilyproducts.com,3.58534E8,1454,Private,W Reily — Chief Executive Officer,3,0,,"co-man status UNKNOWN — needs website check; 3 contact(s), no email flag; mid-market size fit",not contacted,,
1304,4,"WM. Bolthouse Farms, Inc.",unclassified food/bev mfr,,Bakersfield,California,http://www.bolthouse.com,4.6932333E8,2775,Private,Ryan Cassil — Chief Financial Officer,3,0,,"co-man status UNKNOWN — needs website check; 3 contact(s), no email flag; mid-market size fit",not contacted,,
1305,4,"Watkins Holdings, LLC",unclassified food/bev mfr,,Winona,Minnesota,http://www.watkins1868.com,4.3159992E7,260,Private,John Rigley — Chief Executive Officer,3,0,,"co-man status UNKNOWN — needs website check; 3 contact(s), no email flag; mid-market size fit",not contacted,,
1306,4,Wawona Frozen Foods,unclassified food/bev mfr,,Clovis,California,http://www.wawona.com,4.1953503E8,2200,Private,Pierette Reid — Principal,3,0,,"co-man status UNKNOWN — needs website check; 3 contact(s), no email flag; mid-market size fit",not contacted,,
1307,4,"Wells Enterprises, Inc.",unclassified food/bev mfr,,Le Mars,Iowa,http://www.wellsenterprisesinc.com,3.4231207E8,2800,Private,Andrew Black — Co Owner,3,0,,"co-man status UNKNOWN — needs website check; 3 contact(s), no email flag; mid-market size fit",not contacted,,
1308,4,Weston Foods US Holdings LLC,unclassified food/bev mfr,,Brownsburg,Indiana,,2.2125345E7,2424,Private,Robert Goold — Vice President Of Operations,3,0,,"co-man status UNKNOWN — needs website check; 3 contact(s), no email flag; mid-market size fit",not contacted,,
1309,4,Westrock Coffee Company,unclassified food/bev mfr,,Little Rock,Arkansas,http://www.westrockcoffee.com,1.188952E9,1393,Public,"Joe Ford — Chairman of the Board, Co-Founder",3,0,,"co-man status UNKNOWN — needs website check; 3 contact(s), no email flag; mid-market size fit",not contacted,,
1310,4,"Westward Seafoods, Inc.",unclassified food/bev mfr,,Bellevue,Washington,http://www.westwardseafoods.com,7.6926735E7,204,Private,Mark Johahnson — Vice President Accounting,3,0,,"co-man status UNKNOWN — needs website check; 3 contact(s), no email flag; mid-market size fit",not contacted,,
1311,4,"Whitfield Foods, Inc.",unclassified food/bev mfr,,Montgomery,Alabama,http://www.fillandrefill.com,2.4686621E7,125,Private,Kenneth Love Chp — Principal,3,0,,"co-man status UNKNOWN — needs website check; 3 contact(s), no email flag; mid-market size fit",not contacted,,
1312,4,"Wholestone Farms Cooperative, Inc.",unclassified food/bev mfr,,Fremont,Nebraska,http://www.wholestonefarms.com,5.0E8,1500,Private,Kevin Still — Chief Executive Officer,3,0,,"co-man status UNKNOWN — needs website check; 3 contact(s), no email flag; mid-market size fit",not contacted,,
1313,4,"Wild Flavors, Inc.",unclassified food/bev mfr,,Erlanger,Kentucky,http://www.adm.com,2.7834808E8,450,Private,Darus Detherage — Principal,3,0,,"co-man status UNKNOWN — needs website check; 3 contact(s), no email flag; mid-market size fit",not contacted,,
1314,4,"Willamette Valley Vineyards, Inc.",unclassified food/bev mfr,,Turner,Oregon,http://www.wvv.com,3.7197121E7,299,Public,Michael Osborn — Chief Executive Officer,3,0,,"co-man status UNKNOWN — needs website check; 3 contact(s), no email flag; mid-market size fit",not contacted,,
1315,4,"Wilson Creek Winery & Vineyards, Inc.",unclassified food/bev mfr,,Temecula,California,http://www.wilsoncreekwinery.com,2.419241E7,110,Private,Craig Johns — Chief Financial Officer,3,0,,"co-man status UNKNOWN — needs website check; 3 contact(s), no email flag; mid-market size fit",not contacted,,
1316,4,"Winland Foods, Inc.",unclassified food/bev mfr,,Oak Brook,Illinois,http://www.winlandfoods.com,6.8608649E8,2621,Private,David Barta — Chief Financial Officer,3,1,,co-man status UNKNOWN — needs website check; 1 email(s) in Hoovers; large,not contacted,,
1317,4,"Wis - Pak, Inc.",unclassified food/bev mfr,,Watertown,Wisconsin,http://www.wis-pak.com,2.3846411E8,700,Private,Gina Raine — Chief Financial Officer,3,0,,"co-man status UNKNOWN — needs website check; 3 contact(s), no email flag; mid-market size fit",not contacted,,
1318,4,"Wise Foods, Inc.",unclassified food/bev mfr,,Berwick,Pennsylvania,http://www.wisesnacks.com,2.9792722E8,906,Private,Gerald Montanino — Independent Business Owner,3,0,,"co-man status UNKNOWN — needs website check; 3 contact(s), no email flag; mid-market size fit",not contacted,,
1319,4,"Wrigley Manufacturing Company, LLC",unclassified food/bev mfr,,Chicago,Illinois,http://www.mars.com,9.1975433E7,2000,Private,Igor Saveliev — Principal,3,0,,"co-man status UNKNOWN — needs website check; 3 contact(s), no email flag; mid-market size fit",not contacted,,
1320,4,Zausner Foods Corp.,unclassified food/bev mfr,,New Holland,Pennsylvania,http://www.afpllc.com,3.5380609E8,800,Private,Desigalony Olivea — Chief Financial Officer,3,0,,"co-man status UNKNOWN — needs website check; 3 contact(s), no email flag; mid-market size fit",not contacted,,
1321,4,"Zentis North America, LLC",unclassified food/bev mfr,,Philadelphia,Pennsylvania,http://www.zentis.de,8.7637917E7,300,Private,Nico Stobinski — President Ceo,3,0,,"co-man status UNKNOWN — needs website check; 3 contact(s), no email flag; mid-market size fit",not contacted,,
1322,3,"10 Barrel Brewing, LLC",unclassified food/bev mfr,,Bend,Oregon,http://www.10barrel.com,2.7993692E7,250,Private,,3,0,,"co-man status UNKNOWN — needs website check; 3 contact(s), no email flag; mid-market size fit",not contacted,,
1323,3,"AB-Tex Beverage, Ltd.",unclassified food/bev mfr,,Abilene,Texas,http://www.mypages.com,2.3679108E7,450,Partnership,,1,0,,"co-man status UNKNOWN — needs website check; 1 contact(s), no email flag; mid-market size fit",not contacted,,
1324,3,AFP Advanced Food Products LLC,unclassified food/bev mfr,,New Holland,Pennsylvania,http://www.afpllc.com,1.7543039E8,600,Private,,3,0,,"co-man status UNKNOWN — needs website check; 3 contact(s), no email flag; mid-market size fit",not contacted,,
1325,3,"Abarta, Inc.",unclassified food/bev mfr,,Pittsburgh,Pennsylvania,http://www.abarta.com,9.4627502E7,1800,Private,,1,0,,"co-man status UNKNOWN — needs website check; 1 contact(s), no email flag; mid-market size fit",not contacted,,
1326,3,"Advance Food Company, LLC",unclassified food/bev mfr,,Enid,Oklahoma,,5.5236355E7,653,Private,,3,0,,"co-man status UNKNOWN — needs website check; 3 contact(s), no email flag; mid-market size fit",not contacted,,
1327,3,"Agrana Fruit US, Inc.",unclassified food/bev mfr,,Brecksville,Ohio,http://us.agrana.com,2.3654213E8,246,Private,,1,0,,"co-man status UNKNOWN — needs website check; 1 contact(s), no email flag; mid-market size fit",not contacted,,
1328,3,Algood Food Company,unclassified food/bev mfr,,Louisville,Kentucky,http://www.algoodfood.com,9.9037163E7,350,Private,,1,0,,"co-man status UNKNOWN — needs website check; 1 contact(s), no email flag; mid-market size fit",not contacted,,
1329,3,"Alpha Baking Co., Inc.",unclassified food/bev mfr,,Chicago,Illinois,http://www.alphabaking.com,3.2359067E8,1000,Private,,1,0,,"co-man status UNKNOWN — needs website check; 1 contact(s), no email flag; mid-market size fit",not contacted,,
1330,3,"America's Catch, Inc.",unclassified food/bev mfr,,Itta Bena,Mississippi,http://www.catfish.com,2.3512796E7,375,Private,,1,0,,"co-man status UNKNOWN — needs website check; 1 contact(s), no email flag; mid-market size fit",not contacted,,
1331,3,"American Blanching Company, LLC",unclassified food/bev mfr,,Fitzgerald,Georgia,http://www.8ave.com,2.6041279E7,450,Private,,1,0,,"co-man status UNKNOWN — needs website check; 1 contact(s), no email flag; mid-market size fit",not contacted,,
1332,3,"Amick Farms, LLC",unclassified food/bev mfr,,Batesburg,South Carolina,http://www.amickfarms.com,4.6112125E8,1500,Private,,3,0,,"co-man status UNKNOWN — needs website check; 3 contact(s), no email flag; mid-market size fit",not contacted,,
1333,3,"Anheuser-Busch Companies, LLC",unclassified food/bev mfr,,Saint Louis,Missouri,http://www.anheuser-busch.com,3.9092039E9,30849,Private,,3,3,,co-man status UNKNOWN — needs website check; 3 email(s) in Hoovers; large,not contacted,,
1334,3,"Aspen Enterprises, Ltd.",unclassified food/bev mfr,,San Antonio,Texas,http://www.finlays.net,2.3951281E7,112,Partnership,,3,0,,"co-man status UNKNOWN — needs website check; 3 contact(s), no email flag; mid-market size fit",not contacted,,
1335,3,Aspire Bakeries LLC,unclassified food/bev mfr,,Los Angeles,California,http://www.aspirebakeries.com,2.5250284E8,4000,Private,,3,0,,"co-man status UNKNOWN — needs website check; 3 contact(s), no email flag; mid-market size fit",not contacted,,
1336,3,"B&G Foods, Inc.",unclassified food/bev mfr,,Parsippany,New Jersey,http://www.bgfoods.com,1.828687E9,2497,Public,"Kenneth Keller — President, Chief Executive Officer, Director",3,0,,"co-man status UNKNOWN — needs website check; 3 contact(s), no email flag; large; Northeast",not contacted,,
1337,3,"Bakkavor Foods USA, Inc.",unclassified food/bev mfr,,Charlotte,North Carolina,http://www.bakkavor.com,3.1382791E8,900,Private,,3,0,,"co-man status UNKNOWN — needs website check; 3 contact(s), no email flag; mid-market size fit",not contacted,,
1338,3,"Bakkavor USA, Inc.",unclassified food/bev mfr,,Charlotte,North Carolina,http://www.bakkavor.com,2.0987612E7,192,Private,,1,0,,"co-man status UNKNOWN — needs website check; 1 contact(s), no email flag; mid-market size fit",not contacted,,
1339,3,Barilla America Inc.,unclassified food/bev mfr,,Northbrook,Illinois,http://www.barilla.com,1.3427748E8,450,Private,,3,0,,"co-man status UNKNOWN — needs website check; 3 contact(s), no email flag; mid-market size fit",not contacted,,
1340,3,"Bay Valley Foods, LLC",unclassified food/bev mfr,,De Pere,Wisconsin,http://www.bayvalleyfoods.com,4.364346E8,1000,Private,,3,0,,"co-man status UNKNOWN — needs website check; 3 contact(s), no email flag; mid-market size fit",not contacted,,
1341,3,Bay View Food Products Company,unclassified food/bev mfr,,Pinconning,Michigan,http://www.mrchipsforpickles.com,7.1393661E7,450,Private,,1,0,,"co-man status UNKNOWN — needs website check; 1 contact(s), no email flag; mid-market size fit",not contacted,,
1342,3,"Better Baked Foods, LLC",unclassified food/bev mfr,,North East,Pennsylvania,http://www.betterbaked.com,2.5662228E7,424,Private,,1,0,,"co-man status UNKNOWN — needs website check; 1 contact(s), no email flag; mid-market size fit",not contacted,,
1343,3,Blue Diamond Growers,unclassified food/bev mfr,,Sacramento,California,http://www.bluediamond.com,4.0094986E8,1500,Private,,1,0,,"co-man status UNKNOWN — needs website check; 1 contact(s), no email flag; mid-market size fit",not contacted,,
1344,3,"Bluetriton Brands, Inc.",unclassified food/bev mfr,,Stamford,Connecticut,http://www.bluetriton.com,5.0228699E8,4817,Private,Jeffrey Feinberg — Principal,3,0,,"co-man status UNKNOWN — needs website check; 3 contact(s), no email flag; large; Northeast",not contacted,,
1345,3,Borinquen Biscuit Corporation,unclassified food/bev mfr,,Yauco,Puerto Rico,http://www.borinquenbiscuit.com,2.3718107E7,200,Private,,1,0,,"co-man status UNKNOWN — needs website check; 1 contact(s), no email flag; mid-market size fit",not contacted,,
1346,3,Brill Bakery Solutions LLC,unclassified food/bev mfr,,Tucker,Georgia,,8.4549301E7,721,Private,,3,0,,"co-man status UNKNOWN — needs website check; 3 contact(s), no email flag; mid-market size fit",not contacted,,
1347,3,Buffalo Rock Company,unclassified food/bev mfr,,Birmingham,Alabama,http://www.buffalorock.com,3.9080347E8,2100,Private,,1,0,,"co-man status UNKNOWN — needs website check; 1 contact(s), no email flag; mid-market size fit",not contacted,,
1348,3,"Butterball, LLC",unclassified food/bev mfr,,Garner,North Carolina,http://www.butterballfoodservice.com,4.5675717E8,2500,Private,,1,0,,"co-man status UNKNOWN — needs website check; 1 contact(s), no email flag; mid-market size fit",not contacted,,
1349,3,"COLLIN STREET BAKERY, LLC",unclassified food/bev mfr,,Corsicana,Texas,http://www.collinstreet.com,2.4071253E7,150,Private,,1,0,,"co-man status UNKNOWN — needs website check; 1 contact(s), no email flag; mid-market size fit",not contacted,,
1350,3,"CS Beef Packers, LLC",unclassified food/bev mfr,,Kuna,Idaho,http://www.csbeefpackers.com,8.6948097E7,856,Private,,3,0,,"co-man status UNKNOWN — needs website check; 3 contact(s), no email flag; mid-market size fit",not contacted,,
1351,3,"CTI Foods Texas Beans, LLC",unclassified food/bev mfr,,Saginaw,Texas,http://www.ctifoods.com,2.5410616E7,100,Private,,1,0,,"co-man status UNKNOWN — needs website check; 1 contact(s), no email flag; mid-market size fit",not contacted,,
1352,3,Caravan Ingredients Inc.,unclassified food/bev mfr,,Lenexa,Kansas,http://www.corbion.com,2.9720114E8,700,Private,,1,0,,"co-man status UNKNOWN — needs website check; 1 contact(s), no email flag; mid-market size fit",not contacted,,
1353,3,"Caribbean Refrescos, Inc.",unclassified food/bev mfr,,Cidra,Puerto Rico,,1.011193E8,510,Private,,2,0,,"co-man status UNKNOWN — needs website check; 2 contact(s), no email flag; mid-market size fit",not contacted,,
1354,3,"Chateau Elan Resorts, LLC",unclassified food/bev mfr,,Braselton,Georgia,http://www.chateauelan.com,2.3909863E7,500,Private,,1,0,,"co-man status UNKNOWN — needs website check; 1 contact(s), no email flag; mid-market size fit",not contacted,,
1355,3,Cher-Make Sausage Co.,unclassified food/bev mfr,,Manitowoc,Wisconsin,http://www.cher-make.com,2.6050741E7,130,Private,,3,0,,"co-man status UNKNOWN — needs website check; 3 contact(s), no email flag; mid-market size fit",not contacted,,
1356,3,Coast Packing Company,unclassified food/bev mfr,,Vernon,California,http://www.coastpacking.com,2.114806E7,60,Private,,1,0,,"co-man status UNKNOWN — needs website check; 1 contact(s), no email flag; mid-market size fit",not contacted,,
1357,3,"Conagra Grocery Products Company, LLC",unclassified food/bev mfr,,Omaha,Nebraska,,2.4014528E7,484,Private,,1,0,,"co-man status UNKNOWN — needs website check; 1 contact(s), no email flag; mid-market size fit",not contacted,,
1358,3,"Corfu - Tasty Gyros, Inc.",unclassified food/bev mfr,,Bensenville,Illinois,http://www.corfufoods.com,2.110614E7,80,Private,,1,0,,"co-man status UNKNOWN — needs website check; 1 contact(s), no email flag; mid-market size fit",not contacted,,
1359,3,Creekstone Farms Premium Beef LLC,unclassified food/bev mfr,,Arkansas City,Kansas,http://www.creekstonefarms.com,9.4704079E7,700,Private,,3,0,,"co-man status UNKNOWN — needs website check; 3 contact(s), no email flag; mid-market size fit",not contacted,,
1360,3,"Crest Foods Co., Inc.",unclassified food/bev mfr,,Ashton,Illinois,http://www.crestfoods.com,5.6825386E7,546,Private,,1,0,,"co-man status UNKNOWN — needs website check; 1 contact(s), no email flag; mid-market size fit",not contacted,,
1361,3,"Crown Bakeries, LLC",unclassified food/bev mfr,,Brentwood,Tennessee,http://www.crownbakeries.com,2.1489061E8,180,Private,,1,0,,"co-man status UNKNOWN — needs website check; 1 contact(s), no email flag; mid-market size fit",not contacted,,
1362,3,Crystal Geyser Water Company,unclassified food/bev mfr,,Calistoga,California,http://www.crystalgeyserwatercompany.com,2.9856987E7,188,Private,,1,0,,"co-man status UNKNOWN — needs website check; 1 contact(s), no email flag; mid-market size fit",not contacted,,
1363,3,"Darigold, Inc.",unclassified food/bev mfr,,Seattle,Washington,http://www.darigold.com,9.3269568E8,1240,Private,,1,0,,"co-man status UNKNOWN — needs website check; 1 contact(s), no email flag; mid-market size fit",not contacted,,
1364,3,"Derst Baking Company, LLC",unclassified food/bev mfr,,Savannah,Georgia,http://www.flowersfoods.com,2.8134371E7,508,Private,,1,0,,"co-man status UNKNOWN — needs website check; 1 contact(s), no email flag; mid-market size fit",not contacted,,
1365,3,"Dutch-american Foods, Inc.",unclassified food/bev mfr,,Beecher,Illinois,http://www.dutchamericanfoods.com,2.7739729E7,100,Private,,1,0,,"co-man status UNKNOWN — needs website check; 1 contact(s), no email flag; mid-market size fit",not contacted,,
1366,3,Eckert Cold Storage Company,unclassified food/bev mfr,,Escalon,California,http://www.eckertcs.com,4.9229801E7,600,Private,,1,0,,"co-man status UNKNOWN — needs website check; 1 contact(s), no email flag; mid-market size fit",not contacted,,
1367,3,"Empacadora Y Procesadora Del Sur, Inc.",unclassified food/bev mfr,,Coamo,Puerto Rico,,2.3371246E7,100,Private,,1,0,,"co-man status UNKNOWN — needs website check; 1 contact(s), no email flag; mid-market size fit",not contacted,,
1368,3,Equity Group - Georgia Division LLC,unclassified food/bev mfr,,Camilla,Georgia,,2.3708387E7,2900,Private,,3,0,,"co-man status UNKNOWN — needs website check; 3 contact(s), no email flag; mid-market size fit",not contacted,,
1369,3,"Farmers Pride, Inc.",unclassified food/bev mfr,,Fredericksburg,Pennsylvania,http://www.bellandevans.com,1.77405E8,1050,Private,,3,0,,"co-man status UNKNOWN — needs website check; 3 contact(s), no email flag; mid-market size fit",not contacted,,
1370,3,Farmers Union Marketing & Processing Association,unclassified food/bev mfr,,Redwood Falls,Minnesota,http://www.fuillc.com,2.0860661E7,500,Nonprofit,,1,0,,"co-man status UNKNOWN — needs website check; 1 contact(s), no email flag; mid-market size fit",not contacted,,
1371,3,"Flavor Producers, LLC",unclassified food/bev mfr,,West Hills,California,http://www.flavorproducers.com,6.569246699999999E7,200,Private,,1,0,,"co-man status UNKNOWN — needs website check; 1 contact(s), no email flag; mid-market size fit",not contacted,,
1372,3,"Flowers Bakery Of London, LLC",unclassified food/bev mfr,,London,Kentucky,,2.5592644E7,99,Private,,1,0,,"co-man status UNKNOWN — needs website check; 1 contact(s), no email flag; mid-market size fit",not contacted,,
1373,3,"Fullfillment Systems, Inc.",unclassified food/bev mfr,,Sunnyvale,California,http://www.newyorkstylesausage.com,2.3597326E7,300,Private,,1,0,,"co-man status UNKNOWN — needs website check; 1 contact(s), no email flag; mid-market size fit",not contacted,,
1374,3,"GH Foods CA, LLC",unclassified food/bev mfr,,Sacramento,California,,4.6947964E7,350,Private,,1,0,,"co-man status UNKNOWN — needs website check; 1 contact(s), no email flag; mid-market size fit",not contacted,,
1375,3,"Gerber Poultry, LLC",unclassified food/bev mfr,,Kidron,Ohio,http://www.gerbers.com,3.5932575E7,500,Private,,1,0,,"co-man status UNKNOWN — needs website check; 1 contact(s), no email flag; mid-market size fit",not contacted,,
1376,3,"Grain Craft Corn, LLC",unclassified food/bev mfr,,Chattanooga,Tennessee,http://www.bunge.com,1.2248602E8,596,Private,,3,0,,"co-man status UNKNOWN — needs website check; 3 contact(s), no email flag; mid-market size fit",not contacted,,
1377,3,"Grain Millers, Inc.",unclassified food/bev mfr,,Eden Prairie,Minnesota,http://www.grainmillers.com,1.0599037E8,671,Private,,3,0,,"co-man status UNKNOWN — needs website check; 3 contact(s), no email flag; mid-market size fit",not contacted,,
1378,3,"Great American Snacks, Inc.",unclassified food/bev mfr,,Nampa,Idaho,http://www.appetizer.com,3.4177197E7,700,Private,,3,0,,"co-man status UNKNOWN — needs website check; 3 contact(s), no email flag; mid-market size fit",not contacted,,
1379,3,HP Hood LLC,unclassified food/bev mfr,,Lynnfield,Massachusetts,http://www.hood.com,3.0227351E9,4500,Private,"John Kaneb — Chairman of the Board, President, Chief Executive Officer",3,0,,"co-man status UNKNOWN — needs website check; 3 contact(s), no email flag; large; Northeast",not contacted,,
1380,3,"Haliburton International Foods, Inc.",unclassified food/bev mfr,,Ontario,California,http://www.haliburton.net,1.0E8,250,Private,,1,0,,"co-man status UNKNOWN — needs website check; 1 contact(s), no email flag; mid-market size fit",not contacted,,
1381,3,"Heartland Pet Foods Manufacturing, Inc.",unclassified food/bev mfr,,Joplin,Missouri,,2.837702E7,150,Private,,2,0,,"co-man status UNKNOWN — needs website check; 2 contact(s), no email flag; mid-market size fit",not contacted,,
1382,3,"Hill & Valley, Inc.",unclassified food/bev mfr,,Rock Island,Illinois,http://www.hillandvalley.net,2.6786247E7,175,Private,,1,0,,"co-man status UNKNOWN — needs website check; 1 contact(s), no email flag; mid-market size fit",not contacted,,
1383,3,"Holsum Bakery, Inc.",unclassified food/bev mfr,,Phoenix,Arizona,http://holsum-natures-own.edan.io,2.339539E7,580,Private,,1,0,,"co-man status UNKNOWN — needs website check; 1 contact(s), no email flag; mid-market size fit",not contacted,,
1384,3,"JBS USA Holdings, LLC",unclassified food/bev mfr,,Greeley,Colorado,http://www.jbsfoodsgroup.com,3.2162063E9,65570,Private,,3,2,,co-man status UNKNOWN — needs website check; 2 email(s) in Hoovers; large,not contacted,,
1385,3,"JBS USA, LLC",unclassified food/bev mfr,,Greeley,Colorado,http://www.jbsfoodsgroup.com,1.2546133E8,2585,Private,,3,0,,"co-man status UNKNOWN — needs website check; 3 contact(s), no email flag; mid-market size fit",not contacted,,
1386,3,"Jennie-O Turkey Store, Inc.",unclassified food/bev mfr,,Willmar,Minnesota,http://www.willmarareachamber.com,4.8806845E8,7000,Private,,3,0,,"co-man status UNKNOWN — needs website check; 3 contact(s), no email flag; mid-market size fit",not contacted,,
1387,3,"John Soules Foods, Inc.",unclassified food/bev mfr,,Tyler,Texas,http://www.johnsoulesfoods.com,2.6532654000000003E8,1225,Private,,3,0,,"co-man status UNKNOWN — needs website check; 3 contact(s), no email flag; mid-market size fit",not contacted,,
1388,3,KING & PRINCE SEAFOOD CORPORATION,unclassified food/bev mfr,,Brunswick,Georgia,http://www.kpseafood.com,9.483651E7,538,Private,,1,0,,"co-man status UNKNOWN — needs website check; 1 contact(s), no email flag; mid-market size fit",not contacted,,
1389,3,Kemps LLC,unclassified food/bev mfr,,St Louis Park,Minnesota,http://www.kemps.com,4.8821457E8,1060,Private,,1,0,,"co-man status UNKNOWN — needs website check; 1 contact(s), no email flag; mid-market size fit",not contacted,,
1390,3,Kerry Stock & Broth Company Inc.,unclassified food/bev mfr,,Harrisonburg,Virginia,http://www.ariake.com,4.0075054E7,60,Private,,3,0,,"co-man status UNKNOWN — needs website check; 3 contact(s), no email flag; mid-market size fit",not contacted,,
1391,3,Keystone Foods LLC,unclassified food/bev mfr,,West Chester,Pennsylvania,http://www.emerilairfryer360.com,4.3275424E8,11000,Private,,1,0,,"co-man status UNKNOWN — needs website check; 1 contact(s), no email flag; mid-market size fit",not contacted,,
1392,3,Koch Foods of Mississippi LLC,unclassified food/bev mfr,,Pearl,Mississippi,,4.6212228E8,3534,Private,,3,0,,"co-man status UNKNOWN — needs website check; 3 contact(s), no email flag; mid-market size fit",not contacted,,
1393,3,Kraft Heinz Foods Company,unclassified food/bev mfr,,Pittsburgh,Pennsylvania,http://www.kraftheinz.com,6.3516663E8,24500,Private,,3,3,,co-man status UNKNOWN — needs website check; 3 email(s) in Hoovers; large,not contacted,,
1394,3,"Lactalis Heritage Dairy, Inc.",unclassified food/bev mfr,,Chicago,Illinois,http://www.lactalisheritagedairy.com,1.2476012E8,750,Private,,3,0,,"co-man status UNKNOWN — needs website check; 3 contact(s), no email flag; mid-market size fit",not contacted,,
1395,3,"Lamb Weston, Inc.",unclassified food/bev mfr,,Eagle,Idaho,http://www.lambweston.com,1.4518982E9,5776,Private,,3,2,,co-man status UNKNOWN — needs website check; 2 email(s) in Hoovers; large,not contacted,,
1396,3,Leclerc Foods Tennessee LLC,unclassified food/bev mfr,,Kingsport,Tennessee,http://www.leclercfoods.com,3.6584106E7,900,Private,,3,0,,"co-man status UNKNOWN — needs website check; 3 contact(s), no email flag; mid-market size fit",not contacted,,
1397,3,"Leclerc Foods USA, Inc.",unclassified food/bev mfr,,Montgomery,Pennsylvania,http://www.leclercfoods.com,1.065385E8,1035,Private,,3,0,,"co-man status UNKNOWN — needs website check; 3 contact(s), no email flag; mid-market size fit",not contacted,,
1398,3,"Link Snacks, Inc.",unclassified food/bev mfr,,Minong,Wisconsin,http://www.jacklinks.com,2.7045429E7,2775,Private,,1,0,,"co-man status UNKNOWN — needs website check; 1 contact(s), no email flag; mid-market size fit",not contacted,,
1399,3,"Lower Foods, Inc.",unclassified food/bev mfr,,Richmond,Utah,http://www.lowerfamilyfoods.com,2.6130184E7,99,Private,,1,0,,"co-man status UNKNOWN — needs website check; 1 contact(s), no email flag; mid-market size fit",not contacted,,
1400,3,Marathon Cheese Corporation,unclassified food/bev mfr,,Marathon,Wisconsin,http://www.mcheese.com,2.5684265E8,2000,Private,,1,0,,"co-man status UNKNOWN — needs website check; 1 contact(s), no email flag; mid-market size fit",not contacted,,
1401,3,"Mars Food US, LLC",unclassified food/bev mfr,,Rancho Dominguez,California,,9.8231667E7,616,Private,,1,0,,"co-man status UNKNOWN — needs website check; 1 contact(s), no email flag; mid-market size fit",not contacted,,
1402,3,"Maruchan, Inc.",unclassified food/bev mfr,,Irvine,California,http://www.maruchan.com,2.4305833E8,600,Private,,3,0,,"co-man status UNKNOWN — needs website check; 3 contact(s), no email flag; mid-market size fit",not contacted,,
1403,3,"Mc Ilhenny's, E Son Corporation",unclassified food/bev mfr,,Avery Island,Louisiana,http://www.tabasco.com,2.2110535E7,205,Private,,1,0,,"co-man status UNKNOWN — needs website check; 1 contact(s), no email flag; mid-market size fit",not contacted,,
1404,3,"McEntire Produce, Inc.",unclassified food/bev mfr,,Columbia,South Carolina,http://www.freshexpress.com,2.2136971E7,400,Private,,1,0,,"co-man status UNKNOWN — needs website check; 1 contact(s), no email flag; mid-market size fit",not contacted,,
1405,3,McKee Foods Corporation,unclassified food/bev mfr,,Collegedale,Tennessee,http://www.mckeefoods.com,1.7767814E9,6000,Private,,3,3,,co-man status UNKNOWN — needs website check; 3 email(s) in Hoovers; large,not contacted,,
1406,3,"Mccall Farms, Inc.",unclassified food/bev mfr,,Effingham,South Carolina,http://www.mccallfarms.com,1.1130364E8,1000,Private,,3,0,,"co-man status UNKNOWN — needs website check; 3 contact(s), no email flag; mid-market size fit",not contacted,,
1407,3,"Mead Johnson & Company, LLC",unclassified food/bev mfr,,Evansville,Indiana,http://www.meadjohnson.com,4.6072629E8,650,Private,,3,0,,"co-man status UNKNOWN — needs website check; 3 contact(s), no email flag; mid-market size fit",not contacted,,
1408,3,"Melitta North America, Inc.",unclassified food/bev mfr,,Clearwater,Florida,http://www.melitta.com,9.3160362E7,350,Private,,2,0,,"co-man status UNKNOWN — needs website check; 2 contact(s), no email flag; mid-market size fit",not contacted,,
1409,3,Michigan Sugar Company,unclassified food/bev mfr,,Bay City,Michigan,http://www.michigansugar.com,1.8946922E8,930,Private,,3,0,,"co-man status UNKNOWN — needs website check; 3 contact(s), no email flag; mid-market size fit",not contacted,,
1410,3,Molson Coors Beverage Company,unclassified food/bev mfr,,Chicago,Illinois,http://www.molsoncoors.com,1.11408E10,16280,Public,,3,3,,co-man status UNKNOWN — needs website check; 3 email(s) in Hoovers; large,not contacted,,
1411,3,Mott's LLP,unclassified food/bev mfr,,Frisco,Texas,http://www.motts.com,9.2437675E7,1000,Private,,1,0,,"co-man status UNKNOWN — needs website check; 1 contact(s), no email flag; mid-market size fit",not contacted,,
1412,3,"Nash Johnson & Sons` Farms, Inc.",unclassified food/bev mfr,,Rose Hill,North Carolina,http://www.houseofraeford.com,1.7942836E9,6000,Private,,3,3,,co-man status UNKNOWN — needs website check; 3 email(s) in Hoovers; large,not contacted,,
1413,3,"Nebraska Beef, Ltd.",unclassified food/bev mfr,,Omaha,Nebraska,http://www.nbeef.com,2.5431467E7,900,Partnership,,3,0,,"co-man status UNKNOWN — needs website check; 3 contact(s), no email flag; mid-market size fit",not contacted,,
1414,3,"Nestle Healthcare Nutrition, Inc.",unclassified food/bev mfr,,Bridgewater,New Jersey,http://www.nestlehealthscience.us,2.2439014E9,5488,Private,Barry Ritz — Vice President,3,0,,"co-man status UNKNOWN — needs website check; 3 contact(s), no email flag; large; Northeast",not contacted,,
1415,3,Nestle Prepared Foods Company,unclassified food/bev mfr,,Solon,Ohio,http://www.nestle.com,4.7951135E8,7000,Private,,3,0,,"co-man status UNKNOWN — needs website check; 3 contact(s), no email flag; mid-market size fit",not contacted,,
1416,3,"Northwest Confections, LLC",unclassified food/bev mfr,,Clackamas,Oregon,,2.5580214E7,58,Private,,3,0,,"co-man status UNKNOWN — needs website check; 3 contact(s), no email flag; mid-market size fit",not contacted,,
1417,3,"Novus Foods Buena Park, LLC",unclassified food/bev mfr,,Buena Park,California,http://www.simplyff.com,2.8991491E7,160,Private,,3,0,,"co-man status UNKNOWN — needs website check; 3 contact(s), no email flag; mid-market size fit",not contacted,,
1418,3,"O. K. Foods, Inc.",unclassified food/bev mfr,,Fort Smith,Arkansas,http://www.okfoods.com,4.9238071E8,3600,Private,,3,0,,"co-man status UNKNOWN — needs website check; 3 contact(s), no email flag; mid-market size fit",not contacted,,
1419,3,"Old Dutch Foods, Inc.",unclassified food/bev mfr,,Roseville,Minnesota,http://www.olddutchfoods.com,6.324152E7,500,Private,,1,0,,"co-man status UNKNOWN — needs website check; 1 contact(s), no email flag; mid-market size fit",not contacted,,
1420,3,Ornua (Whitehall) Ingredients Inc.,unclassified food/bev mfr,,Whitehall,Wisconsin,http://www.ornuaingredientsnorthamerica.com,7.3957848E7,474,Private,,1,0,,"co-man status UNKNOWN — needs website check; 1 contact(s), no email flag; mid-market size fit",not contacted,,
1421,3,Pepsi-Cola Bottling Company Of Tampa,unclassified food/bev mfr,,Tampa,Florida,http://www.pepsico.com,1.1627077E8,2000,Private,,3,0,,"co-man status UNKNOWN — needs website check; 3 contact(s), no email flag; mid-market size fit",not contacted,,
1422,3,"Pepsi-Cola Puerto Rico Distributing, LLC",unclassified food/bev mfr,,TOA Baja,Puerto Rico,http://www.puertoricoindex.com,7.6972694E7,726,Private,,1,0,,"co-man status UNKNOWN — needs website check; 1 contact(s), no email flag; mid-market size fit",not contacted,,
1423,3,"Pepsi-cola Bottling Company Of Ft. Lauderdale-palm Beach, LLC",unclassified food/bev mfr,,Riviera Beach,Florida,http://www.pepsico.com,3.0333044E7,52,Private,,3,0,,"co-man status UNKNOWN — needs website check; 3 contact(s), no email flag; mid-market size fit",not contacted,,
1424,3,Primary Products Ingredients Americas LLC,unclassified food/bev mfr,,Schaumburg,Illinois,http://www.tateandlyle.com,5.0196371E8,2098,Private,,3,3,,co-man status UNKNOWN — needs website check; 3 email(s) in Hoovers; large,not contacted,,
1425,3,Primary Products Investments LLC,unclassified food/bev mfr,,Hoffman Estates,Illinois,http://www.tateandlyle.com,1.1586024E9,2098,Private,,3,2,,co-man status UNKNOWN — needs website check; 2 email(s) in Hoovers; large,not contacted,,
1426,3,Pringles Manufacturing Company,unclassified food/bev mfr,,Jackson,Tennessee,,4.782188E7,385,Private,,1,0,,"co-man status UNKNOWN — needs website check; 1 contact(s), no email flag; mid-market size fit",not contacted,,
1427,3,"QUIK''N TASTY FOODS, INC.",unclassified food/bev mfr,,Belton,Missouri,,2.6356415E7,165,Private,,1,0,,"co-man status UNKNOWN — needs website check; 1 contact(s), no email flag; mid-market size fit",not contacted,,
1428,3,"Quali Tech, Inc.",unclassified food/bev mfr,,Chaska,Minnesota,http://www.qualitechco.com,9.9440292E7,225,Private,,1,0,,"co-man status UNKNOWN — needs website check; 1 contact(s), no email flag; mid-market size fit",not contacted,,
1429,3,"RMH Foods, LLC",unclassified food/bev mfr,,Morton,Illinois,http://www.rmhfoods.com,2.1660606E7,96,Private,,1,0,,"co-man status UNKNOWN — needs website check; 1 contact(s), no email flag; mid-market size fit",not contacted,,
1430,3,"Ralcorp Frozen Bakery Products, Inc.",unclassified food/bev mfr,,Oak Brook,Illinois,http://www.treehousefoods.com,2.9896311E7,3000,Private,,1,0,,"co-man status UNKNOWN — needs website check; 1 contact(s), no email flag; mid-market size fit",not contacted,,
1431,3,"Rand Coca-cola Beverages, Inc.",unclassified food/bev mfr,,Durham,North Carolina,http://www.randccb.com,2.521439E7,500,Private,,1,0,,"co-man status UNKNOWN — needs website check; 1 contact(s), no email flag; mid-market size fit",not contacted,,
1432,3,"Ready Foods, Inc.",unclassified food/bev mfr,,Denver,Colorado,http://www.readyfoods.biz,4.6367859E7,271,Private,,1,0,,"co-man status UNKNOWN — needs website check; 1 contact(s), no email flag; mid-market size fit",not contacted,,
1433,3,Refresco US Holding Inc.,unclassified food/bev mfr,,Tampa,Florida,http://www.coca-cola.com,1.3088989E9,3100,Private,,3,2,,co-man status UNKNOWN — needs website check; 2 email(s) in Hoovers; large,not contacted,,
1434,3,"Rhodes International, Inc.",unclassified food/bev mfr,,South Jordan,Utah,http://www.rhodesbakenserv.com,4.5112503E7,250,Private,,1,0,,"co-man status UNKNOWN — needs website check; 1 contact(s), no email flag; mid-market size fit",not contacted,,
1435,3,Rich Products Corporation,unclassified food/bev mfr,,Buffalo,New York,http://www.richs.com,4.8133999E9,13224,Private,Richard Ferranti — Chief Executive Officer,3,0,,"co-man status UNKNOWN — needs website check; 3 contact(s), no email flag; large; Northeast",not contacted,,
1436,3,Ridley USA Inc.,unclassified food/bev mfr,,Mankato,Minnesota,http://www.ridleyfeedingredients.com,2.4633931E8,600,Private,,1,0,,"co-man status UNKNOWN — needs website check; 1 contact(s), no email flag; mid-market size fit",not contacted,,
1437,3,"Rizo-Lopez Foods, Inc.",unclassified food/bev mfr,,Modesto,California,http://www.tiofranciscocheese.com,3.3227992999999996E7,313,Private,,3,0,,"co-man status UNKNOWN — needs website check; 3 contact(s), no email flag; mid-market size fit",not contacted,,
1438,3,"Ruiz Food Products, Inc.",unclassified food/bev mfr,,Frisco,Texas,http://www.ruizfoods.com,4.7669022E8,2500,Private,,3,0,,"co-man status UNKNOWN — needs website check; 3 contact(s), no email flag; mid-market size fit",not contacted,,
1439,3,"Russell Stover Chocolates, LLC",unclassified food/bev mfr,,Kansas City,Missouri,http://www.russellstover.com,4.0512976E8,3000,Private,,1,0,,"co-man status UNKNOWN — needs website check; 1 contact(s), no email flag; mid-market size fit",not contacted,,
1440,3,"Select Custom Solutions, LLC",unclassified food/bev mfr,,La Crosse,Wisconsin,http://www.agropur.com,5.0005978E7,325,Private,,1,0,,"co-man status UNKNOWN — needs website check; 1 contact(s), no email flag; mid-market size fit",not contacted,,
1441,3,Sensient Flavors LLC,unclassified food/bev mfr,,Hoffman Estates,Illinois,http://www.sensient.com,3.5340793E8,1500,Private,,3,0,,"co-man status UNKNOWN — needs website check; 3 contact(s), no email flag; mid-market size fit",not contacted,,
1442,3,Shawnee Milling Company,unclassified food/bev mfr,,Shawnee,Oklahoma,http://www.shawneemilling.com,2.468194E7,250,Private,,1,0,,"co-man status UNKNOWN — needs website check; 1 contact(s), no email flag; mid-market size fit",not contacted,,
1443,3,"Shearer's Foods Burlington, LLC",unclassified food/bev mfr,,Burlington,Iowa,http://www.shearers.com,2.1835024E7,750,Private,,3,0,,"co-man status UNKNOWN — needs website check; 3 contact(s), no email flag; mid-market size fit",not contacted,,
1444,3,Siemer Milling Company,unclassified food/bev mfr,,Teutopolis,Illinois,http://www.siemermilling.com,2.3612322E7,130,Private,,1,0,,"co-man status UNKNOWN — needs website check; 1 contact(s), no email flag; mid-market size fit",not contacted,,
1445,3,"Simmons Pet Food, Inc.",unclassified food/bev mfr,,Siloam Springs,Arkansas,http://www.simmonspetfood.com,4.3777353E8,1050,Private,,3,0,,"co-man status UNKNOWN — needs website check; 3 contact(s), no email flag; mid-market size fit",not contacted,,
1446,3,"Smithfield Foods, Inc.",unclassified food/bev mfr,,Smithfield,Virginia,http://www.smithfieldfoods.com,1.4142E10,34000,Public,,3,3,,co-man status UNKNOWN — needs website check; 3 email(s) in Hoovers; large,not contacted,,
1447,3,Spangler Candy Company,unclassified food/bev mfr,,Bryan,Ohio,http://www.spanglercandy.com,4.5799278E7,420,Private,,1,0,,"co-man status UNKNOWN — needs website check; 1 contact(s), no email flag; mid-market size fit",not contacted,,
1448,3,Strauss Brands Incorporated,unclassified food/bev mfr,,Franklin,Wisconsin,http://www.straussbrands.com,2.4041662E7,200,Private,,1,0,,"co-man status UNKNOWN — needs website check; 1 contact(s), no email flag; mid-market size fit",not contacted,,
1449,3,"Sunkist Growers, Inc.",unclassified food/bev mfr,,Valencia,California,,4.6855014E8,553,Private,,1,0,,"co-man status UNKNOWN — needs website check; 1 contact(s), no email flag; mid-market size fit",not contacted,,
1450,3,"Sunset Farm Foods, Inc.",unclassified food/bev mfr,,Valdosta,Georgia,http://www.sunsetfarmfoods.com,2.3720482E7,100,Private,,1,0,,"co-man status UNKNOWN — needs website check; 1 contact(s), no email flag; mid-market size fit",not contacted,,
1451,3,"Sunshine Mills, Inc.",unclassified food/bev mfr,,Red Bay,Alabama,http://www.sunshinemills.com,2.8003E8,1000,Private,,1,0,,"co-man status UNKNOWN — needs website check; 1 contact(s), no email flag; mid-market size fit",not contacted,,
1452,3,Super Store Industries,unclassified food/bev mfr,,Lathrop,California,http://www.ssica.com,5.7502316E7,774,Private,,1,0,,"co-man status UNKNOWN — needs website check; 1 contact(s), no email flag; mid-market size fit",not contacted,,
1453,3,"Superior Dairy, Inc.",unclassified food/bev mfr,,Canton,Ohio,http://www.mimilk.com,3.5288071E7,220,Private,,1,0,,"co-man status UNKNOWN — needs website check; 1 contact(s), no email flag; mid-market size fit",not contacted,,
1454,3,Sweetener Supply Corporation,unclassified food/bev mfr,,Brookfield,Illinois,http://www.sweetenersupply.com,5.0830193E7,75,Private,,1,0,,"co-man status UNKNOWN — needs website check; 1 contact(s), no email flag; mid-market size fit",not contacted,,
1455,3,Swift Beef Company,unclassified food/bev mfr,,Riverside,California,,3.8353722E7,200,Private,,1,0,,"co-man status UNKNOWN — needs website check; 1 contact(s), no email flag; mid-market size fit",not contacted,,
1456,3,Tate & Lyle Americas LLC,unclassified food/bev mfr,,Hoffman Estates,Illinois,http://www.tateandlyle.com,1.1248054E8,3346,Private,,3,0,,"co-man status UNKNOWN — needs website check; 3 contact(s), no email flag; mid-market size fit",not contacted,,
1457,3,"Taylor Farms Northwest, LLC",unclassified food/bev mfr,,Kent,Washington,http://www.taylorfarms.com,7.7729088E7,20000,Private,,3,0,,"co-man status UNKNOWN — needs website check; 3 contact(s), no email flag; mid-market size fit",not contacted,,
1458,3,The Berks Packing Company Inc.,unclassified food/bev mfr,,Reading,Pennsylvania,http://www.berksfoods.com,2.3069605E7,160,Private,,1,0,,"co-man status UNKNOWN — needs website check; 1 contact(s), no email flag; mid-market size fit",not contacted,,
1459,3,"The Hain Celestial Group, Inc.",unclassified food/bev mfr,,Hoboken,New Jersey,http://www.hain.com,1.55978E9,2600,Public,"Alison Lewis — President, Chief Executive Officer, Director",3,0,,"co-man status UNKNOWN — needs website check; 3 contact(s), no email flag; large; Northeast",not contacted,,
1460,3,The Hillshire Brands Company,unclassified food/bev mfr,,Chicago,Illinois,http://tyson.esko-saas.com,2.1266648E9,9100,Private,,3,2,,co-man status UNKNOWN — needs website check; 2 email(s) in Hoovers; large,not contacted,,
1461,3,The Neil Jones Food Company,unclassified food/bev mfr,,Vancouver,Washington,http://www.neiljonesfoodcompany.com,1.3369806E8,125,Private,,1,0,,"co-man status UNKNOWN — needs website check; 1 contact(s), no email flag; mid-market size fit",not contacted,,
1462,3,"The Pillsbury Company, LLC",unclassified food/bev mfr,,Minneapolis,Minnesota,http://www.pillsbury.com,5.3032978E7,9758,Private,,1,0,,"co-man status UNKNOWN — needs website check; 1 contact(s), no email flag; mid-market size fit",not contacted,,
1463,3,"The Suter Company, Inc.",unclassified food/bev mfr,,Sycamore,Illinois,http://www.suterco.com,4.9081379E7,450,Private,,1,0,,"co-man status UNKNOWN — needs website check; 1 contact(s), no email flag; mid-market size fit",not contacted,,
1464,3,"Tower International, Inc.",unclassified food/bev mfr,,Livonia,Michigan,http://www.autokiniton.com,1.573802E9,5700,Private,,3,3,,co-man status UNKNOWN — needs website check; 3 email(s) in Hoovers; large,not contacted,,
1465,3,"Trans-Ocean Products, Inc.",unclassified food/bev mfr,,Bellingham,Washington,http://www.trans-ocean.com,3.0488125E7,200,Private,,1,0,,"co-man status UNKNOWN — needs website check; 1 contact(s), no email flag; mid-market size fit",not contacted,,
1466,3,"Tropicana Products, Inc.",unclassified food/bev mfr,,Chicago,Illinois,http://www.tropicana.com,4.9276984E8,3500,Private,,3,0,,"co-man status UNKNOWN — needs website check; 3 contact(s), no email flag; mid-market size fit",not contacted,,
1467,3,"Two Rivers Premium Oils, LLC",unclassified food/bev mfr,,Pine Bluff,Arkansas,,2.5823717E7,130,Private,,1,0,,"co-man status UNKNOWN — needs website check; 1 contact(s), no email flag; mid-market size fit",not contacted,,
1468,3,"Ukrop's Homestyle Foods, LLC",unclassified food/bev mfr,,North Chesterfield,Virginia,http://www.ukropshomestylefoods.com,2.4060575E7,390,Private,,1,0,,"co-man status UNKNOWN — needs website check; 1 contact(s), no email flag; mid-market size fit",not contacted,,
1469,3,"Valley Queen Cheese Factory, Inc.",unclassified food/bev mfr,,Milbank,South Dakota,http://www.valleyqueen.com,4.3044907E7,250,Private,,1,0,,"co-man status UNKNOWN — needs website check; 1 contact(s), no email flag; mid-market size fit",not contacted,,
1470,3,"Vanlaw Food Products, Inc.",unclassified food/bev mfr,,Fullerton,California,http://www.stirfoods.com,2.4565268E7,95,Private,,1,0,,"co-man status UNKNOWN — needs website check; 1 contact(s), no email flag; mid-market size fit",not contacted,,
1471,3,"Vaqueria Tres Monjitas, Inc.",unclassified food/bev mfr,,San Juan,Puerto Rico,http://www.tresmonjitas.com,5.2197258E7,445,Private,,3,0,,"co-man status UNKNOWN — needs website check; 3 contact(s), no email flag; mid-market size fit",not contacted,,
1472,3,Velvet Ice Cream Company,unclassified food/bev mfr,,Utica,Ohio,http://www.velveticecream.com,2.1872068E7,100,Private,,1,0,,"co-man status UNKNOWN — needs website check; 1 contact(s), no email flag; mid-market size fit",not contacted,,
1473,3,Vita Plus Corporation,unclassified food/bev mfr,,Madison,Wisconsin,http://www.vitaplus.com,9.8196693E7,450,Private,,1,0,,"co-man status UNKNOWN — needs website check; 1 contact(s), no email flag; mid-market size fit",not contacted,,
1474,3,"Wenger Feeds, LLC",unclassified food/bev mfr,,Lancaster,Pennsylvania,http://www.wengerfeeds.com,3.8307552E7,300,Private,,1,0,,"co-man status UNKNOWN — needs website check; 1 contact(s), no email flag; mid-market size fit",not contacted,,
1475,3,Wiley Companies,unclassified food/bev mfr,,Coshocton,Ohio,http://www.wileyco.com,2.1332445E7,232,Private,,1,0,,"co-man status UNKNOWN — needs website check; 1 contact(s), no email flag; mid-market size fit",not contacted,,
1476,2,"Bimbo Bakeries USA, Inc.",unclassified food/bev mfr,,Irving,Texas,http://arnoldbread.com,1.2057545E9,22000,Private,Lionel Johnson — Principal,3,0,,"co-man status UNKNOWN — needs website check; 3 contact(s), no email flag; large",not contacted,,
1477,2,"Bunge North America, Inc.",unclassified food/bev mfr,,Chesterfield,Missouri,http://www.bunge.com,4.7720239E9,4583,Private,Robert Downs — Principal,3,0,,"co-man status UNKNOWN — needs website check; 3 contact(s), no email flag; large",not contacted,,
1478,2,"Flowers Foods, Inc.",unclassified food/bev mfr,,Thomasville,Georgia,http://www.flowersfoods.com,5.256479E9,10300,Public,"A. Ryals Mcmullian — Chairman of the Board, Chief Executive Officer",3,0,,"co-man status UNKNOWN — needs website check; 3 contact(s), no email flag; large",not contacted,,
1479,2,"Fresh Mark, Inc.",unclassified food/bev mfr,,Massillon,Ohio,http://www.freshmark.com,1.537696E9,2300,Private,David Cochenour — Chief Financial Officer,3,0,,"co-man status UNKNOWN — needs website check; 3 contact(s), no email flag; large",not contacted,,
1480,2,"Frito-Lay North America, Inc.",unclassified food/bev mfr,,Plano,Texas,http://www.fritolay.com,4.5422607E9,40000,Private,Glen Sanders — Principal,3,0,,"co-man status UNKNOWN — needs website check; 3 contact(s), no email flag; large",not contacted,,
1481,2,Ingredion Incorporated,unclassified food/bev mfr,,Westchester,Illinois,http://www.ingredion.com,7.219E9,11200,Public,"James Zallie — President, Chief Executive Officer, Director",3,0,,"co-man status UNKNOWN — needs website check; 3 contact(s), no email flag; large",not contacted,,
1482,2,Keurig Dr Pepper Inc.,unclassified food/bev mfr,,Frisco,Texas,http://www.keurigdrpepper.com,1.6603E10,30600,Public,"Timothy Cofer — Chief Executive Officer, Director",3,0,,"co-man status UNKNOWN — needs website check; 3 contact(s), no email flag; large",not contacted,,
1483,2,"Krispy Kreme, Inc.",unclassified food/bev mfr,,Charlotte,North Carolina,http://www.krispykreme.com,1.5226161E9,17000,Public,"Joshua Charlesworth — President, Chief Executive Officer, Director",3,0,,"co-man status UNKNOWN — needs website check; 3 contact(s), no email flag; large",not contacted,,
1484,2,Monster Beverage Corporation,unclassified food/bev mfr,,Corona,California,http://www.monsterbevcorp.com,8.2943428E9,6891,Public,"Hilton Schlosberg — Chief Executive Officer, Vice Chairman of the Board",3,0,,"co-man status UNKNOWN — needs website check; 3 contact(s), no email flag; large",not contacted,,
1485,2,Primo Brands Corporation,unclassified food/bev mfr,,Tampa,Florida,http://www.primobrands.com,6.664E9,12600,Public,"Eric Foss — Executive Chairman of the Board, Chief Executive Officer",3,0,,"co-man status UNKNOWN — needs website check; 3 contact(s), no email flag; large",not contacted,,
1486,2,Sensient Technologies Corporation,unclassified food/bev mfr,,Milwaukee,Wisconsin,http://www.sensient.com,1.612111E9,4070,Public,"Paul Manning — Chairman of the Board, President, Chief Executive Officer",3,0,,"co-man status UNKNOWN — needs website check; 3 contact(s), no email flag; large",not contacted,,
1487,2,The Hershey Company,unclassified food/bev mfr,,Hershey,Pennsylvania,http://www.thehersheycompany.com,1.1692576E10,19595,Public,"Kirk Tanner — President, Chief Executive Officer",3,0,,"co-man status UNKNOWN — needs website check; 3 contact(s), no email flag; large",not contacted,,
1488,2,The J. M. Smucker Company,unclassified food/bev mfr,,Orrville,Ohio,http://www.jmsmucker.com,9.0509004E9,8000,Public,"Mark Smucker — Chairman of the Board, Chief Executive Officer",3,0,,"co-man status UNKNOWN — needs website check; 3 contact(s), no email flag; large",not contacted,,
1489,2,The Kraft Heinz Company,unclassified food/bev mfr,,Pittsburgh,Pennsylvania,http://www.kraftheinzcompany.com,2.4942E10,35000,Public,"Steven Cahillane — Chief Executive Officer, Director",3,0,,"co-man status UNKNOWN — needs website check; 3 contact(s), no email flag; large",not contacted,,
1490,2,The Quaker Oats Company,unclassified food/bev mfr,,Chicago,Illinois,http://www.chewygiveplay.com,8.2798517E8,10000,Private,Ken Minnich — Principal,3,0,,"co-man status UNKNOWN — needs website check; 3 contact(s), no email flag; large",not contacted,,
1491,2,"UTZ Brands, Inc.",unclassified food/bev mfr,,Hanover,Pennsylvania,http://www.snacktownstreetfair.com,1.4388E9,3300,Public,"Howard Friedman — Chief Executive Officer, Director",3,0,,"co-man status UNKNOWN — needs website check; 3 contact(s), no email flag; large",not contacted,,
1492,1,"American Sugar Refining, Inc.",unclassified food/bev mfr,,West Palm Beach,Florida,http://www.asr-group.com,1.2624138E9,5000,Private,,1,0,,"co-man status UNKNOWN — needs website check; 1 contact(s), no email flag; large",not contacted,,
1493,1,Cargill Meat Solutions Corporation,unclassified food/bev mfr,,Wichita,Kansas,,3.0794895E9,20000,Private,,1,0,,"co-man status UNKNOWN — needs website check; 1 contact(s), no email flag; large",not contacted,,
1494,1,"Caribou Coffee Holdings, LLC",unclassified food/bev mfr,,Washington,District of Columbia,http://www.cariboucoffee.com,1.061964E9,6392,Private,,1,0,,"co-man status UNKNOWN — needs website check; 1 contact(s), no email flag; large",not contacted,,
1495,1,"JBS Wisconsin Properties, LLC",unclassified food/bev mfr,,Greeley,Colorado,http://jbsfoodsgroup.com,1.8497553E10,63000,Private,,1,0,,"co-man status UNKNOWN — needs website check; 1 contact(s), no email flag; large",not contacted,,
1496,1,"Mars Petcare US, Inc.",unclassified food/bev mfr,,Franklin,Tennessee,http://mars.com,1.5865107E9,5671,Private,,3,0,,"co-man status UNKNOWN — needs website check; 3 contact(s), no email flag; large",not contacted,,
1497,1,"Simmons Foods, Inc.",unclassified food/bev mfr,,Siloam Springs,Arkansas,http://www.simmonsfoods.com,1.9421595E9,6363,Private,,1,0,,"co-man status UNKNOWN — needs website check; 1 contact(s), no email flag; large",not contacted,,
1498,1,The Clorox Company,unclassified food/bev mfr,,Wheeling,Illinois,,7.1E9,7600,Private,,1,0,,"co-man status UNKNOWN — needs website check; 1 contact(s), no email flag; large",not contacted,,
1499,1,The Wonderful Company LLC,unclassified food/bev mfr,,Los Angeles,California,http://www.wonderful.com,2.0373966E9,9000,Private,,1,0,,"co-man status UNKNOWN — needs website check; 1 contact(s), no email flag; large",not contacted,,
1500,1,Wayne-Sanderson Farms LLC,unclassified food/bev mfr,,Oakwood,Georgia,,6.0286456E8,28000,Private,,1,0,,"co-man status UNKNOWN — needs website check; 1 contact(s), no email flag; large",not contacted,,
